vendor,family,subfamily,part_number,identifier_kind,cmsis_device,target_config,flash_drivers,openocd_distribution,openocd_commit,source_pack_vendor,source_pack_name,source_pack_version,source_url,source_content_sha256,mapping_rule_id,mapping_status,validation_status
Microchip,SAM3 Series,ATSAM3A,ATSAM3A4C,cmsis_device_name,ATSAM3A4C,tcl/target/at91sam3ax_4x.cfg,"[""at91sam3""]",upstream-openocd,56b8d93fbe61a78dc903d770820d6d896b6d8134,Keil,SAM3_DFP,1.2.3,https://www.keil.com/pack/Keil.SAM3_DFP.pdsc,baf4523cbf1f7c35bcd48e50a169c994a01d590bca9e7a259b5bf2a53072f17d,microchip-sam3a4x4,mapping_candidate,not_verified
Microchip,SAM3 Series,ATSAM3A,ATSAM3A8C,cmsis_device_name,ATSAM3A8C,tcl/target/at91sam3ax_8x.cfg,"[""at91sam3""]",upstream-openocd,56b8d93fbe61a78dc903d770820d6d896b6d8134,Keil,SAM3_DFP,1.2.3,https://www.keil.com/pack/Keil.SAM3_DFP.pdsc,baf4523cbf1f7c35bcd48e50a169c994a01d590bca9e7a259b5bf2a53072f17d,microchip-sam3a8x8,mapping_candidate,not_verified
Microchip,SAM3 Series,ATSAM3N,ATSAM3N00A,cmsis_device_name,ATSAM3N00A,tcl/target/at91sam3nXX.cfg,"[""at91sam3""]",upstream-openocd,56b8d93fbe61a78dc903d770820d6d896b6d8134,Keil,SAM3_DFP,1.2.3,https://www.keil.com/pack/Keil.SAM3_DFP.pdsc,baf4523cbf1f7c35bcd48e50a169c994a01d590bca9e7a259b5bf2a53072f17d,microchip-sam3n,mapping_candidate,not_verified
Microchip,SAM3 Series,ATSAM3N,ATSAM3N00B,cmsis_device_name,ATSAM3N00B,tcl/target/at91sam3nXX.cfg,"[""at91sam3""]",upstream-openocd,56b8d93fbe61a78dc903d770820d6d896b6d8134,Keil,SAM3_DFP,1.2.3,https://www.keil.com/pack/Keil.SAM3_DFP.pdsc,baf4523cbf1f7c35bcd48e50a169c994a01d590bca9e7a259b5bf2a53072f17d,microchip-sam3n,mapping_candidate,not_verified
Microchip,SAM3 Series,ATSAM3N,ATSAM3N0A,cmsis_device_name,ATSAM3N0A,tcl/target/at91sam3nXX.cfg,"[""at91sam3""]",upstream-openocd,56b8d93fbe61a78dc903d770820d6d896b6d8134,Keil,SAM3_DFP,1.2.3,https://www.keil.com/pack/Keil.SAM3_DFP.pdsc,baf4523cbf1f7c35bcd48e50a169c994a01d590bca9e7a259b5bf2a53072f17d,microchip-sam3n,mapping_candidate,not_verified
Microchip,SAM3 Series,ATSAM3N,ATSAM3N0B,cmsis_device_name,ATSAM3N0B,tcl/target/at91sam3nXX.cfg,"[""at91sam3""]",upstream-openocd,56b8d93fbe61a78dc903d770820d6d896b6d8134,Keil,SAM3_DFP,1.2.3,https://www.keil.com/pack/Keil.SAM3_DFP.pdsc,baf4523cbf1f7c35bcd48e50a169c994a01d590bca9e7a259b5bf2a53072f17d,microchip-sam3n,mapping_candidate,not_verified
Microchip,SAM3 Series,ATSAM3N,ATSAM3N0C,cmsis_device_name,ATSAM3N0C,tcl/target/at91sam3nXX.cfg,"[""at91sam3""]",upstream-openocd,56b8d93fbe61a78dc903d770820d6d896b6d8134,Keil,SAM3_DFP,1.2.3,https://www.keil.com/pack/Keil.SAM3_DFP.pdsc,baf4523cbf1f7c35bcd48e50a169c994a01d590bca9e7a259b5bf2a53072f17d,microchip-sam3n,mapping_candidate,not_verified
Microchip,SAM3 Series,ATSAM3N,ATSAM3N1A,cmsis_device_name,ATSAM3N1A,tcl/target/at91sam3nXX.cfg,"[""at91sam3""]",upstream-openocd,56b8d93fbe61a78dc903d770820d6d896b6d8134,Keil,SAM3_DFP,1.2.3,https://www.keil.com/pack/Keil.SAM3_DFP.pdsc,baf4523cbf1f7c35bcd48e50a169c994a01d590bca9e7a259b5bf2a53072f17d,microchip-sam3n,mapping_candidate,not_verified
Microchip,SAM3 Series,ATSAM3N,ATSAM3N1B,cmsis_device_name,ATSAM3N1B,tcl/target/at91sam3nXX.cfg,"[""at91sam3""]",upstream-openocd,56b8d93fbe61a78dc903d770820d6d896b6d8134,Keil,SAM3_DFP,1.2.3,https://www.keil.com/pack/Keil.SAM3_DFP.pdsc,baf4523cbf1f7c35bcd48e50a169c994a01d590bca9e7a259b5bf2a53072f17d,microchip-sam3n,mapping_candidate,not_verified
Microchip,SAM3 Series,ATSAM3N,ATSAM3N1C,cmsis_device_name,ATSAM3N1C,tcl/target/at91sam3nXX.cfg,"[""at91sam3""]",upstream-openocd,56b8d93fbe61a78dc903d770820d6d896b6d8134,Keil,SAM3_DFP,1.2.3,https://www.keil.com/pack/Keil.SAM3_DFP.pdsc,baf4523cbf1f7c35bcd48e50a169c994a01d590bca9e7a259b5bf2a53072f17d,microchip-sam3n,mapping_candidate,not_verified
Microchip,SAM3 Series,ATSAM3N,ATSAM3N2A,cmsis_device_name,ATSAM3N2A,tcl/target/at91sam3nXX.cfg,"[""at91sam3""]",upstream-openocd,56b8d93fbe61a78dc903d770820d6d896b6d8134,Keil,SAM3_DFP,1.2.3,https://www.keil.com/pack/Keil.SAM3_DFP.pdsc,baf4523cbf1f7c35bcd48e50a169c994a01d590bca9e7a259b5bf2a53072f17d,microchip-sam3n,mapping_candidate,not_verified
Microchip,SAM3 Series,ATSAM3N,ATSAM3N2B,cmsis_device_name,ATSAM3N2B,tcl/target/at91sam3nXX.cfg,"[""at91sam3""]",upstream-openocd,56b8d93fbe61a78dc903d770820d6d896b6d8134,Keil,SAM3_DFP,1.2.3,https://www.keil.com/pack/Keil.SAM3_DFP.pdsc,baf4523cbf1f7c35bcd48e50a169c994a01d590bca9e7a259b5bf2a53072f17d,microchip-sam3n,mapping_candidate,not_verified
Microchip,SAM3 Series,ATSAM3N,ATSAM3N2C,cmsis_device_name,ATSAM3N2C,tcl/target/at91sam3nXX.cfg,"[""at91sam3""]",upstream-openocd,56b8d93fbe61a78dc903d770820d6d896b6d8134,Keil,SAM3_DFP,1.2.3,https://www.keil.com/pack/Keil.SAM3_DFP.pdsc,baf4523cbf1f7c35bcd48e50a169c994a01d590bca9e7a259b5bf2a53072f17d,microchip-sam3n,mapping_candidate,not_verified
Microchip,SAM3 Series,ATSAM3N,ATSAM3N4A,cmsis_device_name,ATSAM3N4A,tcl/target/at91sam3nXX.cfg,"[""at91sam3""]",upstream-openocd,56b8d93fbe61a78dc903d770820d6d896b6d8134,Keil,SAM3_DFP,1.2.3,https://www.keil.com/pack/Keil.SAM3_DFP.pdsc,baf4523cbf1f7c35bcd48e50a169c994a01d590bca9e7a259b5bf2a53072f17d,microchip-sam3n,mapping_candidate,not_verified
Microchip,SAM3 Series,ATSAM3N,ATSAM3N4B,cmsis_device_name,ATSAM3N4B,tcl/target/at91sam3nXX.cfg,"[""at91sam3""]",upstream-openocd,56b8d93fbe61a78dc903d770820d6d896b6d8134,Keil,SAM3_DFP,1.2.3,https://www.keil.com/pack/Keil.SAM3_DFP.pdsc,baf4523cbf1f7c35bcd48e50a169c994a01d590bca9e7a259b5bf2a53072f17d,microchip-sam3n,mapping_candidate,not_verified
Microchip,SAM3 Series,ATSAM3N,ATSAM3N4C,cmsis_device_name,ATSAM3N4C,tcl/target/at91sam3nXX.cfg,"[""at91sam3""]",upstream-openocd,56b8d93fbe61a78dc903d770820d6d896b6d8134,Keil,SAM3_DFP,1.2.3,https://www.keil.com/pack/Keil.SAM3_DFP.pdsc,baf4523cbf1f7c35bcd48e50a169c994a01d590bca9e7a259b5bf2a53072f17d,microchip-sam3n,mapping_candidate,not_verified
Microchip,SAM3 Series,ATSAM3S,ATSAM3S1A,cmsis_device_name,ATSAM3S1A,tcl/target/at91sam3sXX.cfg,"[""at91sam3""]",upstream-openocd,56b8d93fbe61a78dc903d770820d6d896b6d8134,Keil,SAM3_DFP,1.2.3,https://www.keil.com/pack/Keil.SAM3_DFP.pdsc,baf4523cbf1f7c35bcd48e50a169c994a01d590bca9e7a259b5bf2a53072f17d,microchip-sam3s,mapping_candidate,not_verified
Microchip,SAM3 Series,ATSAM3S,ATSAM3S1B,cmsis_device_name,ATSAM3S1B,tcl/target/at91sam3sXX.cfg,"[""at91sam3""]",upstream-openocd,56b8d93fbe61a78dc903d770820d6d896b6d8134,Keil,SAM3_DFP,1.2.3,https://www.keil.com/pack/Keil.SAM3_DFP.pdsc,baf4523cbf1f7c35bcd48e50a169c994a01d590bca9e7a259b5bf2a53072f17d,microchip-sam3s,mapping_candidate,not_verified
Microchip,SAM3 Series,ATSAM3S,ATSAM3S1C,cmsis_device_name,ATSAM3S1C,tcl/target/at91sam3sXX.cfg,"[""at91sam3""]",upstream-openocd,56b8d93fbe61a78dc903d770820d6d896b6d8134,Keil,SAM3_DFP,1.2.3,https://www.keil.com/pack/Keil.SAM3_DFP.pdsc,baf4523cbf1f7c35bcd48e50a169c994a01d590bca9e7a259b5bf2a53072f17d,microchip-sam3s,mapping_candidate,not_verified
Microchip,SAM3 Series,ATSAM3S,ATSAM3S2A,cmsis_device_name,ATSAM3S2A,tcl/target/at91sam3sXX.cfg,"[""at91sam3""]",upstream-openocd,56b8d93fbe61a78dc903d770820d6d896b6d8134,Keil,SAM3_DFP,1.2.3,https://www.keil.com/pack/Keil.SAM3_DFP.pdsc,baf4523cbf1f7c35bcd48e50a169c994a01d590bca9e7a259b5bf2a53072f17d,microchip-sam3s,mapping_candidate,not_verified
Microchip,SAM3 Series,ATSAM3S,ATSAM3S2B,cmsis_device_name,ATSAM3S2B,tcl/target/at91sam3sXX.cfg,"[""at91sam3""]",upstream-openocd,56b8d93fbe61a78dc903d770820d6d896b6d8134,Keil,SAM3_DFP,1.2.3,https://www.keil.com/pack/Keil.SAM3_DFP.pdsc,baf4523cbf1f7c35bcd48e50a169c994a01d590bca9e7a259b5bf2a53072f17d,microchip-sam3s,mapping_candidate,not_verified
Microchip,SAM3 Series,ATSAM3S,ATSAM3S2C,cmsis_device_name,ATSAM3S2C,tcl/target/at91sam3sXX.cfg,"[""at91sam3""]",upstream-openocd,56b8d93fbe61a78dc903d770820d6d896b6d8134,Keil,SAM3_DFP,1.2.3,https://www.keil.com/pack/Keil.SAM3_DFP.pdsc,baf4523cbf1f7c35bcd48e50a169c994a01d590bca9e7a259b5bf2a53072f17d,microchip-sam3s,mapping_candidate,not_verified
Microchip,SAM3 Series,ATSAM3S,ATSAM3S4A,cmsis_device_name,ATSAM3S4A,tcl/target/at91sam3sXX.cfg,"[""at91sam3""]",upstream-openocd,56b8d93fbe61a78dc903d770820d6d896b6d8134,Keil,SAM3_DFP,1.2.3,https://www.keil.com/pack/Keil.SAM3_DFP.pdsc,baf4523cbf1f7c35bcd48e50a169c994a01d590bca9e7a259b5bf2a53072f17d,microchip-sam3s,mapping_candidate,not_verified
Microchip,SAM3 Series,ATSAM3S,ATSAM3S4B,cmsis_device_name,ATSAM3S4B,tcl/target/at91sam3sXX.cfg,"[""at91sam3""]",upstream-openocd,56b8d93fbe61a78dc903d770820d6d896b6d8134,Keil,SAM3_DFP,1.2.3,https://www.keil.com/pack/Keil.SAM3_DFP.pdsc,baf4523cbf1f7c35bcd48e50a169c994a01d590bca9e7a259b5bf2a53072f17d,microchip-sam3s,mapping_candidate,not_verified
Microchip,SAM3 Series,ATSAM3S,ATSAM3S4C,cmsis_device_name,ATSAM3S4C,tcl/target/at91sam3sXX.cfg,"[""at91sam3""]",upstream-openocd,56b8d93fbe61a78dc903d770820d6d896b6d8134,Keil,SAM3_DFP,1.2.3,https://www.keil.com/pack/Keil.SAM3_DFP.pdsc,baf4523cbf1f7c35bcd48e50a169c994a01d590bca9e7a259b5bf2a53072f17d,microchip-sam3s,mapping_candidate,not_verified
Microchip,SAM3 Series,ATSAM3S,ATSAM3S8B,cmsis_device_name,ATSAM3S8B,tcl/target/at91sam3sXX.cfg,"[""at91sam3""]",upstream-openocd,56b8d93fbe61a78dc903d770820d6d896b6d8134,Keil,SAM3_DFP,1.2.3,https://www.keil.com/pack/Keil.SAM3_DFP.pdsc,baf4523cbf1f7c35bcd48e50a169c994a01d590bca9e7a259b5bf2a53072f17d,microchip-sam3s,mapping_candidate,not_verified
Microchip,SAM3 Series,ATSAM3S,ATSAM3S8C,cmsis_device_name,ATSAM3S8C,tcl/target/at91sam3sXX.cfg,"[""at91sam3""]",upstream-openocd,56b8d93fbe61a78dc903d770820d6d896b6d8134,Keil,SAM3_DFP,1.2.3,https://www.keil.com/pack/Keil.SAM3_DFP.pdsc,baf4523cbf1f7c35bcd48e50a169c994a01d590bca9e7a259b5bf2a53072f17d,microchip-sam3s,mapping_candidate,not_verified
Microchip,SAM3 Series,ATSAM3S,ATSAM3SD8B,cmsis_device_name,ATSAM3SD8B,tcl/target/at91sam3sXX.cfg,"[""at91sam3""]",upstream-openocd,56b8d93fbe61a78dc903d770820d6d896b6d8134,Keil,SAM3_DFP,1.2.3,https://www.keil.com/pack/Keil.SAM3_DFP.pdsc,baf4523cbf1f7c35bcd48e50a169c994a01d590bca9e7a259b5bf2a53072f17d,microchip-sam3sd,mapping_candidate,not_verified
Microchip,SAM3 Series,ATSAM3S,ATSAM3SD8C,cmsis_device_name,ATSAM3SD8C,tcl/target/at91sam3sXX.cfg,"[""at91sam3""]",upstream-openocd,56b8d93fbe61a78dc903d770820d6d896b6d8134,Keil,SAM3_DFP,1.2.3,https://www.keil.com/pack/Keil.SAM3_DFP.pdsc,baf4523cbf1f7c35bcd48e50a169c994a01d590bca9e7a259b5bf2a53072f17d,microchip-sam3sd,mapping_candidate,not_verified
Microchip,SAM3 Series,ATSAM3U,ATSAM3U1C,cmsis_device_name,ATSAM3U1C,tcl/target/at91sam3u1c.cfg,"[""at91sam3""]",upstream-openocd,56b8d93fbe61a78dc903d770820d6d896b6d8134,Keil,SAM3_DFP,1.2.3,https://www.keil.com/pack/Keil.SAM3_DFP.pdsc,baf4523cbf1f7c35bcd48e50a169c994a01d590bca9e7a259b5bf2a53072f17d,microchip-sam3u1c,mapping_candidate,not_verified
Microchip,SAM3 Series,ATSAM3U,ATSAM3U1E,cmsis_device_name,ATSAM3U1E,tcl/target/at91sam3u1e.cfg,"[""at91sam3""]",upstream-openocd,56b8d93fbe61a78dc903d770820d6d896b6d8134,Keil,SAM3_DFP,1.2.3,https://www.keil.com/pack/Keil.SAM3_DFP.pdsc,baf4523cbf1f7c35bcd48e50a169c994a01d590bca9e7a259b5bf2a53072f17d,microchip-sam3u1e,mapping_candidate,not_verified
Microchip,SAM3 Series,ATSAM3U,ATSAM3U2C,cmsis_device_name,ATSAM3U2C,tcl/target/at91sam3u2c.cfg,"[""at91sam3""]",upstream-openocd,56b8d93fbe61a78dc903d770820d6d896b6d8134,Keil,SAM3_DFP,1.2.3,https://www.keil.com/pack/Keil.SAM3_DFP.pdsc,baf4523cbf1f7c35bcd48e50a169c994a01d590bca9e7a259b5bf2a53072f17d,microchip-sam3u2c,mapping_candidate,not_verified
Microchip,SAM3 Series,ATSAM3U,ATSAM3U2E,cmsis_device_name,ATSAM3U2E,tcl/target/at91sam3u2e.cfg,"[""at91sam3""]",upstream-openocd,56b8d93fbe61a78dc903d770820d6d896b6d8134,Keil,SAM3_DFP,1.2.3,https://www.keil.com/pack/Keil.SAM3_DFP.pdsc,baf4523cbf1f7c35bcd48e50a169c994a01d590bca9e7a259b5bf2a53072f17d,microchip-sam3u2e,mapping_candidate,not_verified
Microchip,SAM3 Series,ATSAM3U,ATSAM3U4C,cmsis_device_name,ATSAM3U4C,tcl/target/at91sam3u4c.cfg,"[""at91sam3""]",upstream-openocd,56b8d93fbe61a78dc903d770820d6d896b6d8134,Keil,SAM3_DFP,1.2.3,https://www.keil.com/pack/Keil.SAM3_DFP.pdsc,baf4523cbf1f7c35bcd48e50a169c994a01d590bca9e7a259b5bf2a53072f17d,microchip-sam3u4c,mapping_candidate,not_verified
Microchip,SAM3 Series,ATSAM3U,ATSAM3U4E,cmsis_device_name,ATSAM3U4E,tcl/target/at91sam3u4e.cfg,"[""at91sam3""]",upstream-openocd,56b8d93fbe61a78dc903d770820d6d896b6d8134,Keil,SAM3_DFP,1.2.3,https://www.keil.com/pack/Keil.SAM3_DFP.pdsc,baf4523cbf1f7c35bcd48e50a169c994a01d590bca9e7a259b5bf2a53072f17d,microchip-sam3u4e,mapping_candidate,not_verified
Microchip,SAM3 Series,ATSAM3X,ATSAM3X4C,cmsis_device_name,ATSAM3X4C,tcl/target/at91sam3ax_4x.cfg,"[""at91sam3""]",upstream-openocd,56b8d93fbe61a78dc903d770820d6d896b6d8134,Keil,SAM3_DFP,1.2.3,https://www.keil.com/pack/Keil.SAM3_DFP.pdsc,baf4523cbf1f7c35bcd48e50a169c994a01d590bca9e7a259b5bf2a53072f17d,microchip-sam3a4x4,mapping_candidate,not_verified
Microchip,SAM3 Series,ATSAM3X,ATSAM3X4E,cmsis_device_name,ATSAM3X4E,tcl/target/at91sam3ax_4x.cfg,"[""at91sam3""]",upstream-openocd,56b8d93fbe61a78dc903d770820d6d896b6d8134,Keil,SAM3_DFP,1.2.3,https://www.keil.com/pack/Keil.SAM3_DFP.pdsc,baf4523cbf1f7c35bcd48e50a169c994a01d590bca9e7a259b5bf2a53072f17d,microchip-sam3a4x4,mapping_candidate,not_verified
Microchip,SAM3 Series,ATSAM3X,ATSAM3X8C,cmsis_device_name,ATSAM3X8C,tcl/target/at91sam3ax_8x.cfg,"[""at91sam3""]",upstream-openocd,56b8d93fbe61a78dc903d770820d6d896b6d8134,Keil,SAM3_DFP,1.2.3,https://www.keil.com/pack/Keil.SAM3_DFP.pdsc,baf4523cbf1f7c35bcd48e50a169c994a01d590bca9e7a259b5bf2a53072f17d,microchip-sam3a8x8,mapping_candidate,not_verified
Microchip,SAM3 Series,ATSAM3X,ATSAM3X8E,cmsis_device_name,ATSAM3X8E,tcl/target/at91sam3ax_8x.cfg,"[""at91sam3""]",upstream-openocd,56b8d93fbe61a78dc903d770820d6d896b6d8134,Keil,SAM3_DFP,1.2.3,https://www.keil.com/pack/Keil.SAM3_DFP.pdsc,baf4523cbf1f7c35bcd48e50a169c994a01d590bca9e7a259b5bf2a53072f17d,microchip-sam3a8x8,mapping_candidate,not_verified
Microchip,SAM3 Series,ATSAM3X,ATSAM3X8H,cmsis_device_name,ATSAM3X8H,tcl/target/at91sam3ax_8x.cfg,"[""at91sam3""]",upstream-openocd,56b8d93fbe61a78dc903d770820d6d896b6d8134,Keil,SAM3_DFP,1.2.3,https://www.keil.com/pack/Keil.SAM3_DFP.pdsc,baf4523cbf1f7c35bcd48e50a169c994a01d590bca9e7a259b5bf2a53072f17d,microchip-sam3a8x8,mapping_candidate,not_verified
Microchip,SAM4 Dualcore Series,SAM4C,ATSAM4C16C,cmsis_device_name,ATSAM4C16C,tcl/target/at91sam4cXXX.cfg,"[""at91sam4""]",upstream-openocd,56b8d93fbe61a78dc903d770820d6d896b6d8134,Keil,SAM4_DFP,1.6.2,https://www.keil.com/pack/Keil.SAM4_DFP.pdsc,dc0f3c0e38784835287dc5710dfb89af9e2a1f7688faeb5bd473fcd8fa79d4c3,microchip-sam4c,mapping_candidate,not_verified
Microchip,SAM4 Dualcore Series,SAM4C32,ATSAM4C32C,cmsis_device_name,ATSAM4C32C,tcl/target/at91sam4c32x.cfg,"[""at91sam4""]",upstream-openocd,56b8d93fbe61a78dc903d770820d6d896b6d8134,Keil,SAM4_DFP,1.6.2,https://www.keil.com/pack/Keil.SAM4_DFP.pdsc,dc0f3c0e38784835287dc5710dfb89af9e2a1f7688faeb5bd473fcd8fa79d4c3,microchip-sam4c32,mapping_candidate,not_verified
Microchip,SAM4 Dualcore Series,SAM4C32,ATSAM4C32E,cmsis_device_name,ATSAM4C32E,tcl/target/at91sam4c32x.cfg,"[""at91sam4""]",upstream-openocd,56b8d93fbe61a78dc903d770820d6d896b6d8134,Keil,SAM4_DFP,1.6.2,https://www.keil.com/pack/Keil.SAM4_DFP.pdsc,dc0f3c0e38784835287dc5710dfb89af9e2a1f7688faeb5bd473fcd8fa79d4c3,microchip-sam4c32,mapping_candidate,not_verified
Microchip,SAM4 Dualcore Series,SAM4C,ATSAM4C4C,cmsis_device_name,ATSAM4C4C,tcl/target/at91sam4cXXX.cfg,"[""at91sam4""]",upstream-openocd,56b8d93fbe61a78dc903d770820d6d896b6d8134,Keil,SAM4_DFP,1.6.2,https://www.keil.com/pack/Keil.SAM4_DFP.pdsc,dc0f3c0e38784835287dc5710dfb89af9e2a1f7688faeb5bd473fcd8fa79d4c3,microchip-sam4c,mapping_candidate,not_verified
Microchip,SAM4 Dualcore Series,SAM4C,ATSAM4C8C,cmsis_device_name,ATSAM4C8C,tcl/target/at91sam4cXXX.cfg,"[""at91sam4""]",upstream-openocd,56b8d93fbe61a78dc903d770820d6d896b6d8134,Keil,SAM4_DFP,1.6.2,https://www.keil.com/pack/Keil.SAM4_DFP.pdsc,dc0f3c0e38784835287dc5710dfb89af9e2a1f7688faeb5bd473fcd8fa79d4c3,microchip-sam4c,mapping_candidate,not_verified
Microchip,SAM4 Dualcore Series,SAM4CM,ATSAM4CMP16C,cmsis_device_name,ATSAM4CMP16C,tcl/target/at91sam4cXXX.cfg,"[""at91sam4""]",upstream-openocd,56b8d93fbe61a78dc903d770820d6d896b6d8134,Keil,SAM4_DFP,1.6.2,https://www.keil.com/pack/Keil.SAM4_DFP.pdsc,dc0f3c0e38784835287dc5710dfb89af9e2a1f7688faeb5bd473fcd8fa79d4c3,microchip-sam4c,mapping_candidate,not_verified
Microchip,SAM4 Dualcore Series,SAM4CM32,ATSAM4CMP32C,cmsis_device_name,ATSAM4CMP32C,tcl/target/at91sam4c32x.cfg,"[""at91sam4""]",upstream-openocd,56b8d93fbe61a78dc903d770820d6d896b6d8134,Keil,SAM4_DFP,1.6.2,https://www.keil.com/pack/Keil.SAM4_DFP.pdsc,dc0f3c0e38784835287dc5710dfb89af9e2a1f7688faeb5bd473fcd8fa79d4c3,microchip-sam4c32,mapping_candidate,not_verified
Microchip,SAM4 Dualcore Series,SAM4CM,ATSAM4CMP8C,cmsis_device_name,ATSAM4CMP8C,tcl/target/at91sam4cXXX.cfg,"[""at91sam4""]",upstream-openocd,56b8d93fbe61a78dc903d770820d6d896b6d8134,Keil,SAM4_DFP,1.6.2,https://www.keil.com/pack/Keil.SAM4_DFP.pdsc,dc0f3c0e38784835287dc5710dfb89af9e2a1f7688faeb5bd473fcd8fa79d4c3,microchip-sam4c,mapping_candidate,not_verified
Microchip,SAM4 Dualcore Series,SAM4CM,ATSAM4CMS16C,cmsis_device_name,ATSAM4CMS16C,tcl/target/at91sam4cXXX.cfg,"[""at91sam4""]",upstream-openocd,56b8d93fbe61a78dc903d770820d6d896b6d8134,Keil,SAM4_DFP,1.6.2,https://www.keil.com/pack/Keil.SAM4_DFP.pdsc,dc0f3c0e38784835287dc5710dfb89af9e2a1f7688faeb5bd473fcd8fa79d4c3,microchip-sam4c,mapping_candidate,not_verified
Microchip,SAM4 Dualcore Series,SAM4CM32,ATSAM4CMS32C,cmsis_device_name,ATSAM4CMS32C,tcl/target/at91sam4c32x.cfg,"[""at91sam4""]",upstream-openocd,56b8d93fbe61a78dc903d770820d6d896b6d8134,Keil,SAM4_DFP,1.6.2,https://www.keil.com/pack/Keil.SAM4_DFP.pdsc,dc0f3c0e38784835287dc5710dfb89af9e2a1f7688faeb5bd473fcd8fa79d4c3,microchip-sam4c32,mapping_candidate,not_verified
Microchip,SAM4 Dualcore Series,SAM4CM,ATSAM4CMS4C,cmsis_device_name,ATSAM4CMS4C,tcl/target/at91sam4cXXX.cfg,"[""at91sam4""]",upstream-openocd,56b8d93fbe61a78dc903d770820d6d896b6d8134,Keil,SAM4_DFP,1.6.2,https://www.keil.com/pack/Keil.SAM4_DFP.pdsc,dc0f3c0e38784835287dc5710dfb89af9e2a1f7688faeb5bd473fcd8fa79d4c3,microchip-sam4c,mapping_candidate,not_verified
Microchip,SAM4 Dualcore Series,SAM4CM,ATSAM4CMS8C,cmsis_device_name,ATSAM4CMS8C,tcl/target/at91sam4cXXX.cfg,"[""at91sam4""]",upstream-openocd,56b8d93fbe61a78dc903d770820d6d896b6d8134,Keil,SAM4_DFP,1.6.2,https://www.keil.com/pack/Keil.SAM4_DFP.pdsc,dc0f3c0e38784835287dc5710dfb89af9e2a1f7688faeb5bd473fcd8fa79d4c3,microchip-sam4c,mapping_candidate,not_verified
Microchip,SAM4 Dualcore Series,SAM4CP,ATSAM4CP16B,cmsis_device_name,ATSAM4CP16B,tcl/target/at91sam4cXXX.cfg,"[""at91sam4""]",upstream-openocd,56b8d93fbe61a78dc903d770820d6d896b6d8134,Keil,SAM4_DFP,1.6.2,https://www.keil.com/pack/Keil.SAM4_DFP.pdsc,dc0f3c0e38784835287dc5710dfb89af9e2a1f7688faeb5bd473fcd8fa79d4c3,microchip-sam4c,mapping_candidate,not_verified
Microchip,SAM4 Dualcore Series,SAM4CP,ATSAM4CP16C,cmsis_device_name,ATSAM4CP16C,tcl/target/at91sam4cXXX.cfg,"[""at91sam4""]",upstream-openocd,56b8d93fbe61a78dc903d770820d6d896b6d8134,Keil,SAM4_DFP,1.6.2,https://www.keil.com/pack/Keil.SAM4_DFP.pdsc,dc0f3c0e38784835287dc5710dfb89af9e2a1f7688faeb5bd473fcd8fa79d4c3,microchip-sam4c,mapping_candidate,not_verified
Microchip,SAM4 Series,SAM4LC,ATSAM4LC2A,cmsis_device_name,ATSAM4LC2A,tcl/target/at91sam4lXX.cfg,"[""at91sam4l""]",upstream-openocd,56b8d93fbe61a78dc903d770820d6d896b6d8134,Keil,SAM4_DFP,1.6.2,https://www.keil.com/pack/Keil.SAM4_DFP.pdsc,dc0f3c0e38784835287dc5710dfb89af9e2a1f7688faeb5bd473fcd8fa79d4c3,microchip-sam4l,mapping_candidate,not_verified
Microchip,SAM4 Series,SAM4LC,ATSAM4LC2B,cmsis_device_name,ATSAM4LC2B,tcl/target/at91sam4lXX.cfg,"[""at91sam4l""]",upstream-openocd,56b8d93fbe61a78dc903d770820d6d896b6d8134,Keil,SAM4_DFP,1.6.2,https://www.keil.com/pack/Keil.SAM4_DFP.pdsc,dc0f3c0e38784835287dc5710dfb89af9e2a1f7688faeb5bd473fcd8fa79d4c3,microchip-sam4l,mapping_candidate,not_verified
Microchip,SAM4 Series,SAM4LC,ATSAM4LC2C,cmsis_device_name,ATSAM4LC2C,tcl/target/at91sam4lXX.cfg,"[""at91sam4l""]",upstream-openocd,56b8d93fbe61a78dc903d770820d6d896b6d8134,Keil,SAM4_DFP,1.6.2,https://www.keil.com/pack/Keil.SAM4_DFP.pdsc,dc0f3c0e38784835287dc5710dfb89af9e2a1f7688faeb5bd473fcd8fa79d4c3,microchip-sam4l,mapping_candidate,not_verified
Microchip,SAM4 Series,SAM4LC,ATSAM4LC4A,cmsis_device_name,ATSAM4LC4A,tcl/target/at91sam4lXX.cfg,"[""at91sam4l""]",upstream-openocd,56b8d93fbe61a78dc903d770820d6d896b6d8134,Keil,SAM4_DFP,1.6.2,https://www.keil.com/pack/Keil.SAM4_DFP.pdsc,dc0f3c0e38784835287dc5710dfb89af9e2a1f7688faeb5bd473fcd8fa79d4c3,microchip-sam4l,mapping_candidate,not_verified
Microchip,SAM4 Series,SAM4LC,ATSAM4LC4B,cmsis_device_name,ATSAM4LC4B,tcl/target/at91sam4lXX.cfg,"[""at91sam4l""]",upstream-openocd,56b8d93fbe61a78dc903d770820d6d896b6d8134,Keil,SAM4_DFP,1.6.2,https://www.keil.com/pack/Keil.SAM4_DFP.pdsc,dc0f3c0e38784835287dc5710dfb89af9e2a1f7688faeb5bd473fcd8fa79d4c3,microchip-sam4l,mapping_candidate,not_verified
Microchip,SAM4 Series,SAM4LC,ATSAM4LC4C,cmsis_device_name,ATSAM4LC4C,tcl/target/at91sam4lXX.cfg,"[""at91sam4l""]",upstream-openocd,56b8d93fbe61a78dc903d770820d6d896b6d8134,Keil,SAM4_DFP,1.6.2,https://www.keil.com/pack/Keil.SAM4_DFP.pdsc,dc0f3c0e38784835287dc5710dfb89af9e2a1f7688faeb5bd473fcd8fa79d4c3,microchip-sam4l,mapping_candidate,not_verified
Microchip,SAM4 Series,SAM4LC,ATSAM4LC8A,cmsis_device_name,ATSAM4LC8A,tcl/target/at91sam4lXX.cfg,"[""at91sam4l""]",upstream-openocd,56b8d93fbe61a78dc903d770820d6d896b6d8134,Keil,SAM4_DFP,1.6.2,https://www.keil.com/pack/Keil.SAM4_DFP.pdsc,dc0f3c0e38784835287dc5710dfb89af9e2a1f7688faeb5bd473fcd8fa79d4c3,microchip-sam4l,mapping_candidate,not_verified
Microchip,SAM4 Series,SAM4LC,ATSAM4LC8B,cmsis_device_name,ATSAM4LC8B,tcl/target/at91sam4lXX.cfg,"[""at91sam4l""]",upstream-openocd,56b8d93fbe61a78dc903d770820d6d896b6d8134,Keil,SAM4_DFP,1.6.2,https://www.keil.com/pack/Keil.SAM4_DFP.pdsc,dc0f3c0e38784835287dc5710dfb89af9e2a1f7688faeb5bd473fcd8fa79d4c3,microchip-sam4l,mapping_candidate,not_verified
Microchip,SAM4 Series,SAM4LC,ATSAM4LC8C,cmsis_device_name,ATSAM4LC8C,tcl/target/at91sam4lXX.cfg,"[""at91sam4l""]",upstream-openocd,56b8d93fbe61a78dc903d770820d6d896b6d8134,Keil,SAM4_DFP,1.6.2,https://www.keil.com/pack/Keil.SAM4_DFP.pdsc,dc0f3c0e38784835287dc5710dfb89af9e2a1f7688faeb5bd473fcd8fa79d4c3,microchip-sam4l,mapping_candidate,not_verified
Microchip,SAM4 Series,SAM4LS,ATSAM4LS2A,cmsis_device_name,ATSAM4LS2A,tcl/target/at91sam4lXX.cfg,"[""at91sam4l""]",upstream-openocd,56b8d93fbe61a78dc903d770820d6d896b6d8134,Keil,SAM4_DFP,1.6.2,https://www.keil.com/pack/Keil.SAM4_DFP.pdsc,dc0f3c0e38784835287dc5710dfb89af9e2a1f7688faeb5bd473fcd8fa79d4c3,microchip-sam4l,mapping_candidate,not_verified
Microchip,SAM4 Series,SAM4LS,ATSAM4LS2B,cmsis_device_name,ATSAM4LS2B,tcl/target/at91sam4lXX.cfg,"[""at91sam4l""]",upstream-openocd,56b8d93fbe61a78dc903d770820d6d896b6d8134,Keil,SAM4_DFP,1.6.2,https://www.keil.com/pack/Keil.SAM4_DFP.pdsc,dc0f3c0e38784835287dc5710dfb89af9e2a1f7688faeb5bd473fcd8fa79d4c3,microchip-sam4l,mapping_candidate,not_verified
Microchip,SAM4 Series,SAM4LS,ATSAM4LS2C,cmsis_device_name,ATSAM4LS2C,tcl/target/at91sam4lXX.cfg,"[""at91sam4l""]",upstream-openocd,56b8d93fbe61a78dc903d770820d6d896b6d8134,Keil,SAM4_DFP,1.6.2,https://www.keil.com/pack/Keil.SAM4_DFP.pdsc,dc0f3c0e38784835287dc5710dfb89af9e2a1f7688faeb5bd473fcd8fa79d4c3,microchip-sam4l,mapping_candidate,not_verified
Microchip,SAM4 Series,SAM4LS,ATSAM4LS4A,cmsis_device_name,ATSAM4LS4A,tcl/target/at91sam4lXX.cfg,"[""at91sam4l""]",upstream-openocd,56b8d93fbe61a78dc903d770820d6d896b6d8134,Keil,SAM4_DFP,1.6.2,https://www.keil.com/pack/Keil.SAM4_DFP.pdsc,dc0f3c0e38784835287dc5710dfb89af9e2a1f7688faeb5bd473fcd8fa79d4c3,microchip-sam4l,mapping_candidate,not_verified
Microchip,SAM4 Series,SAM4LS,ATSAM4LS4B,cmsis_device_name,ATSAM4LS4B,tcl/target/at91sam4lXX.cfg,"[""at91sam4l""]",upstream-openocd,56b8d93fbe61a78dc903d770820d6d896b6d8134,Keil,SAM4_DFP,1.6.2,https://www.keil.com/pack/Keil.SAM4_DFP.pdsc,dc0f3c0e38784835287dc5710dfb89af9e2a1f7688faeb5bd473fcd8fa79d4c3,microchip-sam4l,mapping_candidate,not_verified
Microchip,SAM4 Series,SAM4LS,ATSAM4LS4C,cmsis_device_name,ATSAM4LS4C,tcl/target/at91sam4lXX.cfg,"[""at91sam4l""]",upstream-openocd,56b8d93fbe61a78dc903d770820d6d896b6d8134,Keil,SAM4_DFP,1.6.2,https://www.keil.com/pack/Keil.SAM4_DFP.pdsc,dc0f3c0e38784835287dc5710dfb89af9e2a1f7688faeb5bd473fcd8fa79d4c3,microchip-sam4l,mapping_candidate,not_verified
Microchip,SAM4 Series,SAM4LS,ATSAM4LS8A,cmsis_device_name,ATSAM4LS8A,tcl/target/at91sam4lXX.cfg,"[""at91sam4l""]",upstream-openocd,56b8d93fbe61a78dc903d770820d6d896b6d8134,Keil,SAM4_DFP,1.6.2,https://www.keil.com/pack/Keil.SAM4_DFP.pdsc,dc0f3c0e38784835287dc5710dfb89af9e2a1f7688faeb5bd473fcd8fa79d4c3,microchip-sam4l,mapping_candidate,not_verified
Microchip,SAM4 Series,SAM4LS,ATSAM4LS8B,cmsis_device_name,ATSAM4LS8B,tcl/target/at91sam4lXX.cfg,"[""at91sam4l""]",upstream-openocd,56b8d93fbe61a78dc903d770820d6d896b6d8134,Keil,SAM4_DFP,1.6.2,https://www.keil.com/pack/Keil.SAM4_DFP.pdsc,dc0f3c0e38784835287dc5710dfb89af9e2a1f7688faeb5bd473fcd8fa79d4c3,microchip-sam4l,mapping_candidate,not_verified
Microchip,SAM4 Series,SAM4LS,ATSAM4LS8C,cmsis_device_name,ATSAM4LS8C,tcl/target/at91sam4lXX.cfg,"[""at91sam4l""]",upstream-openocd,56b8d93fbe61a78dc903d770820d6d896b6d8134,Keil,SAM4_DFP,1.6.2,https://www.keil.com/pack/Keil.SAM4_DFP.pdsc,dc0f3c0e38784835287dc5710dfb89af9e2a1f7688faeb5bd473fcd8fa79d4c3,microchip-sam4l,mapping_candidate,not_verified
Microchip,SAM4 Series,SAM4S,ATSAM4S16B,cmsis_device_name,ATSAM4S16B,tcl/target/at91sam4sXX.cfg,"[""at91sam4""]",upstream-openocd,56b8d93fbe61a78dc903d770820d6d896b6d8134,Keil,SAM4_DFP,1.6.2,https://www.keil.com/pack/Keil.SAM4_DFP.pdsc,dc0f3c0e38784835287dc5710dfb89af9e2a1f7688faeb5bd473fcd8fa79d4c3,microchip-sam4s,mapping_candidate,not_verified
Microchip,SAM4 Series,SAM4S,ATSAM4S16C,cmsis_device_name,ATSAM4S16C,tcl/target/at91sam4sXX.cfg,"[""at91sam4""]",upstream-openocd,56b8d93fbe61a78dc903d770820d6d896b6d8134,Keil,SAM4_DFP,1.6.2,https://www.keil.com/pack/Keil.SAM4_DFP.pdsc,dc0f3c0e38784835287dc5710dfb89af9e2a1f7688faeb5bd473fcd8fa79d4c3,microchip-sam4s,mapping_candidate,not_verified
Microchip,SAM4 Series,SAM4S,ATSAM4S2A,cmsis_device_name,ATSAM4S2A,tcl/target/at91sam4sXX.cfg,"[""at91sam4""]",upstream-openocd,56b8d93fbe61a78dc903d770820d6d896b6d8134,Keil,SAM4_DFP,1.6.2,https://www.keil.com/pack/Keil.SAM4_DFP.pdsc,dc0f3c0e38784835287dc5710dfb89af9e2a1f7688faeb5bd473fcd8fa79d4c3,microchip-sam4s,mapping_candidate,not_verified
Microchip,SAM4 Series,SAM4S,ATSAM4S2B,cmsis_device_name,ATSAM4S2B,tcl/target/at91sam4sXX.cfg,"[""at91sam4""]",upstream-openocd,56b8d93fbe61a78dc903d770820d6d896b6d8134,Keil,SAM4_DFP,1.6.2,https://www.keil.com/pack/Keil.SAM4_DFP.pdsc,dc0f3c0e38784835287dc5710dfb89af9e2a1f7688faeb5bd473fcd8fa79d4c3,microchip-sam4s,mapping_candidate,not_verified
Microchip,SAM4 Series,SAM4S,ATSAM4S2C,cmsis_device_name,ATSAM4S2C,tcl/target/at91sam4sXX.cfg,"[""at91sam4""]",upstream-openocd,56b8d93fbe61a78dc903d770820d6d896b6d8134,Keil,SAM4_DFP,1.6.2,https://www.keil.com/pack/Keil.SAM4_DFP.pdsc,dc0f3c0e38784835287dc5710dfb89af9e2a1f7688faeb5bd473fcd8fa79d4c3,microchip-sam4s,mapping_candidate,not_verified
Microchip,SAM4 Series,SAM4S,ATSAM4S4A,cmsis_device_name,ATSAM4S4A,tcl/target/at91sam4sXX.cfg,"[""at91sam4""]",upstream-openocd,56b8d93fbe61a78dc903d770820d6d896b6d8134,Keil,SAM4_DFP,1.6.2,https://www.keil.com/pack/Keil.SAM4_DFP.pdsc,dc0f3c0e38784835287dc5710dfb89af9e2a1f7688faeb5bd473fcd8fa79d4c3,microchip-sam4s,mapping_candidate,not_verified
Microchip,SAM4 Series,SAM4S,ATSAM4S4B,cmsis_device_name,ATSAM4S4B,tcl/target/at91sam4sXX.cfg,"[""at91sam4""]",upstream-openocd,56b8d93fbe61a78dc903d770820d6d896b6d8134,Keil,SAM4_DFP,1.6.2,https://www.keil.com/pack/Keil.SAM4_DFP.pdsc,dc0f3c0e38784835287dc5710dfb89af9e2a1f7688faeb5bd473fcd8fa79d4c3,microchip-sam4s,mapping_candidate,not_verified
Microchip,SAM4 Series,SAM4S,ATSAM4S4C,cmsis_device_name,ATSAM4S4C,tcl/target/at91sam4sXX.cfg,"[""at91sam4""]",upstream-openocd,56b8d93fbe61a78dc903d770820d6d896b6d8134,Keil,SAM4_DFP,1.6.2,https://www.keil.com/pack/Keil.SAM4_DFP.pdsc,dc0f3c0e38784835287dc5710dfb89af9e2a1f7688faeb5bd473fcd8fa79d4c3,microchip-sam4s,mapping_candidate,not_verified
Microchip,SAM4 Series,SAM4S,ATSAM4S8B,cmsis_device_name,ATSAM4S8B,tcl/target/at91sam4sXX.cfg,"[""at91sam4""]",upstream-openocd,56b8d93fbe61a78dc903d770820d6d896b6d8134,Keil,SAM4_DFP,1.6.2,https://www.keil.com/pack/Keil.SAM4_DFP.pdsc,dc0f3c0e38784835287dc5710dfb89af9e2a1f7688faeb5bd473fcd8fa79d4c3,microchip-sam4s,mapping_candidate,not_verified
Microchip,SAM4 Series,SAM4S,ATSAM4S8C,cmsis_device_name,ATSAM4S8C,tcl/target/at91sam4sXX.cfg,"[""at91sam4""]",upstream-openocd,56b8d93fbe61a78dc903d770820d6d896b6d8134,Keil,SAM4_DFP,1.6.2,https://www.keil.com/pack/Keil.SAM4_DFP.pdsc,dc0f3c0e38784835287dc5710dfb89af9e2a1f7688faeb5bd473fcd8fa79d4c3,microchip-sam4s,mapping_candidate,not_verified
Microchip,SAM4 Series,SAM4S,ATSAM4SA16B,cmsis_device_name,ATSAM4SA16B,tcl/target/at91sam4sXX.cfg,"[""at91sam4""]",upstream-openocd,56b8d93fbe61a78dc903d770820d6d896b6d8134,Keil,SAM4_DFP,1.6.2,https://www.keil.com/pack/Keil.SAM4_DFP.pdsc,dc0f3c0e38784835287dc5710dfb89af9e2a1f7688faeb5bd473fcd8fa79d4c3,microchip-sam4s,mapping_candidate,not_verified
Microchip,SAM4 Series,SAM4S,ATSAM4SA16C,cmsis_device_name,ATSAM4SA16C,tcl/target/at91sam4sXX.cfg,"[""at91sam4""]",upstream-openocd,56b8d93fbe61a78dc903d770820d6d896b6d8134,Keil,SAM4_DFP,1.6.2,https://www.keil.com/pack/Keil.SAM4_DFP.pdsc,dc0f3c0e38784835287dc5710dfb89af9e2a1f7688faeb5bd473fcd8fa79d4c3,microchip-sam4s,mapping_candidate,not_verified
Microchip,SAM4 Series,SAM4S,ATSAM4SD16B,cmsis_device_name,ATSAM4SD16B,tcl/target/at91sam4sXX.cfg,"[""at91sam4""]",upstream-openocd,56b8d93fbe61a78dc903d770820d6d896b6d8134,Keil,SAM4_DFP,1.6.2,https://www.keil.com/pack/Keil.SAM4_DFP.pdsc,dc0f3c0e38784835287dc5710dfb89af9e2a1f7688faeb5bd473fcd8fa79d4c3,microchip-sam4s,mapping_candidate,not_verified
Microchip,SAM4 Series,SAM4S,ATSAM4SD16C,cmsis_device_name,ATSAM4SD16C,tcl/target/at91sam4sXX.cfg,"[""at91sam4""]",upstream-openocd,56b8d93fbe61a78dc903d770820d6d896b6d8134,Keil,SAM4_DFP,1.6.2,https://www.keil.com/pack/Keil.SAM4_DFP.pdsc,dc0f3c0e38784835287dc5710dfb89af9e2a1f7688faeb5bd473fcd8fa79d4c3,microchip-sam4s,mapping_candidate,not_verified
Microchip,SAM4 Series,SAM4S,ATSAM4SD32B,cmsis_device_name,ATSAM4SD32B,tcl/target/at91sam4sd32x.cfg,"[""at91sam4""]",upstream-openocd,56b8d93fbe61a78dc903d770820d6d896b6d8134,Keil,SAM4_DFP,1.6.2,https://www.keil.com/pack/Keil.SAM4_DFP.pdsc,dc0f3c0e38784835287dc5710dfb89af9e2a1f7688faeb5bd473fcd8fa79d4c3,microchip-sam4sd32,mapping_candidate,not_verified
Microchip,SAM4 Series,SAM4S,ATSAM4SD32C,cmsis_device_name,ATSAM4SD32C,tcl/target/at91sam4sd32x.cfg,"[""at91sam4""]",upstream-openocd,56b8d93fbe61a78dc903d770820d6d896b6d8134,Keil,SAM4_DFP,1.6.2,https://www.keil.com/pack/Keil.SAM4_DFP.pdsc,dc0f3c0e38784835287dc5710dfb89af9e2a1f7688faeb5bd473fcd8fa79d4c3,microchip-sam4sd32,mapping_candidate,not_verified
Microchip,SAM4 Series,SAM4SP,ATSAM4SP32A,cmsis_device_name,ATSAM4SP32A,tcl/target/at91sam4sXX.cfg,"[""at91sam4""]",upstream-openocd,56b8d93fbe61a78dc903d770820d6d896b6d8134,Keil,SAM4_DFP,1.6.2,https://www.keil.com/pack/Keil.SAM4_DFP.pdsc,dc0f3c0e38784835287dc5710dfb89af9e2a1f7688faeb5bd473fcd8fa79d4c3,microchip-sam4s,mapping_candidate,not_verified
NXP,LPC1100 Series,LPC1100LV,LPC1101LVUK,cmsis_device_name,LPC1101LVUK,tcl/target/lpc11xx.cfg,"[""lpc2000""]",upstream-openocd,56b8d93fbe61a78dc903d770820d6d896b6d8134,Keil,LPC1100_DFP,1.4.1,https://www.keil.com/pack/Keil.LPC1100_DFP.pdsc,e3b235f0fcd5b6b789812c59f33023af7ce2db0f5a15222108ef616ad118c2ff,nxp-lpc11,mapping_candidate,not_verified
NXP,LPC1100 Series,LPC1100LV,LPC1102LVUK,cmsis_device_name,LPC1102LVUK,tcl/target/lpc11xx.cfg,"[""lpc2000""]",upstream-openocd,56b8d93fbe61a78dc903d770820d6d896b6d8134,Keil,LPC1100_DFP,1.4.1,https://www.keil.com/pack/Keil.LPC1100_DFP.pdsc,e3b235f0fcd5b6b789812c59f33023af7ce2db0f5a15222108ef616ad118c2ff,nxp-lpc11,mapping_candidate,not_verified
NXP,LPC1100 Series,LPC1100XL,LPC1102UK,cmsis_device_name,LPC1102UK,tcl/target/lpc11xx.cfg,"[""lpc2000""]",upstream-openocd,56b8d93fbe61a78dc903d770820d6d896b6d8134,Keil,LPC1100_DFP,1.4.1,https://www.keil.com/pack/Keil.LPC1100_DFP.pdsc,e3b235f0fcd5b6b789812c59f33023af7ce2db0f5a15222108ef616ad118c2ff,nxp-lpc11,mapping_candidate,not_verified
NXP,LPC1100 Series,LPC1100XL,LPC1104UK,cmsis_device_name,LPC1104UK,tcl/target/lpc11xx.cfg,"[""lpc2000""]",upstream-openocd,56b8d93fbe61a78dc903d770820d6d896b6d8134,Keil,LPC1100_DFP,1.4.1,https://www.keil.com/pack/Keil.LPC1100_DFP.pdsc,e3b235f0fcd5b6b789812c59f33023af7ce2db0f5a15222108ef616ad118c2ff,nxp-lpc11,mapping_candidate,not_verified
NXP,LPC1100 Series,LPC1100XL,LPC1110FD20,cmsis_device_name,LPC1110FD20,tcl/target/lpc11xx.cfg,"[""lpc2000""]",upstream-openocd,56b8d93fbe61a78dc903d770820d6d896b6d8134,Keil,LPC1100_DFP,1.4.1,https://www.keil.com/pack/Keil.LPC1100_DFP.pdsc,e3b235f0fcd5b6b789812c59f33023af7ce2db0f5a15222108ef616ad118c2ff,nxp-lpc11,mapping_candidate,not_verified
NXP,LPC1100 Series,LPC1100XL,LPC1111FDH20/002,cmsis_device_name,LPC1111FDH20/002,tcl/target/lpc11xx.cfg,"[""lpc2000""]",upstream-openocd,56b8d93fbe61a78dc903d770820d6d896b6d8134,Keil,LPC1100_DFP,1.4.1,https://www.keil.com/pack/Keil.LPC1100_DFP.pdsc,e3b235f0fcd5b6b789812c59f33023af7ce2db0f5a15222108ef616ad118c2ff,nxp-lpc11,mapping_candidate,not_verified
NXP,LPC1100 Series,LPC1100XL,LPC1111FHN33/101,cmsis_device_name,LPC1111FHN33/101,tcl/target/lpc11xx.cfg,"[""lpc2000""]",upstream-openocd,56b8d93fbe61a78dc903d770820d6d896b6d8134,Keil,LPC1100_DFP,1.4.1,https://www.keil.com/pack/Keil.LPC1100_DFP.pdsc,e3b235f0fcd5b6b789812c59f33023af7ce2db0f5a15222108ef616ad118c2ff,nxp-lpc11,mapping_candidate,not_verified
NXP,LPC1100 Series,LPC1100XL,LPC1111FHN33/102,cmsis_device_name,LPC1111FHN33/102,tcl/target/lpc11xx.cfg,"[""lpc2000""]",upstream-openocd,56b8d93fbe61a78dc903d770820d6d896b6d8134,Keil,LPC1100_DFP,1.4.1,https://www.keil.com/pack/Keil.LPC1100_DFP.pdsc,e3b235f0fcd5b6b789812c59f33023af7ce2db0f5a15222108ef616ad118c2ff,nxp-lpc11,mapping_candidate,not_verified
NXP,LPC1100 Series,LPC1100XL,LPC1111FHN33/103,cmsis_device_name,LPC1111FHN33/103,tcl/target/lpc11xx.cfg,"[""lpc2000""]",upstream-openocd,56b8d93fbe61a78dc903d770820d6d896b6d8134,Keil,LPC1100_DFP,1.4.1,https://www.keil.com/pack/Keil.LPC1100_DFP.pdsc,e3b235f0fcd5b6b789812c59f33023af7ce2db0f5a15222108ef616ad118c2ff,nxp-lpc11,mapping_candidate,not_verified
NXP,LPC1100 Series,LPC1100XL,LPC1111FHN33/201,cmsis_device_name,LPC1111FHN33/201,tcl/target/lpc11xx.cfg,"[""lpc2000""]",upstream-openocd,56b8d93fbe61a78dc903d770820d6d896b6d8134,Keil,LPC1100_DFP,1.4.1,https://www.keil.com/pack/Keil.LPC1100_DFP.pdsc,e3b235f0fcd5b6b789812c59f33023af7ce2db0f5a15222108ef616ad118c2ff,nxp-lpc11,mapping_candidate,not_verified
NXP,LPC1100 Series,LPC1100XL,LPC1111FHN33/202,cmsis_device_name,LPC1111FHN33/202,tcl/target/lpc11xx.cfg,"[""lpc2000""]",upstream-openocd,56b8d93fbe61a78dc903d770820d6d896b6d8134,Keil,LPC1100_DFP,1.4.1,https://www.keil.com/pack/Keil.LPC1100_DFP.pdsc,e3b235f0fcd5b6b789812c59f33023af7ce2db0f5a15222108ef616ad118c2ff,nxp-lpc11,mapping_candidate,not_verified
NXP,LPC1100 Series,LPC1100XL,LPC1111FHN33/203,cmsis_device_name,LPC1111FHN33/203,tcl/target/lpc11xx.cfg,"[""lpc2000""]",upstream-openocd,56b8d93fbe61a78dc903d770820d6d896b6d8134,Keil,LPC1100_DFP,1.4.1,https://www.keil.com/pack/Keil.LPC1100_DFP.pdsc,e3b235f0fcd5b6b789812c59f33023af7ce2db0f5a15222108ef616ad118c2ff,nxp-lpc11,mapping_candidate,not_verified
NXP,LPC1100 Series,LPC1100XL,LPC1112FD20/102,cmsis_device_name,LPC1112FD20/102,tcl/target/lpc11xx.cfg,"[""lpc2000""]",upstream-openocd,56b8d93fbe61a78dc903d770820d6d896b6d8134,Keil,LPC1100_DFP,1.4.1,https://www.keil.com/pack/Keil.LPC1100_DFP.pdsc,e3b235f0fcd5b6b789812c59f33023af7ce2db0f5a15222108ef616ad118c2ff,nxp-lpc11,mapping_candidate,not_verified
NXP,LPC1100 Series,LPC1100XL,LPC1112FDH20/102,cmsis_device_name,LPC1112FDH20/102,tcl/target/lpc11xx.cfg,"[""lpc2000""]",upstream-openocd,56b8d93fbe61a78dc903d770820d6d896b6d8134,Keil,LPC1100_DFP,1.4.1,https://www.keil.com/pack/Keil.LPC1100_DFP.pdsc,e3b235f0fcd5b6b789812c59f33023af7ce2db0f5a15222108ef616ad118c2ff,nxp-lpc11,mapping_candidate,not_verified
NXP,LPC1100 Series,LPC1100XL,LPC1112FDH28/102,cmsis_device_name,LPC1112FDH28/102,tcl/target/lpc11xx.cfg,"[""lpc2000""]",upstream-openocd,56b8d93fbe61a78dc903d770820d6d896b6d8134,Keil,LPC1100_DFP,1.4.1,https://www.keil.com/pack/Keil.LPC1100_DFP.pdsc,e3b235f0fcd5b6b789812c59f33023af7ce2db0f5a15222108ef616ad118c2ff,nxp-lpc11,mapping_candidate,not_verified
NXP,LPC1100 Series,LPC1100XL,LPC1112FHI33/202,cmsis_device_name,LPC1112FHI33/202,tcl/target/lpc11xx.cfg,"[""lpc2000""]",upstream-openocd,56b8d93fbe61a78dc903d770820d6d896b6d8134,Keil,LPC1100_DFP,1.4.1,https://www.keil.com/pack/Keil.LPC1100_DFP.pdsc,e3b235f0fcd5b6b789812c59f33023af7ce2db0f5a15222108ef616ad118c2ff,nxp-lpc11,mapping_candidate,not_verified
NXP,LPC1100 Series,LPC1100XL,LPC1112FHI33/203,cmsis_device_name,LPC1112FHI33/203,tcl/target/lpc11xx.cfg,"[""lpc2000""]",upstream-openocd,56b8d93fbe61a78dc903d770820d6d896b6d8134,Keil,LPC1100_DFP,1.4.1,https://www.keil.com/pack/Keil.LPC1100_DFP.pdsc,e3b235f0fcd5b6b789812c59f33023af7ce2db0f5a15222108ef616ad118c2ff,nxp-lpc11,mapping_candidate,not_verified
NXP,LPC1100 Series,LPC1100XL,LPC1112FHN24/202,cmsis_device_name,LPC1112FHN24/202,tcl/target/lpc11xx.cfg,"[""lpc2000""]",upstream-openocd,56b8d93fbe61a78dc903d770820d6d896b6d8134,Keil,LPC1100_DFP,1.4.1,https://www.keil.com/pack/Keil.LPC1100_DFP.pdsc,e3b235f0fcd5b6b789812c59f33023af7ce2db0f5a15222108ef616ad118c2ff,nxp-lpc11,mapping_candidate,not_verified
NXP,LPC1100 Series,LPC1100XL,LPC1112FHN33/101,cmsis_device_name,LPC1112FHN33/101,tcl/target/lpc11xx.cfg,"[""lpc2000""]",upstream-openocd,56b8d93fbe61a78dc903d770820d6d896b6d8134,Keil,LPC1100_DFP,1.4.1,https://www.keil.com/pack/Keil.LPC1100_DFP.pdsc,e3b235f0fcd5b6b789812c59f33023af7ce2db0f5a15222108ef616ad118c2ff,nxp-lpc11,mapping_candidate,not_verified
NXP,LPC1100 Series,LPC1100XL,LPC1112FHN33/102,cmsis_device_name,LPC1112FHN33/102,tcl/target/lpc11xx.cfg,"[""lpc2000""]",upstream-openocd,56b8d93fbe61a78dc903d770820d6d896b6d8134,Keil,LPC1100_DFP,1.4.1,https://www.keil.com/pack/Keil.LPC1100_DFP.pdsc,e3b235f0fcd5b6b789812c59f33023af7ce2db0f5a15222108ef616ad118c2ff,nxp-lpc11,mapping_candidate,not_verified
NXP,LPC1100 Series,LPC1100XL,LPC1112FHN33/103,cmsis_device_name,LPC1112FHN33/103,tcl/target/lpc11xx.cfg,"[""lpc2000""]",upstream-openocd,56b8d93fbe61a78dc903d770820d6d896b6d8134,Keil,LPC1100_DFP,1.4.1,https://www.keil.com/pack/Keil.LPC1100_DFP.pdsc,e3b235f0fcd5b6b789812c59f33023af7ce2db0f5a15222108ef616ad118c2ff,nxp-lpc11,mapping_candidate,not_verified
NXP,LPC1100 Series,LPC1100XL,LPC1112FHN33/201,cmsis_device_name,LPC1112FHN33/201,tcl/target/lpc11xx.cfg,"[""lpc2000""]",upstream-openocd,56b8d93fbe61a78dc903d770820d6d896b6d8134,Keil,LPC1100_DFP,1.4.1,https://www.keil.com/pack/Keil.LPC1100_DFP.pdsc,e3b235f0fcd5b6b789812c59f33023af7ce2db0f5a15222108ef616ad118c2ff,nxp-lpc11,mapping_candidate,not_verified
NXP,LPC1100 Series,LPC1100XL,LPC1112FHN33/202,cmsis_device_name,LPC1112FHN33/202,tcl/target/lpc11xx.cfg,"[""lpc2000""]",upstream-openocd,56b8d93fbe61a78dc903d770820d6d896b6d8134,Keil,LPC1100_DFP,1.4.1,https://www.keil.com/pack/Keil.LPC1100_DFP.pdsc,e3b235f0fcd5b6b789812c59f33023af7ce2db0f5a15222108ef616ad118c2ff,nxp-lpc11,mapping_candidate,not_verified
NXP,LPC1100 Series,LPC1100XL,LPC1112FHN33/203,cmsis_device_name,LPC1112FHN33/203,tcl/target/lpc11xx.cfg,"[""lpc2000""]",upstream-openocd,56b8d93fbe61a78dc903d770820d6d896b6d8134,Keil,LPC1100_DFP,1.4.1,https://www.keil.com/pack/Keil.LPC1100_DFP.pdsc,e3b235f0fcd5b6b789812c59f33023af7ce2db0f5a15222108ef616ad118c2ff,nxp-lpc11,mapping_candidate,not_verified
NXP,LPC1100 Series,LPC1100XL,LPC1112JHI33/203,cmsis_device_name,LPC1112JHI33/203,tcl/target/lpc11xx.cfg,"[""lpc2000""]",upstream-openocd,56b8d93fbe61a78dc903d770820d6d896b6d8134,Keil,LPC1100_DFP,1.4.1,https://www.keil.com/pack/Keil.LPC1100_DFP.pdsc,e3b235f0fcd5b6b789812c59f33023af7ce2db0f5a15222108ef616ad118c2ff,nxp-lpc11,mapping_candidate,not_verified
NXP,LPC1100 Series,LPC1100LV,LPC1112LVFHI33/103,cmsis_device_name,LPC1112LVFHI33/103,tcl/target/lpc11xx.cfg,"[""lpc2000""]",upstream-openocd,56b8d93fbe61a78dc903d770820d6d896b6d8134,Keil,LPC1100_DFP,1.4.1,https://www.keil.com/pack/Keil.LPC1100_DFP.pdsc,e3b235f0fcd5b6b789812c59f33023af7ce2db0f5a15222108ef616ad118c2ff,nxp-lpc11,mapping_candidate,not_verified
NXP,LPC1100 Series,LPC1100LV,LPC1112LVFHN24/003,cmsis_device_name,LPC1112LVFHN24/003,tcl/target/lpc11xx.cfg,"[""lpc2000""]",upstream-openocd,56b8d93fbe61a78dc903d770820d6d896b6d8134,Keil,LPC1100_DFP,1.4.1,https://www.keil.com/pack/Keil.LPC1100_DFP.pdsc,e3b235f0fcd5b6b789812c59f33023af7ce2db0f5a15222108ef616ad118c2ff,nxp-lpc11,mapping_candidate,not_verified
NXP,LPC1100 Series,LPC1100XL,LPC1113FBD48/301,cmsis_device_name,LPC1113FBD48/301,tcl/target/lpc11xx.cfg,"[""lpc2000""]",upstream-openocd,56b8d93fbe61a78dc903d770820d6d896b6d8134,Keil,LPC1100_DFP,1.4.1,https://www.keil.com/pack/Keil.LPC1100_DFP.pdsc,e3b235f0fcd5b6b789812c59f33023af7ce2db0f5a15222108ef616ad118c2ff,nxp-lpc11,mapping_candidate,not_verified
NXP,LPC1100 Series,LPC1100XL,LPC1113FBD48/302,cmsis_device_name,LPC1113FBD48/302,tcl/target/lpc11xx.cfg,"[""lpc2000""]",upstream-openocd,56b8d93fbe61a78dc903d770820d6d896b6d8134,Keil,LPC1100_DFP,1.4.1,https://www.keil.com/pack/Keil.LPC1100_DFP.pdsc,e3b235f0fcd5b6b789812c59f33023af7ce2db0f5a15222108ef616ad118c2ff,nxp-lpc11,mapping_candidate,not_verified
NXP,LPC1100 Series,LPC1100XL,LPC1113FBD48/303,cmsis_device_name,LPC1113FBD48/303,tcl/target/lpc11xx.cfg,"[""lpc2000""]",upstream-openocd,56b8d93fbe61a78dc903d770820d6d896b6d8134,Keil,LPC1100_DFP,1.4.1,https://www.keil.com/pack/Keil.LPC1100_DFP.pdsc,e3b235f0fcd5b6b789812c59f33023af7ce2db0f5a15222108ef616ad118c2ff,nxp-lpc11,mapping_candidate,not_verified
NXP,LPC1100 Series,LPC1100XL,LPC1113FHN33/201,cmsis_device_name,LPC1113FHN33/201,tcl/target/lpc11xx.cfg,"[""lpc2000""]",upstream-openocd,56b8d93fbe61a78dc903d770820d6d896b6d8134,Keil,LPC1100_DFP,1.4.1,https://www.keil.com/pack/Keil.LPC1100_DFP.pdsc,e3b235f0fcd5b6b789812c59f33023af7ce2db0f5a15222108ef616ad118c2ff,nxp-lpc11,mapping_candidate,not_verified
NXP,LPC1100 Series,LPC1100XL,LPC1113FHN33/202,cmsis_device_name,LPC1113FHN33/202,tcl/target/lpc11xx.cfg,"[""lpc2000""]",upstream-openocd,56b8d93fbe61a78dc903d770820d6d896b6d8134,Keil,LPC1100_DFP,1.4.1,https://www.keil.com/pack/Keil.LPC1100_DFP.pdsc,e3b235f0fcd5b6b789812c59f33023af7ce2db0f5a15222108ef616ad118c2ff,nxp-lpc11,mapping_candidate,not_verified
NXP,LPC1100 Series,LPC1100XL,LPC1113FHN33/203,cmsis_device_name,LPC1113FHN33/203,tcl/target/lpc11xx.cfg,"[""lpc2000""]",upstream-openocd,56b8d93fbe61a78dc903d770820d6d896b6d8134,Keil,LPC1100_DFP,1.4.1,https://www.keil.com/pack/Keil.LPC1100_DFP.pdsc,e3b235f0fcd5b6b789812c59f33023af7ce2db0f5a15222108ef616ad118c2ff,nxp-lpc11,mapping_candidate,not_verified
NXP,LPC1100 Series,LPC1100XL,LPC1113FHN33/301,cmsis_device_name,LPC1113FHN33/301,tcl/target/lpc11xx.cfg,"[""lpc2000""]",upstream-openocd,56b8d93fbe61a78dc903d770820d6d896b6d8134,Keil,LPC1100_DFP,1.4.1,https://www.keil.com/pack/Keil.LPC1100_DFP.pdsc,e3b235f0fcd5b6b789812c59f33023af7ce2db0f5a15222108ef616ad118c2ff,nxp-lpc11,mapping_candidate,not_verified
NXP,LPC1100 Series,LPC1100XL,LPC1113FHN33/302,cmsis_device_name,LPC1113FHN33/302,tcl/target/lpc11xx.cfg,"[""lpc2000""]",upstream-openocd,56b8d93fbe61a78dc903d770820d6d896b6d8134,Keil,LPC1100_DFP,1.4.1,https://www.keil.com/pack/Keil.LPC1100_DFP.pdsc,e3b235f0fcd5b6b789812c59f33023af7ce2db0f5a15222108ef616ad118c2ff,nxp-lpc11,mapping_candidate,not_verified
NXP,LPC1100 Series,LPC1100XL,LPC1113FHN33/303,cmsis_device_name,LPC1113FHN33/303,tcl/target/lpc11xx.cfg,"[""lpc2000""]",upstream-openocd,56b8d93fbe61a78dc903d770820d6d896b6d8134,Keil,LPC1100_DFP,1.4.1,https://www.keil.com/pack/Keil.LPC1100_DFP.pdsc,e3b235f0fcd5b6b789812c59f33023af7ce2db0f5a15222108ef616ad118c2ff,nxp-lpc11,mapping_candidate,not_verified
NXP,LPC1100 Series,LPC1100XL,LPC1114FBD48/301,cmsis_device_name,LPC1114FBD48/301,tcl/target/lpc11xx.cfg,"[""lpc2000""]",upstream-openocd,56b8d93fbe61a78dc903d770820d6d896b6d8134,Keil,LPC1100_DFP,1.4.1,https://www.keil.com/pack/Keil.LPC1100_DFP.pdsc,e3b235f0fcd5b6b789812c59f33023af7ce2db0f5a15222108ef616ad118c2ff,nxp-lpc11,mapping_candidate,not_verified
NXP,LPC1100 Series,LPC1100XL,LPC1114FBD48/302,cmsis_device_name,LPC1114FBD48/302,tcl/target/lpc11xx.cfg,"[""lpc2000""]",upstream-openocd,56b8d93fbe61a78dc903d770820d6d896b6d8134,Keil,LPC1100_DFP,1.4.1,https://www.keil.com/pack/Keil.LPC1100_DFP.pdsc,e3b235f0fcd5b6b789812c59f33023af7ce2db0f5a15222108ef616ad118c2ff,nxp-lpc11,mapping_candidate,not_verified
NXP,LPC1100 Series,LPC1100XL,LPC1114FBD48/303,cmsis_device_name,LPC1114FBD48/303,tcl/target/lpc11xx.cfg,"[""lpc2000""]",upstream-openocd,56b8d93fbe61a78dc903d770820d6d896b6d8134,Keil,LPC1100_DFP,1.4.1,https://www.keil.com/pack/Keil.LPC1100_DFP.pdsc,e3b235f0fcd5b6b789812c59f33023af7ce2db0f5a15222108ef616ad118c2ff,nxp-lpc11,mapping_candidate,not_verified
NXP,LPC1100 Series,LPC1100XL,LPC1114FBD48/323,cmsis_device_name,LPC1114FBD48/323,tcl/target/lpc11xx.cfg,"[""lpc2000""]",upstream-openocd,56b8d93fbe61a78dc903d770820d6d896b6d8134,Keil,LPC1100_DFP,1.4.1,https://www.keil.com/pack/Keil.LPC1100_DFP.pdsc,e3b235f0fcd5b6b789812c59f33023af7ce2db0f5a15222108ef616ad118c2ff,nxp-lpc11,mapping_candidate,not_verified
NXP,LPC1100 Series,LPC1100XL,LPC1114FBD48/333,cmsis_device_name,LPC1114FBD48/333,tcl/target/lpc11xx.cfg,"[""lpc2000""]",upstream-openocd,56b8d93fbe61a78dc903d770820d6d896b6d8134,Keil,LPC1100_DFP,1.4.1,https://www.keil.com/pack/Keil.LPC1100_DFP.pdsc,e3b235f0fcd5b6b789812c59f33023af7ce2db0f5a15222108ef616ad118c2ff,nxp-lpc11,mapping_candidate,not_verified
NXP,LPC1100 Series,LPC1100XL,LPC1114FDH28/102,cmsis_device_name,LPC1114FDH28/102,tcl/target/lpc11xx.cfg,"[""lpc2000""]",upstream-openocd,56b8d93fbe61a78dc903d770820d6d896b6d8134,Keil,LPC1100_DFP,1.4.1,https://www.keil.com/pack/Keil.LPC1100_DFP.pdsc,e3b235f0fcd5b6b789812c59f33023af7ce2db0f5a15222108ef616ad118c2ff,nxp-lpc11,mapping_candidate,not_verified
NXP,LPC1100 Series,LPC1100XL,LPC1114FHI33/302,cmsis_device_name,LPC1114FHI33/302,tcl/target/lpc11xx.cfg,"[""lpc2000""]",upstream-openocd,56b8d93fbe61a78dc903d770820d6d896b6d8134,Keil,LPC1100_DFP,1.4.1,https://www.keil.com/pack/Keil.LPC1100_DFP.pdsc,e3b235f0fcd5b6b789812c59f33023af7ce2db0f5a15222108ef616ad118c2ff,nxp-lpc11,mapping_candidate,not_verified
NXP,LPC1100 Series,LPC1100XL,LPC1114FHI33/303,cmsis_device_name,LPC1114FHI33/303,tcl/target/lpc11xx.cfg,"[""lpc2000""]",upstream-openocd,56b8d93fbe61a78dc903d770820d6d896b6d8134,Keil,LPC1100_DFP,1.4.1,https://www.keil.com/pack/Keil.LPC1100_DFP.pdsc,e3b235f0fcd5b6b789812c59f33023af7ce2db0f5a15222108ef616ad118c2ff,nxp-lpc11,mapping_candidate,not_verified
NXP,LPC1100 Series,LPC1100XL,LPC1114FHN33/201,cmsis_device_name,LPC1114FHN33/201,tcl/target/lpc11xx.cfg,"[""lpc2000""]",upstream-openocd,56b8d93fbe61a78dc903d770820d6d896b6d8134,Keil,LPC1100_DFP,1.4.1,https://www.keil.com/pack/Keil.LPC1100_DFP.pdsc,e3b235f0fcd5b6b789812c59f33023af7ce2db0f5a15222108ef616ad118c2ff,nxp-lpc11,mapping_candidate,not_verified
NXP,LPC1100 Series,LPC1100XL,LPC1114FHN33/202,cmsis_device_name,LPC1114FHN33/202,tcl/target/lpc11xx.cfg,"[""lpc2000""]",upstream-openocd,56b8d93fbe61a78dc903d770820d6d896b6d8134,Keil,LPC1100_DFP,1.4.1,https://www.keil.com/pack/Keil.LPC1100_DFP.pdsc,e3b235f0fcd5b6b789812c59f33023af7ce2db0f5a15222108ef616ad118c2ff,nxp-lpc11,mapping_candidate,not_verified
NXP,LPC1100 Series,LPC1100XL,LPC1114FHN33/203,cmsis_device_name,LPC1114FHN33/203,tcl/target/lpc11xx.cfg,"[""lpc2000""]",upstream-openocd,56b8d93fbe61a78dc903d770820d6d896b6d8134,Keil,LPC1100_DFP,1.4.1,https://www.keil.com/pack/Keil.LPC1100_DFP.pdsc,e3b235f0fcd5b6b789812c59f33023af7ce2db0f5a15222108ef616ad118c2ff,nxp-lpc11,mapping_candidate,not_verified
NXP,LPC1100 Series,LPC1100XL,LPC1114FHN33/301,cmsis_device_name,LPC1114FHN33/301,tcl/target/lpc11xx.cfg,"[""lpc2000""]",upstream-openocd,56b8d93fbe61a78dc903d770820d6d896b6d8134,Keil,LPC1100_DFP,1.4.1,https://www.keil.com/pack/Keil.LPC1100_DFP.pdsc,e3b235f0fcd5b6b789812c59f33023af7ce2db0f5a15222108ef616ad118c2ff,nxp-lpc11,mapping_candidate,not_verified
NXP,LPC1100 Series,LPC1100XL,LPC1114FHN33/302,cmsis_device_name,LPC1114FHN33/302,tcl/target/lpc11xx.cfg,"[""lpc2000""]",upstream-openocd,56b8d93fbe61a78dc903d770820d6d896b6d8134,Keil,LPC1100_DFP,1.4.1,https://www.keil.com/pack/Keil.LPC1100_DFP.pdsc,e3b235f0fcd5b6b789812c59f33023af7ce2db0f5a15222108ef616ad118c2ff,nxp-lpc11,mapping_candidate,not_verified
NXP,LPC1100 Series,LPC1100XL,LPC1114FHN33/303,cmsis_device_name,LPC1114FHN33/303,tcl/target/lpc11xx.cfg,"[""lpc2000""]",upstream-openocd,56b8d93fbe61a78dc903d770820d6d896b6d8134,Keil,LPC1100_DFP,1.4.1,https://www.keil.com/pack/Keil.LPC1100_DFP.pdsc,e3b235f0fcd5b6b789812c59f33023af7ce2db0f5a15222108ef616ad118c2ff,nxp-lpc11,mapping_candidate,not_verified
NXP,LPC1100 Series,LPC1100XL,LPC1114FHN33/333,cmsis_device_name,LPC1114FHN33/333,tcl/target/lpc11xx.cfg,"[""lpc2000""]",upstream-openocd,56b8d93fbe61a78dc903d770820d6d896b6d8134,Keil,LPC1100_DFP,1.4.1,https://www.keil.com/pack/Keil.LPC1100_DFP.pdsc,e3b235f0fcd5b6b789812c59f33023af7ce2db0f5a15222108ef616ad118c2ff,nxp-lpc11,mapping_candidate,not_verified
NXP,LPC1100 Series,LPC1100XL,LPC1114FN28/102,cmsis_device_name,LPC1114FN28/102,tcl/target/lpc11xx.cfg,"[""lpc2000""]",upstream-openocd,56b8d93fbe61a78dc903d770820d6d896b6d8134,Keil,LPC1100_DFP,1.4.1,https://www.keil.com/pack/Keil.LPC1100_DFP.pdsc,e3b235f0fcd5b6b789812c59f33023af7ce2db0f5a15222108ef616ad118c2ff,nxp-lpc11,mapping_candidate,not_verified
NXP,LPC1100 Series,LPC1100XL,LPC1114JHN33/333,cmsis_device_name,LPC1114JHN33/333,tcl/target/lpc11xx.cfg,"[""lpc2000""]",upstream-openocd,56b8d93fbe61a78dc903d770820d6d896b6d8134,Keil,LPC1100_DFP,1.4.1,https://www.keil.com/pack/Keil.LPC1100_DFP.pdsc,e3b235f0fcd5b6b789812c59f33023af7ce2db0f5a15222108ef616ad118c2ff,nxp-lpc11,mapping_candidate,not_verified
NXP,LPC1100 Series,LPC1100LV,LPC1114LVFHI33/303,cmsis_device_name,LPC1114LVFHI33/303,tcl/target/lpc11xx.cfg,"[""lpc2000""]",upstream-openocd,56b8d93fbe61a78dc903d770820d6d896b6d8134,Keil,LPC1100_DFP,1.4.1,https://www.keil.com/pack/Keil.LPC1100_DFP.pdsc,e3b235f0fcd5b6b789812c59f33023af7ce2db0f5a15222108ef616ad118c2ff,nxp-lpc11,mapping_candidate,not_verified
NXP,LPC1100 Series,LPC1100LV,LPC1114LVFHN24/103,cmsis_device_name,LPC1114LVFHN24/103,tcl/target/lpc11xx.cfg,"[""lpc2000""]",upstream-openocd,56b8d93fbe61a78dc903d770820d6d896b6d8134,Keil,LPC1100_DFP,1.4.1,https://www.keil.com/pack/Keil.LPC1100_DFP.pdsc,e3b235f0fcd5b6b789812c59f33023af7ce2db0f5a15222108ef616ad118c2ff,nxp-lpc11,mapping_candidate,not_verified
NXP,LPC1100 Series,LPC1100LV,LPC1114LVFHN24/303,cmsis_device_name,LPC1114LVFHN24/303,tcl/target/lpc11xx.cfg,"[""lpc2000""]",upstream-openocd,56b8d93fbe61a78dc903d770820d6d896b6d8134,Keil,LPC1100_DFP,1.4.1,https://www.keil.com/pack/Keil.LPC1100_DFP.pdsc,e3b235f0fcd5b6b789812c59f33023af7ce2db0f5a15222108ef616ad118c2ff,nxp-lpc11,mapping_candidate,not_verified
NXP,LPC1100 Series,LPC1100XL,LPC1115FBD48/303,cmsis_device_name,LPC1115FBD48/303,tcl/target/lpc11xx.cfg,"[""lpc2000""]",upstream-openocd,56b8d93fbe61a78dc903d770820d6d896b6d8134,Keil,LPC1100_DFP,1.4.1,https://www.keil.com/pack/Keil.LPC1100_DFP.pdsc,e3b235f0fcd5b6b789812c59f33023af7ce2db0f5a15222108ef616ad118c2ff,nxp-lpc11,mapping_candidate,not_verified
NXP,LPC1100 Series,LPC1100XL,LPC1115FET48/303,cmsis_device_name,LPC1115FET48/303,tcl/target/lpc11xx.cfg,"[""lpc2000""]",upstream-openocd,56b8d93fbe61a78dc903d770820d6d896b6d8134,Keil,LPC1100_DFP,1.4.1,https://www.keil.com/pack/Keil.LPC1100_DFP.pdsc,e3b235f0fcd5b6b789812c59f33023af7ce2db0f5a15222108ef616ad118c2ff,nxp-lpc11,mapping_candidate,not_verified
NXP,LPC1100 Series,LPC1100XL,LPC1115JBD48/303,cmsis_device_name,LPC1115JBD48/303,tcl/target/lpc11xx.cfg,"[""lpc2000""]",upstream-openocd,56b8d93fbe61a78dc903d770820d6d896b6d8134,Keil,LPC1100_DFP,1.4.1,https://www.keil.com/pack/Keil.LPC1100_DFP.pdsc,e3b235f0fcd5b6b789812c59f33023af7ce2db0f5a15222108ef616ad118c2ff,nxp-lpc11,mapping_candidate,not_verified
NXP,LPC1100 Series,LPC1100XL,LPC1115JET48/303,cmsis_device_name,LPC1115JET48/303,tcl/target/lpc11xx.cfg,"[""lpc2000""]",upstream-openocd,56b8d93fbe61a78dc903d770820d6d896b6d8134,Keil,LPC1100_DFP,1.4.1,https://www.keil.com/pack/Keil.LPC1100_DFP.pdsc,e3b235f0fcd5b6b789812c59f33023af7ce2db0f5a15222108ef616ad118c2ff,nxp-lpc11,mapping_candidate,not_verified
NXP,LPC1100 Series,LPC1120,LPC1124JBD48/303,cmsis_device_name,LPC1124JBD48/303,tcl/target/lpc11xx.cfg,"[""lpc2000""]",upstream-openocd,56b8d93fbe61a78dc903d770820d6d896b6d8134,Keil,LPC1100_DFP,1.4.1,https://www.keil.com/pack/Keil.LPC1100_DFP.pdsc,e3b235f0fcd5b6b789812c59f33023af7ce2db0f5a15222108ef616ad118c2ff,nxp-lpc11,mapping_candidate,not_verified
NXP,LPC1100 Series,LPC1120,LPC1125JBD48/303,cmsis_device_name,LPC1125JBD48/303,tcl/target/lpc11xx.cfg,"[""lpc2000""]",upstream-openocd,56b8d93fbe61a78dc903d770820d6d896b6d8134,Keil,LPC1100_DFP,1.4.1,https://www.keil.com/pack/Keil.LPC1100_DFP.pdsc,e3b235f0fcd5b6b789812c59f33023af7ce2db0f5a15222108ef616ad118c2ff,nxp-lpc11,mapping_candidate,not_verified
NXP,LPC1100 Series,LPC11A00,LPC11A02UK,cmsis_device_name,LPC11A02UK,tcl/target/lpc11xx.cfg,"[""lpc2000""]",upstream-openocd,56b8d93fbe61a78dc903d770820d6d896b6d8134,Keil,LPC1100_DFP,1.4.1,https://www.keil.com/pack/Keil.LPC1100_DFP.pdsc,e3b235f0fcd5b6b789812c59f33023af7ce2db0f5a15222108ef616ad118c2ff,nxp-lpc11,mapping_candidate,not_verified
NXP,LPC1100 Series,LPC11A00,LPC11A04UK,cmsis_device_name,LPC11A04UK,tcl/target/lpc11xx.cfg,"[""lpc2000""]",upstream-openocd,56b8d93fbe61a78dc903d770820d6d896b6d8134,Keil,LPC1100_DFP,1.4.1,https://www.keil.com/pack/Keil.LPC1100_DFP.pdsc,e3b235f0fcd5b6b789812c59f33023af7ce2db0f5a15222108ef616ad118c2ff,nxp-lpc11,mapping_candidate,not_verified
NXP,LPC1100 Series,LPC11A00,LPC11A11FHN33/001,cmsis_device_name,LPC11A11FHN33/001,tcl/target/lpc11xx.cfg,"[""lpc2000""]",upstream-openocd,56b8d93fbe61a78dc903d770820d6d896b6d8134,Keil,LPC1100_DFP,1.4.1,https://www.keil.com/pack/Keil.LPC1100_DFP.pdsc,e3b235f0fcd5b6b789812c59f33023af7ce2db0f5a15222108ef616ad118c2ff,nxp-lpc11,mapping_candidate,not_verified
NXP,LPC1100 Series,LPC11A00,LPC11A12FBD48/101,cmsis_device_name,LPC11A12FBD48/101,tcl/target/lpc11xx.cfg,"[""lpc2000""]",upstream-openocd,56b8d93fbe61a78dc903d770820d6d896b6d8134,Keil,LPC1100_DFP,1.4.1,https://www.keil.com/pack/Keil.LPC1100_DFP.pdsc,e3b235f0fcd5b6b789812c59f33023af7ce2db0f5a15222108ef616ad118c2ff,nxp-lpc11,mapping_candidate,not_verified
NXP,LPC1100 Series,LPC11A00,LPC11A12FHN33/101,cmsis_device_name,LPC11A12FHN33/101,tcl/target/lpc11xx.cfg,"[""lpc2000""]",upstream-openocd,56b8d93fbe61a78dc903d770820d6d896b6d8134,Keil,LPC1100_DFP,1.4.1,https://www.keil.com/pack/Keil.LPC1100_DFP.pdsc,e3b235f0fcd5b6b789812c59f33023af7ce2db0f5a15222108ef616ad118c2ff,nxp-lpc11,mapping_candidate,not_verified
NXP,LPC1100 Series,LPC11A00,LPC11A13FHI33/201,cmsis_device_name,LPC11A13FHI33/201,tcl/target/lpc11xx.cfg,"[""lpc2000""]",upstream-openocd,56b8d93fbe61a78dc903d770820d6d896b6d8134,Keil,LPC1100_DFP,1.4.1,https://www.keil.com/pack/Keil.LPC1100_DFP.pdsc,e3b235f0fcd5b6b789812c59f33023af7ce2db0f5a15222108ef616ad118c2ff,nxp-lpc11,mapping_candidate,not_verified
NXP,LPC1100 Series,LPC11A00,LPC11A14FBD48/301,cmsis_device_name,LPC11A14FBD48/301,tcl/target/lpc11xx.cfg,"[""lpc2000""]",upstream-openocd,56b8d93fbe61a78dc903d770820d6d896b6d8134,Keil,LPC1100_DFP,1.4.1,https://www.keil.com/pack/Keil.LPC1100_DFP.pdsc,e3b235f0fcd5b6b789812c59f33023af7ce2db0f5a15222108ef616ad118c2ff,nxp-lpc11,mapping_candidate,not_verified
NXP,LPC1100 Series,LPC11A00,LPC11A14FHN33/301,cmsis_device_name,LPC11A14FHN33/301,tcl/target/lpc11xx.cfg,"[""lpc2000""]",upstream-openocd,56b8d93fbe61a78dc903d770820d6d896b6d8134,Keil,LPC1100_DFP,1.4.1,https://www.keil.com/pack/Keil.LPC1100_DFP.pdsc,e3b235f0fcd5b6b789812c59f33023af7ce2db0f5a15222108ef616ad118c2ff,nxp-lpc11,mapping_candidate,not_verified
NXP,LPC1100 Series,LPC11C00,LPC11C12FBD48/301,cmsis_device_name,LPC11C12FBD48/301,tcl/target/lpc11xx.cfg,"[""lpc2000""]",upstream-openocd,56b8d93fbe61a78dc903d770820d6d896b6d8134,Keil,LPC1100_DFP,1.4.1,https://www.keil.com/pack/Keil.LPC1100_DFP.pdsc,e3b235f0fcd5b6b789812c59f33023af7ce2db0f5a15222108ef616ad118c2ff,nxp-lpc11,mapping_candidate,not_verified
NXP,LPC1100 Series,LPC11C00,LPC11C14FBD48/301,cmsis_device_name,LPC11C14FBD48/301,tcl/target/lpc11xx.cfg,"[""lpc2000""]",upstream-openocd,56b8d93fbe61a78dc903d770820d6d896b6d8134,Keil,LPC1100_DFP,1.4.1,https://www.keil.com/pack/Keil.LPC1100_DFP.pdsc,e3b235f0fcd5b6b789812c59f33023af7ce2db0f5a15222108ef616ad118c2ff,nxp-lpc11,mapping_candidate,not_verified
NXP,LPC1100 Series,LPC11C00,LPC11C22FBD48/301,cmsis_device_name,LPC11C22FBD48/301,tcl/target/lpc11xx.cfg,"[""lpc2000""]",upstream-openocd,56b8d93fbe61a78dc903d770820d6d896b6d8134,Keil,LPC1100_DFP,1.4.1,https://www.keil.com/pack/Keil.LPC1100_DFP.pdsc,e3b235f0fcd5b6b789812c59f33023af7ce2db0f5a15222108ef616ad118c2ff,nxp-lpc11,mapping_candidate,not_verified
NXP,LPC1100 Series,LPC11C00,LPC11C24FBD48/301,cmsis_device_name,LPC11C24FBD48/301,tcl/target/lpc11xx.cfg,"[""lpc2000""]",upstream-openocd,56b8d93fbe61a78dc903d770820d6d896b6d8134,Keil,LPC1100_DFP,1.4.1,https://www.keil.com/pack/Keil.LPC1100_DFP.pdsc,e3b235f0fcd5b6b789812c59f33023af7ce2db0f5a15222108ef616ad118c2ff,nxp-lpc11,mapping_candidate,not_verified
NXP,LPC1100 Series,LPC11D00,LPC11D14FBD100/302,cmsis_device_name,LPC11D14FBD100/302,tcl/target/lpc11xx.cfg,"[""lpc2000""]",upstream-openocd,56b8d93fbe61a78dc903d770820d6d896b6d8134,Keil,LPC1100_DFP,1.4.1,https://www.keil.com/pack/Keil.LPC1100_DFP.pdsc,e3b235f0fcd5b6b789812c59f33023af7ce2db0f5a15222108ef616ad118c2ff,nxp-lpc11,mapping_candidate,not_verified
NXP,LPC1100 Series,LPC11E00,LPC11E11FHN33/101,cmsis_device_name,LPC11E11FHN33/101,tcl/target/lpc11xx.cfg,"[""lpc2000""]",upstream-openocd,56b8d93fbe61a78dc903d770820d6d896b6d8134,Keil,LPC1100_DFP,1.4.1,https://www.keil.com/pack/Keil.LPC1100_DFP.pdsc,e3b235f0fcd5b6b789812c59f33023af7ce2db0f5a15222108ef616ad118c2ff,nxp-lpc11,mapping_candidate,not_verified
NXP,LPC1100 Series,LPC11E00,LPC11E12FBD48/201,cmsis_device_name,LPC11E12FBD48/201,tcl/target/lpc11xx.cfg,"[""lpc2000""]",upstream-openocd,56b8d93fbe61a78dc903d770820d6d896b6d8134,Keil,LPC1100_DFP,1.4.1,https://www.keil.com/pack/Keil.LPC1100_DFP.pdsc,e3b235f0fcd5b6b789812c59f33023af7ce2db0f5a15222108ef616ad118c2ff,nxp-lpc11,mapping_candidate,not_verified
NXP,LPC1100 Series,LPC11E00,LPC11E13FBD48/301,cmsis_device_name,LPC11E13FBD48/301,tcl/target/lpc11xx.cfg,"[""lpc2000""]",upstream-openocd,56b8d93fbe61a78dc903d770820d6d896b6d8134,Keil,LPC1100_DFP,1.4.1,https://www.keil.com/pack/Keil.LPC1100_DFP.pdsc,e3b235f0fcd5b6b789812c59f33023af7ce2db0f5a15222108ef616ad118c2ff,nxp-lpc11,mapping_candidate,not_verified
NXP,LPC1100 Series,LPC11E00,LPC11E14FBD48/401,cmsis_device_name,LPC11E14FBD48/401,tcl/target/lpc11xx.cfg,"[""lpc2000""]",upstream-openocd,56b8d93fbe61a78dc903d770820d6d896b6d8134,Keil,LPC1100_DFP,1.4.1,https://www.keil.com/pack/Keil.LPC1100_DFP.pdsc,e3b235f0fcd5b6b789812c59f33023af7ce2db0f5a15222108ef616ad118c2ff,nxp-lpc11,mapping_candidate,not_verified
NXP,LPC1100 Series,LPC11E00,LPC11E14FBD64/401,cmsis_device_name,LPC11E14FBD64/401,tcl/target/lpc11xx.cfg,"[""lpc2000""]",upstream-openocd,56b8d93fbe61a78dc903d770820d6d896b6d8134,Keil,LPC1100_DFP,1.4.1,https://www.keil.com/pack/Keil.LPC1100_DFP.pdsc,e3b235f0fcd5b6b789812c59f33023af7ce2db0f5a15222108ef616ad118c2ff,nxp-lpc11,mapping_candidate,not_verified
NXP,LPC1100 Series,LPC11E00,LPC11E14FHN33/401,cmsis_device_name,LPC11E14FHN33/401,tcl/target/lpc11xx.cfg,"[""lpc2000""]",upstream-openocd,56b8d93fbe61a78dc903d770820d6d896b6d8134,Keil,LPC1100_DFP,1.4.1,https://www.keil.com/pack/Keil.LPC1100_DFP.pdsc,e3b235f0fcd5b6b789812c59f33023af7ce2db0f5a15222108ef616ad118c2ff,nxp-lpc11,mapping_candidate,not_verified
NXP,LPC1100 Series,LPC11E00,LPC11E36FBD64/501,cmsis_device_name,LPC11E36FBD64/501,tcl/target/lpc11xx.cfg,"[""lpc2000""]",upstream-openocd,56b8d93fbe61a78dc903d770820d6d896b6d8134,Keil,LPC1100_DFP,1.4.1,https://www.keil.com/pack/Keil.LPC1100_DFP.pdsc,e3b235f0fcd5b6b789812c59f33023af7ce2db0f5a15222108ef616ad118c2ff,nxp-lpc11,mapping_candidate,not_verified
NXP,LPC1100 Series,LPC11E00,LPC11E36FHN33/501,cmsis_device_name,LPC11E36FHN33/501,tcl/target/lpc11xx.cfg,"[""lpc2000""]",upstream-openocd,56b8d93fbe61a78dc903d770820d6d896b6d8134,Keil,LPC1100_DFP,1.4.1,https://www.keil.com/pack/Keil.LPC1100_DFP.pdsc,e3b235f0fcd5b6b789812c59f33023af7ce2db0f5a15222108ef616ad118c2ff,nxp-lpc11,mapping_candidate,not_verified
NXP,LPC1100 Series,LPC11E00,LPC11E37FBD48/501,cmsis_device_name,LPC11E37FBD48/501,tcl/target/lpc11xx.cfg,"[""lpc2000""]",upstream-openocd,56b8d93fbe61a78dc903d770820d6d896b6d8134,Keil,LPC1100_DFP,1.4.1,https://www.keil.com/pack/Keil.LPC1100_DFP.pdsc,e3b235f0fcd5b6b789812c59f33023af7ce2db0f5a15222108ef616ad118c2ff,nxp-lpc11,mapping_candidate,not_verified
NXP,LPC1100 Series,LPC11E00,LPC11E37FBD64/501,cmsis_device_name,LPC11E37FBD64/501,tcl/target/lpc11xx.cfg,"[""lpc2000""]",upstream-openocd,56b8d93fbe61a78dc903d770820d6d896b6d8134,Keil,LPC1100_DFP,1.4.1,https://www.keil.com/pack/Keil.LPC1100_DFP.pdsc,e3b235f0fcd5b6b789812c59f33023af7ce2db0f5a15222108ef616ad118c2ff,nxp-lpc11,mapping_candidate,not_verified
NXP,LPC1100 Series,LPC11E00,LPC11E37HFBD64/401,cmsis_device_name,LPC11E37HFBD64/401,tcl/target/lpc11xx.cfg,"[""lpc2000""]",upstream-openocd,56b8d93fbe61a78dc903d770820d6d896b6d8134,Keil,LPC1100_DFP,1.4.1,https://www.keil.com/pack/Keil.LPC1100_DFP.pdsc,e3b235f0fcd5b6b789812c59f33023af7ce2db0f5a15222108ef616ad118c2ff,nxp-lpc11,mapping_candidate,not_verified
NXP,LPC1100 Series,LPC11E00,LPC11E66JBD48,cmsis_device_name,LPC11E66JBD48,tcl/target/lpc11xx.cfg,"[""lpc2000""]",upstream-openocd,56b8d93fbe61a78dc903d770820d6d896b6d8134,Keil,LPC1100_DFP,1.4.1,https://www.keil.com/pack/Keil.LPC1100_DFP.pdsc,e3b235f0fcd5b6b789812c59f33023af7ce2db0f5a15222108ef616ad118c2ff,nxp-lpc11,mapping_candidate,not_verified
NXP,LPC1100 Series,LPC11E00,LPC11E67JBD100,cmsis_device_name,LPC11E67JBD100,tcl/target/lpc11xx.cfg,"[""lpc2000""]",upstream-openocd,56b8d93fbe61a78dc903d770820d6d896b6d8134,Keil,LPC1100_DFP,1.4.1,https://www.keil.com/pack/Keil.LPC1100_DFP.pdsc,e3b235f0fcd5b6b789812c59f33023af7ce2db0f5a15222108ef616ad118c2ff,nxp-lpc11,mapping_candidate,not_verified
NXP,LPC1100 Series,LPC11E00,LPC11E67JBD48,cmsis_device_name,LPC11E67JBD48,tcl/target/lpc11xx.cfg,"[""lpc2000""]",upstream-openocd,56b8d93fbe61a78dc903d770820d6d896b6d8134,Keil,LPC1100_DFP,1.4.1,https://www.keil.com/pack/Keil.LPC1100_DFP.pdsc,e3b235f0fcd5b6b789812c59f33023af7ce2db0f5a15222108ef616ad118c2ff,nxp-lpc11,mapping_candidate,not_verified
NXP,LPC1100 Series,LPC11E00,LPC11E67JBD64,cmsis_device_name,LPC11E67JBD64,tcl/target/lpc11xx.cfg,"[""lpc2000""]",upstream-openocd,56b8d93fbe61a78dc903d770820d6d896b6d8134,Keil,LPC1100_DFP,1.4.1,https://www.keil.com/pack/Keil.LPC1100_DFP.pdsc,e3b235f0fcd5b6b789812c59f33023af7ce2db0f5a15222108ef616ad118c2ff,nxp-lpc11,mapping_candidate,not_verified
NXP,LPC1100 Series,LPC11E00,LPC11E68JBD100,cmsis_device_name,LPC11E68JBD100,tcl/target/lpc11xx.cfg,"[""lpc2000""]",upstream-openocd,56b8d93fbe61a78dc903d770820d6d896b6d8134,Keil,LPC1100_DFP,1.4.1,https://www.keil.com/pack/Keil.LPC1100_DFP.pdsc,e3b235f0fcd5b6b789812c59f33023af7ce2db0f5a15222108ef616ad118c2ff,nxp-lpc11,mapping_candidate,not_verified
NXP,LPC1100 Series,LPC11E00,LPC11E68JBD48,cmsis_device_name,LPC11E68JBD48,tcl/target/lpc11xx.cfg,"[""lpc2000""]",upstream-openocd,56b8d93fbe61a78dc903d770820d6d896b6d8134,Keil,LPC1100_DFP,1.4.1,https://www.keil.com/pack/Keil.LPC1100_DFP.pdsc,e3b235f0fcd5b6b789812c59f33023af7ce2db0f5a15222108ef616ad118c2ff,nxp-lpc11,mapping_candidate,not_verified
NXP,LPC1100 Series,LPC11E00,LPC11E68JBD64,cmsis_device_name,LPC11E68JBD64,tcl/target/lpc11xx.cfg,"[""lpc2000""]",upstream-openocd,56b8d93fbe61a78dc903d770820d6d896b6d8134,Keil,LPC1100_DFP,1.4.1,https://www.keil.com/pack/Keil.LPC1100_DFP.pdsc,e3b235f0fcd5b6b789812c59f33023af7ce2db0f5a15222108ef616ad118c2ff,nxp-lpc11,mapping_candidate,not_verified
NXP,LPC1100 Series,LPC11U00,LPC11U12FBD48/201,cmsis_device_name,LPC11U12FBD48/201,tcl/target/lpc11xx.cfg,"[""lpc2000""]",upstream-openocd,56b8d93fbe61a78dc903d770820d6d896b6d8134,Keil,LPC1100_DFP,1.4.1,https://www.keil.com/pack/Keil.LPC1100_DFP.pdsc,e3b235f0fcd5b6b789812c59f33023af7ce2db0f5a15222108ef616ad118c2ff,nxp-lpc11,mapping_candidate,not_verified
NXP,LPC1100 Series,LPC11U00,LPC11U12FHN33/201,cmsis_device_name,LPC11U12FHN33/201,tcl/target/lpc11xx.cfg,"[""lpc2000""]",upstream-openocd,56b8d93fbe61a78dc903d770820d6d896b6d8134,Keil,LPC1100_DFP,1.4.1,https://www.keil.com/pack/Keil.LPC1100_DFP.pdsc,e3b235f0fcd5b6b789812c59f33023af7ce2db0f5a15222108ef616ad118c2ff,nxp-lpc11,mapping_candidate,not_verified
NXP,LPC1100 Series,LPC11U00,LPC11U13FBD48/201,cmsis_device_name,LPC11U13FBD48/201,tcl/target/lpc11xx.cfg,"[""lpc2000""]",upstream-openocd,56b8d93fbe61a78dc903d770820d6d896b6d8134,Keil,LPC1100_DFP,1.4.1,https://www.keil.com/pack/Keil.LPC1100_DFP.pdsc,e3b235f0fcd5b6b789812c59f33023af7ce2db0f5a15222108ef616ad118c2ff,nxp-lpc11,mapping_candidate,not_verified
NXP,LPC1100 Series,LPC11U00,LPC11U14FBD48/201,cmsis_device_name,LPC11U14FBD48/201,tcl/target/lpc11xx.cfg,"[""lpc2000""]",upstream-openocd,56b8d93fbe61a78dc903d770820d6d896b6d8134,Keil,LPC1100_DFP,1.4.1,https://www.keil.com/pack/Keil.LPC1100_DFP.pdsc,e3b235f0fcd5b6b789812c59f33023af7ce2db0f5a15222108ef616ad118c2ff,nxp-lpc11,mapping_candidate,not_verified
NXP,LPC1100 Series,LPC11U00,LPC11U14FET48/201,cmsis_device_name,LPC11U14FET48/201,tcl/target/lpc11xx.cfg,"[""lpc2000""]",upstream-openocd,56b8d93fbe61a78dc903d770820d6d896b6d8134,Keil,LPC1100_DFP,1.4.1,https://www.keil.com/pack/Keil.LPC1100_DFP.pdsc,e3b235f0fcd5b6b789812c59f33023af7ce2db0f5a15222108ef616ad118c2ff,nxp-lpc11,mapping_candidate,not_verified
NXP,LPC1100 Series,LPC11U00,LPC11U14FHI33/201,cmsis_device_name,LPC11U14FHI33/201,tcl/target/lpc11xx.cfg,"[""lpc2000""]",upstream-openocd,56b8d93fbe61a78dc903d770820d6d896b6d8134,Keil,LPC1100_DFP,1.4.1,https://www.keil.com/pack/Keil.LPC1100_DFP.pdsc,e3b235f0fcd5b6b789812c59f33023af7ce2db0f5a15222108ef616ad118c2ff,nxp-lpc11,mapping_candidate,not_verified
NXP,LPC1100 Series,LPC11U00,LPC11U14FHN33/201,cmsis_device_name,LPC11U14FHN33/201,tcl/target/lpc11xx.cfg,"[""lpc2000""]",upstream-openocd,56b8d93fbe61a78dc903d770820d6d896b6d8134,Keil,LPC1100_DFP,1.4.1,https://www.keil.com/pack/Keil.LPC1100_DFP.pdsc,e3b235f0fcd5b6b789812c59f33023af7ce2db0f5a15222108ef616ad118c2ff,nxp-lpc11,mapping_candidate,not_verified
NXP,LPC1100 Series,LPC11U00,LPC11U23FBD48/301,cmsis_device_name,LPC11U23FBD48/301,tcl/target/lpc11xx.cfg,"[""lpc2000""]",upstream-openocd,56b8d93fbe61a78dc903d770820d6d896b6d8134,Keil,LPC1100_DFP,1.4.1,https://www.keil.com/pack/Keil.LPC1100_DFP.pdsc,e3b235f0fcd5b6b789812c59f33023af7ce2db0f5a15222108ef616ad118c2ff,nxp-lpc11,mapping_candidate,not_verified
NXP,LPC1100 Series,LPC11U00,LPC11U24FBD48/301,cmsis_device_name,LPC11U24FBD48/301,tcl/target/lpc11xx.cfg,"[""lpc2000""]",upstream-openocd,56b8d93fbe61a78dc903d770820d6d896b6d8134,Keil,LPC1100_DFP,1.4.1,https://www.keil.com/pack/Keil.LPC1100_DFP.pdsc,e3b235f0fcd5b6b789812c59f33023af7ce2db0f5a15222108ef616ad118c2ff,nxp-lpc11,mapping_candidate,not_verified
NXP,LPC1100 Series,LPC11U00,LPC11U24FBD48/401,cmsis_device_name,LPC11U24FBD48/401,tcl/target/lpc11xx.cfg,"[""lpc2000""]",upstream-openocd,56b8d93fbe61a78dc903d770820d6d896b6d8134,Keil,LPC1100_DFP,1.4.1,https://www.keil.com/pack/Keil.LPC1100_DFP.pdsc,e3b235f0fcd5b6b789812c59f33023af7ce2db0f5a15222108ef616ad118c2ff,nxp-lpc11,mapping_candidate,not_verified
NXP,LPC1100 Series,LPC11U00,LPC11U24FBD64/401,cmsis_device_name,LPC11U24FBD64/401,tcl/target/lpc11xx.cfg,"[""lpc2000""]",upstream-openocd,56b8d93fbe61a78dc903d770820d6d896b6d8134,Keil,LPC1100_DFP,1.4.1,https://www.keil.com/pack/Keil.LPC1100_DFP.pdsc,e3b235f0fcd5b6b789812c59f33023af7ce2db0f5a15222108ef616ad118c2ff,nxp-lpc11,mapping_candidate,not_verified
NXP,LPC1100 Series,LPC11U00,LPC11U24FET48/301,cmsis_device_name,LPC11U24FET48/301,tcl/target/lpc11xx.cfg,"[""lpc2000""]",upstream-openocd,56b8d93fbe61a78dc903d770820d6d896b6d8134,Keil,LPC1100_DFP,1.4.1,https://www.keil.com/pack/Keil.LPC1100_DFP.pdsc,e3b235f0fcd5b6b789812c59f33023af7ce2db0f5a15222108ef616ad118c2ff,nxp-lpc11,mapping_candidate,not_verified
NXP,LPC1100 Series,LPC11U00,LPC11U24FHI33/301,cmsis_device_name,LPC11U24FHI33/301,tcl/target/lpc11xx.cfg,"[""lpc2000""]",upstream-openocd,56b8d93fbe61a78dc903d770820d6d896b6d8134,Keil,LPC1100_DFP,1.4.1,https://www.keil.com/pack/Keil.LPC1100_DFP.pdsc,e3b235f0fcd5b6b789812c59f33023af7ce2db0f5a15222108ef616ad118c2ff,nxp-lpc11,mapping_candidate,not_verified
NXP,LPC1100 Series,LPC11U00,LPC11U24FHN33/401,cmsis_device_name,LPC11U24FHN33/401,tcl/target/lpc11xx.cfg,"[""lpc2000""]",upstream-openocd,56b8d93fbe61a78dc903d770820d6d896b6d8134,Keil,LPC1100_DFP,1.4.1,https://www.keil.com/pack/Keil.LPC1100_DFP.pdsc,e3b235f0fcd5b6b789812c59f33023af7ce2db0f5a15222108ef616ad118c2ff,nxp-lpc11,mapping_candidate,not_verified
NXP,LPC1100 Series,LPC11U00,LPC11U34FBD48/311,cmsis_device_name,LPC11U34FBD48/311,tcl/target/lpc11xx.cfg,"[""lpc2000""]",upstream-openocd,56b8d93fbe61a78dc903d770820d6d896b6d8134,Keil,LPC1100_DFP,1.4.1,https://www.keil.com/pack/Keil.LPC1100_DFP.pdsc,e3b235f0fcd5b6b789812c59f33023af7ce2db0f5a15222108ef616ad118c2ff,nxp-lpc11,mapping_candidate,not_verified
NXP,LPC1100 Series,LPC11U00,LPC11U34FBD48/421,cmsis_device_name,LPC11U34FBD48/421,tcl/target/lpc11xx.cfg,"[""lpc2000""]",upstream-openocd,56b8d93fbe61a78dc903d770820d6d896b6d8134,Keil,LPC1100_DFP,1.4.1,https://www.keil.com/pack/Keil.LPC1100_DFP.pdsc,e3b235f0fcd5b6b789812c59f33023af7ce2db0f5a15222108ef616ad118c2ff,nxp-lpc11,mapping_candidate,not_verified
NXP,LPC1100 Series,LPC11U00,LPC11U34FHN33/311,cmsis_device_name,LPC11U34FHN33/311,tcl/target/lpc11xx.cfg,"[""lpc2000""]",upstream-openocd,56b8d93fbe61a78dc903d770820d6d896b6d8134,Keil,LPC1100_DFP,1.4.1,https://www.keil.com/pack/Keil.LPC1100_DFP.pdsc,e3b235f0fcd5b6b789812c59f33023af7ce2db0f5a15222108ef616ad118c2ff,nxp-lpc11,mapping_candidate,not_verified
NXP,LPC1100 Series,LPC11U00,LPC11U34FHN33/421,cmsis_device_name,LPC11U34FHN33/421,tcl/target/lpc11xx.cfg,"[""lpc2000""]",upstream-openocd,56b8d93fbe61a78dc903d770820d6d896b6d8134,Keil,LPC1100_DFP,1.4.1,https://www.keil.com/pack/Keil.LPC1100_DFP.pdsc,e3b235f0fcd5b6b789812c59f33023af7ce2db0f5a15222108ef616ad118c2ff,nxp-lpc11,mapping_candidate,not_verified
NXP,LPC1100 Series,LPC11U00,LPC11U35FBD48/401,cmsis_device_name,LPC11U35FBD48/401,tcl/target/lpc11xx.cfg,"[""lpc2000""]",upstream-openocd,56b8d93fbe61a78dc903d770820d6d896b6d8134,Keil,LPC1100_DFP,1.4.1,https://www.keil.com/pack/Keil.LPC1100_DFP.pdsc,e3b235f0fcd5b6b789812c59f33023af7ce2db0f5a15222108ef616ad118c2ff,nxp-lpc11,mapping_candidate,not_verified
NXP,LPC1100 Series,LPC11U00,LPC11U35FBD64/401,cmsis_device_name,LPC11U35FBD64/401,tcl/target/lpc11xx.cfg,"[""lpc2000""]",upstream-openocd,56b8d93fbe61a78dc903d770820d6d896b6d8134,Keil,LPC1100_DFP,1.4.1,https://www.keil.com/pack/Keil.LPC1100_DFP.pdsc,e3b235f0fcd5b6b789812c59f33023af7ce2db0f5a15222108ef616ad118c2ff,nxp-lpc11,mapping_candidate,not_verified
NXP,LPC1100 Series,LPC11U00,LPC11U35FET48/501,cmsis_device_name,LPC11U35FET48/501,tcl/target/lpc11xx.cfg,"[""lpc2000""]",upstream-openocd,56b8d93fbe61a78dc903d770820d6d896b6d8134,Keil,LPC1100_DFP,1.4.1,https://www.keil.com/pack/Keil.LPC1100_DFP.pdsc,e3b235f0fcd5b6b789812c59f33023af7ce2db0f5a15222108ef616ad118c2ff,nxp-lpc11,mapping_candidate,not_verified
NXP,LPC1100 Series,LPC11U00,LPC11U35FHI33/501,cmsis_device_name,LPC11U35FHI33/501,tcl/target/lpc11xx.cfg,"[""lpc2000""]",upstream-openocd,56b8d93fbe61a78dc903d770820d6d896b6d8134,Keil,LPC1100_DFP,1.4.1,https://www.keil.com/pack/Keil.LPC1100_DFP.pdsc,e3b235f0fcd5b6b789812c59f33023af7ce2db0f5a15222108ef616ad118c2ff,nxp-lpc11,mapping_candidate,not_verified
NXP,LPC1100 Series,LPC11U00,LPC11U35FHN33/401,cmsis_device_name,LPC11U35FHN33/401,tcl/target/lpc11xx.cfg,"[""lpc2000""]",upstream-openocd,56b8d93fbe61a78dc903d770820d6d896b6d8134,Keil,LPC1100_DFP,1.4.1,https://www.keil.com/pack/Keil.LPC1100_DFP.pdsc,e3b235f0fcd5b6b789812c59f33023af7ce2db0f5a15222108ef616ad118c2ff,nxp-lpc11,mapping_candidate,not_verified
NXP,LPC1100 Series,LPC11U00,LPC11U36FBD48/401,cmsis_device_name,LPC11U36FBD48/401,tcl/target/lpc11xx.cfg,"[""lpc2000""]",upstream-openocd,56b8d93fbe61a78dc903d770820d6d896b6d8134,Keil,LPC1100_DFP,1.4.1,https://www.keil.com/pack/Keil.LPC1100_DFP.pdsc,e3b235f0fcd5b6b789812c59f33023af7ce2db0f5a15222108ef616ad118c2ff,nxp-lpc11,mapping_candidate,not_verified
NXP,LPC1100 Series,LPC11U00,LPC11U36FBD64/401,cmsis_device_name,LPC11U36FBD64/401,tcl/target/lpc11xx.cfg,"[""lpc2000""]",upstream-openocd,56b8d93fbe61a78dc903d770820d6d896b6d8134,Keil,LPC1100_DFP,1.4.1,https://www.keil.com/pack/Keil.LPC1100_DFP.pdsc,e3b235f0fcd5b6b789812c59f33023af7ce2db0f5a15222108ef616ad118c2ff,nxp-lpc11,mapping_candidate,not_verified
NXP,LPC1100 Series,LPC11U00,LPC11U37FBD48/401,cmsis_device_name,LPC11U37FBD48/401,tcl/target/lpc11xx.cfg,"[""lpc2000""]",upstream-openocd,56b8d93fbe61a78dc903d770820d6d896b6d8134,Keil,LPC1100_DFP,1.4.1,https://www.keil.com/pack/Keil.LPC1100_DFP.pdsc,e3b235f0fcd5b6b789812c59f33023af7ce2db0f5a15222108ef616ad118c2ff,nxp-lpc11,mapping_candidate,not_verified
NXP,LPC1100 Series,LPC11U00,LPC11U37FBD64/501,cmsis_device_name,LPC11U37FBD64/501,tcl/target/lpc11xx.cfg,"[""lpc2000""]",upstream-openocd,56b8d93fbe61a78dc903d770820d6d896b6d8134,Keil,LPC1100_DFP,1.4.1,https://www.keil.com/pack/Keil.LPC1100_DFP.pdsc,e3b235f0fcd5b6b789812c59f33023af7ce2db0f5a15222108ef616ad118c2ff,nxp-lpc11,mapping_candidate,not_verified
NXP,LPC1100 Series,LPC11U00,LPC11U37HFBD64/401,cmsis_device_name,LPC11U37HFBD64/401,tcl/target/lpc11xx.cfg,"[""lpc2000""]",upstream-openocd,56b8d93fbe61a78dc903d770820d6d896b6d8134,Keil,LPC1100_DFP,1.4.1,https://www.keil.com/pack/Keil.LPC1100_DFP.pdsc,e3b235f0fcd5b6b789812c59f33023af7ce2db0f5a15222108ef616ad118c2ff,nxp-lpc11,mapping_candidate,not_verified
NXP,LPC1100 Series,LPC11U00,LPC11U66JBD48,cmsis_device_name,LPC11U66JBD48,tcl/target/lpc11xx.cfg,"[""lpc2000""]",upstream-openocd,56b8d93fbe61a78dc903d770820d6d896b6d8134,Keil,LPC1100_DFP,1.4.1,https://www.keil.com/pack/Keil.LPC1100_DFP.pdsc,e3b235f0fcd5b6b789812c59f33023af7ce2db0f5a15222108ef616ad118c2ff,nxp-lpc11,mapping_candidate,not_verified
NXP,LPC1100 Series,LPC11U00,LPC11U67JBD100,cmsis_device_name,LPC11U67JBD100,tcl/target/lpc11xx.cfg,"[""lpc2000""]",upstream-openocd,56b8d93fbe61a78dc903d770820d6d896b6d8134,Keil,LPC1100_DFP,1.4.1,https://www.keil.com/pack/Keil.LPC1100_DFP.pdsc,e3b235f0fcd5b6b789812c59f33023af7ce2db0f5a15222108ef616ad118c2ff,nxp-lpc11,mapping_candidate,not_verified
NXP,LPC1100 Series,LPC11U00,LPC11U67JBD48,cmsis_device_name,LPC11U67JBD48,tcl/target/lpc11xx.cfg,"[""lpc2000""]",upstream-openocd,56b8d93fbe61a78dc903d770820d6d896b6d8134,Keil,LPC1100_DFP,1.4.1,https://www.keil.com/pack/Keil.LPC1100_DFP.pdsc,e3b235f0fcd5b6b789812c59f33023af7ce2db0f5a15222108ef616ad118c2ff,nxp-lpc11,mapping_candidate,not_verified
NXP,LPC1100 Series,LPC11U00,LPC11U67JBD64,cmsis_device_name,LPC11U67JBD64,tcl/target/lpc11xx.cfg,"[""lpc2000""]",upstream-openocd,56b8d93fbe61a78dc903d770820d6d896b6d8134,Keil,LPC1100_DFP,1.4.1,https://www.keil.com/pack/Keil.LPC1100_DFP.pdsc,e3b235f0fcd5b6b789812c59f33023af7ce2db0f5a15222108ef616ad118c2ff,nxp-lpc11,mapping_candidate,not_verified
NXP,LPC1100 Series,LPC11U00,LPC11U68JBD100,cmsis_device_name,LPC11U68JBD100,tcl/target/lpc11xx.cfg,"[""lpc2000""]",upstream-openocd,56b8d93fbe61a78dc903d770820d6d896b6d8134,Keil,LPC1100_DFP,1.4.1,https://www.keil.com/pack/Keil.LPC1100_DFP.pdsc,e3b235f0fcd5b6b789812c59f33023af7ce2db0f5a15222108ef616ad118c2ff,nxp-lpc11,mapping_candidate,not_verified
NXP,LPC1100 Series,LPC11U00,LPC11U68JBD48,cmsis_device_name,LPC11U68JBD48,tcl/target/lpc11xx.cfg,"[""lpc2000""]",upstream-openocd,56b8d93fbe61a78dc903d770820d6d896b6d8134,Keil,LPC1100_DFP,1.4.1,https://www.keil.com/pack/Keil.LPC1100_DFP.pdsc,e3b235f0fcd5b6b789812c59f33023af7ce2db0f5a15222108ef616ad118c2ff,nxp-lpc11,mapping_candidate,not_verified
NXP,LPC1100 Series,LPC11U00,LPC11U68JBD64,cmsis_device_name,LPC11U68JBD64,tcl/target/lpc11xx.cfg,"[""lpc2000""]",upstream-openocd,56b8d93fbe61a78dc903d770820d6d896b6d8134,Keil,LPC1100_DFP,1.4.1,https://www.keil.com/pack/Keil.LPC1100_DFP.pdsc,e3b235f0fcd5b6b789812c59f33023af7ce2db0f5a15222108ef616ad118c2ff,nxp-lpc11,mapping_candidate,not_verified
NXP,LPC1200 Series,LPC122x,LPC1224FBD48/101,cmsis_device_name,LPC1224FBD48/101,tcl/target/lpc12xx.cfg,"[""lpc2000""]",upstream-openocd,56b8d93fbe61a78dc903d770820d6d896b6d8134,Keil,LPC1200_DFP,1.0.2,https://www.keil.com/pack/Keil.LPC1200_DFP.pdsc,21ee09801c117bd382193b210fde0eac95467c39d19e724d823a8bbdbe7398b2,nxp-lpc12,mapping_candidate,not_verified
NXP,LPC1200 Series,LPC122x,LPC1224FBD48/121,cmsis_device_name,LPC1224FBD48/121,tcl/target/lpc12xx.cfg,"[""lpc2000""]",upstream-openocd,56b8d93fbe61a78dc903d770820d6d896b6d8134,Keil,LPC1200_DFP,1.0.2,https://www.keil.com/pack/Keil.LPC1200_DFP.pdsc,21ee09801c117bd382193b210fde0eac95467c39d19e724d823a8bbdbe7398b2,nxp-lpc12,mapping_candidate,not_verified
NXP,LPC1200 Series,LPC122x,LPC1224FBD64/101,cmsis_device_name,LPC1224FBD64/101,tcl/target/lpc12xx.cfg,"[""lpc2000""]",upstream-openocd,56b8d93fbe61a78dc903d770820d6d896b6d8134,Keil,LPC1200_DFP,1.0.2,https://www.keil.com/pack/Keil.LPC1200_DFP.pdsc,21ee09801c117bd382193b210fde0eac95467c39d19e724d823a8bbdbe7398b2,nxp-lpc12,mapping_candidate,not_verified
NXP,LPC1200 Series,LPC122x,LPC1224FBD64/121,cmsis_device_name,LPC1224FBD64/121,tcl/target/lpc12xx.cfg,"[""lpc2000""]",upstream-openocd,56b8d93fbe61a78dc903d770820d6d896b6d8134,Keil,LPC1200_DFP,1.0.2,https://www.keil.com/pack/Keil.LPC1200_DFP.pdsc,21ee09801c117bd382193b210fde0eac95467c39d19e724d823a8bbdbe7398b2,nxp-lpc12,mapping_candidate,not_verified
NXP,LPC1200 Series,LPC122x,LPC1225FBD48/301,cmsis_device_name,LPC1225FBD48/301,tcl/target/lpc12xx.cfg,"[""lpc2000""]",upstream-openocd,56b8d93fbe61a78dc903d770820d6d896b6d8134,Keil,LPC1200_DFP,1.0.2,https://www.keil.com/pack/Keil.LPC1200_DFP.pdsc,21ee09801c117bd382193b210fde0eac95467c39d19e724d823a8bbdbe7398b2,nxp-lpc12,mapping_candidate,not_verified
NXP,LPC1200 Series,LPC122x,LPC1225FBD48/321,cmsis_device_name,LPC1225FBD48/321,tcl/target/lpc12xx.cfg,"[""lpc2000""]",upstream-openocd,56b8d93fbe61a78dc903d770820d6d896b6d8134,Keil,LPC1200_DFP,1.0.2,https://www.keil.com/pack/Keil.LPC1200_DFP.pdsc,21ee09801c117bd382193b210fde0eac95467c39d19e724d823a8bbdbe7398b2,nxp-lpc12,mapping_candidate,not_verified
NXP,LPC1200 Series,LPC122x,LPC1225FBD64/301,cmsis_device_name,LPC1225FBD64/301,tcl/target/lpc12xx.cfg,"[""lpc2000""]",upstream-openocd,56b8d93fbe61a78dc903d770820d6d896b6d8134,Keil,LPC1200_DFP,1.0.2,https://www.keil.com/pack/Keil.LPC1200_DFP.pdsc,21ee09801c117bd382193b210fde0eac95467c39d19e724d823a8bbdbe7398b2,nxp-lpc12,mapping_candidate,not_verified
NXP,LPC1200 Series,LPC122x,LPC1225FBD64/321,cmsis_device_name,LPC1225FBD64/321,tcl/target/lpc12xx.cfg,"[""lpc2000""]",upstream-openocd,56b8d93fbe61a78dc903d770820d6d896b6d8134,Keil,LPC1200_DFP,1.0.2,https://www.keil.com/pack/Keil.LPC1200_DFP.pdsc,21ee09801c117bd382193b210fde0eac95467c39d19e724d823a8bbdbe7398b2,nxp-lpc12,mapping_candidate,not_verified
NXP,LPC1200 Series,LPC122x,LPC1226FBD48/301,cmsis_device_name,LPC1226FBD48/301,tcl/target/lpc12xx.cfg,"[""lpc2000""]",upstream-openocd,56b8d93fbe61a78dc903d770820d6d896b6d8134,Keil,LPC1200_DFP,1.0.2,https://www.keil.com/pack/Keil.LPC1200_DFP.pdsc,21ee09801c117bd382193b210fde0eac95467c39d19e724d823a8bbdbe7398b2,nxp-lpc12,mapping_candidate,not_verified
NXP,LPC1200 Series,LPC122x,LPC1226FBD64/301,cmsis_device_name,LPC1226FBD64/301,tcl/target/lpc12xx.cfg,"[""lpc2000""]",upstream-openocd,56b8d93fbe61a78dc903d770820d6d896b6d8134,Keil,LPC1200_DFP,1.0.2,https://www.keil.com/pack/Keil.LPC1200_DFP.pdsc,21ee09801c117bd382193b210fde0eac95467c39d19e724d823a8bbdbe7398b2,nxp-lpc12,mapping_candidate,not_verified
NXP,LPC1200 Series,LPC122x,LPC1227FBD48/301,cmsis_device_name,LPC1227FBD48/301,tcl/target/lpc12xx.cfg,"[""lpc2000""]",upstream-openocd,56b8d93fbe61a78dc903d770820d6d896b6d8134,Keil,LPC1200_DFP,1.0.2,https://www.keil.com/pack/Keil.LPC1200_DFP.pdsc,21ee09801c117bd382193b210fde0eac95467c39d19e724d823a8bbdbe7398b2,nxp-lpc12,mapping_candidate,not_verified
NXP,LPC1200 Series,LPC122x,LPC1227FBD64/301,cmsis_device_name,LPC1227FBD64/301,tcl/target/lpc12xx.cfg,"[""lpc2000""]",upstream-openocd,56b8d93fbe61a78dc903d770820d6d896b6d8134,Keil,LPC1200_DFP,1.0.2,https://www.keil.com/pack/Keil.LPC1200_DFP.pdsc,21ee09801c117bd382193b210fde0eac95467c39d19e724d823a8bbdbe7398b2,nxp-lpc12,mapping_candidate,not_verified
NXP,LPC1300 Series,LPC131x,LPC1311FHN33,cmsis_device_name,LPC1311FHN33,tcl/target/lpc13xx.cfg,"[""lpc2000""]",upstream-openocd,56b8d93fbe61a78dc903d770820d6d896b6d8134,Keil,LPC1300_DFP,1.1.1,https://www.keil.com/pack/Keil.LPC1300_DFP.pdsc,ceaee6def74c22ff2b027b49e921ffe8977759daadd9cae47decfbf512f598ca,nxp-lpc13,mapping_candidate,not_verified
NXP,LPC1300 Series,LPC131x,LPC1311FHN33/01,cmsis_device_name,LPC1311FHN33/01,tcl/target/lpc13xx.cfg,"[""lpc2000""]",upstream-openocd,56b8d93fbe61a78dc903d770820d6d896b6d8134,Keil,LPC1300_DFP,1.1.1,https://www.keil.com/pack/Keil.LPC1300_DFP.pdsc,ceaee6def74c22ff2b027b49e921ffe8977759daadd9cae47decfbf512f598ca,nxp-lpc13,mapping_candidate,not_verified
NXP,LPC1300 Series,LPC131x,LPC1313FBD48,cmsis_device_name,LPC1313FBD48,tcl/target/lpc13xx.cfg,"[""lpc2000""]",upstream-openocd,56b8d93fbe61a78dc903d770820d6d896b6d8134,Keil,LPC1300_DFP,1.1.1,https://www.keil.com/pack/Keil.LPC1300_DFP.pdsc,ceaee6def74c22ff2b027b49e921ffe8977759daadd9cae47decfbf512f598ca,nxp-lpc13,mapping_candidate,not_verified
NXP,LPC1300 Series,LPC131x,LPC1313FBD48/01,cmsis_device_name,LPC1313FBD48/01,tcl/target/lpc13xx.cfg,"[""lpc2000""]",upstream-openocd,56b8d93fbe61a78dc903d770820d6d896b6d8134,Keil,LPC1300_DFP,1.1.1,https://www.keil.com/pack/Keil.LPC1300_DFP.pdsc,ceaee6def74c22ff2b027b49e921ffe8977759daadd9cae47decfbf512f598ca,nxp-lpc13,mapping_candidate,not_verified
NXP,LPC1300 Series,LPC131x,LPC1313FHN33,cmsis_device_name,LPC1313FHN33,tcl/target/lpc13xx.cfg,"[""lpc2000""]",upstream-openocd,56b8d93fbe61a78dc903d770820d6d896b6d8134,Keil,LPC1300_DFP,1.1.1,https://www.keil.com/pack/Keil.LPC1300_DFP.pdsc,ceaee6def74c22ff2b027b49e921ffe8977759daadd9cae47decfbf512f598ca,nxp-lpc13,mapping_candidate,not_verified
NXP,LPC1300 Series,LPC131x,LPC1313FHN33/01,cmsis_device_name,LPC1313FHN33/01,tcl/target/lpc13xx.cfg,"[""lpc2000""]",upstream-openocd,56b8d93fbe61a78dc903d770820d6d896b6d8134,Keil,LPC1300_DFP,1.1.1,https://www.keil.com/pack/Keil.LPC1300_DFP.pdsc,ceaee6def74c22ff2b027b49e921ffe8977759daadd9cae47decfbf512f598ca,nxp-lpc13,mapping_candidate,not_verified
NXP,LPC1300 Series,LPC131x,LPC1315FBD48,cmsis_device_name,LPC1315FBD48,tcl/target/lpc13xx.cfg,"[""lpc2000""]",upstream-openocd,56b8d93fbe61a78dc903d770820d6d896b6d8134,Keil,LPC1300_DFP,1.1.1,https://www.keil.com/pack/Keil.LPC1300_DFP.pdsc,ceaee6def74c22ff2b027b49e921ffe8977759daadd9cae47decfbf512f598ca,nxp-lpc13,mapping_candidate,not_verified
NXP,LPC1300 Series,LPC131x,LPC1315FHN33,cmsis_device_name,LPC1315FHN33,tcl/target/lpc13xx.cfg,"[""lpc2000""]",upstream-openocd,56b8d93fbe61a78dc903d770820d6d896b6d8134,Keil,LPC1300_DFP,1.1.1,https://www.keil.com/pack/Keil.LPC1300_DFP.pdsc,ceaee6def74c22ff2b027b49e921ffe8977759daadd9cae47decfbf512f598ca,nxp-lpc13,mapping_candidate,not_verified
NXP,LPC1300 Series,LPC131x,LPC1316FBD48,cmsis_device_name,LPC1316FBD48,tcl/target/lpc13xx.cfg,"[""lpc2000""]",upstream-openocd,56b8d93fbe61a78dc903d770820d6d896b6d8134,Keil,LPC1300_DFP,1.1.1,https://www.keil.com/pack/Keil.LPC1300_DFP.pdsc,ceaee6def74c22ff2b027b49e921ffe8977759daadd9cae47decfbf512f598ca,nxp-lpc13,mapping_candidate,not_verified
NXP,LPC1300 Series,LPC131x,LPC1316FHN33,cmsis_device_name,LPC1316FHN33,tcl/target/lpc13xx.cfg,"[""lpc2000""]",upstream-openocd,56b8d93fbe61a78dc903d770820d6d896b6d8134,Keil,LPC1300_DFP,1.1.1,https://www.keil.com/pack/Keil.LPC1300_DFP.pdsc,ceaee6def74c22ff2b027b49e921ffe8977759daadd9cae47decfbf512f598ca,nxp-lpc13,mapping_candidate,not_verified
NXP,LPC1300 Series,LPC131x,LPC1317FBD48,cmsis_device_name,LPC1317FBD48,tcl/target/lpc13xx.cfg,"[""lpc2000""]",upstream-openocd,56b8d93fbe61a78dc903d770820d6d896b6d8134,Keil,LPC1300_DFP,1.1.1,https://www.keil.com/pack/Keil.LPC1300_DFP.pdsc,ceaee6def74c22ff2b027b49e921ffe8977759daadd9cae47decfbf512f598ca,nxp-lpc13,mapping_candidate,not_verified
NXP,LPC1300 Series,LPC131x,LPC1317FBD64,cmsis_device_name,LPC1317FBD64,tcl/target/lpc13xx.cfg,"[""lpc2000""]",upstream-openocd,56b8d93fbe61a78dc903d770820d6d896b6d8134,Keil,LPC1300_DFP,1.1.1,https://www.keil.com/pack/Keil.LPC1300_DFP.pdsc,ceaee6def74c22ff2b027b49e921ffe8977759daadd9cae47decfbf512f598ca,nxp-lpc13,mapping_candidate,not_verified
NXP,LPC1300 Series,LPC131x,LPC1317FHN33,cmsis_device_name,LPC1317FHN33,tcl/target/lpc13xx.cfg,"[""lpc2000""]",upstream-openocd,56b8d93fbe61a78dc903d770820d6d896b6d8134,Keil,LPC1300_DFP,1.1.1,https://www.keil.com/pack/Keil.LPC1300_DFP.pdsc,ceaee6def74c22ff2b027b49e921ffe8977759daadd9cae47decfbf512f598ca,nxp-lpc13,mapping_candidate,not_verified
NXP,LPC1300 Series,LPC134x,LPC1342FBD48,cmsis_device_name,LPC1342FBD48,tcl/target/lpc13xx.cfg,"[""lpc2000""]",upstream-openocd,56b8d93fbe61a78dc903d770820d6d896b6d8134,Keil,LPC1300_DFP,1.1.1,https://www.keil.com/pack/Keil.LPC1300_DFP.pdsc,ceaee6def74c22ff2b027b49e921ffe8977759daadd9cae47decfbf512f598ca,nxp-lpc13,mapping_candidate,not_verified
NXP,LPC1300 Series,LPC134x,LPC1342FHN33,cmsis_device_name,LPC1342FHN33,tcl/target/lpc13xx.cfg,"[""lpc2000""]",upstream-openocd,56b8d93fbe61a78dc903d770820d6d896b6d8134,Keil,LPC1300_DFP,1.1.1,https://www.keil.com/pack/Keil.LPC1300_DFP.pdsc,ceaee6def74c22ff2b027b49e921ffe8977759daadd9cae47decfbf512f598ca,nxp-lpc13,mapping_candidate,not_verified
NXP,LPC1300 Series,LPC134x,LPC1343FBD48,cmsis_device_name,LPC1343FBD48,tcl/target/lpc13xx.cfg,"[""lpc2000""]",upstream-openocd,56b8d93fbe61a78dc903d770820d6d896b6d8134,Keil,LPC1300_DFP,1.1.1,https://www.keil.com/pack/Keil.LPC1300_DFP.pdsc,ceaee6def74c22ff2b027b49e921ffe8977759daadd9cae47decfbf512f598ca,nxp-lpc13,mapping_candidate,not_verified
NXP,LPC1300 Series,LPC134x,LPC1343FHN33,cmsis_device_name,LPC1343FHN33,tcl/target/lpc13xx.cfg,"[""lpc2000""]",upstream-openocd,56b8d93fbe61a78dc903d770820d6d896b6d8134,Keil,LPC1300_DFP,1.1.1,https://www.keil.com/pack/Keil.LPC1300_DFP.pdsc,ceaee6def74c22ff2b027b49e921ffe8977759daadd9cae47decfbf512f598ca,nxp-lpc13,mapping_candidate,not_verified
NXP,LPC1300 Series,LPC134x,LPC1345FBD48,cmsis_device_name,LPC1345FBD48,tcl/target/lpc13xx.cfg,"[""lpc2000""]",upstream-openocd,56b8d93fbe61a78dc903d770820d6d896b6d8134,Keil,LPC1300_DFP,1.1.1,https://www.keil.com/pack/Keil.LPC1300_DFP.pdsc,ceaee6def74c22ff2b027b49e921ffe8977759daadd9cae47decfbf512f598ca,nxp-lpc13,mapping_candidate,not_verified
NXP,LPC1300 Series,LPC134x,LPC1345FHN33,cmsis_device_name,LPC1345FHN33,tcl/target/lpc13xx.cfg,"[""lpc2000""]",upstream-openocd,56b8d93fbe61a78dc903d770820d6d896b6d8134,Keil,LPC1300_DFP,1.1.1,https://www.keil.com/pack/Keil.LPC1300_DFP.pdsc,ceaee6def74c22ff2b027b49e921ffe8977759daadd9cae47decfbf512f598ca,nxp-lpc13,mapping_candidate,not_verified
NXP,LPC1300 Series,LPC134x,LPC1346FBD48,cmsis_device_name,LPC1346FBD48,tcl/target/lpc13xx.cfg,"[""lpc2000""]",upstream-openocd,56b8d93fbe61a78dc903d770820d6d896b6d8134,Keil,LPC1300_DFP,1.1.1,https://www.keil.com/pack/Keil.LPC1300_DFP.pdsc,ceaee6def74c22ff2b027b49e921ffe8977759daadd9cae47decfbf512f598ca,nxp-lpc13,mapping_candidate,not_verified
NXP,LPC1300 Series,LPC134x,LPC1346FHN33,cmsis_device_name,LPC1346FHN33,tcl/target/lpc13xx.cfg,"[""lpc2000""]",upstream-openocd,56b8d93fbe61a78dc903d770820d6d896b6d8134,Keil,LPC1300_DFP,1.1.1,https://www.keil.com/pack/Keil.LPC1300_DFP.pdsc,ceaee6def74c22ff2b027b49e921ffe8977759daadd9cae47decfbf512f598ca,nxp-lpc13,mapping_candidate,not_verified
NXP,LPC1300 Series,LPC134x,LPC1347FBD48,cmsis_device_name,LPC1347FBD48,tcl/target/lpc13xx.cfg,"[""lpc2000""]",upstream-openocd,56b8d93fbe61a78dc903d770820d6d896b6d8134,Keil,LPC1300_DFP,1.1.1,https://www.keil.com/pack/Keil.LPC1300_DFP.pdsc,ceaee6def74c22ff2b027b49e921ffe8977759daadd9cae47decfbf512f598ca,nxp-lpc13,mapping_candidate,not_verified
NXP,LPC1300 Series,LPC134x,LPC1347FBD64,cmsis_device_name,LPC1347FBD64,tcl/target/lpc13xx.cfg,"[""lpc2000""]",upstream-openocd,56b8d93fbe61a78dc903d770820d6d896b6d8134,Keil,LPC1300_DFP,1.1.1,https://www.keil.com/pack/Keil.LPC1300_DFP.pdsc,ceaee6def74c22ff2b027b49e921ffe8977759daadd9cae47decfbf512f598ca,nxp-lpc13,mapping_candidate,not_verified
NXP,LPC1300 Series,LPC134x,LPC1347FHN33,cmsis_device_name,LPC1347FHN33,tcl/target/lpc13xx.cfg,"[""lpc2000""]",upstream-openocd,56b8d93fbe61a78dc903d770820d6d896b6d8134,Keil,LPC1300_DFP,1.1.1,https://www.keil.com/pack/Keil.LPC1300_DFP.pdsc,ceaee6def74c22ff2b027b49e921ffe8977759daadd9cae47decfbf512f598ca,nxp-lpc13,mapping_candidate,not_verified
NXP,LPC1700 Series,LPC175x,LPC1751,cmsis_device_name,LPC1751,tcl/target/lpc17xx.cfg,"[""lpc2000""]",upstream-openocd,56b8d93fbe61a78dc903d770820d6d896b6d8134,Keil,LPC1700_DFP,2.7.2,https://www.keil.com/pack/Keil.LPC1700_DFP.pdsc,095145b4ef101b00253bc7635953fff7c41f707e164a00f2151255280da61091,nxp-lpc17,mapping_candidate,not_verified
NXP,LPC1700 Series,LPC175x,LPC1752,cmsis_device_name,LPC1752,tcl/target/lpc17xx.cfg,"[""lpc2000""]",upstream-openocd,56b8d93fbe61a78dc903d770820d6d896b6d8134,Keil,LPC1700_DFP,2.7.2,https://www.keil.com/pack/Keil.LPC1700_DFP.pdsc,095145b4ef101b00253bc7635953fff7c41f707e164a00f2151255280da61091,nxp-lpc17,mapping_candidate,not_verified
NXP,LPC1700 Series,LPC175x,LPC1754,cmsis_device_name,LPC1754,tcl/target/lpc17xx.cfg,"[""lpc2000""]",upstream-openocd,56b8d93fbe61a78dc903d770820d6d896b6d8134,Keil,LPC1700_DFP,2.7.2,https://www.keil.com/pack/Keil.LPC1700_DFP.pdsc,095145b4ef101b00253bc7635953fff7c41f707e164a00f2151255280da61091,nxp-lpc17,mapping_candidate,not_verified
NXP,LPC1700 Series,LPC175x,LPC1756,cmsis_device_name,LPC1756,tcl/target/lpc17xx.cfg,"[""lpc2000""]",upstream-openocd,56b8d93fbe61a78dc903d770820d6d896b6d8134,Keil,LPC1700_DFP,2.7.2,https://www.keil.com/pack/Keil.LPC1700_DFP.pdsc,095145b4ef101b00253bc7635953fff7c41f707e164a00f2151255280da61091,nxp-lpc17,mapping_candidate,not_verified
NXP,LPC1700 Series,LPC175x,LPC1758,cmsis_device_name,LPC1758,tcl/target/lpc17xx.cfg,"[""lpc2000""]",upstream-openocd,56b8d93fbe61a78dc903d770820d6d896b6d8134,Keil,LPC1700_DFP,2.7.2,https://www.keil.com/pack/Keil.LPC1700_DFP.pdsc,095145b4ef101b00253bc7635953fff7c41f707e164a00f2151255280da61091,nxp-lpc17,mapping_candidate,not_verified
NXP,LPC1700 Series,LPC175x,LPC1759,cmsis_device_name,LPC1759,tcl/target/lpc17xx.cfg,"[""lpc2000""]",upstream-openocd,56b8d93fbe61a78dc903d770820d6d896b6d8134,Keil,LPC1700_DFP,2.7.2,https://www.keil.com/pack/Keil.LPC1700_DFP.pdsc,095145b4ef101b00253bc7635953fff7c41f707e164a00f2151255280da61091,nxp-lpc17,mapping_candidate,not_verified
NXP,LPC1700 Series,LPC176x,LPC1763,cmsis_device_name,LPC1763,tcl/target/lpc17xx.cfg,"[""lpc2000""]",upstream-openocd,56b8d93fbe61a78dc903d770820d6d896b6d8134,Keil,LPC1700_DFP,2.7.2,https://www.keil.com/pack/Keil.LPC1700_DFP.pdsc,095145b4ef101b00253bc7635953fff7c41f707e164a00f2151255280da61091,nxp-lpc17,mapping_candidate,not_verified
NXP,LPC1700 Series,LPC176x,LPC1764,cmsis_device_name,LPC1764,tcl/target/lpc17xx.cfg,"[""lpc2000""]",upstream-openocd,56b8d93fbe61a78dc903d770820d6d896b6d8134,Keil,LPC1700_DFP,2.7.2,https://www.keil.com/pack/Keil.LPC1700_DFP.pdsc,095145b4ef101b00253bc7635953fff7c41f707e164a00f2151255280da61091,nxp-lpc17,mapping_candidate,not_verified
NXP,LPC1700 Series,LPC176x,LPC1765,cmsis_device_name,LPC1765,tcl/target/lpc17xx.cfg,"[""lpc2000""]",upstream-openocd,56b8d93fbe61a78dc903d770820d6d896b6d8134,Keil,LPC1700_DFP,2.7.2,https://www.keil.com/pack/Keil.LPC1700_DFP.pdsc,095145b4ef101b00253bc7635953fff7c41f707e164a00f2151255280da61091,nxp-lpc17,mapping_candidate,not_verified
NXP,LPC1700 Series,LPC176x,LPC1766,cmsis_device_name,LPC1766,tcl/target/lpc17xx.cfg,"[""lpc2000""]",upstream-openocd,56b8d93fbe61a78dc903d770820d6d896b6d8134,Keil,LPC1700_DFP,2.7.2,https://www.keil.com/pack/Keil.LPC1700_DFP.pdsc,095145b4ef101b00253bc7635953fff7c41f707e164a00f2151255280da61091,nxp-lpc17,mapping_candidate,not_verified
NXP,LPC1700 Series,LPC176x,LPC1767,cmsis_device_name,LPC1767,tcl/target/lpc17xx.cfg,"[""lpc2000""]",upstream-openocd,56b8d93fbe61a78dc903d770820d6d896b6d8134,Keil,LPC1700_DFP,2.7.2,https://www.keil.com/pack/Keil.LPC1700_DFP.pdsc,095145b4ef101b00253bc7635953fff7c41f707e164a00f2151255280da61091,nxp-lpc17,mapping_candidate,not_verified
NXP,LPC1700 Series,LPC176x,LPC1768,cmsis_device_name,LPC1768,tcl/target/lpc17xx.cfg,"[""lpc2000""]",upstream-openocd,56b8d93fbe61a78dc903d770820d6d896b6d8134,Keil,LPC1700_DFP,2.7.2,https://www.keil.com/pack/Keil.LPC1700_DFP.pdsc,095145b4ef101b00253bc7635953fff7c41f707e164a00f2151255280da61091,nxp-lpc17,mapping_candidate,not_verified
NXP,LPC1700 Series,LPC176x,LPC1769,cmsis_device_name,LPC1769,tcl/target/lpc17xx.cfg,"[""lpc2000""]",upstream-openocd,56b8d93fbe61a78dc903d770820d6d896b6d8134,Keil,LPC1700_DFP,2.7.2,https://www.keil.com/pack/Keil.LPC1700_DFP.pdsc,095145b4ef101b00253bc7635953fff7c41f707e164a00f2151255280da61091,nxp-lpc17,mapping_candidate,not_verified
NXP,LPC1700 Series,LPC177x,LPC1774,cmsis_device_name,LPC1774,tcl/target/lpc17xx.cfg,"[""lpc2000""]",upstream-openocd,56b8d93fbe61a78dc903d770820d6d896b6d8134,Keil,LPC1700_DFP,2.7.2,https://www.keil.com/pack/Keil.LPC1700_DFP.pdsc,095145b4ef101b00253bc7635953fff7c41f707e164a00f2151255280da61091,nxp-lpc17,mapping_candidate,not_verified
NXP,LPC1700 Series,LPC177x,LPC1776,cmsis_device_name,LPC1776,tcl/target/lpc17xx.cfg,"[""lpc2000""]",upstream-openocd,56b8d93fbe61a78dc903d770820d6d896b6d8134,Keil,LPC1700_DFP,2.7.2,https://www.keil.com/pack/Keil.LPC1700_DFP.pdsc,095145b4ef101b00253bc7635953fff7c41f707e164a00f2151255280da61091,nxp-lpc17,mapping_candidate,not_verified
NXP,LPC1700 Series,LPC177x,LPC1777,cmsis_device_name,LPC1777,tcl/target/lpc17xx.cfg,"[""lpc2000""]",upstream-openocd,56b8d93fbe61a78dc903d770820d6d896b6d8134,Keil,LPC1700_DFP,2.7.2,https://www.keil.com/pack/Keil.LPC1700_DFP.pdsc,095145b4ef101b00253bc7635953fff7c41f707e164a00f2151255280da61091,nxp-lpc17,mapping_candidate,not_verified
NXP,LPC1700 Series,LPC177x,LPC1778,cmsis_device_name,LPC1778,tcl/target/lpc17xx.cfg,"[""lpc2000""]",upstream-openocd,56b8d93fbe61a78dc903d770820d6d896b6d8134,Keil,LPC1700_DFP,2.7.2,https://www.keil.com/pack/Keil.LPC1700_DFP.pdsc,095145b4ef101b00253bc7635953fff7c41f707e164a00f2151255280da61091,nxp-lpc17,mapping_candidate,not_verified
NXP,LPC1700 Series,LPC178x,LPC1785,cmsis_device_name,LPC1785,tcl/target/lpc17xx.cfg,"[""lpc2000""]",upstream-openocd,56b8d93fbe61a78dc903d770820d6d896b6d8134,Keil,LPC1700_DFP,2.7.2,https://www.keil.com/pack/Keil.LPC1700_DFP.pdsc,095145b4ef101b00253bc7635953fff7c41f707e164a00f2151255280da61091,nxp-lpc17,mapping_candidate,not_verified
NXP,LPC1700 Series,LPC178x,LPC1786,cmsis_device_name,LPC1786,tcl/target/lpc17xx.cfg,"[""lpc2000""]",upstream-openocd,56b8d93fbe61a78dc903d770820d6d896b6d8134,Keil,LPC1700_DFP,2.7.2,https://www.keil.com/pack/Keil.LPC1700_DFP.pdsc,095145b4ef101b00253bc7635953fff7c41f707e164a00f2151255280da61091,nxp-lpc17,mapping_candidate,not_verified
NXP,LPC1700 Series,LPC178x,LPC1787,cmsis_device_name,LPC1787,tcl/target/lpc17xx.cfg,"[""lpc2000""]",upstream-openocd,56b8d93fbe61a78dc903d770820d6d896b6d8134,Keil,LPC1700_DFP,2.7.2,https://www.keil.com/pack/Keil.LPC1700_DFP.pdsc,095145b4ef101b00253bc7635953fff7c41f707e164a00f2151255280da61091,nxp-lpc17,mapping_candidate,not_verified
NXP,LPC1700 Series,LPC178x,LPC1788,cmsis_device_name,LPC1788,tcl/target/lpc17xx.cfg,"[""lpc2000""]",upstream-openocd,56b8d93fbe61a78dc903d770820d6d896b6d8134,Keil,LPC1700_DFP,2.7.2,https://www.keil.com/pack/Keil.LPC1700_DFP.pdsc,095145b4ef101b00253bc7635953fff7c41f707e164a00f2151255280da61091,nxp-lpc17,mapping_candidate,not_verified
NXP,LPC4000 Series,LPC407x,LPC4072FBD80,cmsis_device_name,LPC4072FBD80,tcl/target/lpc40xx.cfg,"[""lpc2000""]",upstream-openocd,56b8d93fbe61a78dc903d770820d6d896b6d8134,Keil,LPC4000_DFP,2.2.2,https://www.keil.com/pack/Keil.LPC4000_DFP.pdsc,0cc10bc8a1e3a98d3bbb3511f7d60934840f54216da4267227b2e0c9fc30ec6e,nxp-lpc40,mapping_candidate,not_verified
NXP,LPC4000 Series,LPC407x,LPC4072FET80,cmsis_device_name,LPC4072FET80,tcl/target/lpc40xx.cfg,"[""lpc2000""]",upstream-openocd,56b8d93fbe61a78dc903d770820d6d896b6d8134,Keil,LPC4000_DFP,2.2.2,https://www.keil.com/pack/Keil.LPC4000_DFP.pdsc,0cc10bc8a1e3a98d3bbb3511f7d60934840f54216da4267227b2e0c9fc30ec6e,nxp-lpc40,mapping_candidate,not_verified
NXP,LPC4000 Series,LPC407x,LPC4074FBD144,cmsis_device_name,LPC4074FBD144,tcl/target/lpc40xx.cfg,"[""lpc2000""]",upstream-openocd,56b8d93fbe61a78dc903d770820d6d896b6d8134,Keil,LPC4000_DFP,2.2.2,https://www.keil.com/pack/Keil.LPC4000_DFP.pdsc,0cc10bc8a1e3a98d3bbb3511f7d60934840f54216da4267227b2e0c9fc30ec6e,nxp-lpc40,mapping_candidate,not_verified
NXP,LPC4000 Series,LPC407x,LPC4074FBD80,cmsis_device_name,LPC4074FBD80,tcl/target/lpc40xx.cfg,"[""lpc2000""]",upstream-openocd,56b8d93fbe61a78dc903d770820d6d896b6d8134,Keil,LPC4000_DFP,2.2.2,https://www.keil.com/pack/Keil.LPC4000_DFP.pdsc,0cc10bc8a1e3a98d3bbb3511f7d60934840f54216da4267227b2e0c9fc30ec6e,nxp-lpc40,mapping_candidate,not_verified
NXP,LPC4000 Series,LPC407x,LPC4076FBD144,cmsis_device_name,LPC4076FBD144,tcl/target/lpc40xx.cfg,"[""lpc2000""]",upstream-openocd,56b8d93fbe61a78dc903d770820d6d896b6d8134,Keil,LPC4000_DFP,2.2.2,https://www.keil.com/pack/Keil.LPC4000_DFP.pdsc,0cc10bc8a1e3a98d3bbb3511f7d60934840f54216da4267227b2e0c9fc30ec6e,nxp-lpc40,mapping_candidate,not_verified
NXP,LPC4000 Series,LPC407x,LPC4076FET180,cmsis_device_name,LPC4076FET180,tcl/target/lpc40xx.cfg,"[""lpc2000""]",upstream-openocd,56b8d93fbe61a78dc903d770820d6d896b6d8134,Keil,LPC4000_DFP,2.2.2,https://www.keil.com/pack/Keil.LPC4000_DFP.pdsc,0cc10bc8a1e3a98d3bbb3511f7d60934840f54216da4267227b2e0c9fc30ec6e,nxp-lpc40,mapping_candidate,not_verified
NXP,LPC4000 Series,LPC407x,LPC4078FBD100,cmsis_device_name,LPC4078FBD100,tcl/target/lpc40xx.cfg,"[""lpc2000""]",upstream-openocd,56b8d93fbe61a78dc903d770820d6d896b6d8134,Keil,LPC4000_DFP,2.2.2,https://www.keil.com/pack/Keil.LPC4000_DFP.pdsc,0cc10bc8a1e3a98d3bbb3511f7d60934840f54216da4267227b2e0c9fc30ec6e,nxp-lpc40,mapping_candidate,not_verified
NXP,LPC4000 Series,LPC407x,LPC4078FBD144,cmsis_device_name,LPC4078FBD144,tcl/target/lpc40xx.cfg,"[""lpc2000""]",upstream-openocd,56b8d93fbe61a78dc903d770820d6d896b6d8134,Keil,LPC4000_DFP,2.2.2,https://www.keil.com/pack/Keil.LPC4000_DFP.pdsc,0cc10bc8a1e3a98d3bbb3511f7d60934840f54216da4267227b2e0c9fc30ec6e,nxp-lpc40,mapping_candidate,not_verified
NXP,LPC4000 Series,LPC407x,LPC4078FBD208,cmsis_device_name,LPC4078FBD208,tcl/target/lpc40xx.cfg,"[""lpc2000""]",upstream-openocd,56b8d93fbe61a78dc903d770820d6d896b6d8134,Keil,LPC4000_DFP,2.2.2,https://www.keil.com/pack/Keil.LPC4000_DFP.pdsc,0cc10bc8a1e3a98d3bbb3511f7d60934840f54216da4267227b2e0c9fc30ec6e,nxp-lpc40,mapping_candidate,not_verified
NXP,LPC4000 Series,LPC407x,LPC4078FBD80,cmsis_device_name,LPC4078FBD80,tcl/target/lpc40xx.cfg,"[""lpc2000""]",upstream-openocd,56b8d93fbe61a78dc903d770820d6d896b6d8134,Keil,LPC4000_DFP,2.2.2,https://www.keil.com/pack/Keil.LPC4000_DFP.pdsc,0cc10bc8a1e3a98d3bbb3511f7d60934840f54216da4267227b2e0c9fc30ec6e,nxp-lpc40,mapping_candidate,not_verified
NXP,LPC4000 Series,LPC407x,LPC4078FET180,cmsis_device_name,LPC4078FET180,tcl/target/lpc40xx.cfg,"[""lpc2000""]",upstream-openocd,56b8d93fbe61a78dc903d770820d6d896b6d8134,Keil,LPC4000_DFP,2.2.2,https://www.keil.com/pack/Keil.LPC4000_DFP.pdsc,0cc10bc8a1e3a98d3bbb3511f7d60934840f54216da4267227b2e0c9fc30ec6e,nxp-lpc40,mapping_candidate,not_verified
NXP,LPC4000 Series,LPC407x,LPC4078FET208,cmsis_device_name,LPC4078FET208,tcl/target/lpc40xx.cfg,"[""lpc2000""]",upstream-openocd,56b8d93fbe61a78dc903d770820d6d896b6d8134,Keil,LPC4000_DFP,2.2.2,https://www.keil.com/pack/Keil.LPC4000_DFP.pdsc,0cc10bc8a1e3a98d3bbb3511f7d60934840f54216da4267227b2e0c9fc30ec6e,nxp-lpc40,mapping_candidate,not_verified
NXP,LPC4000 Series,LPC408x,LPC4088FBD144,cmsis_device_name,LPC4088FBD144,tcl/target/lpc40xx.cfg,"[""lpc2000""]",upstream-openocd,56b8d93fbe61a78dc903d770820d6d896b6d8134,Keil,LPC4000_DFP,2.2.2,https://www.keil.com/pack/Keil.LPC4000_DFP.pdsc,0cc10bc8a1e3a98d3bbb3511f7d60934840f54216da4267227b2e0c9fc30ec6e,nxp-lpc40,mapping_candidate,not_verified
NXP,LPC4000 Series,LPC408x,LPC4088FBD208,cmsis_device_name,LPC4088FBD208,tcl/target/lpc40xx.cfg,"[""lpc2000""]",upstream-openocd,56b8d93fbe61a78dc903d770820d6d896b6d8134,Keil,LPC4000_DFP,2.2.2,https://www.keil.com/pack/Keil.LPC4000_DFP.pdsc,0cc10bc8a1e3a98d3bbb3511f7d60934840f54216da4267227b2e0c9fc30ec6e,nxp-lpc40,mapping_candidate,not_verified
NXP,LPC4000 Series,LPC408x,LPC4088FET180,cmsis_device_name,LPC4088FET180,tcl/target/lpc40xx.cfg,"[""lpc2000""]",upstream-openocd,56b8d93fbe61a78dc903d770820d6d896b6d8134,Keil,LPC4000_DFP,2.2.2,https://www.keil.com/pack/Keil.LPC4000_DFP.pdsc,0cc10bc8a1e3a98d3bbb3511f7d60934840f54216da4267227b2e0c9fc30ec6e,nxp-lpc40,mapping_candidate,not_verified
NXP,LPC4000 Series,LPC408x,LPC4088FET208,cmsis_device_name,LPC4088FET208,tcl/target/lpc40xx.cfg,"[""lpc2000""]",upstream-openocd,56b8d93fbe61a78dc903d770820d6d896b6d8134,Keil,LPC4000_DFP,2.2.2,https://www.keil.com/pack/Keil.LPC4000_DFP.pdsc,0cc10bc8a1e3a98d3bbb3511f7d60934840f54216da4267227b2e0c9fc30ec6e,nxp-lpc40,mapping_candidate,not_verified
NXP,LPC4300 Series,LPC435x,LPC4357,cmsis_device_name,LPC4357,tcl/target/lpc4357.cfg,"[""lpc2000""]",upstream-openocd,56b8d93fbe61a78dc903d770820d6d896b6d8134,Keil,LPC4300_DFP,2.10.2,https://www.keil.com/pack/Keil.LPC4300_DFP.pdsc,e9535d3c28a81da2c7c3b59c355fc234fd45bd58aa6ac301f8aebdd7e8fc5e03,nxp-lpc4357,mapping_candidate,not_verified
NXP,LPC800 Series,LPC802,LPC802M001JDH16,cmsis_device_name,LPC802M001JDH16,tcl/target/lpc8xx.cfg,"[""lpc2000""]",upstream-openocd,56b8d93fbe61a78dc903d770820d6d896b6d8134,Keil,LPC800_DFP,1.10.2,https://www.keil.com/pack/Keil.LPC800_DFP.pdsc,b5c8a113d1bd88387e21643c05de18ac7413a88be2a9859ac258a9cec02e53d1,nxp-lpc8,mapping_candidate,not_verified
NXP,LPC800 Series,LPC802,LPC802M001JDH20,cmsis_device_name,LPC802M001JDH20,tcl/target/lpc8xx.cfg,"[""lpc2000""]",upstream-openocd,56b8d93fbe61a78dc903d770820d6d896b6d8134,Keil,LPC800_DFP,1.10.2,https://www.keil.com/pack/Keil.LPC800_DFP.pdsc,b5c8a113d1bd88387e21643c05de18ac7413a88be2a9859ac258a9cec02e53d1,nxp-lpc8,mapping_candidate,not_verified
NXP,LPC800 Series,LPC802,LPC802M001JHI33,cmsis_device_name,LPC802M001JHI33,tcl/target/lpc8xx.cfg,"[""lpc2000""]",upstream-openocd,56b8d93fbe61a78dc903d770820d6d896b6d8134,Keil,LPC800_DFP,1.10.2,https://www.keil.com/pack/Keil.LPC800_DFP.pdsc,b5c8a113d1bd88387e21643c05de18ac7413a88be2a9859ac258a9cec02e53d1,nxp-lpc8,mapping_candidate,not_verified
NXP,LPC800 Series,LPC802,LPC802M011JDH20,cmsis_device_name,LPC802M011JDH20,tcl/target/lpc8xx.cfg,"[""lpc2000""]",upstream-openocd,56b8d93fbe61a78dc903d770820d6d896b6d8134,Keil,LPC800_DFP,1.10.2,https://www.keil.com/pack/Keil.LPC800_DFP.pdsc,b5c8a113d1bd88387e21643c05de18ac7413a88be2a9859ac258a9cec02e53d1,nxp-lpc8,mapping_candidate,not_verified
NXP,LPC800 Series,LPC804,LPC804M101JDH20,cmsis_device_name,LPC804M101JDH20,tcl/target/lpc8xx.cfg,"[""lpc2000""]",upstream-openocd,56b8d93fbe61a78dc903d770820d6d896b6d8134,Keil,LPC800_DFP,1.10.2,https://www.keil.com/pack/Keil.LPC800_DFP.pdsc,b5c8a113d1bd88387e21643c05de18ac7413a88be2a9859ac258a9cec02e53d1,nxp-lpc8,mapping_candidate,not_verified
NXP,LPC800 Series,LPC804,LPC804M101JDH24,cmsis_device_name,LPC804M101JDH24,tcl/target/lpc8xx.cfg,"[""lpc2000""]",upstream-openocd,56b8d93fbe61a78dc903d770820d6d896b6d8134,Keil,LPC800_DFP,1.10.2,https://www.keil.com/pack/Keil.LPC800_DFP.pdsc,b5c8a113d1bd88387e21643c05de18ac7413a88be2a9859ac258a9cec02e53d1,nxp-lpc8,mapping_candidate,not_verified
NXP,LPC800 Series,LPC804,LPC804M101JHI33,cmsis_device_name,LPC804M101JHI33,tcl/target/lpc8xx.cfg,"[""lpc2000""]",upstream-openocd,56b8d93fbe61a78dc903d770820d6d896b6d8134,Keil,LPC800_DFP,1.10.2,https://www.keil.com/pack/Keil.LPC800_DFP.pdsc,b5c8a113d1bd88387e21643c05de18ac7413a88be2a9859ac258a9cec02e53d1,nxp-lpc8,mapping_candidate,not_verified
NXP,LPC800 Series,LPC804,LPC804M111JDH24,cmsis_device_name,LPC804M111JDH24,tcl/target/lpc8xx.cfg,"[""lpc2000""]",upstream-openocd,56b8d93fbe61a78dc903d770820d6d896b6d8134,Keil,LPC800_DFP,1.10.2,https://www.keil.com/pack/Keil.LPC800_DFP.pdsc,b5c8a113d1bd88387e21643c05de18ac7413a88be2a9859ac258a9cec02e53d1,nxp-lpc8,mapping_candidate,not_verified
NXP,LPC800 Series,LPC81x,LPC810M021FN8,cmsis_device_name,LPC810M021FN8,tcl/target/lpc8xx.cfg,"[""lpc2000""]",upstream-openocd,56b8d93fbe61a78dc903d770820d6d896b6d8134,Keil,LPC800_DFP,1.10.2,https://www.keil.com/pack/Keil.LPC800_DFP.pdsc,b5c8a113d1bd88387e21643c05de18ac7413a88be2a9859ac258a9cec02e53d1,nxp-lpc8,mapping_candidate,not_verified
NXP,LPC800 Series,LPC81x,LPC811M001JDH16,cmsis_device_name,LPC811M001JDH16,tcl/target/lpc8xx.cfg,"[""lpc2000""]",upstream-openocd,56b8d93fbe61a78dc903d770820d6d896b6d8134,Keil,LPC800_DFP,1.10.2,https://www.keil.com/pack/Keil.LPC800_DFP.pdsc,b5c8a113d1bd88387e21643c05de18ac7413a88be2a9859ac258a9cec02e53d1,nxp-lpc8,mapping_candidate,not_verified
NXP,LPC800 Series,LPC81x,LPC812M101JD20,cmsis_device_name,LPC812M101JD20,tcl/target/lpc8xx.cfg,"[""lpc2000""]",upstream-openocd,56b8d93fbe61a78dc903d770820d6d896b6d8134,Keil,LPC800_DFP,1.10.2,https://www.keil.com/pack/Keil.LPC800_DFP.pdsc,b5c8a113d1bd88387e21643c05de18ac7413a88be2a9859ac258a9cec02e53d1,nxp-lpc8,mapping_candidate,not_verified
NXP,LPC800 Series,LPC81x,LPC812M101JDH16,cmsis_device_name,LPC812M101JDH16,tcl/target/lpc8xx.cfg,"[""lpc2000""]",upstream-openocd,56b8d93fbe61a78dc903d770820d6d896b6d8134,Keil,LPC800_DFP,1.10.2,https://www.keil.com/pack/Keil.LPC800_DFP.pdsc,b5c8a113d1bd88387e21643c05de18ac7413a88be2a9859ac258a9cec02e53d1,nxp-lpc8,mapping_candidate,not_verified
NXP,LPC800 Series,LPC81x,LPC812M101JDH20,cmsis_device_name,LPC812M101JDH20,tcl/target/lpc8xx.cfg,"[""lpc2000""]",upstream-openocd,56b8d93fbe61a78dc903d770820d6d896b6d8134,Keil,LPC800_DFP,1.10.2,https://www.keil.com/pack/Keil.LPC800_DFP.pdsc,b5c8a113d1bd88387e21643c05de18ac7413a88be2a9859ac258a9cec02e53d1,nxp-lpc8,mapping_candidate,not_verified
NXP,LPC800 Series,LPC81x,LPC812M101JTB16,cmsis_device_name,LPC812M101JTB16,tcl/target/lpc8xx.cfg,"[""lpc2000""]",upstream-openocd,56b8d93fbe61a78dc903d770820d6d896b6d8134,Keil,LPC800_DFP,1.10.2,https://www.keil.com/pack/Keil.LPC800_DFP.pdsc,b5c8a113d1bd88387e21643c05de18ac7413a88be2a9859ac258a9cec02e53d1,nxp-lpc8,mapping_candidate,not_verified
NXP,LPC800 Series,LPC82x,LPC822M101JDH20,cmsis_device_name,LPC822M101JDH20,tcl/target/lpc8xx.cfg,"[""lpc2000""]",upstream-openocd,56b8d93fbe61a78dc903d770820d6d896b6d8134,Keil,LPC800_DFP,1.10.2,https://www.keil.com/pack/Keil.LPC800_DFP.pdsc,b5c8a113d1bd88387e21643c05de18ac7413a88be2a9859ac258a9cec02e53d1,nxp-lpc8,mapping_candidate,not_verified
NXP,LPC800 Series,LPC82x,LPC822M101JHI33,cmsis_device_name,LPC822M101JHI33,tcl/target/lpc8xx.cfg,"[""lpc2000""]",upstream-openocd,56b8d93fbe61a78dc903d770820d6d896b6d8134,Keil,LPC800_DFP,1.10.2,https://www.keil.com/pack/Keil.LPC800_DFP.pdsc,b5c8a113d1bd88387e21643c05de18ac7413a88be2a9859ac258a9cec02e53d1,nxp-lpc8,mapping_candidate,not_verified
NXP,LPC800 Series,LPC82x,LPC824M201JDH20,cmsis_device_name,LPC824M201JDH20,tcl/target/lpc8xx.cfg,"[""lpc2000""]",upstream-openocd,56b8d93fbe61a78dc903d770820d6d896b6d8134,Keil,LPC800_DFP,1.10.2,https://www.keil.com/pack/Keil.LPC800_DFP.pdsc,b5c8a113d1bd88387e21643c05de18ac7413a88be2a9859ac258a9cec02e53d1,nxp-lpc8,mapping_candidate,not_verified
NXP,LPC800 Series,LPC82x,LPC824M201JHI33,cmsis_device_name,LPC824M201JHI33,tcl/target/lpc8xx.cfg,"[""lpc2000""]",upstream-openocd,56b8d93fbe61a78dc903d770820d6d896b6d8134,Keil,LPC800_DFP,1.10.2,https://www.keil.com/pack/Keil.LPC800_DFP.pdsc,b5c8a113d1bd88387e21643c05de18ac7413a88be2a9859ac258a9cec02e53d1,nxp-lpc8,mapping_candidate,not_verified
NXP,LPC800 Series,LPC83x,LPC832M101FDH20,cmsis_device_name,LPC832M101FDH20,tcl/target/lpc8xx.cfg,"[""lpc2000""]",upstream-openocd,56b8d93fbe61a78dc903d770820d6d896b6d8134,Keil,LPC800_DFP,1.10.2,https://www.keil.com/pack/Keil.LPC800_DFP.pdsc,b5c8a113d1bd88387e21643c05de18ac7413a88be2a9859ac258a9cec02e53d1,nxp-lpc8,mapping_candidate,not_verified
NXP,LPC800 Series,LPC83x,LPC834M101FHI33,cmsis_device_name,LPC834M101FHI33,tcl/target/lpc8xx.cfg,"[""lpc2000""]",upstream-openocd,56b8d93fbe61a78dc903d770820d6d896b6d8134,Keil,LPC800_DFP,1.10.2,https://www.keil.com/pack/Keil.LPC800_DFP.pdsc,b5c8a113d1bd88387e21643c05de18ac7413a88be2a9859ac258a9cec02e53d1,nxp-lpc8,mapping_candidate,not_verified
NXP,LPC8N04,,LPC8N04FHI24,cmsis_device_name,LPC8N04,tcl/target/lpc8nxx.cfg,"[""lpc2000""]",upstream-openocd,56b8d93fbe61a78dc903d770820d6d896b6d8134,NXP,LPC8N04_DFP,12.2.0,https://mcuxpresso.nxp.com/cmsis_pack/repo/NXP.LPC8N04_DFP.pdsc,0c899111f237df24b7ee3cecabd788d41710b82190d2f1e481c2199d82b8ce2a,nxp-lpc8n,mapping_candidate,not_verified
NXP,K40 Series,,MK40DN512xxx10,ordering_pattern,MK40DN512xxx10,tcl/target/k40.cfg,"[""kinetis""]",upstream-openocd,56b8d93fbe61a78dc903d770820d6d896b6d8134,Keil,Kinetis_K40_DFP,1.1.1,https://www.keil.com/pack/Keil.Kinetis_K40_DFP.pdsc,c19b289c04eda93407a57dac73e33c841bf4c45a2f79decd157242262eae5f93,nxp-k40,mapping_candidate,not_verified
NXP,K40 Series,,MK40DX128xxx10,ordering_pattern,MK40DX128xxx10,tcl/target/k40.cfg,"[""kinetis""]",upstream-openocd,56b8d93fbe61a78dc903d770820d6d896b6d8134,Keil,Kinetis_K40_DFP,1.1.1,https://www.keil.com/pack/Keil.Kinetis_K40_DFP.pdsc,c19b289c04eda93407a57dac73e33c841bf4c45a2f79decd157242262eae5f93,nxp-k40,mapping_candidate,not_verified
NXP,K40 Series,,MK40DX128xxx7,ordering_pattern,MK40DX128xxx7,tcl/target/k40.cfg,"[""kinetis""]",upstream-openocd,56b8d93fbe61a78dc903d770820d6d896b6d8134,Keil,Kinetis_K40_DFP,1.1.1,https://www.keil.com/pack/Keil.Kinetis_K40_DFP.pdsc,c19b289c04eda93407a57dac73e33c841bf4c45a2f79decd157242262eae5f93,nxp-k40,mapping_candidate,not_verified
NXP,K40 Series,,MK40DX256xxx10,ordering_pattern,MK40DX256xxx10,tcl/target/k40.cfg,"[""kinetis""]",upstream-openocd,56b8d93fbe61a78dc903d770820d6d896b6d8134,Keil,Kinetis_K40_DFP,1.1.1,https://www.keil.com/pack/Keil.Kinetis_K40_DFP.pdsc,c19b289c04eda93407a57dac73e33c841bf4c45a2f79decd157242262eae5f93,nxp-k40,mapping_candidate,not_verified
NXP,K40 Series,,MK40DX256xxx7,ordering_pattern,MK40DX256xxx7,tcl/target/k40.cfg,"[""kinetis""]",upstream-openocd,56b8d93fbe61a78dc903d770820d6d896b6d8134,Keil,Kinetis_K40_DFP,1.1.1,https://www.keil.com/pack/Keil.Kinetis_K40_DFP.pdsc,c19b289c04eda93407a57dac73e33c841bf4c45a2f79decd157242262eae5f93,nxp-k40,mapping_candidate,not_verified
NXP,K40 Series,,MK40DX64xxx7,ordering_pattern,MK40DX64xxx7,tcl/target/k40.cfg,"[""kinetis""]",upstream-openocd,56b8d93fbe61a78dc903d770820d6d896b6d8134,Keil,Kinetis_K40_DFP,1.1.1,https://www.keil.com/pack/Keil.Kinetis_K40_DFP.pdsc,c19b289c04eda93407a57dac73e33c841bf4c45a2f79decd157242262eae5f93,nxp-k40,mapping_candidate,not_verified
NXP,K60 Series,,MK60DN256xxx10,ordering_pattern,MK60DN256xxx10,tcl/target/k60.cfg,"[""kinetis""]",upstream-openocd,56b8d93fbe61a78dc903d770820d6d896b6d8134,Keil,Kinetis_K60_DFP,1.5.1,https://www.keil.com/pack/Keil.Kinetis_K60_DFP.pdsc,7981a155caff036fde73f4cd4ffb3f74c0008a06eaeb60f184b2d27e64cd81b6,nxp-k60,mapping_candidate,not_verified
NXP,K60 Series,,MK60DN512xxx10,ordering_pattern,MK60DN512xxx10,tcl/target/k60.cfg,"[""kinetis""]",upstream-openocd,56b8d93fbe61a78dc903d770820d6d896b6d8134,Keil,Kinetis_K60_DFP,1.5.1,https://www.keil.com/pack/Keil.Kinetis_K60_DFP.pdsc,7981a155caff036fde73f4cd4ffb3f74c0008a06eaeb60f184b2d27e64cd81b6,nxp-k60,mapping_candidate,not_verified
NXP,K60 Series,,MK60DX256xxx10,ordering_pattern,MK60DX256xxx10,tcl/target/k60.cfg,"[""kinetis""]",upstream-openocd,56b8d93fbe61a78dc903d770820d6d896b6d8134,Keil,Kinetis_K60_DFP,1.5.1,https://www.keil.com/pack/Keil.Kinetis_K60_DFP.pdsc,7981a155caff036fde73f4cd4ffb3f74c0008a06eaeb60f184b2d27e64cd81b6,nxp-k60,mapping_candidate,not_verified
NXP,K60 Series,,MK60FN1M0xxx12,ordering_pattern,MK60FN1M0xxx12,tcl/target/k60.cfg,"[""kinetis""]",upstream-openocd,56b8d93fbe61a78dc903d770820d6d896b6d8134,Keil,Kinetis_K60_DFP,1.5.1,https://www.keil.com/pack/Keil.Kinetis_K60_DFP.pdsc,7981a155caff036fde73f4cd4ffb3f74c0008a06eaeb60f184b2d27e64cd81b6,nxp-k60,mapping_candidate,not_verified
NXP,K60 Series,,MK60FN1M0xxx15,ordering_pattern,MK60FN1M0xxx15,tcl/target/k60.cfg,"[""kinetis""]",upstream-openocd,56b8d93fbe61a78dc903d770820d6d896b6d8134,Keil,Kinetis_K60_DFP,1.5.1,https://www.keil.com/pack/Keil.Kinetis_K60_DFP.pdsc,7981a155caff036fde73f4cd4ffb3f74c0008a06eaeb60f184b2d27e64cd81b6,nxp-k60,mapping_candidate,not_verified
NXP,K60 Series,,MK60FX512xxx12,ordering_pattern,MK60FX512xxx12,tcl/target/k60.cfg,"[""kinetis""]",upstream-openocd,56b8d93fbe61a78dc903d770820d6d896b6d8134,Keil,Kinetis_K60_DFP,1.5.1,https://www.keil.com/pack/Keil.Kinetis_K60_DFP.pdsc,7981a155caff036fde73f4cd4ffb3f74c0008a06eaeb60f184b2d27e64cd81b6,nxp-k60,mapping_candidate,not_verified
NXP,K60 Series,,MK60FX512xxx15,ordering_pattern,MK60FX512xxx15,tcl/target/k60.cfg,"[""kinetis""]",upstream-openocd,56b8d93fbe61a78dc903d770820d6d896b6d8134,Keil,Kinetis_K60_DFP,1.5.1,https://www.keil.com/pack/Keil.Kinetis_K60_DFP.pdsc,7981a155caff036fde73f4cd4ffb3f74c0008a06eaeb60f184b2d27e64cd81b6,nxp-k60,mapping_candidate,not_verified
NXP,KLxx Series,KL2x,MKL25Z128xxx4,ordering_pattern,MKL25Z128xxx4,tcl/target/kl25.cfg,"[""kinetis""]",upstream-openocd,56b8d93fbe61a78dc903d770820d6d896b6d8134,Keil,Kinetis_KLxx_DFP,1.15.1,https://www.keil.com/pack/Keil.Kinetis_KLxx_DFP.pdsc,e81d3358e24f2d230987aafe8dd30602041186f9d8a6f43c85ead4d7842bd0ab,nxp-kl25,mapping_candidate,not_verified
NXP,KLxx Series,KL2x,MKL25Z32xxx4,ordering_pattern,MKL25Z32xxx4,tcl/target/kl25.cfg,"[""kinetis""]",upstream-openocd,56b8d93fbe61a78dc903d770820d6d896b6d8134,Keil,Kinetis_KLxx_DFP,1.15.1,https://www.keil.com/pack/Keil.Kinetis_KLxx_DFP.pdsc,e81d3358e24f2d230987aafe8dd30602041186f9d8a6f43c85ead4d7842bd0ab,nxp-kl25,mapping_candidate,not_verified
NXP,KLxx Series,KL2x,MKL25Z64xxx4,ordering_pattern,MKL25Z64xxx4,tcl/target/kl25.cfg,"[""kinetis""]",upstream-openocd,56b8d93fbe61a78dc903d770820d6d896b6d8134,Keil,Kinetis_KLxx_DFP,1.15.1,https://www.keil.com/pack/Keil.Kinetis_KLxx_DFP.pdsc,e81d3358e24f2d230987aafe8dd30602041186f9d8a6f43c85ead4d7842bd0ab,nxp-kl25,mapping_candidate,not_verified
NXP,S32K Series,S32K11x,S32K116xxxxMFMx,ordering_pattern,S32K116,tcl/target/s32k.cfg,"[""kinetis""]",upstream-openocd,56b8d93fbe61a78dc903d770820d6d896b6d8134,Keil,S32K116_SDK_DFP,1.2.1,https://www.keil.com/pack/Keil.S32K116_SDK_DFP.pdsc,11c5a159c2254aa83f2d9cd5afde8156165d934061011ead76aa946ad1309a3b,nxp-s32k11,mapping_candidate,not_verified
NXP,S32K Series,S32K11x,S32K116xxxxMLFx,ordering_pattern,S32K116,tcl/target/s32k.cfg,"[""kinetis""]",upstream-openocd,56b8d93fbe61a78dc903d770820d6d896b6d8134,Keil,S32K116_SDK_DFP,1.2.1,https://www.keil.com/pack/Keil.S32K116_SDK_DFP.pdsc,11c5a159c2254aa83f2d9cd5afde8156165d934061011ead76aa946ad1309a3b,nxp-s32k11,mapping_candidate,not_verified
NXP,S32K Series,S32K11x,S32K116xxxxVFMx,ordering_pattern,S32K116,tcl/target/s32k.cfg,"[""kinetis""]",upstream-openocd,56b8d93fbe61a78dc903d770820d6d896b6d8134,Keil,S32K116_SDK_DFP,1.2.1,https://www.keil.com/pack/Keil.S32K116_SDK_DFP.pdsc,11c5a159c2254aa83f2d9cd5afde8156165d934061011ead76aa946ad1309a3b,nxp-s32k11,mapping_candidate,not_verified
NXP,S32K Series,S32K11x,S32K116xxxxVLFx,ordering_pattern,S32K116,tcl/target/s32k.cfg,"[""kinetis""]",upstream-openocd,56b8d93fbe61a78dc903d770820d6d896b6d8134,Keil,S32K116_SDK_DFP,1.2.1,https://www.keil.com/pack/Keil.S32K116_SDK_DFP.pdsc,11c5a159c2254aa83f2d9cd5afde8156165d934061011ead76aa946ad1309a3b,nxp-s32k11,mapping_candidate,not_verified
NXP,S32K Series,S32K11x,S32K118xxxxMLFx,ordering_pattern,S32K118,tcl/target/s32k.cfg,"[""kinetis""]",upstream-openocd,56b8d93fbe61a78dc903d770820d6d896b6d8134,Keil,S32K118_SDK_DFP,1.2.1,https://www.keil.com/pack/Keil.S32K118_SDK_DFP.pdsc,11c891080bf261925ab001bc785bf16c202f8edee3b7388598b7083ca81daa2f,nxp-s32k11,mapping_candidate,not_verified
NXP,S32K Series,S32K11x,S32K118xxxxMLHx,ordering_pattern,S32K118,tcl/target/s32k.cfg,"[""kinetis""]",upstream-openocd,56b8d93fbe61a78dc903d770820d6d896b6d8134,Keil,S32K118_SDK_DFP,1.2.1,https://www.keil.com/pack/Keil.S32K118_SDK_DFP.pdsc,11c891080bf261925ab001bc785bf16c202f8edee3b7388598b7083ca81daa2f,nxp-s32k11,mapping_candidate,not_verified
NXP,S32K Series,S32K11x,S32K118xxxxVLFx,ordering_pattern,S32K118,tcl/target/s32k.cfg,"[""kinetis""]",upstream-openocd,56b8d93fbe61a78dc903d770820d6d896b6d8134,Keil,S32K118_SDK_DFP,1.2.1,https://www.keil.com/pack/Keil.S32K118_SDK_DFP.pdsc,11c891080bf261925ab001bc785bf16c202f8edee3b7388598b7083ca81daa2f,nxp-s32k11,mapping_candidate,not_verified
NXP,S32K Series,S32K11x,S32K118xxxxVLHx,ordering_pattern,S32K118,tcl/target/s32k.cfg,"[""kinetis""]",upstream-openocd,56b8d93fbe61a78dc903d770820d6d896b6d8134,Keil,S32K118_SDK_DFP,1.2.1,https://www.keil.com/pack/Keil.S32K118_SDK_DFP.pdsc,11c891080bf261925ab001bc785bf16c202f8edee3b7388598b7083ca81daa2f,nxp-s32k11,mapping_candidate,not_verified
Nuvoton,NuMicro M4 Family,M433,M433LE8AE,cmsis_device_name,M433LE8AE,tcl/target/numicro_m4.cfg,"[""numicro""]",upstream-openocd,56b8d93fbe61a78dc903d770820d6d896b6d8134,Nuvoton,NuMicroM4_DFP,1.0.3,https://github.com/OpenNuvoton/cmsis-packs/raw/master/Nuvoton_DFP/Nuvoton.NuMicroM4_DFP.pdsc,3e7943a350a2e66c7022ec44b8ef3c5339dbfe47cf03576b9f56eabc3bfc428e,nuvoton-numicro-m4,mapping_candidate,not_verified
Nuvoton,NuMicro M4 Family,M433,M433SE8AE,cmsis_device_name,M433SE8AE,tcl/target/numicro_m4.cfg,"[""numicro""]",upstream-openocd,56b8d93fbe61a78dc903d770820d6d896b6d8134,Nuvoton,NuMicroM4_DFP,1.0.3,https://github.com/OpenNuvoton/cmsis-packs/raw/master/Nuvoton_DFP/Nuvoton.NuMicroM4_DFP.pdsc,3e7943a350a2e66c7022ec44b8ef3c5339dbfe47cf03576b9f56eabc3bfc428e,nuvoton-numicro-m4,mapping_candidate,not_verified
Nuvoton,NuMicro M4 Family,M451,M451LC3AE,cmsis_device_name,M451LC3AE,tcl/target/numicro_m4.cfg,"[""numicro""]",upstream-openocd,56b8d93fbe61a78dc903d770820d6d896b6d8134,Nuvoton,NuMicroM4_DFP,1.0.3,https://github.com/OpenNuvoton/cmsis-packs/raw/master/Nuvoton_DFP/Nuvoton.NuMicroM4_DFP.pdsc,3e7943a350a2e66c7022ec44b8ef3c5339dbfe47cf03576b9f56eabc3bfc428e,nuvoton-numicro-m4,mapping_candidate,not_verified
Nuvoton,NuMicro M4 Family,M451,M451LD3AE,cmsis_device_name,M451LD3AE,tcl/target/numicro_m4.cfg,"[""numicro""]",upstream-openocd,56b8d93fbe61a78dc903d770820d6d896b6d8134,Nuvoton,NuMicroM4_DFP,1.0.3,https://github.com/OpenNuvoton/cmsis-packs/raw/master/Nuvoton_DFP/Nuvoton.NuMicroM4_DFP.pdsc,3e7943a350a2e66c7022ec44b8ef3c5339dbfe47cf03576b9f56eabc3bfc428e,nuvoton-numicro-m4,mapping_candidate,not_verified
Nuvoton,NuMicro M4 Family,M451,M451LE6AE,cmsis_device_name,M451LE6AE,tcl/target/numicro_m4.cfg,"[""numicro""]",upstream-openocd,56b8d93fbe61a78dc903d770820d6d896b6d8134,Nuvoton,NuMicroM4_DFP,1.0.3,https://github.com/OpenNuvoton/cmsis-packs/raw/master/Nuvoton_DFP/Nuvoton.NuMicroM4_DFP.pdsc,3e7943a350a2e66c7022ec44b8ef3c5339dbfe47cf03576b9f56eabc3bfc428e,nuvoton-numicro-m4,mapping_candidate,not_verified
Nuvoton,NuMicro M4 Family,M451,M451LG6AE,cmsis_device_name,M451LG6AE,tcl/target/numicro_m4.cfg,"[""numicro""]",upstream-openocd,56b8d93fbe61a78dc903d770820d6d896b6d8134,Nuvoton,NuMicroM4_DFP,1.0.3,https://github.com/OpenNuvoton/cmsis-packs/raw/master/Nuvoton_DFP/Nuvoton.NuMicroM4_DFP.pdsc,3e7943a350a2e66c7022ec44b8ef3c5339dbfe47cf03576b9f56eabc3bfc428e,nuvoton-numicro-m4,mapping_candidate,not_verified
Nuvoton,NuMicro M4 Family,M451,M451MLC3AE,cmsis_device_name,M451MLC3AE,tcl/target/numicro_m4.cfg,"[""numicro""]",upstream-openocd,56b8d93fbe61a78dc903d770820d6d896b6d8134,Nuvoton,NuMicroM4_DFP,1.0.3,https://github.com/OpenNuvoton/cmsis-packs/raw/master/Nuvoton_DFP/Nuvoton.NuMicroM4_DFP.pdsc,3e7943a350a2e66c7022ec44b8ef3c5339dbfe47cf03576b9f56eabc3bfc428e,nuvoton-numicro-m4,mapping_candidate,not_verified
Nuvoton,NuMicro M4 Family,M451,M451MLD3AE,cmsis_device_name,M451MLD3AE,tcl/target/numicro_m4.cfg,"[""numicro""]",upstream-openocd,56b8d93fbe61a78dc903d770820d6d896b6d8134,Nuvoton,NuMicroM4_DFP,1.0.3,https://github.com/OpenNuvoton/cmsis-packs/raw/master/Nuvoton_DFP/Nuvoton.NuMicroM4_DFP.pdsc,3e7943a350a2e66c7022ec44b8ef3c5339dbfe47cf03576b9f56eabc3bfc428e,nuvoton-numicro-m4,mapping_candidate,not_verified
Nuvoton,NuMicro M4 Family,M451,M451MLE6AE,cmsis_device_name,M451MLE6AE,tcl/target/numicro_m4.cfg,"[""numicro""]",upstream-openocd,56b8d93fbe61a78dc903d770820d6d896b6d8134,Nuvoton,NuMicroM4_DFP,1.0.3,https://github.com/OpenNuvoton/cmsis-packs/raw/master/Nuvoton_DFP/Nuvoton.NuMicroM4_DFP.pdsc,3e7943a350a2e66c7022ec44b8ef3c5339dbfe47cf03576b9f56eabc3bfc428e,nuvoton-numicro-m4,mapping_candidate,not_verified
Nuvoton,NuMicro M4 Family,M451,M451MLG6AE,cmsis_device_name,M451MLG6AE,tcl/target/numicro_m4.cfg,"[""numicro""]",upstream-openocd,56b8d93fbe61a78dc903d770820d6d896b6d8134,Nuvoton,NuMicroM4_DFP,1.0.3,https://github.com/OpenNuvoton/cmsis-packs/raw/master/Nuvoton_DFP/Nuvoton.NuMicroM4_DFP.pdsc,3e7943a350a2e66c7022ec44b8ef3c5339dbfe47cf03576b9f56eabc3bfc428e,nuvoton-numicro-m4,mapping_candidate,not_verified
Nuvoton,NuMicro M4 Family,M451,M451MRC3AE,cmsis_device_name,M451MRC3AE,tcl/target/numicro_m4.cfg,"[""numicro""]",upstream-openocd,56b8d93fbe61a78dc903d770820d6d896b6d8134,Nuvoton,NuMicroM4_DFP,1.0.3,https://github.com/OpenNuvoton/cmsis-packs/raw/master/Nuvoton_DFP/Nuvoton.NuMicroM4_DFP.pdsc,3e7943a350a2e66c7022ec44b8ef3c5339dbfe47cf03576b9f56eabc3bfc428e,nuvoton-numicro-m4,mapping_candidate,not_verified
Nuvoton,NuMicro M4 Family,M451,M451MRD3AE,cmsis_device_name,M451MRD3AE,tcl/target/numicro_m4.cfg,"[""numicro""]",upstream-openocd,56b8d93fbe61a78dc903d770820d6d896b6d8134,Nuvoton,NuMicroM4_DFP,1.0.3,https://github.com/OpenNuvoton/cmsis-packs/raw/master/Nuvoton_DFP/Nuvoton.NuMicroM4_DFP.pdsc,3e7943a350a2e66c7022ec44b8ef3c5339dbfe47cf03576b9f56eabc3bfc428e,nuvoton-numicro-m4,mapping_candidate,not_verified
Nuvoton,NuMicro M4 Family,M451,M451MRE6AE,cmsis_device_name,M451MRE6AE,tcl/target/numicro_m4.cfg,"[""numicro""]",upstream-openocd,56b8d93fbe61a78dc903d770820d6d896b6d8134,Nuvoton,NuMicroM4_DFP,1.0.3,https://github.com/OpenNuvoton/cmsis-packs/raw/master/Nuvoton_DFP/Nuvoton.NuMicroM4_DFP.pdsc,3e7943a350a2e66c7022ec44b8ef3c5339dbfe47cf03576b9f56eabc3bfc428e,nuvoton-numicro-m4,mapping_candidate,not_verified
Nuvoton,NuMicro M4 Family,M451,M451MRG6AE,cmsis_device_name,M451MRG6AE,tcl/target/numicro_m4.cfg,"[""numicro""]",upstream-openocd,56b8d93fbe61a78dc903d770820d6d896b6d8134,Nuvoton,NuMicroM4_DFP,1.0.3,https://github.com/OpenNuvoton/cmsis-packs/raw/master/Nuvoton_DFP/Nuvoton.NuMicroM4_DFP.pdsc,3e7943a350a2e66c7022ec44b8ef3c5339dbfe47cf03576b9f56eabc3bfc428e,nuvoton-numicro-m4,mapping_candidate,not_verified
Nuvoton,NuMicro M4 Family,M451,M451MSC3AE,cmsis_device_name,M451MSC3AE,tcl/target/numicro_m4.cfg,"[""numicro""]",upstream-openocd,56b8d93fbe61a78dc903d770820d6d896b6d8134,Nuvoton,NuMicroM4_DFP,1.0.3,https://github.com/OpenNuvoton/cmsis-packs/raw/master/Nuvoton_DFP/Nuvoton.NuMicroM4_DFP.pdsc,3e7943a350a2e66c7022ec44b8ef3c5339dbfe47cf03576b9f56eabc3bfc428e,nuvoton-numicro-m4,mapping_candidate,not_verified
Nuvoton,NuMicro M4 Family,M451,M451MSD3AE,cmsis_device_name,M451MSD3AE,tcl/target/numicro_m4.cfg,"[""numicro""]",upstream-openocd,56b8d93fbe61a78dc903d770820d6d896b6d8134,Nuvoton,NuMicroM4_DFP,1.0.3,https://github.com/OpenNuvoton/cmsis-packs/raw/master/Nuvoton_DFP/Nuvoton.NuMicroM4_DFP.pdsc,3e7943a350a2e66c7022ec44b8ef3c5339dbfe47cf03576b9f56eabc3bfc428e,nuvoton-numicro-m4,mapping_candidate,not_verified
Nuvoton,NuMicro M4 Family,M451,M451RC3AE,cmsis_device_name,M451RC3AE,tcl/target/numicro_m4.cfg,"[""numicro""]",upstream-openocd,56b8d93fbe61a78dc903d770820d6d896b6d8134,Nuvoton,NuMicroM4_DFP,1.0.3,https://github.com/OpenNuvoton/cmsis-packs/raw/master/Nuvoton_DFP/Nuvoton.NuMicroM4_DFP.pdsc,3e7943a350a2e66c7022ec44b8ef3c5339dbfe47cf03576b9f56eabc3bfc428e,nuvoton-numicro-m4,mapping_candidate,not_verified
Nuvoton,NuMicro M4 Family,M451,M451RD3AE,cmsis_device_name,M451RD3AE,tcl/target/numicro_m4.cfg,"[""numicro""]",upstream-openocd,56b8d93fbe61a78dc903d770820d6d896b6d8134,Nuvoton,NuMicroM4_DFP,1.0.3,https://github.com/OpenNuvoton/cmsis-packs/raw/master/Nuvoton_DFP/Nuvoton.NuMicroM4_DFP.pdsc,3e7943a350a2e66c7022ec44b8ef3c5339dbfe47cf03576b9f56eabc3bfc428e,nuvoton-numicro-m4,mapping_candidate,not_verified
Nuvoton,NuMicro M4 Family,M451,M451RE6AE,cmsis_device_name,M451RE6AE,tcl/target/numicro_m4.cfg,"[""numicro""]",upstream-openocd,56b8d93fbe61a78dc903d770820d6d896b6d8134,Nuvoton,NuMicroM4_DFP,1.0.3,https://github.com/OpenNuvoton/cmsis-packs/raw/master/Nuvoton_DFP/Nuvoton.NuMicroM4_DFP.pdsc,3e7943a350a2e66c7022ec44b8ef3c5339dbfe47cf03576b9f56eabc3bfc428e,nuvoton-numicro-m4,mapping_candidate,not_verified
Nuvoton,NuMicro M4 Family,M451,M451RG6AE,cmsis_device_name,M451RG6AE,tcl/target/numicro_m4.cfg,"[""numicro""]",upstream-openocd,56b8d93fbe61a78dc903d770820d6d896b6d8134,Nuvoton,NuMicroM4_DFP,1.0.3,https://github.com/OpenNuvoton/cmsis-packs/raw/master/Nuvoton_DFP/Nuvoton.NuMicroM4_DFP.pdsc,3e7943a350a2e66c7022ec44b8ef3c5339dbfe47cf03576b9f56eabc3bfc428e,nuvoton-numicro-m4,mapping_candidate,not_verified
Nuvoton,NuMicro M4 Family,M451,M451SC3AE,cmsis_device_name,M451SC3AE,tcl/target/numicro_m4.cfg,"[""numicro""]",upstream-openocd,56b8d93fbe61a78dc903d770820d6d896b6d8134,Nuvoton,NuMicroM4_DFP,1.0.3,https://github.com/OpenNuvoton/cmsis-packs/raw/master/Nuvoton_DFP/Nuvoton.NuMicroM4_DFP.pdsc,3e7943a350a2e66c7022ec44b8ef3c5339dbfe47cf03576b9f56eabc3bfc428e,nuvoton-numicro-m4,mapping_candidate,not_verified
Nuvoton,NuMicro M4 Family,M451,M451SD3AE,cmsis_device_name,M451SD3AE,tcl/target/numicro_m4.cfg,"[""numicro""]",upstream-openocd,56b8d93fbe61a78dc903d770820d6d896b6d8134,Nuvoton,NuMicroM4_DFP,1.0.3,https://github.com/OpenNuvoton/cmsis-packs/raw/master/Nuvoton_DFP/Nuvoton.NuMicroM4_DFP.pdsc,3e7943a350a2e66c7022ec44b8ef3c5339dbfe47cf03576b9f56eabc3bfc428e,nuvoton-numicro-m4,mapping_candidate,not_verified
Nuvoton,NuMicro M4 Family,M451,M451VC3AE,cmsis_device_name,M451VC3AE,tcl/target/numicro_m4.cfg,"[""numicro""]",upstream-openocd,56b8d93fbe61a78dc903d770820d6d896b6d8134,Nuvoton,NuMicroM4_DFP,1.0.3,https://github.com/OpenNuvoton/cmsis-packs/raw/master/Nuvoton_DFP/Nuvoton.NuMicroM4_DFP.pdsc,3e7943a350a2e66c7022ec44b8ef3c5339dbfe47cf03576b9f56eabc3bfc428e,nuvoton-numicro-m4,mapping_candidate,not_verified
Nuvoton,NuMicro M4 Family,M451,M451VD3AE,cmsis_device_name,M451VD3AE,tcl/target/numicro_m4.cfg,"[""numicro""]",upstream-openocd,56b8d93fbe61a78dc903d770820d6d896b6d8134,Nuvoton,NuMicroM4_DFP,1.0.3,https://github.com/OpenNuvoton/cmsis-packs/raw/master/Nuvoton_DFP/Nuvoton.NuMicroM4_DFP.pdsc,3e7943a350a2e66c7022ec44b8ef3c5339dbfe47cf03576b9f56eabc3bfc428e,nuvoton-numicro-m4,mapping_candidate,not_verified
Nuvoton,NuMicro M4 Family,M451,M451VE6AE,cmsis_device_name,M451VE6AE,tcl/target/numicro_m4.cfg,"[""numicro""]",upstream-openocd,56b8d93fbe61a78dc903d770820d6d896b6d8134,Nuvoton,NuMicroM4_DFP,1.0.3,https://github.com/OpenNuvoton/cmsis-packs/raw/master/Nuvoton_DFP/Nuvoton.NuMicroM4_DFP.pdsc,3e7943a350a2e66c7022ec44b8ef3c5339dbfe47cf03576b9f56eabc3bfc428e,nuvoton-numicro-m4,mapping_candidate,not_verified
Nuvoton,NuMicro M4 Family,M451,M451VG6AE,cmsis_device_name,M451VG6AE,tcl/target/numicro_m4.cfg,"[""numicro""]",upstream-openocd,56b8d93fbe61a78dc903d770820d6d896b6d8134,Nuvoton,NuMicroM4_DFP,1.0.3,https://github.com/OpenNuvoton/cmsis-packs/raw/master/Nuvoton_DFP/Nuvoton.NuMicroM4_DFP.pdsc,3e7943a350a2e66c7022ec44b8ef3c5339dbfe47cf03576b9f56eabc3bfc428e,nuvoton-numicro-m4,mapping_candidate,not_verified
Nuvoton,NuMicro M4 Family,M451,M451YC3AE,cmsis_device_name,M451YC3AE,tcl/target/numicro_m4.cfg,"[""numicro""]",upstream-openocd,56b8d93fbe61a78dc903d770820d6d896b6d8134,Nuvoton,NuMicroM4_DFP,1.0.3,https://github.com/OpenNuvoton/cmsis-packs/raw/master/Nuvoton_DFP/Nuvoton.NuMicroM4_DFP.pdsc,3e7943a350a2e66c7022ec44b8ef3c5339dbfe47cf03576b9f56eabc3bfc428e,nuvoton-numicro-m4,mapping_candidate,not_verified
Nuvoton,NuMicro M4 Family,M451,M451YD3AE,cmsis_device_name,M451YD3AE,tcl/target/numicro_m4.cfg,"[""numicro""]",upstream-openocd,56b8d93fbe61a78dc903d770820d6d896b6d8134,Nuvoton,NuMicroM4_DFP,1.0.3,https://github.com/OpenNuvoton/cmsis-packs/raw/master/Nuvoton_DFP/Nuvoton.NuMicroM4_DFP.pdsc,3e7943a350a2e66c7022ec44b8ef3c5339dbfe47cf03576b9f56eabc3bfc428e,nuvoton-numicro-m4,mapping_candidate,not_verified
Nuvoton,NuMicro M4 Family,M4521,M4521LE6AE,cmsis_device_name,M4521LE6AE,tcl/target/numicro_m4.cfg,"[""numicro""]",upstream-openocd,56b8d93fbe61a78dc903d770820d6d896b6d8134,Nuvoton,NuMicroM4_DFP,1.0.3,https://github.com/OpenNuvoton/cmsis-packs/raw/master/Nuvoton_DFP/Nuvoton.NuMicroM4_DFP.pdsc,3e7943a350a2e66c7022ec44b8ef3c5339dbfe47cf03576b9f56eabc3bfc428e,nuvoton-numicro-m4,mapping_candidate,not_verified
Nuvoton,NuMicro M4 Family,M4521,M4521RE6AE,cmsis_device_name,M4521RE6AE,tcl/target/numicro_m4.cfg,"[""numicro""]",upstream-openocd,56b8d93fbe61a78dc903d770820d6d896b6d8134,Nuvoton,NuMicroM4_DFP,1.0.3,https://github.com/OpenNuvoton/cmsis-packs/raw/master/Nuvoton_DFP/Nuvoton.NuMicroM4_DFP.pdsc,3e7943a350a2e66c7022ec44b8ef3c5339dbfe47cf03576b9f56eabc3bfc428e,nuvoton-numicro-m4,mapping_candidate,not_verified
Nuvoton,NuMicro M4 Family,M4521,M4521SE6AE,cmsis_device_name,M4521SE6AE,tcl/target/numicro_m4.cfg,"[""numicro""]",upstream-openocd,56b8d93fbe61a78dc903d770820d6d896b6d8134,Nuvoton,NuMicroM4_DFP,1.0.3,https://github.com/OpenNuvoton/cmsis-packs/raw/master/Nuvoton_DFP/Nuvoton.NuMicroM4_DFP.pdsc,3e7943a350a2e66c7022ec44b8ef3c5339dbfe47cf03576b9f56eabc3bfc428e,nuvoton-numicro-m4,mapping_candidate,not_verified
Nuvoton,NuMicro M4 Family,M451,M452LC3AE,cmsis_device_name,M452LC3AE,tcl/target/numicro_m4.cfg,"[""numicro""]",upstream-openocd,56b8d93fbe61a78dc903d770820d6d896b6d8134,Nuvoton,NuMicroM4_DFP,1.0.3,https://github.com/OpenNuvoton/cmsis-packs/raw/master/Nuvoton_DFP/Nuvoton.NuMicroM4_DFP.pdsc,3e7943a350a2e66c7022ec44b8ef3c5339dbfe47cf03576b9f56eabc3bfc428e,nuvoton-numicro-m4,mapping_candidate,not_verified
Nuvoton,NuMicro M4 Family,M451,M452LD3AE,cmsis_device_name,M452LD3AE,tcl/target/numicro_m4.cfg,"[""numicro""]",upstream-openocd,56b8d93fbe61a78dc903d770820d6d896b6d8134,Nuvoton,NuMicroM4_DFP,1.0.3,https://github.com/OpenNuvoton/cmsis-packs/raw/master/Nuvoton_DFP/Nuvoton.NuMicroM4_DFP.pdsc,3e7943a350a2e66c7022ec44b8ef3c5339dbfe47cf03576b9f56eabc3bfc428e,nuvoton-numicro-m4,mapping_candidate,not_verified
Nuvoton,NuMicro M4 Family,M451,M452LE6AE,cmsis_device_name,M452LE6AE,tcl/target/numicro_m4.cfg,"[""numicro""]",upstream-openocd,56b8d93fbe61a78dc903d770820d6d896b6d8134,Nuvoton,NuMicroM4_DFP,1.0.3,https://github.com/OpenNuvoton/cmsis-packs/raw/master/Nuvoton_DFP/Nuvoton.NuMicroM4_DFP.pdsc,3e7943a350a2e66c7022ec44b8ef3c5339dbfe47cf03576b9f56eabc3bfc428e,nuvoton-numicro-m4,mapping_candidate,not_verified
Nuvoton,NuMicro M4 Family,M451,M452LG6AE,cmsis_device_name,M452LG6AE,tcl/target/numicro_m4.cfg,"[""numicro""]",upstream-openocd,56b8d93fbe61a78dc903d770820d6d896b6d8134,Nuvoton,NuMicroM4_DFP,1.0.3,https://github.com/OpenNuvoton/cmsis-packs/raw/master/Nuvoton_DFP/Nuvoton.NuMicroM4_DFP.pdsc,3e7943a350a2e66c7022ec44b8ef3c5339dbfe47cf03576b9f56eabc3bfc428e,nuvoton-numicro-m4,mapping_candidate,not_verified
Nuvoton,NuMicro M4 Family,M451,M452RC3AE,cmsis_device_name,M452RC3AE,tcl/target/numicro_m4.cfg,"[""numicro""]",upstream-openocd,56b8d93fbe61a78dc903d770820d6d896b6d8134,Nuvoton,NuMicroM4_DFP,1.0.3,https://github.com/OpenNuvoton/cmsis-packs/raw/master/Nuvoton_DFP/Nuvoton.NuMicroM4_DFP.pdsc,3e7943a350a2e66c7022ec44b8ef3c5339dbfe47cf03576b9f56eabc3bfc428e,nuvoton-numicro-m4,mapping_candidate,not_verified
Nuvoton,NuMicro M4 Family,M451,M452RD3AE,cmsis_device_name,M452RD3AE,tcl/target/numicro_m4.cfg,"[""numicro""]",upstream-openocd,56b8d93fbe61a78dc903d770820d6d896b6d8134,Nuvoton,NuMicroM4_DFP,1.0.3,https://github.com/OpenNuvoton/cmsis-packs/raw/master/Nuvoton_DFP/Nuvoton.NuMicroM4_DFP.pdsc,3e7943a350a2e66c7022ec44b8ef3c5339dbfe47cf03576b9f56eabc3bfc428e,nuvoton-numicro-m4,mapping_candidate,not_verified
Nuvoton,NuMicro M4 Family,M451,M452RE6AE,cmsis_device_name,M452RE6AE,tcl/target/numicro_m4.cfg,"[""numicro""]",upstream-openocd,56b8d93fbe61a78dc903d770820d6d896b6d8134,Nuvoton,NuMicroM4_DFP,1.0.3,https://github.com/OpenNuvoton/cmsis-packs/raw/master/Nuvoton_DFP/Nuvoton.NuMicroM4_DFP.pdsc,3e7943a350a2e66c7022ec44b8ef3c5339dbfe47cf03576b9f56eabc3bfc428e,nuvoton-numicro-m4,mapping_candidate,not_verified
Nuvoton,NuMicro M4 Family,M451,M452RG6AE,cmsis_device_name,M452RG6AE,tcl/target/numicro_m4.cfg,"[""numicro""]",upstream-openocd,56b8d93fbe61a78dc903d770820d6d896b6d8134,Nuvoton,NuMicroM4_DFP,1.0.3,https://github.com/OpenNuvoton/cmsis-packs/raw/master/Nuvoton_DFP/Nuvoton.NuMicroM4_DFP.pdsc,3e7943a350a2e66c7022ec44b8ef3c5339dbfe47cf03576b9f56eabc3bfc428e,nuvoton-numicro-m4,mapping_candidate,not_verified
Nuvoton,NuMicro M4 Family,M451,M452SC3AE,cmsis_device_name,M452SC3AE,tcl/target/numicro_m4.cfg,"[""numicro""]",upstream-openocd,56b8d93fbe61a78dc903d770820d6d896b6d8134,Nuvoton,NuMicroM4_DFP,1.0.3,https://github.com/OpenNuvoton/cmsis-packs/raw/master/Nuvoton_DFP/Nuvoton.NuMicroM4_DFP.pdsc,3e7943a350a2e66c7022ec44b8ef3c5339dbfe47cf03576b9f56eabc3bfc428e,nuvoton-numicro-m4,mapping_candidate,not_verified
Nuvoton,NuMicro M4 Family,M451,M452SD3AE,cmsis_device_name,M452SD3AE,tcl/target/numicro_m4.cfg,"[""numicro""]",upstream-openocd,56b8d93fbe61a78dc903d770820d6d896b6d8134,Nuvoton,NuMicroM4_DFP,1.0.3,https://github.com/OpenNuvoton/cmsis-packs/raw/master/Nuvoton_DFP/Nuvoton.NuMicroM4_DFP.pdsc,3e7943a350a2e66c7022ec44b8ef3c5339dbfe47cf03576b9f56eabc3bfc428e,nuvoton-numicro-m4,mapping_candidate,not_verified
Nuvoton,NuMicro M4 Family,M451,M452VC3AE,cmsis_device_name,M452VC3AE,tcl/target/numicro_m4.cfg,"[""numicro""]",upstream-openocd,56b8d93fbe61a78dc903d770820d6d896b6d8134,Nuvoton,NuMicroM4_DFP,1.0.3,https://github.com/OpenNuvoton/cmsis-packs/raw/master/Nuvoton_DFP/Nuvoton.NuMicroM4_DFP.pdsc,3e7943a350a2e66c7022ec44b8ef3c5339dbfe47cf03576b9f56eabc3bfc428e,nuvoton-numicro-m4,mapping_candidate,not_verified
Nuvoton,NuMicro M4 Family,M451,M452VD3AE,cmsis_device_name,M452VD3AE,tcl/target/numicro_m4.cfg,"[""numicro""]",upstream-openocd,56b8d93fbe61a78dc903d770820d6d896b6d8134,Nuvoton,NuMicroM4_DFP,1.0.3,https://github.com/OpenNuvoton/cmsis-packs/raw/master/Nuvoton_DFP/Nuvoton.NuMicroM4_DFP.pdsc,3e7943a350a2e66c7022ec44b8ef3c5339dbfe47cf03576b9f56eabc3bfc428e,nuvoton-numicro-m4,mapping_candidate,not_verified
Nuvoton,NuMicro M4 Family,M451,M452VE6AE,cmsis_device_name,M452VE6AE,tcl/target/numicro_m4.cfg,"[""numicro""]",upstream-openocd,56b8d93fbe61a78dc903d770820d6d896b6d8134,Nuvoton,NuMicroM4_DFP,1.0.3,https://github.com/OpenNuvoton/cmsis-packs/raw/master/Nuvoton_DFP/Nuvoton.NuMicroM4_DFP.pdsc,3e7943a350a2e66c7022ec44b8ef3c5339dbfe47cf03576b9f56eabc3bfc428e,nuvoton-numicro-m4,mapping_candidate,not_verified
Nuvoton,NuMicro M4 Family,M451,M452VG6AE,cmsis_device_name,M452VG6AE,tcl/target/numicro_m4.cfg,"[""numicro""]",upstream-openocd,56b8d93fbe61a78dc903d770820d6d896b6d8134,Nuvoton,NuMicroM4_DFP,1.0.3,https://github.com/OpenNuvoton/cmsis-packs/raw/master/Nuvoton_DFP/Nuvoton.NuMicroM4_DFP.pdsc,3e7943a350a2e66c7022ec44b8ef3c5339dbfe47cf03576b9f56eabc3bfc428e,nuvoton-numicro-m4,mapping_candidate,not_verified
Nuvoton,NuMicro M4 Family,M451,M452YC3AE,cmsis_device_name,M452YC3AE,tcl/target/numicro_m4.cfg,"[""numicro""]",upstream-openocd,56b8d93fbe61a78dc903d770820d6d896b6d8134,Nuvoton,NuMicroM4_DFP,1.0.3,https://github.com/OpenNuvoton/cmsis-packs/raw/master/Nuvoton_DFP/Nuvoton.NuMicroM4_DFP.pdsc,3e7943a350a2e66c7022ec44b8ef3c5339dbfe47cf03576b9f56eabc3bfc428e,nuvoton-numicro-m4,mapping_candidate,not_verified
Nuvoton,NuMicro M4 Family,M451,M452YD3AE,cmsis_device_name,M452YD3AE,tcl/target/numicro_m4.cfg,"[""numicro""]",upstream-openocd,56b8d93fbe61a78dc903d770820d6d896b6d8134,Nuvoton,NuMicroM4_DFP,1.0.3,https://github.com/OpenNuvoton/cmsis-packs/raw/master/Nuvoton_DFP/Nuvoton.NuMicroM4_DFP.pdsc,3e7943a350a2e66c7022ec44b8ef3c5339dbfe47cf03576b9f56eabc3bfc428e,nuvoton-numicro-m4,mapping_candidate,not_verified
Nuvoton,NuMicro M4 Family,M451,M453LC3AE,cmsis_device_name,M453LC3AE,tcl/target/numicro_m4.cfg,"[""numicro""]",upstream-openocd,56b8d93fbe61a78dc903d770820d6d896b6d8134,Nuvoton,NuMicroM4_DFP,1.0.3,https://github.com/OpenNuvoton/cmsis-packs/raw/master/Nuvoton_DFP/Nuvoton.NuMicroM4_DFP.pdsc,3e7943a350a2e66c7022ec44b8ef3c5339dbfe47cf03576b9f56eabc3bfc428e,nuvoton-numicro-m4,mapping_candidate,not_verified
Nuvoton,NuMicro M4 Family,M451,M453LD3AE,cmsis_device_name,M453LD3AE,tcl/target/numicro_m4.cfg,"[""numicro""]",upstream-openocd,56b8d93fbe61a78dc903d770820d6d896b6d8134,Nuvoton,NuMicroM4_DFP,1.0.3,https://github.com/OpenNuvoton/cmsis-packs/raw/master/Nuvoton_DFP/Nuvoton.NuMicroM4_DFP.pdsc,3e7943a350a2e66c7022ec44b8ef3c5339dbfe47cf03576b9f56eabc3bfc428e,nuvoton-numicro-m4,mapping_candidate,not_verified
Nuvoton,NuMicro M4 Family,M451,M453LE6AE,cmsis_device_name,M453LE6AE,tcl/target/numicro_m4.cfg,"[""numicro""]",upstream-openocd,56b8d93fbe61a78dc903d770820d6d896b6d8134,Nuvoton,NuMicroM4_DFP,1.0.3,https://github.com/OpenNuvoton/cmsis-packs/raw/master/Nuvoton_DFP/Nuvoton.NuMicroM4_DFP.pdsc,3e7943a350a2e66c7022ec44b8ef3c5339dbfe47cf03576b9f56eabc3bfc428e,nuvoton-numicro-m4,mapping_candidate,not_verified
Nuvoton,NuMicro M4 Family,M451,M453LG6AE,cmsis_device_name,M453LG6AE,tcl/target/numicro_m4.cfg,"[""numicro""]",upstream-openocd,56b8d93fbe61a78dc903d770820d6d896b6d8134,Nuvoton,NuMicroM4_DFP,1.0.3,https://github.com/OpenNuvoton/cmsis-packs/raw/master/Nuvoton_DFP/Nuvoton.NuMicroM4_DFP.pdsc,3e7943a350a2e66c7022ec44b8ef3c5339dbfe47cf03576b9f56eabc3bfc428e,nuvoton-numicro-m4,mapping_candidate,not_verified
Nuvoton,NuMicro M4 Family,M451,M453RC3AE,cmsis_device_name,M453RC3AE,tcl/target/numicro_m4.cfg,"[""numicro""]",upstream-openocd,56b8d93fbe61a78dc903d770820d6d896b6d8134,Nuvoton,NuMicroM4_DFP,1.0.3,https://github.com/OpenNuvoton/cmsis-packs/raw/master/Nuvoton_DFP/Nuvoton.NuMicroM4_DFP.pdsc,3e7943a350a2e66c7022ec44b8ef3c5339dbfe47cf03576b9f56eabc3bfc428e,nuvoton-numicro-m4,mapping_candidate,not_verified
Nuvoton,NuMicro M4 Family,M451,M453RD3AE,cmsis_device_name,M453RD3AE,tcl/target/numicro_m4.cfg,"[""numicro""]",upstream-openocd,56b8d93fbe61a78dc903d770820d6d896b6d8134,Nuvoton,NuMicroM4_DFP,1.0.3,https://github.com/OpenNuvoton/cmsis-packs/raw/master/Nuvoton_DFP/Nuvoton.NuMicroM4_DFP.pdsc,3e7943a350a2e66c7022ec44b8ef3c5339dbfe47cf03576b9f56eabc3bfc428e,nuvoton-numicro-m4,mapping_candidate,not_verified
Nuvoton,NuMicro M4 Family,M451,M453RE6AE,cmsis_device_name,M453RE6AE,tcl/target/numicro_m4.cfg,"[""numicro""]",upstream-openocd,56b8d93fbe61a78dc903d770820d6d896b6d8134,Nuvoton,NuMicroM4_DFP,1.0.3,https://github.com/OpenNuvoton/cmsis-packs/raw/master/Nuvoton_DFP/Nuvoton.NuMicroM4_DFP.pdsc,3e7943a350a2e66c7022ec44b8ef3c5339dbfe47cf03576b9f56eabc3bfc428e,nuvoton-numicro-m4,mapping_candidate,not_verified
Nuvoton,NuMicro M4 Family,M451,M453RG6AE,cmsis_device_name,M453RG6AE,tcl/target/numicro_m4.cfg,"[""numicro""]",upstream-openocd,56b8d93fbe61a78dc903d770820d6d896b6d8134,Nuvoton,NuMicroM4_DFP,1.0.3,https://github.com/OpenNuvoton/cmsis-packs/raw/master/Nuvoton_DFP/Nuvoton.NuMicroM4_DFP.pdsc,3e7943a350a2e66c7022ec44b8ef3c5339dbfe47cf03576b9f56eabc3bfc428e,nuvoton-numicro-m4,mapping_candidate,not_verified
Nuvoton,NuMicro M4 Family,M451,M453SC3AE,cmsis_device_name,M453SC3AE,tcl/target/numicro_m4.cfg,"[""numicro""]",upstream-openocd,56b8d93fbe61a78dc903d770820d6d896b6d8134,Nuvoton,NuMicroM4_DFP,1.0.3,https://github.com/OpenNuvoton/cmsis-packs/raw/master/Nuvoton_DFP/Nuvoton.NuMicroM4_DFP.pdsc,3e7943a350a2e66c7022ec44b8ef3c5339dbfe47cf03576b9f56eabc3bfc428e,nuvoton-numicro-m4,mapping_candidate,not_verified
Nuvoton,NuMicro M4 Family,M451,M453SD3AE,cmsis_device_name,M453SD3AE,tcl/target/numicro_m4.cfg,"[""numicro""]",upstream-openocd,56b8d93fbe61a78dc903d770820d6d896b6d8134,Nuvoton,NuMicroM4_DFP,1.0.3,https://github.com/OpenNuvoton/cmsis-packs/raw/master/Nuvoton_DFP/Nuvoton.NuMicroM4_DFP.pdsc,3e7943a350a2e66c7022ec44b8ef3c5339dbfe47cf03576b9f56eabc3bfc428e,nuvoton-numicro-m4,mapping_candidate,not_verified
Nuvoton,NuMicro M4 Family,M451,M453VC3AE,cmsis_device_name,M453VC3AE,tcl/target/numicro_m4.cfg,"[""numicro""]",upstream-openocd,56b8d93fbe61a78dc903d770820d6d896b6d8134,Nuvoton,NuMicroM4_DFP,1.0.3,https://github.com/OpenNuvoton/cmsis-packs/raw/master/Nuvoton_DFP/Nuvoton.NuMicroM4_DFP.pdsc,3e7943a350a2e66c7022ec44b8ef3c5339dbfe47cf03576b9f56eabc3bfc428e,nuvoton-numicro-m4,mapping_candidate,not_verified
Nuvoton,NuMicro M4 Family,M451,M453VD3AE,cmsis_device_name,M453VD3AE,tcl/target/numicro_m4.cfg,"[""numicro""]",upstream-openocd,56b8d93fbe61a78dc903d770820d6d896b6d8134,Nuvoton,NuMicroM4_DFP,1.0.3,https://github.com/OpenNuvoton/cmsis-packs/raw/master/Nuvoton_DFP/Nuvoton.NuMicroM4_DFP.pdsc,3e7943a350a2e66c7022ec44b8ef3c5339dbfe47cf03576b9f56eabc3bfc428e,nuvoton-numicro-m4,mapping_candidate,not_verified
Nuvoton,NuMicro M4 Family,M451,M453VE6AE,cmsis_device_name,M453VE6AE,tcl/target/numicro_m4.cfg,"[""numicro""]",upstream-openocd,56b8d93fbe61a78dc903d770820d6d896b6d8134,Nuvoton,NuMicroM4_DFP,1.0.3,https://github.com/OpenNuvoton/cmsis-packs/raw/master/Nuvoton_DFP/Nuvoton.NuMicroM4_DFP.pdsc,3e7943a350a2e66c7022ec44b8ef3c5339dbfe47cf03576b9f56eabc3bfc428e,nuvoton-numicro-m4,mapping_candidate,not_verified
Nuvoton,NuMicro M4 Family,M451,M453VG6AE,cmsis_device_name,M453VG6AE,tcl/target/numicro_m4.cfg,"[""numicro""]",upstream-openocd,56b8d93fbe61a78dc903d770820d6d896b6d8134,Nuvoton,NuMicroM4_DFP,1.0.3,https://github.com/OpenNuvoton/cmsis-packs/raw/master/Nuvoton_DFP/Nuvoton.NuMicroM4_DFP.pdsc,3e7943a350a2e66c7022ec44b8ef3c5339dbfe47cf03576b9f56eabc3bfc428e,nuvoton-numicro-m4,mapping_candidate,not_verified
Nuvoton,NuMicro M4 Family,M451,M453YC3AE,cmsis_device_name,M453YC3AE,tcl/target/numicro_m4.cfg,"[""numicro""]",upstream-openocd,56b8d93fbe61a78dc903d770820d6d896b6d8134,Nuvoton,NuMicroM4_DFP,1.0.3,https://github.com/OpenNuvoton/cmsis-packs/raw/master/Nuvoton_DFP/Nuvoton.NuMicroM4_DFP.pdsc,3e7943a350a2e66c7022ec44b8ef3c5339dbfe47cf03576b9f56eabc3bfc428e,nuvoton-numicro-m4,mapping_candidate,not_verified
Nuvoton,NuMicro M4 Family,M451,M453YD3AE,cmsis_device_name,M453YD3AE,tcl/target/numicro_m4.cfg,"[""numicro""]",upstream-openocd,56b8d93fbe61a78dc903d770820d6d896b6d8134,Nuvoton,NuMicroM4_DFP,1.0.3,https://github.com/OpenNuvoton/cmsis-packs/raw/master/Nuvoton_DFP/Nuvoton.NuMicroM4_DFP.pdsc,3e7943a350a2e66c7022ec44b8ef3c5339dbfe47cf03576b9f56eabc3bfc428e,nuvoton-numicro-m4,mapping_candidate,not_verified
Nuvoton,NuMicro M4 Family,M460,M460KGCAE,cmsis_device_name,M460KGCAE,tcl/target/numicro_m4.cfg,"[""numicro""]",upstream-openocd,56b8d93fbe61a78dc903d770820d6d896b6d8134,Nuvoton,NuMicroM4_DFP,1.0.3,https://github.com/OpenNuvoton/cmsis-packs/raw/master/Nuvoton_DFP/Nuvoton.NuMicroM4_DFP.pdsc,3e7943a350a2e66c7022ec44b8ef3c5339dbfe47cf03576b9f56eabc3bfc428e,nuvoton-numicro-m4,mapping_candidate,not_verified
Nuvoton,NuMicro M4 Family,M460,M460LGCAE,cmsis_device_name,M460LGCAE,tcl/target/numicro_m4.cfg,"[""numicro""]",upstream-openocd,56b8d93fbe61a78dc903d770820d6d896b6d8134,Nuvoton,NuMicroM4_DFP,1.0.3,https://github.com/OpenNuvoton/cmsis-packs/raw/master/Nuvoton_DFP/Nuvoton.NuMicroM4_DFP.pdsc,3e7943a350a2e66c7022ec44b8ef3c5339dbfe47cf03576b9f56eabc3bfc428e,nuvoton-numicro-m4,mapping_candidate,not_verified
Nuvoton,NuMicro M4 Family,M460,M460SGCAE,cmsis_device_name,M460SGCAE,tcl/target/numicro_m4.cfg,"[""numicro""]",upstream-openocd,56b8d93fbe61a78dc903d770820d6d896b6d8134,Nuvoton,NuMicroM4_DFP,1.0.3,https://github.com/OpenNuvoton/cmsis-packs/raw/master/Nuvoton_DFP/Nuvoton.NuMicroM4_DFP.pdsc,3e7943a350a2e66c7022ec44b8ef3c5339dbfe47cf03576b9f56eabc3bfc428e,nuvoton-numicro-m4,mapping_candidate,not_verified
Nuvoton,NuMicro M4 Family,M460,M460YGCAE,cmsis_device_name,M460YGCAE,tcl/target/numicro_m4.cfg,"[""numicro""]",upstream-openocd,56b8d93fbe61a78dc903d770820d6d896b6d8134,Nuvoton,NuMicroM4_DFP,1.0.3,https://github.com/OpenNuvoton/cmsis-packs/raw/master/Nuvoton_DFP/Nuvoton.NuMicroM4_DFP.pdsc,3e7943a350a2e66c7022ec44b8ef3c5339dbfe47cf03576b9f56eabc3bfc428e,nuvoton-numicro-m4,mapping_candidate,not_verified
Nuvoton,NuMicro M4 Family,M460,M463K2GCAC,cmsis_device_name,M463K2GCAC,tcl/target/numicro_m4.cfg,"[""numicro""]",upstream-openocd,56b8d93fbe61a78dc903d770820d6d896b6d8134,Nuvoton,NuMicroM4_DFP,1.0.3,https://github.com/OpenNuvoton/cmsis-packs/raw/master/Nuvoton_DFP/Nuvoton.NuMicroM4_DFP.pdsc,3e7943a350a2e66c7022ec44b8ef3c5339dbfe47cf03576b9f56eabc3bfc428e,nuvoton-numicro-m4,mapping_candidate,not_verified
Nuvoton,NuMicro M4 Family,M460,M463KGCAE,cmsis_device_name,M463KGCAE,tcl/target/numicro_m4.cfg,"[""numicro""]",upstream-openocd,56b8d93fbe61a78dc903d770820d6d896b6d8134,Nuvoton,NuMicroM4_DFP,1.0.3,https://github.com/OpenNuvoton/cmsis-packs/raw/master/Nuvoton_DFP/Nuvoton.NuMicroM4_DFP.pdsc,3e7943a350a2e66c7022ec44b8ef3c5339dbfe47cf03576b9f56eabc3bfc428e,nuvoton-numicro-m4,mapping_candidate,not_verified
Nuvoton,NuMicro M4 Family,M460,M463L2GCAC,cmsis_device_name,M463L2GCAC,tcl/target/numicro_m4.cfg,"[""numicro""]",upstream-openocd,56b8d93fbe61a78dc903d770820d6d896b6d8134,Nuvoton,NuMicroM4_DFP,1.0.3,https://github.com/OpenNuvoton/cmsis-packs/raw/master/Nuvoton_DFP/Nuvoton.NuMicroM4_DFP.pdsc,3e7943a350a2e66c7022ec44b8ef3c5339dbfe47cf03576b9f56eabc3bfc428e,nuvoton-numicro-m4,mapping_candidate,not_verified
Nuvoton,NuMicro M4 Family,M460,M463LGCAE,cmsis_device_name,M463LGCAE,tcl/target/numicro_m4.cfg,"[""numicro""]",upstream-openocd,56b8d93fbe61a78dc903d770820d6d896b6d8134,Nuvoton,NuMicroM4_DFP,1.0.3,https://github.com/OpenNuvoton/cmsis-packs/raw/master/Nuvoton_DFP/Nuvoton.NuMicroM4_DFP.pdsc,3e7943a350a2e66c7022ec44b8ef3c5339dbfe47cf03576b9f56eabc3bfc428e,nuvoton-numicro-m4,mapping_candidate,not_verified
Nuvoton,NuMicro M4 Family,M460,M463S2GCAC,cmsis_device_name,M463S2GCAC,tcl/target/numicro_m4.cfg,"[""numicro""]",upstream-openocd,56b8d93fbe61a78dc903d770820d6d896b6d8134,Nuvoton,NuMicroM4_DFP,1.0.3,https://github.com/OpenNuvoton/cmsis-packs/raw/master/Nuvoton_DFP/Nuvoton.NuMicroM4_DFP.pdsc,3e7943a350a2e66c7022ec44b8ef3c5339dbfe47cf03576b9f56eabc3bfc428e,nuvoton-numicro-m4,mapping_candidate,not_verified
Nuvoton,NuMicro M4 Family,M460,M463SGCAE,cmsis_device_name,M463SGCAE,tcl/target/numicro_m4.cfg,"[""numicro""]",upstream-openocd,56b8d93fbe61a78dc903d770820d6d896b6d8134,Nuvoton,NuMicroM4_DFP,1.0.3,https://github.com/OpenNuvoton/cmsis-packs/raw/master/Nuvoton_DFP/Nuvoton.NuMicroM4_DFP.pdsc,3e7943a350a2e66c7022ec44b8ef3c5339dbfe47cf03576b9f56eabc3bfc428e,nuvoton-numicro-m4,mapping_candidate,not_verified
Nuvoton,NuMicro M4 Family,M460,M463VGCAE,cmsis_device_name,M463VGCAE,tcl/target/numicro_m4.cfg,"[""numicro""]",upstream-openocd,56b8d93fbe61a78dc903d770820d6d896b6d8134,Nuvoton,NuMicroM4_DFP,1.0.3,https://github.com/OpenNuvoton/cmsis-packs/raw/master/Nuvoton_DFP/Nuvoton.NuMicroM4_DFP.pdsc,3e7943a350a2e66c7022ec44b8ef3c5339dbfe47cf03576b9f56eabc3bfc428e,nuvoton-numicro-m4,mapping_candidate,not_verified
Nuvoton,NuMicro M4 Family,M460,M463YGCAE,cmsis_device_name,M463YGCAE,tcl/target/numicro_m4.cfg,"[""numicro""]",upstream-openocd,56b8d93fbe61a78dc903d770820d6d896b6d8134,Nuvoton,NuMicroM4_DFP,1.0.3,https://github.com/OpenNuvoton/cmsis-packs/raw/master/Nuvoton_DFP/Nuvoton.NuMicroM4_DFP.pdsc,3e7943a350a2e66c7022ec44b8ef3c5339dbfe47cf03576b9f56eabc3bfc428e,nuvoton-numicro-m4,mapping_candidate,not_verified
Nuvoton,NuMicro M4 Family,M460,M467H2JHAE,cmsis_device_name,M467H2JHAE,tcl/target/numicro_m4.cfg,"[""numicro""]",upstream-openocd,56b8d93fbe61a78dc903d770820d6d896b6d8134,Nuvoton,NuMicroM4_DFP,1.0.3,https://github.com/OpenNuvoton/cmsis-packs/raw/master/Nuvoton_DFP/Nuvoton.NuMicroM4_DFP.pdsc,3e7943a350a2e66c7022ec44b8ef3c5339dbfe47cf03576b9f56eabc3bfc428e,nuvoton-numicro-m4,mapping_candidate,not_verified
Nuvoton,NuMicro M4 Family,M460,M467H3JJHAE,cmsis_device_name,M467H3JJHAE,tcl/target/numicro_m4.cfg,"[""numicro""]",upstream-openocd,56b8d93fbe61a78dc903d770820d6d896b6d8134,Nuvoton,NuMicroM4_DFP,1.0.3,https://github.com/OpenNuvoton/cmsis-packs/raw/master/Nuvoton_DFP/Nuvoton.NuMicroM4_DFP.pdsc,3e7943a350a2e66c7022ec44b8ef3c5339dbfe47cf03576b9f56eabc3bfc428e,nuvoton-numicro-m4,mapping_candidate,not_verified
Nuvoton,NuMicro M4 Family,M460,M467H3KJHAE,cmsis_device_name,M467H3KJHAE,tcl/target/numicro_m4.cfg,"[""numicro""]",upstream-openocd,56b8d93fbe61a78dc903d770820d6d896b6d8134,Nuvoton,NuMicroM4_DFP,1.0.3,https://github.com/OpenNuvoton/cmsis-packs/raw/master/Nuvoton_DFP/Nuvoton.NuMicroM4_DFP.pdsc,3e7943a350a2e66c7022ec44b8ef3c5339dbfe47cf03576b9f56eabc3bfc428e,nuvoton-numicro-m4,mapping_candidate,not_verified
Nuvoton,NuMicro M4 Family,M460,M467HJHAE,cmsis_device_name,M467HJHAE,tcl/target/numicro_m4.cfg,"[""numicro""]",upstream-openocd,56b8d93fbe61a78dc903d770820d6d896b6d8134,Nuvoton,NuMicroM4_DFP,1.0.3,https://github.com/OpenNuvoton/cmsis-packs/raw/master/Nuvoton_DFP/Nuvoton.NuMicroM4_DFP.pdsc,3e7943a350a2e66c7022ec44b8ef3c5339dbfe47cf03576b9f56eabc3bfc428e,nuvoton-numicro-m4,mapping_candidate,not_verified
Nuvoton,NuMicro M4 Family,M460,M467HJHAN,cmsis_device_name,M467HJHAN,tcl/target/numicro_m4.cfg,"[""numicro""]",upstream-openocd,56b8d93fbe61a78dc903d770820d6d896b6d8134,Nuvoton,NuMicroM4_DFP,1.0.3,https://github.com/OpenNuvoton/cmsis-packs/raw/master/Nuvoton_DFP/Nuvoton.NuMicroM4_DFP.pdsc,3e7943a350a2e66c7022ec44b8ef3c5339dbfe47cf03576b9f56eabc3bfc428e,nuvoton-numicro-m4,mapping_candidate,not_verified
Nuvoton,NuMicro M4 Family,M460,M467J2JHAE,cmsis_device_name,M467J2JHAE,tcl/target/numicro_m4.cfg,"[""numicro""]",upstream-openocd,56b8d93fbe61a78dc903d770820d6d896b6d8134,Nuvoton,NuMicroM4_DFP,1.0.3,https://github.com/OpenNuvoton/cmsis-packs/raw/master/Nuvoton_DFP/Nuvoton.NuMicroM4_DFP.pdsc,3e7943a350a2e66c7022ec44b8ef3c5339dbfe47cf03576b9f56eabc3bfc428e,nuvoton-numicro-m4,mapping_candidate,not_verified
Nuvoton,NuMicro M4 Family,M460,M467JJHAE,cmsis_device_name,M467JJHAE,tcl/target/numicro_m4.cfg,"[""numicro""]",upstream-openocd,56b8d93fbe61a78dc903d770820d6d896b6d8134,Nuvoton,NuMicroM4_DFP,1.0.3,https://github.com/OpenNuvoton/cmsis-packs/raw/master/Nuvoton_DFP/Nuvoton.NuMicroM4_DFP.pdsc,3e7943a350a2e66c7022ec44b8ef3c5339dbfe47cf03576b9f56eabc3bfc428e,nuvoton-numicro-m4,mapping_candidate,not_verified
Nuvoton,NuMicro M4 Family,M460,M467JJHAN,cmsis_device_name,M467JJHAN,tcl/target/numicro_m4.cfg,"[""numicro""]",upstream-openocd,56b8d93fbe61a78dc903d770820d6d896b6d8134,Nuvoton,NuMicroM4_DFP,1.0.3,https://github.com/OpenNuvoton/cmsis-packs/raw/master/Nuvoton_DFP/Nuvoton.NuMicroM4_DFP.pdsc,3e7943a350a2e66c7022ec44b8ef3c5339dbfe47cf03576b9f56eabc3bfc428e,nuvoton-numicro-m4,mapping_candidate,not_verified
Nuvoton,NuMicro M4 Family,M460,M467K2JHAE,cmsis_device_name,M467K2JHAE,tcl/target/numicro_m4.cfg,"[""numicro""]",upstream-openocd,56b8d93fbe61a78dc903d770820d6d896b6d8134,Nuvoton,NuMicroM4_DFP,1.0.3,https://github.com/OpenNuvoton/cmsis-packs/raw/master/Nuvoton_DFP/Nuvoton.NuMicroM4_DFP.pdsc,3e7943a350a2e66c7022ec44b8ef3c5339dbfe47cf03576b9f56eabc3bfc428e,nuvoton-numicro-m4,mapping_candidate,not_verified
Nuvoton,NuMicro M4 Family,M460,M467KJHAE,cmsis_device_name,M467KJHAE,tcl/target/numicro_m4.cfg,"[""numicro""]",upstream-openocd,56b8d93fbe61a78dc903d770820d6d896b6d8134,Nuvoton,NuMicroM4_DFP,1.0.3,https://github.com/OpenNuvoton/cmsis-packs/raw/master/Nuvoton_DFP/Nuvoton.NuMicroM4_DFP.pdsc,3e7943a350a2e66c7022ec44b8ef3c5339dbfe47cf03576b9f56eabc3bfc428e,nuvoton-numicro-m4,mapping_candidate,not_verified
Nuvoton,NuMicro M4 Family,M460,M467KJHAN,cmsis_device_name,M467KJHAN,tcl/target/numicro_m4.cfg,"[""numicro""]",upstream-openocd,56b8d93fbe61a78dc903d770820d6d896b6d8134,Nuvoton,NuMicroM4_DFP,1.0.3,https://github.com/OpenNuvoton/cmsis-packs/raw/master/Nuvoton_DFP/Nuvoton.NuMicroM4_DFP.pdsc,3e7943a350a2e66c7022ec44b8ef3c5339dbfe47cf03576b9f56eabc3bfc428e,nuvoton-numicro-m4,mapping_candidate,not_verified
Nuvoton,NuMicro M4 Family,M460,M467S2JHAE,cmsis_device_name,M467S2JHAE,tcl/target/numicro_m4.cfg,"[""numicro""]",upstream-openocd,56b8d93fbe61a78dc903d770820d6d896b6d8134,Nuvoton,NuMicroM4_DFP,1.0.3,https://github.com/OpenNuvoton/cmsis-packs/raw/master/Nuvoton_DFP/Nuvoton.NuMicroM4_DFP.pdsc,3e7943a350a2e66c7022ec44b8ef3c5339dbfe47cf03576b9f56eabc3bfc428e,nuvoton-numicro-m4,mapping_candidate,not_verified
Nuvoton,NuMicro M4 Family,M460,M467SJHAE,cmsis_device_name,M467SJHAE,tcl/target/numicro_m4.cfg,"[""numicro""]",upstream-openocd,56b8d93fbe61a78dc903d770820d6d896b6d8134,Nuvoton,NuMicroM4_DFP,1.0.3,https://github.com/OpenNuvoton/cmsis-packs/raw/master/Nuvoton_DFP/Nuvoton.NuMicroM4_DFP.pdsc,3e7943a350a2e66c7022ec44b8ef3c5339dbfe47cf03576b9f56eabc3bfc428e,nuvoton-numicro-m4,mapping_candidate,not_verified
Nuvoton,NuMicro M4 Family,M460,M467SJHAN,cmsis_device_name,M467SJHAN,tcl/target/numicro_m4.cfg,"[""numicro""]",upstream-openocd,56b8d93fbe61a78dc903d770820d6d896b6d8134,Nuvoton,NuMicroM4_DFP,1.0.3,https://github.com/OpenNuvoton/cmsis-packs/raw/master/Nuvoton_DFP/Nuvoton.NuMicroM4_DFP.pdsc,3e7943a350a2e66c7022ec44b8ef3c5339dbfe47cf03576b9f56eabc3bfc428e,nuvoton-numicro-m4,mapping_candidate,not_verified
Nuvoton,NuMicro M4 Family,M471,M471CI8AE,cmsis_device_name,M471CI8AE,tcl/target/numicro_m4.cfg,"[""numicro""]",upstream-openocd,56b8d93fbe61a78dc903d770820d6d896b6d8134,Nuvoton,NuMicroM4_DFP,1.0.3,https://github.com/OpenNuvoton/cmsis-packs/raw/master/Nuvoton_DFP/Nuvoton.NuMicroM4_DFP.pdsc,3e7943a350a2e66c7022ec44b8ef3c5339dbfe47cf03576b9f56eabc3bfc428e,nuvoton-numicro-m4,mapping_candidate,not_verified
Nuvoton,NuMicro M4 Family,M471,M471KI8AE,cmsis_device_name,M471KI8AE,tcl/target/numicro_m4.cfg,"[""numicro""]",upstream-openocd,56b8d93fbe61a78dc903d770820d6d896b6d8134,Nuvoton,NuMicroM4_DFP,1.0.3,https://github.com/OpenNuvoton/cmsis-packs/raw/master/Nuvoton_DFP/Nuvoton.NuMicroM4_DFP.pdsc,3e7943a350a2e66c7022ec44b8ef3c5339dbfe47cf03576b9f56eabc3bfc428e,nuvoton-numicro-m4,mapping_candidate,not_verified
Nuvoton,NuMicro M4 Family,M471M_R1_S,M471MD6AE,cmsis_device_name,M471MD6AE,tcl/target/numicro_m4.cfg,"[""numicro""]",upstream-openocd,56b8d93fbe61a78dc903d770820d6d896b6d8134,Nuvoton,NuMicroM4_DFP,1.0.3,https://github.com/OpenNuvoton/cmsis-packs/raw/master/Nuvoton_DFP/Nuvoton.NuMicroM4_DFP.pdsc,3e7943a350a2e66c7022ec44b8ef3c5339dbfe47cf03576b9f56eabc3bfc428e,nuvoton-numicro-m4,mapping_candidate,not_verified
Nuvoton,NuMicro M4 Family,M471M_R1_S,M471R1D6AE,cmsis_device_name,M471R1D6AE,tcl/target/numicro_m4.cfg,"[""numicro""]",upstream-openocd,56b8d93fbe61a78dc903d770820d6d896b6d8134,Nuvoton,NuMicroM4_DFP,1.0.3,https://github.com/OpenNuvoton/cmsis-packs/raw/master/Nuvoton_DFP/Nuvoton.NuMicroM4_DFP.pdsc,3e7943a350a2e66c7022ec44b8ef3c5339dbfe47cf03576b9f56eabc3bfc428e,nuvoton-numicro-m4,mapping_candidate,not_verified
Nuvoton,NuMicro M4 Family,M471M_R1_S,M471R1E6AE,cmsis_device_name,M471R1E6AE,tcl/target/numicro_m4.cfg,"[""numicro""]",upstream-openocd,56b8d93fbe61a78dc903d770820d6d896b6d8134,Nuvoton,NuMicroM4_DFP,1.0.3,https://github.com/OpenNuvoton/cmsis-packs/raw/master/Nuvoton_DFP/Nuvoton.NuMicroM4_DFP.pdsc,3e7943a350a2e66c7022ec44b8ef3c5339dbfe47cf03576b9f56eabc3bfc428e,nuvoton-numicro-m4,mapping_candidate,not_verified
Nuvoton,NuMicro M4 Family,M471M_R1_S,M471SD6AE,cmsis_device_name,M471SD6AE,tcl/target/numicro_m4.cfg,"[""numicro""]",upstream-openocd,56b8d93fbe61a78dc903d770820d6d896b6d8134,Nuvoton,NuMicroM4_DFP,1.0.3,https://github.com/OpenNuvoton/cmsis-packs/raw/master/Nuvoton_DFP/Nuvoton.NuMicroM4_DFP.pdsc,3e7943a350a2e66c7022ec44b8ef3c5339dbfe47cf03576b9f56eabc3bfc428e,nuvoton-numicro-m4,mapping_candidate,not_verified
Nuvoton,NuMicro M4 Family,M471M_R1_S,M471SE6AE,cmsis_device_name,M471SE6AE,tcl/target/numicro_m4.cfg,"[""numicro""]",upstream-openocd,56b8d93fbe61a78dc903d770820d6d896b6d8134,Nuvoton,NuMicroM4_DFP,1.0.3,https://github.com/OpenNuvoton/cmsis-packs/raw/master/Nuvoton_DFP/Nuvoton.NuMicroM4_DFP.pdsc,3e7943a350a2e66c7022ec44b8ef3c5339dbfe47cf03576b9f56eabc3bfc428e,nuvoton-numicro-m4,mapping_candidate,not_verified
Nuvoton,NuMicro M4 Family,M471,M471VG7AE,cmsis_device_name,M471VG7AE,tcl/target/numicro_m4.cfg,"[""numicro""]",upstream-openocd,56b8d93fbe61a78dc903d770820d6d896b6d8134,Nuvoton,NuMicroM4_DFP,1.0.3,https://github.com/OpenNuvoton/cmsis-packs/raw/master/Nuvoton_DFP/Nuvoton.NuMicroM4_DFP.pdsc,3e7943a350a2e66c7022ec44b8ef3c5339dbfe47cf03576b9f56eabc3bfc428e,nuvoton-numicro-m4,mapping_candidate,not_verified
Nuvoton,NuMicro M4 Family,M471,M471VG8AE,cmsis_device_name,M471VG8AE,tcl/target/numicro_m4.cfg,"[""numicro""]",upstream-openocd,56b8d93fbe61a78dc903d770820d6d896b6d8134,Nuvoton,NuMicroM4_DFP,1.0.3,https://github.com/OpenNuvoton/cmsis-packs/raw/master/Nuvoton_DFP/Nuvoton.NuMicroM4_DFP.pdsc,3e7943a350a2e66c7022ec44b8ef3c5339dbfe47cf03576b9f56eabc3bfc428e,nuvoton-numicro-m4,mapping_candidate,not_verified
Nuvoton,NuMicro M4 Family,M471,M471VI8AE,cmsis_device_name,M471VI8AE,tcl/target/numicro_m4.cfg,"[""numicro""]",upstream-openocd,56b8d93fbe61a78dc903d770820d6d896b6d8134,Nuvoton,NuMicroM4_DFP,1.0.3,https://github.com/OpenNuvoton/cmsis-packs/raw/master/Nuvoton_DFP/Nuvoton.NuMicroM4_DFP.pdsc,3e7943a350a2e66c7022ec44b8ef3c5339dbfe47cf03576b9f56eabc3bfc428e,nuvoton-numicro-m4,mapping_candidate,not_verified
Nuvoton,NuMicro M4 Family,M479,M479LG8AEE,cmsis_device_name,M479LG8AEE,tcl/target/numicro_m4.cfg,"[""numicro""]",upstream-openocd,56b8d93fbe61a78dc903d770820d6d896b6d8134,Nuvoton,NuMicroM4_DFP,1.0.3,https://github.com/OpenNuvoton/cmsis-packs/raw/master/Nuvoton_DFP/Nuvoton.NuMicroM4_DFP.pdsc,3e7943a350a2e66c7022ec44b8ef3c5339dbfe47cf03576b9f56eabc3bfc428e,nuvoton-numicro-m4,mapping_candidate,not_verified
Nuvoton,NuMicro M4 Family,M479,M479NG8AEE,cmsis_device_name,M479NG8AEE,tcl/target/numicro_m4.cfg,"[""numicro""]",upstream-openocd,56b8d93fbe61a78dc903d770820d6d896b6d8134,Nuvoton,NuMicroM4_DFP,1.0.3,https://github.com/OpenNuvoton/cmsis-packs/raw/master/Nuvoton_DFP/Nuvoton.NuMicroM4_DFP.pdsc,3e7943a350a2e66c7022ec44b8ef3c5339dbfe47cf03576b9f56eabc3bfc428e,nuvoton-numicro-m4,mapping_candidate,not_verified
Nuvoton,NuMicro M4 Family,M479,M479SG8AEE,cmsis_device_name,M479SG8AEE,tcl/target/numicro_m4.cfg,"[""numicro""]",upstream-openocd,56b8d93fbe61a78dc903d770820d6d896b6d8134,Nuvoton,NuMicroM4_DFP,1.0.3,https://github.com/OpenNuvoton/cmsis-packs/raw/master/Nuvoton_DFP/Nuvoton.NuMicroM4_DFP.pdsc,3e7943a350a2e66c7022ec44b8ef3c5339dbfe47cf03576b9f56eabc3bfc428e,nuvoton-numicro-m4,mapping_candidate,not_verified
Nuvoton,NuMicro M4 Family,M480,M481LE8AE,cmsis_device_name,M481LE8AE,tcl/target/numicro_m4.cfg,"[""numicro""]",upstream-openocd,56b8d93fbe61a78dc903d770820d6d896b6d8134,Nuvoton,NuMicroM4_DFP,1.0.3,https://github.com/OpenNuvoton/cmsis-packs/raw/master/Nuvoton_DFP/Nuvoton.NuMicroM4_DFP.pdsc,3e7943a350a2e66c7022ec44b8ef3c5339dbfe47cf03576b9f56eabc3bfc428e,nuvoton-numicro-m4,mapping_candidate,not_verified
Nuvoton,NuMicro M4 Family,M480,M481LG8AE,cmsis_device_name,M481LG8AE,tcl/target/numicro_m4.cfg,"[""numicro""]",upstream-openocd,56b8d93fbe61a78dc903d770820d6d896b6d8134,Nuvoton,NuMicroM4_DFP,1.0.3,https://github.com/OpenNuvoton/cmsis-packs/raw/master/Nuvoton_DFP/Nuvoton.NuMicroM4_DFP.pdsc,3e7943a350a2e66c7022ec44b8ef3c5339dbfe47cf03576b9f56eabc3bfc428e,nuvoton-numicro-m4,mapping_candidate,not_verified
Nuvoton,NuMicro M4 Family,M480,M481LGAAE,cmsis_device_name,M481LGAAE,tcl/target/numicro_m4.cfg,"[""numicro""]",upstream-openocd,56b8d93fbe61a78dc903d770820d6d896b6d8134,Nuvoton,NuMicroM4_DFP,1.0.3,https://github.com/OpenNuvoton/cmsis-packs/raw/master/Nuvoton_DFP/Nuvoton.NuMicroM4_DFP.pdsc,3e7943a350a2e66c7022ec44b8ef3c5339dbfe47cf03576b9f56eabc3bfc428e,nuvoton-numicro-m4,mapping_candidate,not_verified
Nuvoton,NuMicro M4 Family,M480,M481LGCAE,cmsis_device_name,M481LGCAE,tcl/target/numicro_m4.cfg,"[""numicro""]",upstream-openocd,56b8d93fbe61a78dc903d770820d6d896b6d8134,Nuvoton,NuMicroM4_DFP,1.0.3,https://github.com/OpenNuvoton/cmsis-packs/raw/master/Nuvoton_DFP/Nuvoton.NuMicroM4_DFP.pdsc,3e7943a350a2e66c7022ec44b8ef3c5339dbfe47cf03576b9f56eabc3bfc428e,nuvoton-numicro-m4,mapping_candidate,not_verified
Nuvoton,NuMicro M4 Family,M480,M481LGCAEU,cmsis_device_name,M481LGCAEU,tcl/target/numicro_m4.cfg,"[""numicro""]",upstream-openocd,56b8d93fbe61a78dc903d770820d6d896b6d8134,Nuvoton,NuMicroM4_DFP,1.0.3,https://github.com/OpenNuvoton/cmsis-packs/raw/master/Nuvoton_DFP/Nuvoton.NuMicroM4_DFP.pdsc,3e7943a350a2e66c7022ec44b8ef3c5339dbfe47cf03576b9f56eabc3bfc428e,nuvoton-numicro-m4,mapping_candidate,not_verified
Nuvoton,NuMicro M4 Family,M480,M481LIDAE,cmsis_device_name,M481LIDAE,tcl/target/numicro_m4.cfg,"[""numicro""]",upstream-openocd,56b8d93fbe61a78dc903d770820d6d896b6d8134,Nuvoton,NuMicroM4_DFP,1.0.3,https://github.com/OpenNuvoton/cmsis-packs/raw/master/Nuvoton_DFP/Nuvoton.NuMicroM4_DFP.pdsc,3e7943a350a2e66c7022ec44b8ef3c5339dbfe47cf03576b9f56eabc3bfc428e,nuvoton-numicro-m4,mapping_candidate,not_verified
Nuvoton,NuMicro M4 Family,M480,M481SE8AE,cmsis_device_name,M481SE8AE,tcl/target/numicro_m4.cfg,"[""numicro""]",upstream-openocd,56b8d93fbe61a78dc903d770820d6d896b6d8134,Nuvoton,NuMicroM4_DFP,1.0.3,https://github.com/OpenNuvoton/cmsis-packs/raw/master/Nuvoton_DFP/Nuvoton.NuMicroM4_DFP.pdsc,3e7943a350a2e66c7022ec44b8ef3c5339dbfe47cf03576b9f56eabc3bfc428e,nuvoton-numicro-m4,mapping_candidate,not_verified
Nuvoton,NuMicro M4 Family,M480,M481SG8AE,cmsis_device_name,M481SG8AE,tcl/target/numicro_m4.cfg,"[""numicro""]",upstream-openocd,56b8d93fbe61a78dc903d770820d6d896b6d8134,Nuvoton,NuMicroM4_DFP,1.0.3,https://github.com/OpenNuvoton/cmsis-packs/raw/master/Nuvoton_DFP/Nuvoton.NuMicroM4_DFP.pdsc,3e7943a350a2e66c7022ec44b8ef3c5339dbfe47cf03576b9f56eabc3bfc428e,nuvoton-numicro-m4,mapping_candidate,not_verified
Nuvoton,NuMicro M4 Family,M480,M481SG8AE2A,cmsis_device_name,M481SG8AE2A,tcl/target/numicro_m4.cfg,"[""numicro""]",upstream-openocd,56b8d93fbe61a78dc903d770820d6d896b6d8134,Nuvoton,NuMicroM4_DFP,1.0.3,https://github.com/OpenNuvoton/cmsis-packs/raw/master/Nuvoton_DFP/Nuvoton.NuMicroM4_DFP.pdsc,3e7943a350a2e66c7022ec44b8ef3c5339dbfe47cf03576b9f56eabc3bfc428e,nuvoton-numicro-m4,mapping_candidate,not_verified
Nuvoton,NuMicro M4 Family,M480,M481SGAAE,cmsis_device_name,M481SGAAE,tcl/target/numicro_m4.cfg,"[""numicro""]",upstream-openocd,56b8d93fbe61a78dc903d770820d6d896b6d8134,Nuvoton,NuMicroM4_DFP,1.0.3,https://github.com/OpenNuvoton/cmsis-packs/raw/master/Nuvoton_DFP/Nuvoton.NuMicroM4_DFP.pdsc,3e7943a350a2e66c7022ec44b8ef3c5339dbfe47cf03576b9f56eabc3bfc428e,nuvoton-numicro-m4,mapping_candidate,not_verified
Nuvoton,NuMicro M4 Family,M480,M481SGCAE,cmsis_device_name,M481SGCAE,tcl/target/numicro_m4.cfg,"[""numicro""]",upstream-openocd,56b8d93fbe61a78dc903d770820d6d896b6d8134,Nuvoton,NuMicroM4_DFP,1.0.3,https://github.com/OpenNuvoton/cmsis-packs/raw/master/Nuvoton_DFP/Nuvoton.NuMicroM4_DFP.pdsc,3e7943a350a2e66c7022ec44b8ef3c5339dbfe47cf03576b9f56eabc3bfc428e,nuvoton-numicro-m4,mapping_candidate,not_verified
Nuvoton,NuMicro M4 Family,M480,M481SGCAE2A,cmsis_device_name,M481SGCAE2A,tcl/target/numicro_m4.cfg,"[""numicro""]",upstream-openocd,56b8d93fbe61a78dc903d770820d6d896b6d8134,Nuvoton,NuMicroM4_DFP,1.0.3,https://github.com/OpenNuvoton/cmsis-packs/raw/master/Nuvoton_DFP/Nuvoton.NuMicroM4_DFP.pdsc,3e7943a350a2e66c7022ec44b8ef3c5339dbfe47cf03576b9f56eabc3bfc428e,nuvoton-numicro-m4,mapping_candidate,not_verified
Nuvoton,NuMicro M4 Family,M480,M481SIDAE,cmsis_device_name,M481SIDAE,tcl/target/numicro_m4.cfg,"[""numicro""]",upstream-openocd,56b8d93fbe61a78dc903d770820d6d896b6d8134,Nuvoton,NuMicroM4_DFP,1.0.3,https://github.com/OpenNuvoton/cmsis-packs/raw/master/Nuvoton_DFP/Nuvoton.NuMicroM4_DFP.pdsc,3e7943a350a2e66c7022ec44b8ef3c5339dbfe47cf03576b9f56eabc3bfc428e,nuvoton-numicro-m4,mapping_candidate,not_verified
Nuvoton,NuMicro M4 Family,M480,M481ZE8AE,cmsis_device_name,M481ZE8AE,tcl/target/numicro_m4.cfg,"[""numicro""]",upstream-openocd,56b8d93fbe61a78dc903d770820d6d896b6d8134,Nuvoton,NuMicroM4_DFP,1.0.3,https://github.com/OpenNuvoton/cmsis-packs/raw/master/Nuvoton_DFP/Nuvoton.NuMicroM4_DFP.pdsc,3e7943a350a2e66c7022ec44b8ef3c5339dbfe47cf03576b9f56eabc3bfc428e,nuvoton-numicro-m4,mapping_candidate,not_verified
Nuvoton,NuMicro M4 Family,M480,M481ZG8AE,cmsis_device_name,M481ZG8AE,tcl/target/numicro_m4.cfg,"[""numicro""]",upstream-openocd,56b8d93fbe61a78dc903d770820d6d896b6d8134,Nuvoton,NuMicroM4_DFP,1.0.3,https://github.com/OpenNuvoton/cmsis-packs/raw/master/Nuvoton_DFP/Nuvoton.NuMicroM4_DFP.pdsc,3e7943a350a2e66c7022ec44b8ef3c5339dbfe47cf03576b9f56eabc3bfc428e,nuvoton-numicro-m4,mapping_candidate,not_verified
Nuvoton,NuMicro M4 Family,M480,M481ZGAAE,cmsis_device_name,M481ZGAAE,tcl/target/numicro_m4.cfg,"[""numicro""]",upstream-openocd,56b8d93fbe61a78dc903d770820d6d896b6d8134,Nuvoton,NuMicroM4_DFP,1.0.3,https://github.com/OpenNuvoton/cmsis-packs/raw/master/Nuvoton_DFP/Nuvoton.NuMicroM4_DFP.pdsc,3e7943a350a2e66c7022ec44b8ef3c5339dbfe47cf03576b9f56eabc3bfc428e,nuvoton-numicro-m4,mapping_candidate,not_verified
Nuvoton,NuMicro M4 Family,M480,M481ZGCAE,cmsis_device_name,M481ZGCAE,tcl/target/numicro_m4.cfg,"[""numicro""]",upstream-openocd,56b8d93fbe61a78dc903d770820d6d896b6d8134,Nuvoton,NuMicroM4_DFP,1.0.3,https://github.com/OpenNuvoton/cmsis-packs/raw/master/Nuvoton_DFP/Nuvoton.NuMicroM4_DFP.pdsc,3e7943a350a2e66c7022ec44b8ef3c5339dbfe47cf03576b9f56eabc3bfc428e,nuvoton-numicro-m4,mapping_candidate,not_verified
Nuvoton,NuMicro M4 Family,M480,M481ZGDAE,cmsis_device_name,M481ZGDAE,tcl/target/numicro_m4.cfg,"[""numicro""]",upstream-openocd,56b8d93fbe61a78dc903d770820d6d896b6d8134,Nuvoton,NuMicroM4_DFP,1.0.3,https://github.com/OpenNuvoton/cmsis-packs/raw/master/Nuvoton_DFP/Nuvoton.NuMicroM4_DFP.pdsc,3e7943a350a2e66c7022ec44b8ef3c5339dbfe47cf03576b9f56eabc3bfc428e,nuvoton-numicro-m4,mapping_candidate,not_verified
Nuvoton,NuMicro M4 Family,M480,M481ZIDAE,cmsis_device_name,M481ZIDAE,tcl/target/numicro_m4.cfg,"[""numicro""]",upstream-openocd,56b8d93fbe61a78dc903d770820d6d896b6d8134,Nuvoton,NuMicroM4_DFP,1.0.3,https://github.com/OpenNuvoton/cmsis-packs/raw/master/Nuvoton_DFP/Nuvoton.NuMicroM4_DFP.pdsc,3e7943a350a2e66c7022ec44b8ef3c5339dbfe47cf03576b9f56eabc3bfc428e,nuvoton-numicro-m4,mapping_candidate,not_verified
Nuvoton,NuMicro M4 Family,M480,M482KGAAE,cmsis_device_name,M482KGAAE,tcl/target/numicro_m4.cfg,"[""numicro""]",upstream-openocd,56b8d93fbe61a78dc903d770820d6d896b6d8134,Nuvoton,NuMicroM4_DFP,1.0.3,https://github.com/OpenNuvoton/cmsis-packs/raw/master/Nuvoton_DFP/Nuvoton.NuMicroM4_DFP.pdsc,3e7943a350a2e66c7022ec44b8ef3c5339dbfe47cf03576b9f56eabc3bfc428e,nuvoton-numicro-m4,mapping_candidate,not_verified
Nuvoton,NuMicro M4 Family,M480,M482KGCAE,cmsis_device_name,M482KGCAE,tcl/target/numicro_m4.cfg,"[""numicro""]",upstream-openocd,56b8d93fbe61a78dc903d770820d6d896b6d8134,Nuvoton,NuMicroM4_DFP,1.0.3,https://github.com/OpenNuvoton/cmsis-packs/raw/master/Nuvoton_DFP/Nuvoton.NuMicroM4_DFP.pdsc,3e7943a350a2e66c7022ec44b8ef3c5339dbfe47cf03576b9f56eabc3bfc428e,nuvoton-numicro-m4,mapping_candidate,not_verified
Nuvoton,NuMicro M4 Family,M480,M482KIDAE,cmsis_device_name,M482KIDAE,tcl/target/numicro_m4.cfg,"[""numicro""]",upstream-openocd,56b8d93fbe61a78dc903d770820d6d896b6d8134,Nuvoton,NuMicroM4_DFP,1.0.3,https://github.com/OpenNuvoton/cmsis-packs/raw/master/Nuvoton_DFP/Nuvoton.NuMicroM4_DFP.pdsc,3e7943a350a2e66c7022ec44b8ef3c5339dbfe47cf03576b9f56eabc3bfc428e,nuvoton-numicro-m4,mapping_candidate,not_verified
Nuvoton,NuMicro M4 Family,M480,M482LE8AE,cmsis_device_name,M482LE8AE,tcl/target/numicro_m4.cfg,"[""numicro""]",upstream-openocd,56b8d93fbe61a78dc903d770820d6d896b6d8134,Nuvoton,NuMicroM4_DFP,1.0.3,https://github.com/OpenNuvoton/cmsis-packs/raw/master/Nuvoton_DFP/Nuvoton.NuMicroM4_DFP.pdsc,3e7943a350a2e66c7022ec44b8ef3c5339dbfe47cf03576b9f56eabc3bfc428e,nuvoton-numicro-m4,mapping_candidate,not_verified
Nuvoton,NuMicro M4 Family,M480,M482LG8AE,cmsis_device_name,M482LG8AE,tcl/target/numicro_m4.cfg,"[""numicro""]",upstream-openocd,56b8d93fbe61a78dc903d770820d6d896b6d8134,Nuvoton,NuMicroM4_DFP,1.0.3,https://github.com/OpenNuvoton/cmsis-packs/raw/master/Nuvoton_DFP/Nuvoton.NuMicroM4_DFP.pdsc,3e7943a350a2e66c7022ec44b8ef3c5339dbfe47cf03576b9f56eabc3bfc428e,nuvoton-numicro-m4,mapping_candidate,not_verified
Nuvoton,NuMicro M4 Family,M480,M482LGAAE,cmsis_device_name,M482LGAAE,tcl/target/numicro_m4.cfg,"[""numicro""]",upstream-openocd,56b8d93fbe61a78dc903d770820d6d896b6d8134,Nuvoton,NuMicroM4_DFP,1.0.3,https://github.com/OpenNuvoton/cmsis-packs/raw/master/Nuvoton_DFP/Nuvoton.NuMicroM4_DFP.pdsc,3e7943a350a2e66c7022ec44b8ef3c5339dbfe47cf03576b9f56eabc3bfc428e,nuvoton-numicro-m4,mapping_candidate,not_verified
Nuvoton,NuMicro M4 Family,M480,M482LGCAE,cmsis_device_name,M482LGCAE,tcl/target/numicro_m4.cfg,"[""numicro""]",upstream-openocd,56b8d93fbe61a78dc903d770820d6d896b6d8134,Nuvoton,NuMicroM4_DFP,1.0.3,https://github.com/OpenNuvoton/cmsis-packs/raw/master/Nuvoton_DFP/Nuvoton.NuMicroM4_DFP.pdsc,3e7943a350a2e66c7022ec44b8ef3c5339dbfe47cf03576b9f56eabc3bfc428e,nuvoton-numicro-m4,mapping_candidate,not_verified
Nuvoton,NuMicro M4 Family,M480,M482LIDAE,cmsis_device_name,M482LIDAE,tcl/target/numicro_m4.cfg,"[""numicro""]",upstream-openocd,56b8d93fbe61a78dc903d770820d6d896b6d8134,Nuvoton,NuMicroM4_DFP,1.0.3,https://github.com/OpenNuvoton/cmsis-packs/raw/master/Nuvoton_DFP/Nuvoton.NuMicroM4_DFP.pdsc,3e7943a350a2e66c7022ec44b8ef3c5339dbfe47cf03576b9f56eabc3bfc428e,nuvoton-numicro-m4,mapping_candidate,not_verified
Nuvoton,NuMicro M4 Family,M480,M482SE8AE,cmsis_device_name,M482SE8AE,tcl/target/numicro_m4.cfg,"[""numicro""]",upstream-openocd,56b8d93fbe61a78dc903d770820d6d896b6d8134,Nuvoton,NuMicroM4_DFP,1.0.3,https://github.com/OpenNuvoton/cmsis-packs/raw/master/Nuvoton_DFP/Nuvoton.NuMicroM4_DFP.pdsc,3e7943a350a2e66c7022ec44b8ef3c5339dbfe47cf03576b9f56eabc3bfc428e,nuvoton-numicro-m4,mapping_candidate,not_verified
Nuvoton,NuMicro M4 Family,M480,M482SG8AE,cmsis_device_name,M482SG8AE,tcl/target/numicro_m4.cfg,"[""numicro""]",upstream-openocd,56b8d93fbe61a78dc903d770820d6d896b6d8134,Nuvoton,NuMicroM4_DFP,1.0.3,https://github.com/OpenNuvoton/cmsis-packs/raw/master/Nuvoton_DFP/Nuvoton.NuMicroM4_DFP.pdsc,3e7943a350a2e66c7022ec44b8ef3c5339dbfe47cf03576b9f56eabc3bfc428e,nuvoton-numicro-m4,mapping_candidate,not_verified
Nuvoton,NuMicro M4 Family,M480,M482SGAAE,cmsis_device_name,M482SGAAE,tcl/target/numicro_m4.cfg,"[""numicro""]",upstream-openocd,56b8d93fbe61a78dc903d770820d6d896b6d8134,Nuvoton,NuMicroM4_DFP,1.0.3,https://github.com/OpenNuvoton/cmsis-packs/raw/master/Nuvoton_DFP/Nuvoton.NuMicroM4_DFP.pdsc,3e7943a350a2e66c7022ec44b8ef3c5339dbfe47cf03576b9f56eabc3bfc428e,nuvoton-numicro-m4,mapping_candidate,not_verified
Nuvoton,NuMicro M4 Family,M480,M482SGCAE,cmsis_device_name,M482SGCAE,tcl/target/numicro_m4.cfg,"[""numicro""]",upstream-openocd,56b8d93fbe61a78dc903d770820d6d896b6d8134,Nuvoton,NuMicroM4_DFP,1.0.3,https://github.com/OpenNuvoton/cmsis-packs/raw/master/Nuvoton_DFP/Nuvoton.NuMicroM4_DFP.pdsc,3e7943a350a2e66c7022ec44b8ef3c5339dbfe47cf03576b9f56eabc3bfc428e,nuvoton-numicro-m4,mapping_candidate,not_verified
Nuvoton,NuMicro M4 Family,M480,M482SIDAE,cmsis_device_name,M482SIDAE,tcl/target/numicro_m4.cfg,"[""numicro""]",upstream-openocd,56b8d93fbe61a78dc903d770820d6d896b6d8134,Nuvoton,NuMicroM4_DFP,1.0.3,https://github.com/OpenNuvoton/cmsis-packs/raw/master/Nuvoton_DFP/Nuvoton.NuMicroM4_DFP.pdsc,3e7943a350a2e66c7022ec44b8ef3c5339dbfe47cf03576b9f56eabc3bfc428e,nuvoton-numicro-m4,mapping_candidate,not_verified
Nuvoton,NuMicro M4 Family,M480,M482ZE8AE,cmsis_device_name,M482ZE8AE,tcl/target/numicro_m4.cfg,"[""numicro""]",upstream-openocd,56b8d93fbe61a78dc903d770820d6d896b6d8134,Nuvoton,NuMicroM4_DFP,1.0.3,https://github.com/OpenNuvoton/cmsis-packs/raw/master/Nuvoton_DFP/Nuvoton.NuMicroM4_DFP.pdsc,3e7943a350a2e66c7022ec44b8ef3c5339dbfe47cf03576b9f56eabc3bfc428e,nuvoton-numicro-m4,mapping_candidate,not_verified
Nuvoton,NuMicro M4 Family,M480,M482ZG8AE,cmsis_device_name,M482ZG8AE,tcl/target/numicro_m4.cfg,"[""numicro""]",upstream-openocd,56b8d93fbe61a78dc903d770820d6d896b6d8134,Nuvoton,NuMicroM4_DFP,1.0.3,https://github.com/OpenNuvoton/cmsis-packs/raw/master/Nuvoton_DFP/Nuvoton.NuMicroM4_DFP.pdsc,3e7943a350a2e66c7022ec44b8ef3c5339dbfe47cf03576b9f56eabc3bfc428e,nuvoton-numicro-m4,mapping_candidate,not_verified
Nuvoton,NuMicro M4 Family,M480,M482ZGCAE,cmsis_device_name,M482ZGCAE,tcl/target/numicro_m4.cfg,"[""numicro""]",upstream-openocd,56b8d93fbe61a78dc903d770820d6d896b6d8134,Nuvoton,NuMicroM4_DFP,1.0.3,https://github.com/OpenNuvoton/cmsis-packs/raw/master/Nuvoton_DFP/Nuvoton.NuMicroM4_DFP.pdsc,3e7943a350a2e66c7022ec44b8ef3c5339dbfe47cf03576b9f56eabc3bfc428e,nuvoton-numicro-m4,mapping_candidate,not_verified
Nuvoton,NuMicro M4 Family,M480,M482ZIDAE,cmsis_device_name,M482ZIDAE,tcl/target/numicro_m4.cfg,"[""numicro""]",upstream-openocd,56b8d93fbe61a78dc903d770820d6d896b6d8134,Nuvoton,NuMicroM4_DFP,1.0.3,https://github.com/OpenNuvoton/cmsis-packs/raw/master/Nuvoton_DFP/Nuvoton.NuMicroM4_DFP.pdsc,3e7943a350a2e66c7022ec44b8ef3c5339dbfe47cf03576b9f56eabc3bfc428e,nuvoton-numicro-m4,mapping_candidate,not_verified
Nuvoton,NuMicro M4 Family,M480,M483KG8AE2A,cmsis_device_name,M483KG8AE2A,tcl/target/numicro_m4.cfg,"[""numicro""]",upstream-openocd,56b8d93fbe61a78dc903d770820d6d896b6d8134,Nuvoton,NuMicroM4_DFP,1.0.3,https://github.com/OpenNuvoton/cmsis-packs/raw/master/Nuvoton_DFP/Nuvoton.NuMicroM4_DFP.pdsc,3e7943a350a2e66c7022ec44b8ef3c5339dbfe47cf03576b9f56eabc3bfc428e,nuvoton-numicro-m4,mapping_candidate,not_verified
Nuvoton,NuMicro M4 Family,M480,M483KGCAE,cmsis_device_name,M483KGCAE,tcl/target/numicro_m4.cfg,"[""numicro""]",upstream-openocd,56b8d93fbe61a78dc903d770820d6d896b6d8134,Nuvoton,NuMicroM4_DFP,1.0.3,https://github.com/OpenNuvoton/cmsis-packs/raw/master/Nuvoton_DFP/Nuvoton.NuMicroM4_DFP.pdsc,3e7943a350a2e66c7022ec44b8ef3c5339dbfe47cf03576b9f56eabc3bfc428e,nuvoton-numicro-m4,mapping_candidate,not_verified
Nuvoton,NuMicro M4 Family,M480,M483KGCAE2A,cmsis_device_name,M483KGCAE2A,tcl/target/numicro_m4.cfg,"[""numicro""]",upstream-openocd,56b8d93fbe61a78dc903d770820d6d896b6d8134,Nuvoton,NuMicroM4_DFP,1.0.3,https://github.com/OpenNuvoton/cmsis-packs/raw/master/Nuvoton_DFP/Nuvoton.NuMicroM4_DFP.pdsc,3e7943a350a2e66c7022ec44b8ef3c5339dbfe47cf03576b9f56eabc3bfc428e,nuvoton-numicro-m4,mapping_candidate,not_verified
Nuvoton,NuMicro M4 Family,M480,M483KIDAE,cmsis_device_name,M483KIDAE,tcl/target/numicro_m4.cfg,"[""numicro""]",upstream-openocd,56b8d93fbe61a78dc903d770820d6d896b6d8134,Nuvoton,NuMicroM4_DFP,1.0.3,https://github.com/OpenNuvoton/cmsis-packs/raw/master/Nuvoton_DFP/Nuvoton.NuMicroM4_DFP.pdsc,3e7943a350a2e66c7022ec44b8ef3c5339dbfe47cf03576b9f56eabc3bfc428e,nuvoton-numicro-m4,mapping_candidate,not_verified
Nuvoton,NuMicro M4 Family,M480,M483SE8AE,cmsis_device_name,M483SE8AE,tcl/target/numicro_m4.cfg,"[""numicro""]",upstream-openocd,56b8d93fbe61a78dc903d770820d6d896b6d8134,Nuvoton,NuMicroM4_DFP,1.0.3,https://github.com/OpenNuvoton/cmsis-packs/raw/master/Nuvoton_DFP/Nuvoton.NuMicroM4_DFP.pdsc,3e7943a350a2e66c7022ec44b8ef3c5339dbfe47cf03576b9f56eabc3bfc428e,nuvoton-numicro-m4,mapping_candidate,not_verified
Nuvoton,NuMicro M4 Family,M480,M483SG8AE,cmsis_device_name,M483SG8AE,tcl/target/numicro_m4.cfg,"[""numicro""]",upstream-openocd,56b8d93fbe61a78dc903d770820d6d896b6d8134,Nuvoton,NuMicroM4_DFP,1.0.3,https://github.com/OpenNuvoton/cmsis-packs/raw/master/Nuvoton_DFP/Nuvoton.NuMicroM4_DFP.pdsc,3e7943a350a2e66c7022ec44b8ef3c5339dbfe47cf03576b9f56eabc3bfc428e,nuvoton-numicro-m4,mapping_candidate,not_verified
Nuvoton,NuMicro M4 Family,M480,M483SG8AE2A,cmsis_device_name,M483SG8AE2A,tcl/target/numicro_m4.cfg,"[""numicro""]",upstream-openocd,56b8d93fbe61a78dc903d770820d6d896b6d8134,Nuvoton,NuMicroM4_DFP,1.0.3,https://github.com/OpenNuvoton/cmsis-packs/raw/master/Nuvoton_DFP/Nuvoton.NuMicroM4_DFP.pdsc,3e7943a350a2e66c7022ec44b8ef3c5339dbfe47cf03576b9f56eabc3bfc428e,nuvoton-numicro-m4,mapping_candidate,not_verified
Nuvoton,NuMicro M4 Family,M480,M483SGAAE,cmsis_device_name,M483SGAAE,tcl/target/numicro_m4.cfg,"[""numicro""]",upstream-openocd,56b8d93fbe61a78dc903d770820d6d896b6d8134,Nuvoton,NuMicroM4_DFP,1.0.3,https://github.com/OpenNuvoton/cmsis-packs/raw/master/Nuvoton_DFP/Nuvoton.NuMicroM4_DFP.pdsc,3e7943a350a2e66c7022ec44b8ef3c5339dbfe47cf03576b9f56eabc3bfc428e,nuvoton-numicro-m4,mapping_candidate,not_verified
Nuvoton,NuMicro M4 Family,M480,M483SGCAE,cmsis_device_name,M483SGCAE,tcl/target/numicro_m4.cfg,"[""numicro""]",upstream-openocd,56b8d93fbe61a78dc903d770820d6d896b6d8134,Nuvoton,NuMicroM4_DFP,1.0.3,https://github.com/OpenNuvoton/cmsis-packs/raw/master/Nuvoton_DFP/Nuvoton.NuMicroM4_DFP.pdsc,3e7943a350a2e66c7022ec44b8ef3c5339dbfe47cf03576b9f56eabc3bfc428e,nuvoton-numicro-m4,mapping_candidate,not_verified
Nuvoton,NuMicro M4 Family,M480,M483SGCAE2A,cmsis_device_name,M483SGCAE2A,tcl/target/numicro_m4.cfg,"[""numicro""]",upstream-openocd,56b8d93fbe61a78dc903d770820d6d896b6d8134,Nuvoton,NuMicroM4_DFP,1.0.3,https://github.com/OpenNuvoton/cmsis-packs/raw/master/Nuvoton_DFP/Nuvoton.NuMicroM4_DFP.pdsc,3e7943a350a2e66c7022ec44b8ef3c5339dbfe47cf03576b9f56eabc3bfc428e,nuvoton-numicro-m4,mapping_candidate,not_verified
Nuvoton,NuMicro M4 Family,M480,M483SIDAE,cmsis_device_name,M483SIDAE,tcl/target/numicro_m4.cfg,"[""numicro""]",upstream-openocd,56b8d93fbe61a78dc903d770820d6d896b6d8134,Nuvoton,NuMicroM4_DFP,1.0.3,https://github.com/OpenNuvoton/cmsis-packs/raw/master/Nuvoton_DFP/Nuvoton.NuMicroM4_DFP.pdsc,3e7943a350a2e66c7022ec44b8ef3c5339dbfe47cf03576b9f56eabc3bfc428e,nuvoton-numicro-m4,mapping_candidate,not_verified
Nuvoton,NuMicro M4 Family,M480,M484KIDAE,cmsis_device_name,M484KIDAE,tcl/target/numicro_m4.cfg,"[""numicro""]",upstream-openocd,56b8d93fbe61a78dc903d770820d6d896b6d8134,Nuvoton,NuMicroM4_DFP,1.0.3,https://github.com/OpenNuvoton/cmsis-packs/raw/master/Nuvoton_DFP/Nuvoton.NuMicroM4_DFP.pdsc,3e7943a350a2e66c7022ec44b8ef3c5339dbfe47cf03576b9f56eabc3bfc428e,nuvoton-numicro-m4,mapping_candidate,not_verified
Nuvoton,NuMicro M4 Family,M480,M484SGAAE,cmsis_device_name,M484SGAAE,tcl/target/numicro_m4.cfg,"[""numicro""]",upstream-openocd,56b8d93fbe61a78dc903d770820d6d896b6d8134,Nuvoton,NuMicroM4_DFP,1.0.3,https://github.com/OpenNuvoton/cmsis-packs/raw/master/Nuvoton_DFP/Nuvoton.NuMicroM4_DFP.pdsc,3e7943a350a2e66c7022ec44b8ef3c5339dbfe47cf03576b9f56eabc3bfc428e,nuvoton-numicro-m4,mapping_candidate,not_verified
Nuvoton,NuMicro M4 Family,M480,M484SGAAE2U,cmsis_device_name,M484SGAAE2U,tcl/target/numicro_m4.cfg,"[""numicro""]",upstream-openocd,56b8d93fbe61a78dc903d770820d6d896b6d8134,Nuvoton,NuMicroM4_DFP,1.0.3,https://github.com/OpenNuvoton/cmsis-packs/raw/master/Nuvoton_DFP/Nuvoton.NuMicroM4_DFP.pdsc,3e7943a350a2e66c7022ec44b8ef3c5339dbfe47cf03576b9f56eabc3bfc428e,nuvoton-numicro-m4,mapping_candidate,not_verified
Nuvoton,NuMicro M4 Family,M480,M484SIDAE,cmsis_device_name,M484SIDAE,tcl/target/numicro_m4.cfg,"[""numicro""]",upstream-openocd,56b8d93fbe61a78dc903d770820d6d896b6d8134,Nuvoton,NuMicroM4_DFP,1.0.3,https://github.com/OpenNuvoton/cmsis-packs/raw/master/Nuvoton_DFP/Nuvoton.NuMicroM4_DFP.pdsc,3e7943a350a2e66c7022ec44b8ef3c5339dbfe47cf03576b9f56eabc3bfc428e,nuvoton-numicro-m4,mapping_candidate,not_verified
Nuvoton,NuMicro M4 Family,M480,M484SIDAE2U,cmsis_device_name,M484SIDAE2U,tcl/target/numicro_m4.cfg,"[""numicro""]",upstream-openocd,56b8d93fbe61a78dc903d770820d6d896b6d8134,Nuvoton,NuMicroM4_DFP,1.0.3,https://github.com/OpenNuvoton/cmsis-packs/raw/master/Nuvoton_DFP/Nuvoton.NuMicroM4_DFP.pdsc,3e7943a350a2e66c7022ec44b8ef3c5339dbfe47cf03576b9f56eabc3bfc428e,nuvoton-numicro-m4,mapping_candidate,not_verified
Nuvoton,NuMicro M4 Family,M480,M485KIDAE,cmsis_device_name,M485KIDAE,tcl/target/numicro_m4.cfg,"[""numicro""]",upstream-openocd,56b8d93fbe61a78dc903d770820d6d896b6d8134,Nuvoton,NuMicroM4_DFP,1.0.3,https://github.com/OpenNuvoton/cmsis-packs/raw/master/Nuvoton_DFP/Nuvoton.NuMicroM4_DFP.pdsc,3e7943a350a2e66c7022ec44b8ef3c5339dbfe47cf03576b9f56eabc3bfc428e,nuvoton-numicro-m4,mapping_candidate,not_verified
Nuvoton,NuMicro M4 Family,M480,M485LIDAE,cmsis_device_name,M485LIDAE,tcl/target/numicro_m4.cfg,"[""numicro""]",upstream-openocd,56b8d93fbe61a78dc903d770820d6d896b6d8134,Nuvoton,NuMicroM4_DFP,1.0.3,https://github.com/OpenNuvoton/cmsis-packs/raw/master/Nuvoton_DFP/Nuvoton.NuMicroM4_DFP.pdsc,3e7943a350a2e66c7022ec44b8ef3c5339dbfe47cf03576b9f56eabc3bfc428e,nuvoton-numicro-m4,mapping_candidate,not_verified
Nuvoton,NuMicro M4 Family,M480,M485SIDAE,cmsis_device_name,M485SIDAE,tcl/target/numicro_m4.cfg,"[""numicro""]",upstream-openocd,56b8d93fbe61a78dc903d770820d6d896b6d8134,Nuvoton,NuMicroM4_DFP,1.0.3,https://github.com/OpenNuvoton/cmsis-packs/raw/master/Nuvoton_DFP/Nuvoton.NuMicroM4_DFP.pdsc,3e7943a350a2e66c7022ec44b8ef3c5339dbfe47cf03576b9f56eabc3bfc428e,nuvoton-numicro-m4,mapping_candidate,not_verified
Nuvoton,NuMicro M4 Family,M480,M485YIDAE,cmsis_device_name,M485YIDAE,tcl/target/numicro_m4.cfg,"[""numicro""]",upstream-openocd,56b8d93fbe61a78dc903d770820d6d896b6d8134,Nuvoton,NuMicroM4_DFP,1.0.3,https://github.com/OpenNuvoton/cmsis-packs/raw/master/Nuvoton_DFP/Nuvoton.NuMicroM4_DFP.pdsc,3e7943a350a2e66c7022ec44b8ef3c5339dbfe47cf03576b9f56eabc3bfc428e,nuvoton-numicro-m4,mapping_candidate,not_verified
Nuvoton,NuMicro M4 Family,M480,M485ZIDAE,cmsis_device_name,M485ZIDAE,tcl/target/numicro_m4.cfg,"[""numicro""]",upstream-openocd,56b8d93fbe61a78dc903d770820d6d896b6d8134,Nuvoton,NuMicroM4_DFP,1.0.3,https://github.com/OpenNuvoton/cmsis-packs/raw/master/Nuvoton_DFP/Nuvoton.NuMicroM4_DFP.pdsc,3e7943a350a2e66c7022ec44b8ef3c5339dbfe47cf03576b9f56eabc3bfc428e,nuvoton-numicro-m4,mapping_candidate,not_verified
Nuvoton,NuMicro M4 Family,M480,M487JIDAE,cmsis_device_name,M487JIDAE,tcl/target/numicro_m4.cfg,"[""numicro""]",upstream-openocd,56b8d93fbe61a78dc903d770820d6d896b6d8134,Nuvoton,NuMicroM4_DFP,1.0.3,https://github.com/OpenNuvoton/cmsis-packs/raw/master/Nuvoton_DFP/Nuvoton.NuMicroM4_DFP.pdsc,3e7943a350a2e66c7022ec44b8ef3c5339dbfe47cf03576b9f56eabc3bfc428e,nuvoton-numicro-m4,mapping_candidate,not_verified
Nuvoton,NuMicro M4 Family,M480,M487KIDAE,cmsis_device_name,M487KIDAE,tcl/target/numicro_m4.cfg,"[""numicro""]",upstream-openocd,56b8d93fbe61a78dc903d770820d6d896b6d8134,Nuvoton,NuMicroM4_DFP,1.0.3,https://github.com/OpenNuvoton/cmsis-packs/raw/master/Nuvoton_DFP/Nuvoton.NuMicroM4_DFP.pdsc,3e7943a350a2e66c7022ec44b8ef3c5339dbfe47cf03576b9f56eabc3bfc428e,nuvoton-numicro-m4,mapping_candidate,not_verified
Nuvoton,NuMicro M4 Family,M480,M487KMCAN,cmsis_device_name,M487KMCAN,tcl/target/numicro_m4.cfg,"[""numicro""]",upstream-openocd,56b8d93fbe61a78dc903d770820d6d896b6d8134,Nuvoton,NuMicroM4_DFP,1.0.3,https://github.com/OpenNuvoton/cmsis-packs/raw/master/Nuvoton_DFP/Nuvoton.NuMicroM4_DFP.pdsc,3e7943a350a2e66c7022ec44b8ef3c5339dbfe47cf03576b9f56eabc3bfc428e,nuvoton-numicro-m4,mapping_candidate,not_verified
Nuvoton,NuMicro M4 Family,M480,M487SGAAE,cmsis_device_name,M487SGAAE,tcl/target/numicro_m4.cfg,"[""numicro""]",upstream-openocd,56b8d93fbe61a78dc903d770820d6d896b6d8134,Nuvoton,NuMicroM4_DFP,1.0.3,https://github.com/OpenNuvoton/cmsis-packs/raw/master/Nuvoton_DFP/Nuvoton.NuMicroM4_DFP.pdsc,3e7943a350a2e66c7022ec44b8ef3c5339dbfe47cf03576b9f56eabc3bfc428e,nuvoton-numicro-m4,mapping_candidate,not_verified
Nuvoton,NuMicro M4 Family,M480,M487SIDAE,cmsis_device_name,M487SIDAE,tcl/target/numicro_m4.cfg,"[""numicro""]",upstream-openocd,56b8d93fbe61a78dc903d770820d6d896b6d8134,Nuvoton,NuMicroM4_DFP,1.0.3,https://github.com/OpenNuvoton/cmsis-packs/raw/master/Nuvoton_DFP/Nuvoton.NuMicroM4_DFP.pdsc,3e7943a350a2e66c7022ec44b8ef3c5339dbfe47cf03576b9f56eabc3bfc428e,nuvoton-numicro-m4,mapping_candidate,not_verified
Nuvoton,NuMicro M4 Family,M451,M4LEDLE6AE,cmsis_device_name,M4LEDLE6AE,tcl/target/numicro_m4.cfg,"[""numicro""]",upstream-openocd,56b8d93fbe61a78dc903d770820d6d896b6d8134,Nuvoton,NuMicroM4_DFP,1.0.3,https://github.com/OpenNuvoton/cmsis-packs/raw/master/Nuvoton_DFP/Nuvoton.NuMicroM4_DFP.pdsc,3e7943a350a2e66c7022ec44b8ef3c5339dbfe47cf03576b9f56eabc3bfc428e,nuvoton-numicro-m4,mapping_candidate,not_verified
Nuvoton,NuMicro M4 Family,M451,M4LEDLG6AE,cmsis_device_name,M4LEDLG6AE,tcl/target/numicro_m4.cfg,"[""numicro""]",upstream-openocd,56b8d93fbe61a78dc903d770820d6d896b6d8134,Nuvoton,NuMicroM4_DFP,1.0.3,https://github.com/OpenNuvoton/cmsis-packs/raw/master/Nuvoton_DFP/Nuvoton.NuMicroM4_DFP.pdsc,3e7943a350a2e66c7022ec44b8ef3c5339dbfe47cf03576b9f56eabc3bfc428e,nuvoton-numicro-m4,mapping_candidate,not_verified
Nuvoton,NuMicro M4 Family,M451,M4LEDRE6AE,cmsis_device_name,M4LEDRE6AE,tcl/target/numicro_m4.cfg,"[""numicro""]",upstream-openocd,56b8d93fbe61a78dc903d770820d6d896b6d8134,Nuvoton,NuMicroM4_DFP,1.0.3,https://github.com/OpenNuvoton/cmsis-packs/raw/master/Nuvoton_DFP/Nuvoton.NuMicroM4_DFP.pdsc,3e7943a350a2e66c7022ec44b8ef3c5339dbfe47cf03576b9f56eabc3bfc428e,nuvoton-numicro-m4,mapping_candidate,not_verified
Nuvoton,NuMicro M4 Family,M451,M4LEDRG6AE,cmsis_device_name,M4LEDRG6AE,tcl/target/numicro_m4.cfg,"[""numicro""]",upstream-openocd,56b8d93fbe61a78dc903d770820d6d896b6d8134,Nuvoton,NuMicroM4_DFP,1.0.3,https://github.com/OpenNuvoton/cmsis-packs/raw/master/Nuvoton_DFP/Nuvoton.NuMicroM4_DFP.pdsc,3e7943a350a2e66c7022ec44b8ef3c5339dbfe47cf03576b9f56eabc3bfc428e,nuvoton-numicro-m4,mapping_candidate,not_verified
Nuvoton,NuMicro M4 Family,M451,M4TKLE6AE,cmsis_device_name,M4TKLE6AE,tcl/target/numicro_m4.cfg,"[""numicro""]",upstream-openocd,56b8d93fbe61a78dc903d770820d6d896b6d8134,Nuvoton,NuMicroM4_DFP,1.0.3,https://github.com/OpenNuvoton/cmsis-packs/raw/master/Nuvoton_DFP/Nuvoton.NuMicroM4_DFP.pdsc,3e7943a350a2e66c7022ec44b8ef3c5339dbfe47cf03576b9f56eabc3bfc428e,nuvoton-numicro-m4,mapping_candidate,not_verified
Nuvoton,NuMicro M4 Family,M451,M4TKLG6AE,cmsis_device_name,M4TKLG6AE,tcl/target/numicro_m4.cfg,"[""numicro""]",upstream-openocd,56b8d93fbe61a78dc903d770820d6d896b6d8134,Nuvoton,NuMicroM4_DFP,1.0.3,https://github.com/OpenNuvoton/cmsis-packs/raw/master/Nuvoton_DFP/Nuvoton.NuMicroM4_DFP.pdsc,3e7943a350a2e66c7022ec44b8ef3c5339dbfe47cf03576b9f56eabc3bfc428e,nuvoton-numicro-m4,mapping_candidate,not_verified
Nuvoton,NuMicro M4 Family,M451,M4TKRE6AE,cmsis_device_name,M4TKRE6AE,tcl/target/numicro_m4.cfg,"[""numicro""]",upstream-openocd,56b8d93fbe61a78dc903d770820d6d896b6d8134,Nuvoton,NuMicroM4_DFP,1.0.3,https://github.com/OpenNuvoton/cmsis-packs/raw/master/Nuvoton_DFP/Nuvoton.NuMicroM4_DFP.pdsc,3e7943a350a2e66c7022ec44b8ef3c5339dbfe47cf03576b9f56eabc3bfc428e,nuvoton-numicro-m4,mapping_candidate,not_verified
Nuvoton,NuMicro M4 Family,M451,M4TKRG6AE,cmsis_device_name,M4TKRG6AE,tcl/target/numicro_m4.cfg,"[""numicro""]",upstream-openocd,56b8d93fbe61a78dc903d770820d6d896b6d8134,Nuvoton,NuMicroM4_DFP,1.0.3,https://github.com/OpenNuvoton/cmsis-packs/raw/master/Nuvoton_DFP/Nuvoton.NuMicroM4_DFP.pdsc,3e7943a350a2e66c7022ec44b8ef3c5339dbfe47cf03576b9f56eabc3bfc428e,nuvoton-numicro-m4,mapping_candidate,not_verified
Nuvoton,NuMicro M4 Family,M451,M4TKVE6AE,cmsis_device_name,M4TKVE6AE,tcl/target/numicro_m4.cfg,"[""numicro""]",upstream-openocd,56b8d93fbe61a78dc903d770820d6d896b6d8134,Nuvoton,NuMicroM4_DFP,1.0.3,https://github.com/OpenNuvoton/cmsis-packs/raw/master/Nuvoton_DFP/Nuvoton.NuMicroM4_DFP.pdsc,3e7943a350a2e66c7022ec44b8ef3c5339dbfe47cf03576b9f56eabc3bfc428e,nuvoton-numicro-m4,mapping_candidate,not_verified
Nuvoton,NuMicro M4 Family,M451,M4TKVG6AE,cmsis_device_name,M4TKVG6AE,tcl/target/numicro_m4.cfg,"[""numicro""]",upstream-openocd,56b8d93fbe61a78dc903d770820d6d896b6d8134,Nuvoton,NuMicroM4_DFP,1.0.3,https://github.com/OpenNuvoton/cmsis-packs/raw/master/Nuvoton_DFP/Nuvoton.NuMicroM4_DFP.pdsc,3e7943a350a2e66c7022ec44b8ef3c5339dbfe47cf03576b9f56eabc3bfc428e,nuvoton-numicro-m4,mapping_candidate,not_verified
Nuvoton,NuMicro M4 Family,MA35D1,MA35D16A087C,cmsis_device_name,MA35D16A087C,tcl/target/numicro_m4.cfg,"[""numicro""]",upstream-openocd,56b8d93fbe61a78dc903d770820d6d896b6d8134,Nuvoton,NuMicroM4_DFP,1.0.3,https://github.com/OpenNuvoton/cmsis-packs/raw/master/Nuvoton_DFP/Nuvoton.NuMicroM4_DFP.pdsc,3e7943a350a2e66c7022ec44b8ef3c5339dbfe47cf03576b9f56eabc3bfc428e,nuvoton-numicro-m4,mapping_candidate,not_verified
Nuvoton,NuMicro M4 Family,MA35D1,MA35D16A887C,cmsis_device_name,MA35D16A887C,tcl/target/numicro_m4.cfg,"[""numicro""]",upstream-openocd,56b8d93fbe61a78dc903d770820d6d896b6d8134,Nuvoton,NuMicroM4_DFP,1.0.3,https://github.com/OpenNuvoton/cmsis-packs/raw/master/Nuvoton_DFP/Nuvoton.NuMicroM4_DFP.pdsc,3e7943a350a2e66c7022ec44b8ef3c5339dbfe47cf03576b9f56eabc3bfc428e,nuvoton-numicro-m4,mapping_candidate,not_verified
Nuvoton,NuMicro M4 Family,MA35D1,MA35D16AH87C,cmsis_device_name,MA35D16AH87C,tcl/target/numicro_m4.cfg,"[""numicro""]",upstream-openocd,56b8d93fbe61a78dc903d770820d6d896b6d8134,Nuvoton,NuMicroM4_DFP,1.0.3,https://github.com/OpenNuvoton/cmsis-packs/raw/master/Nuvoton_DFP/Nuvoton.NuMicroM4_DFP.pdsc,3e7943a350a2e66c7022ec44b8ef3c5339dbfe47cf03576b9f56eabc3bfc428e,nuvoton-numicro-m4,mapping_candidate,not_verified
Nuvoton,NuMicro M4 Family,MA35D1,MA35D16AI87C,cmsis_device_name,MA35D16AI87C,tcl/target/numicro_m4.cfg,"[""numicro""]",upstream-openocd,56b8d93fbe61a78dc903d770820d6d896b6d8134,Nuvoton,NuMicroM4_DFP,1.0.3,https://github.com/OpenNuvoton/cmsis-packs/raw/master/Nuvoton_DFP/Nuvoton.NuMicroM4_DFP.pdsc,3e7943a350a2e66c7022ec44b8ef3c5339dbfe47cf03576b9f56eabc3bfc428e,nuvoton-numicro-m4,mapping_candidate,not_verified
Nuvoton,NuMicro M4 Family,MA35D1,MA35D16AJ87C,cmsis_device_name,MA35D16AJ87C,tcl/target/numicro_m4.cfg,"[""numicro""]",upstream-openocd,56b8d93fbe61a78dc903d770820d6d896b6d8134,Nuvoton,NuMicroM4_DFP,1.0.3,https://github.com/OpenNuvoton/cmsis-packs/raw/master/Nuvoton_DFP/Nuvoton.NuMicroM4_DFP.pdsc,3e7943a350a2e66c7022ec44b8ef3c5339dbfe47cf03576b9f56eabc3bfc428e,nuvoton-numicro-m4,mapping_candidate,not_verified
Nuvoton,NuMicro M4 Family,MA35D1,MA35D16F787C,cmsis_device_name,MA35D16F787C,tcl/target/numicro_m4.cfg,"[""numicro""]",upstream-openocd,56b8d93fbe61a78dc903d770820d6d896b6d8134,Nuvoton,NuMicroM4_DFP,1.0.3,https://github.com/OpenNuvoton/cmsis-packs/raw/master/Nuvoton_DFP/Nuvoton.NuMicroM4_DFP.pdsc,3e7943a350a2e66c7022ec44b8ef3c5339dbfe47cf03576b9f56eabc3bfc428e,nuvoton-numicro-m4,mapping_candidate,not_verified
Nuvoton,NuMicro M4 Family,MA35D1,MA35D16F884,cmsis_device_name,MA35D16F884,tcl/target/numicro_m4.cfg,"[""numicro""]",upstream-openocd,56b8d93fbe61a78dc903d770820d6d896b6d8134,Nuvoton,NuMicroM4_DFP,1.0.3,https://github.com/OpenNuvoton/cmsis-packs/raw/master/Nuvoton_DFP/Nuvoton.NuMicroM4_DFP.pdsc,3e7943a350a2e66c7022ec44b8ef3c5339dbfe47cf03576b9f56eabc3bfc428e,nuvoton-numicro-m4,mapping_candidate,not_verified
Nuvoton,NuMicro M4 Family,MA35D1,MA35D16F887C,cmsis_device_name,MA35D16F887C,tcl/target/numicro_m4.cfg,"[""numicro""]",upstream-openocd,56b8d93fbe61a78dc903d770820d6d896b6d8134,Nuvoton,NuMicroM4_DFP,1.0.3,https://github.com/OpenNuvoton/cmsis-packs/raw/master/Nuvoton_DFP/Nuvoton.NuMicroM4_DFP.pdsc,3e7943a350a2e66c7022ec44b8ef3c5339dbfe47cf03576b9f56eabc3bfc428e,nuvoton-numicro-m4,mapping_candidate,not_verified
Nuvoton,NuMicro M4 Family,MA35D1,MA35D16F984,cmsis_device_name,MA35D16F984,tcl/target/numicro_m4.cfg,"[""numicro""]",upstream-openocd,56b8d93fbe61a78dc903d770820d6d896b6d8134,Nuvoton,NuMicroM4_DFP,1.0.3,https://github.com/OpenNuvoton/cmsis-packs/raw/master/Nuvoton_DFP/Nuvoton.NuMicroM4_DFP.pdsc,3e7943a350a2e66c7022ec44b8ef3c5339dbfe47cf03576b9f56eabc3bfc428e,nuvoton-numicro-m4,mapping_candidate,not_verified
Nuvoton,NuMicro M4 Family,MA35D1,MA35D16F987C,cmsis_device_name,MA35D16F987C,tcl/target/numicro_m4.cfg,"[""numicro""]",upstream-openocd,56b8d93fbe61a78dc903d770820d6d896b6d8134,Nuvoton,NuMicroM4_DFP,1.0.3,https://github.com/OpenNuvoton/cmsis-packs/raw/master/Nuvoton_DFP/Nuvoton.NuMicroM4_DFP.pdsc,3e7943a350a2e66c7022ec44b8ef3c5339dbfe47cf03576b9f56eabc3bfc428e,nuvoton-numicro-m4,mapping_candidate,not_verified
Nuvoton,NuMicro M4 Family,NUC400,NUC442JG8AE,cmsis_device_name,NUC442JG8AE,tcl/target/numicro_m4.cfg,"[""numicro""]",upstream-openocd,56b8d93fbe61a78dc903d770820d6d896b6d8134,Nuvoton,NuMicroM4_DFP,1.0.3,https://github.com/OpenNuvoton/cmsis-packs/raw/master/Nuvoton_DFP/Nuvoton.NuMicroM4_DFP.pdsc,3e7943a350a2e66c7022ec44b8ef3c5339dbfe47cf03576b9f56eabc3bfc428e,nuvoton-numicro-m4,mapping_candidate,not_verified
Nuvoton,NuMicro M4 Family,NUC400,NUC442JI8AE,cmsis_device_name,NUC442JI8AE,tcl/target/numicro_m4.cfg,"[""numicro""]",upstream-openocd,56b8d93fbe61a78dc903d770820d6d896b6d8134,Nuvoton,NuMicroM4_DFP,1.0.3,https://github.com/OpenNuvoton/cmsis-packs/raw/master/Nuvoton_DFP/Nuvoton.NuMicroM4_DFP.pdsc,3e7943a350a2e66c7022ec44b8ef3c5339dbfe47cf03576b9f56eabc3bfc428e,nuvoton-numicro-m4,mapping_candidate,not_verified
Nuvoton,NuMicro M4 Family,NUC400,NUC442KG8AE,cmsis_device_name,NUC442KG8AE,tcl/target/numicro_m4.cfg,"[""numicro""]",upstream-openocd,56b8d93fbe61a78dc903d770820d6d896b6d8134,Nuvoton,NuMicroM4_DFP,1.0.3,https://github.com/OpenNuvoton/cmsis-packs/raw/master/Nuvoton_DFP/Nuvoton.NuMicroM4_DFP.pdsc,3e7943a350a2e66c7022ec44b8ef3c5339dbfe47cf03576b9f56eabc3bfc428e,nuvoton-numicro-m4,mapping_candidate,not_verified
Nuvoton,NuMicro M4 Family,NUC400,NUC442KI8AE,cmsis_device_name,NUC442KI8AE,tcl/target/numicro_m4.cfg,"[""numicro""]",upstream-openocd,56b8d93fbe61a78dc903d770820d6d896b6d8134,Nuvoton,NuMicroM4_DFP,1.0.3,https://github.com/OpenNuvoton/cmsis-packs/raw/master/Nuvoton_DFP/Nuvoton.NuMicroM4_DFP.pdsc,3e7943a350a2e66c7022ec44b8ef3c5339dbfe47cf03576b9f56eabc3bfc428e,nuvoton-numicro-m4,mapping_candidate,not_verified
Nuvoton,NuMicro M4 Family,NUC400,NUC442RG8AE,cmsis_device_name,NUC442RG8AE,tcl/target/numicro_m4.cfg,"[""numicro""]",upstream-openocd,56b8d93fbe61a78dc903d770820d6d896b6d8134,Nuvoton,NuMicroM4_DFP,1.0.3,https://github.com/OpenNuvoton/cmsis-packs/raw/master/Nuvoton_DFP/Nuvoton.NuMicroM4_DFP.pdsc,3e7943a350a2e66c7022ec44b8ef3c5339dbfe47cf03576b9f56eabc3bfc428e,nuvoton-numicro-m4,mapping_candidate,not_verified
Nuvoton,NuMicro M4 Family,NUC400,NUC442RI8AE,cmsis_device_name,NUC442RI8AE,tcl/target/numicro_m4.cfg,"[""numicro""]",upstream-openocd,56b8d93fbe61a78dc903d770820d6d896b6d8134,Nuvoton,NuMicroM4_DFP,1.0.3,https://github.com/OpenNuvoton/cmsis-packs/raw/master/Nuvoton_DFP/Nuvoton.NuMicroM4_DFP.pdsc,3e7943a350a2e66c7022ec44b8ef3c5339dbfe47cf03576b9f56eabc3bfc428e,nuvoton-numicro-m4,mapping_candidate,not_verified
Nuvoton,NuMicro M4 Family,NUC400,NUC442VG8AE,cmsis_device_name,NUC442VG8AE,tcl/target/numicro_m4.cfg,"[""numicro""]",upstream-openocd,56b8d93fbe61a78dc903d770820d6d896b6d8134,Nuvoton,NuMicroM4_DFP,1.0.3,https://github.com/OpenNuvoton/cmsis-packs/raw/master/Nuvoton_DFP/Nuvoton.NuMicroM4_DFP.pdsc,3e7943a350a2e66c7022ec44b8ef3c5339dbfe47cf03576b9f56eabc3bfc428e,nuvoton-numicro-m4,mapping_candidate,not_verified
Nuvoton,NuMicro M4 Family,NUC400,NUC442VI8AE,cmsis_device_name,NUC442VI8AE,tcl/target/numicro_m4.cfg,"[""numicro""]",upstream-openocd,56b8d93fbe61a78dc903d770820d6d896b6d8134,Nuvoton,NuMicroM4_DFP,1.0.3,https://github.com/OpenNuvoton/cmsis-packs/raw/master/Nuvoton_DFP/Nuvoton.NuMicroM4_DFP.pdsc,3e7943a350a2e66c7022ec44b8ef3c5339dbfe47cf03576b9f56eabc3bfc428e,nuvoton-numicro-m4,mapping_candidate,not_verified
Nuvoton,NuMicro M4 Family,NUC400,NUC472HG8AE,cmsis_device_name,NUC472HG8AE,tcl/target/numicro_m4.cfg,"[""numicro""]",upstream-openocd,56b8d93fbe61a78dc903d770820d6d896b6d8134,Nuvoton,NuMicroM4_DFP,1.0.3,https://github.com/OpenNuvoton/cmsis-packs/raw/master/Nuvoton_DFP/Nuvoton.NuMicroM4_DFP.pdsc,3e7943a350a2e66c7022ec44b8ef3c5339dbfe47cf03576b9f56eabc3bfc428e,nuvoton-numicro-m4,mapping_candidate,not_verified
Nuvoton,NuMicro M4 Family,NUC400,NUC472HI8AE,cmsis_device_name,NUC472HI8AE,tcl/target/numicro_m4.cfg,"[""numicro""]",upstream-openocd,56b8d93fbe61a78dc903d770820d6d896b6d8134,Nuvoton,NuMicroM4_DFP,1.0.3,https://github.com/OpenNuvoton/cmsis-packs/raw/master/Nuvoton_DFP/Nuvoton.NuMicroM4_DFP.pdsc,3e7943a350a2e66c7022ec44b8ef3c5339dbfe47cf03576b9f56eabc3bfc428e,nuvoton-numicro-m4,mapping_candidate,not_verified
Nuvoton,NuMicro M4 Family,NUC400,NUC472JG8AE,cmsis_device_name,NUC472JG8AE,tcl/target/numicro_m4.cfg,"[""numicro""]",upstream-openocd,56b8d93fbe61a78dc903d770820d6d896b6d8134,Nuvoton,NuMicroM4_DFP,1.0.3,https://github.com/OpenNuvoton/cmsis-packs/raw/master/Nuvoton_DFP/Nuvoton.NuMicroM4_DFP.pdsc,3e7943a350a2e66c7022ec44b8ef3c5339dbfe47cf03576b9f56eabc3bfc428e,nuvoton-numicro-m4,mapping_candidate,not_verified
Nuvoton,NuMicro M4 Family,NUC400,NUC472JI8AE,cmsis_device_name,NUC472JI8AE,tcl/target/numicro_m4.cfg,"[""numicro""]",upstream-openocd,56b8d93fbe61a78dc903d770820d6d896b6d8134,Nuvoton,NuMicroM4_DFP,1.0.3,https://github.com/OpenNuvoton/cmsis-packs/raw/master/Nuvoton_DFP/Nuvoton.NuMicroM4_DFP.pdsc,3e7943a350a2e66c7022ec44b8ef3c5339dbfe47cf03576b9f56eabc3bfc428e,nuvoton-numicro-m4,mapping_candidate,not_verified
Nuvoton,NuMicro M4 Family,NUC400,NUC472KG8AE,cmsis_device_name,NUC472KG8AE,tcl/target/numicro_m4.cfg,"[""numicro""]",upstream-openocd,56b8d93fbe61a78dc903d770820d6d896b6d8134,Nuvoton,NuMicroM4_DFP,1.0.3,https://github.com/OpenNuvoton/cmsis-packs/raw/master/Nuvoton_DFP/Nuvoton.NuMicroM4_DFP.pdsc,3e7943a350a2e66c7022ec44b8ef3c5339dbfe47cf03576b9f56eabc3bfc428e,nuvoton-numicro-m4,mapping_candidate,not_verified
Nuvoton,NuMicro M4 Family,NUC400,NUC472KI8AE,cmsis_device_name,NUC472KI8AE,tcl/target/numicro_m4.cfg,"[""numicro""]",upstream-openocd,56b8d93fbe61a78dc903d770820d6d896b6d8134,Nuvoton,NuMicroM4_DFP,1.0.3,https://github.com/OpenNuvoton/cmsis-packs/raw/master/Nuvoton_DFP/Nuvoton.NuMicroM4_DFP.pdsc,3e7943a350a2e66c7022ec44b8ef3c5339dbfe47cf03576b9f56eabc3bfc428e,nuvoton-numicro-m4,mapping_candidate,not_verified
Nuvoton,NuMicro M4 Family,NUC400,NUC472VG8AE,cmsis_device_name,NUC472VG8AE,tcl/target/numicro_m4.cfg,"[""numicro""]",upstream-openocd,56b8d93fbe61a78dc903d770820d6d896b6d8134,Nuvoton,NuMicroM4_DFP,1.0.3,https://github.com/OpenNuvoton/cmsis-packs/raw/master/Nuvoton_DFP/Nuvoton.NuMicroM4_DFP.pdsc,3e7943a350a2e66c7022ec44b8ef3c5339dbfe47cf03576b9f56eabc3bfc428e,nuvoton-numicro-m4,mapping_candidate,not_verified
Nuvoton,NuMicro M4 Family,NUC400,NUC472VI8AE,cmsis_device_name,NUC472VI8AE,tcl/target/numicro_m4.cfg,"[""numicro""]",upstream-openocd,56b8d93fbe61a78dc903d770820d6d896b6d8134,Nuvoton,NuMicroM4_DFP,1.0.3,https://github.com/OpenNuvoton/cmsis-packs/raw/master/Nuvoton_DFP/Nuvoton.NuMicroM4_DFP.pdsc,3e7943a350a2e66c7022ec44b8ef3c5339dbfe47cf03576b9f56eabc3bfc428e,nuvoton-numicro-m4,mapping_candidate,not_verified
Nuvoton,NuMicro M4 Family,NUC505,NUC505DL13Y,cmsis_device_name,NUC505DL13Y,tcl/target/numicro_m4.cfg,"[""numicro""]",upstream-openocd,56b8d93fbe61a78dc903d770820d6d896b6d8134,Nuvoton,NuMicroM4_DFP,1.0.3,https://github.com/OpenNuvoton/cmsis-packs/raw/master/Nuvoton_DFP/Nuvoton.NuMicroM4_DFP.pdsc,3e7943a350a2e66c7022ec44b8ef3c5339dbfe47cf03576b9f56eabc3bfc428e,nuvoton-numicro-m4,mapping_candidate,not_verified
Nuvoton,NuMicro M4 Family,NUC505,NUC505DLA,cmsis_device_name,NUC505DLA,tcl/target/numicro_m4.cfg,"[""numicro""]",upstream-openocd,56b8d93fbe61a78dc903d770820d6d896b6d8134,Nuvoton,NuMicroM4_DFP,1.0.3,https://github.com/OpenNuvoton/cmsis-packs/raw/master/Nuvoton_DFP/Nuvoton.NuMicroM4_DFP.pdsc,3e7943a350a2e66c7022ec44b8ef3c5339dbfe47cf03576b9f56eabc3bfc428e,nuvoton-numicro-m4,mapping_candidate,not_verified
Nuvoton,NuMicro M4 Family,NUC505,NUC505DS13Y,cmsis_device_name,NUC505DS13Y,tcl/target/numicro_m4.cfg,"[""numicro""]",upstream-openocd,56b8d93fbe61a78dc903d770820d6d896b6d8134,Nuvoton,NuMicroM4_DFP,1.0.3,https://github.com/OpenNuvoton/cmsis-packs/raw/master/Nuvoton_DFP/Nuvoton.NuMicroM4_DFP.pdsc,3e7943a350a2e66c7022ec44b8ef3c5339dbfe47cf03576b9f56eabc3bfc428e,nuvoton-numicro-m4,mapping_candidate,not_verified
Nuvoton,NuMicro M4 Family,NUC505,NUC505DSA,cmsis_device_name,NUC505DSA,tcl/target/numicro_m4.cfg,"[""numicro""]",upstream-openocd,56b8d93fbe61a78dc903d770820d6d896b6d8134,Nuvoton,NuMicroM4_DFP,1.0.3,https://github.com/OpenNuvoton/cmsis-packs/raw/master/Nuvoton_DFP/Nuvoton.NuMicroM4_DFP.pdsc,3e7943a350a2e66c7022ec44b8ef3c5339dbfe47cf03576b9f56eabc3bfc428e,nuvoton-numicro-m4,mapping_candidate,not_verified
Nuvoton,NuMicro M4 Family,NUC505,NUC505YLA,cmsis_device_name,NUC505YLA,tcl/target/numicro_m4.cfg,"[""numicro""]",upstream-openocd,56b8d93fbe61a78dc903d770820d6d896b6d8134,Nuvoton,NuMicroM4_DFP,1.0.3,https://github.com/OpenNuvoton/cmsis-packs/raw/master/Nuvoton_DFP/Nuvoton.NuMicroM4_DFP.pdsc,3e7943a350a2e66c7022ec44b8ef3c5339dbfe47cf03576b9f56eabc3bfc428e,nuvoton-numicro-m4,mapping_candidate,not_verified
Nuvoton,NuMicro M4 Family,NUC505,NUC505YLA2Y,cmsis_device_name,NUC505YLA2Y,tcl/target/numicro_m4.cfg,"[""numicro""]",upstream-openocd,56b8d93fbe61a78dc903d770820d6d896b6d8134,Nuvoton,NuMicroM4_DFP,1.0.3,https://github.com/OpenNuvoton/cmsis-packs/raw/master/Nuvoton_DFP/Nuvoton.NuMicroM4_DFP.pdsc,3e7943a350a2e66c7022ec44b8ef3c5339dbfe47cf03576b9f56eabc3bfc428e,nuvoton-numicro-m4,mapping_candidate,not_verified
Nuvoton,NuMicro M4 Family,NUC505,NUC505YO13Y,cmsis_device_name,NUC505YO13Y,tcl/target/numicro_m4.cfg,"[""numicro""]",upstream-openocd,56b8d93fbe61a78dc903d770820d6d896b6d8134,Nuvoton,NuMicroM4_DFP,1.0.3,https://github.com/OpenNuvoton/cmsis-packs/raw/master/Nuvoton_DFP/Nuvoton.NuMicroM4_DFP.pdsc,3e7943a350a2e66c7022ec44b8ef3c5339dbfe47cf03576b9f56eabc3bfc428e,nuvoton-numicro-m4,mapping_candidate,not_verified
STMicroelectronics,STBlueNRG Series,STBlueNRG,BlueNRG-1,cmsis_device_name,BlueNRG-1,tcl/target/bluenrg-x.cfg,"[""bluenrg-x""]",upstream-openocd,56b8d93fbe61a78dc903d770820d6d896b6d8134,Keil,STBlueNRG_DFP,1.1.2,https://www.keil.com/pack/Keil.STBlueNRG_DFP.pdsc,b18d60b4d5d43ab25de6f461663f006676eecabc69926a8d224e3a56d05c0f27,st-bluenrg,mapping_candidate,not_verified
STMicroelectronics,STBlueNRG-2 Series,STBlueNRG-2,BlueNRG-2,cmsis_device_name,BlueNRG-2,tcl/target/bluenrg-x.cfg,"[""bluenrg-x""]",upstream-openocd,56b8d93fbe61a78dc903d770820d6d896b6d8134,Keil,STBlueNRG-2_DFP,1.0.2,https://www.keil.com/pack/Keil.STBlueNRG-2_DFP.pdsc,a17bc2be49bab3bfdeec97dac87386da489f1762ebcbd354bcc71969bc5be656,st-bluenrg,mapping_candidate,not_verified
STMicroelectronics,STBlueNRG-LP Series,STBlueNRG-LPS,BlueNRG-332,cmsis_device_name,BlueNRG-332,tcl/target/bluenrg-x.cfg,"[""bluenrg-x""]",upstream-openocd,56b8d93fbe61a78dc903d770820d6d896b6d8134,Keil,STBlueNRG-LP_DFP,3.0.0,https://www.keil.com/pack/Keil.STBlueNRG-LP_DFP.pdsc,0e0c4a3b4310ab9f9513d60c32807dbcf3bf8871fd180fa9184a6aaf3cbe1e05,st-bluenrg,mapping_candidate,not_verified
STMicroelectronics,STBlueNRG-LP Series,STBlueNRG-LP,BlueNRG-345,cmsis_device_name,BlueNRG-345,tcl/target/bluenrg-x.cfg,"[""bluenrg-x""]",upstream-openocd,56b8d93fbe61a78dc903d770820d6d896b6d8134,Keil,STBlueNRG-LP_DFP,3.0.0,https://www.keil.com/pack/Keil.STBlueNRG-LP_DFP.pdsc,0e0c4a3b4310ab9f9513d60c32807dbcf3bf8871fd180fa9184a6aaf3cbe1e05,st-bluenrg,mapping_candidate,not_verified
STMicroelectronics,STBlueNRG-LP Series,STBlueNRG-LP,BlueNRG-355,cmsis_device_name,BlueNRG-355,tcl/target/bluenrg-x.cfg,"[""bluenrg-x""]",upstream-openocd,56b8d93fbe61a78dc903d770820d6d896b6d8134,Keil,STBlueNRG-LP_DFP,3.0.0,https://www.keil.com/pack/Keil.STBlueNRG-LP_DFP.pdsc,0e0c4a3b4310ab9f9513d60c32807dbcf3bf8871fd180fa9184a6aaf3cbe1e05,st-bluenrg,mapping_candidate,not_verified
STMicroelectronics,STM32H7RS Series,STM32H7R3,STM32H7R3A8Ix,ordering_pattern,STM32H7R3A8Ix,tcl/target/stm32h7rsx.cfg,"[""stm32h7x""]",upstream-openocd,56b8d93fbe61a78dc903d770820d6d896b6d8134,Keil,STM32H7RSxx_DFP,1.1.0,https://www.keil.com/pack/Keil.STM32H7RSxx_DFP.pdsc,6ba2d30ddc5f1c89d7dd38d23117cd46d711ccf886d0776133a4a3074efaa56e,st-stm32h7rs,mapping_candidate,not_verified
STMicroelectronics,STM32H7RS Series,STM32H7R3,STM32H7R3I8Kx,ordering_pattern,STM32H7R3I8Kx,tcl/target/stm32h7rsx.cfg,"[""stm32h7x""]",upstream-openocd,56b8d93fbe61a78dc903d770820d6d896b6d8134,Keil,STM32H7RSxx_DFP,1.1.0,https://www.keil.com/pack/Keil.STM32H7RSxx_DFP.pdsc,6ba2d30ddc5f1c89d7dd38d23117cd46d711ccf886d0776133a4a3074efaa56e,st-stm32h7rs,mapping_candidate,not_verified
STMicroelectronics,STM32H7RS Series,STM32H7R3,STM32H7R3I8Tx,ordering_pattern,STM32H7R3I8Tx,tcl/target/stm32h7rsx.cfg,"[""stm32h7x""]",upstream-openocd,56b8d93fbe61a78dc903d770820d6d896b6d8134,Keil,STM32H7RSxx_DFP,1.1.0,https://www.keil.com/pack/Keil.STM32H7RSxx_DFP.pdsc,6ba2d30ddc5f1c89d7dd38d23117cd46d711ccf886d0776133a4a3074efaa56e,st-stm32h7rs,mapping_candidate,not_verified
STMicroelectronics,STM32H7RS Series,STM32H7R3,STM32H7R3L8Hx,ordering_pattern,STM32H7R3L8Hx,tcl/target/stm32h7rsx.cfg,"[""stm32h7x""]",upstream-openocd,56b8d93fbe61a78dc903d770820d6d896b6d8134,Keil,STM32H7RSxx_DFP,1.1.0,https://www.keil.com/pack/Keil.STM32H7RSxx_DFP.pdsc,6ba2d30ddc5f1c89d7dd38d23117cd46d711ccf886d0776133a4a3074efaa56e,st-stm32h7rs,mapping_candidate,not_verified
STMicroelectronics,STM32H7RS Series,STM32H7R3,STM32H7R3L8HxH,cmsis_device_name,STM32H7R3L8HxH,tcl/target/stm32h7rsx.cfg,"[""stm32h7x""]",upstream-openocd,56b8d93fbe61a78dc903d770820d6d896b6d8134,Keil,STM32H7RSxx_DFP,1.1.0,https://www.keil.com/pack/Keil.STM32H7RSxx_DFP.pdsc,6ba2d30ddc5f1c89d7dd38d23117cd46d711ccf886d0776133a4a3074efaa56e,st-stm32h7rs,mapping_candidate,not_verified
STMicroelectronics,STM32H7RS Series,STM32H7R3,STM32H7R3R8Vx,ordering_pattern,STM32H7R3R8Vx,tcl/target/stm32h7rsx.cfg,"[""stm32h7x""]",upstream-openocd,56b8d93fbe61a78dc903d770820d6d896b6d8134,Keil,STM32H7RSxx_DFP,1.1.0,https://www.keil.com/pack/Keil.STM32H7RSxx_DFP.pdsc,6ba2d30ddc5f1c89d7dd38d23117cd46d711ccf886d0776133a4a3074efaa56e,st-stm32h7rs,mapping_candidate,not_verified
STMicroelectronics,STM32H7RS Series,STM32H7R3,STM32H7R3V8Hx,ordering_pattern,STM32H7R3V8Hx,tcl/target/stm32h7rsx.cfg,"[""stm32h7x""]",upstream-openocd,56b8d93fbe61a78dc903d770820d6d896b6d8134,Keil,STM32H7RSxx_DFP,1.1.0,https://www.keil.com/pack/Keil.STM32H7RSxx_DFP.pdsc,6ba2d30ddc5f1c89d7dd38d23117cd46d711ccf886d0776133a4a3074efaa56e,st-stm32h7rs,mapping_candidate,not_verified
STMicroelectronics,STM32H7RS Series,STM32H7R3,STM32H7R3V8Tx,ordering_pattern,STM32H7R3V8Tx,tcl/target/stm32h7rsx.cfg,"[""stm32h7x""]",upstream-openocd,56b8d93fbe61a78dc903d770820d6d896b6d8134,Keil,STM32H7RSxx_DFP,1.1.0,https://www.keil.com/pack/Keil.STM32H7RSxx_DFP.pdsc,6ba2d30ddc5f1c89d7dd38d23117cd46d711ccf886d0776133a4a3074efaa56e,st-stm32h7rs,mapping_candidate,not_verified
STMicroelectronics,STM32H7RS Series,STM32H7R3,STM32H7R3V8Yx,ordering_pattern,STM32H7R3V8Yx,tcl/target/stm32h7rsx.cfg,"[""stm32h7x""]",upstream-openocd,56b8d93fbe61a78dc903d770820d6d896b6d8134,Keil,STM32H7RSxx_DFP,1.1.0,https://www.keil.com/pack/Keil.STM32H7RSxx_DFP.pdsc,6ba2d30ddc5f1c89d7dd38d23117cd46d711ccf886d0776133a4a3074efaa56e,st-stm32h7rs,mapping_candidate,not_verified
STMicroelectronics,STM32H7RS Series,STM32H7R3,STM32H7R3Z8Jx,ordering_pattern,STM32H7R3Z8Jx,tcl/target/stm32h7rsx.cfg,"[""stm32h7x""]",upstream-openocd,56b8d93fbe61a78dc903d770820d6d896b6d8134,Keil,STM32H7RSxx_DFP,1.1.0,https://www.keil.com/pack/Keil.STM32H7RSxx_DFP.pdsc,6ba2d30ddc5f1c89d7dd38d23117cd46d711ccf886d0776133a4a3074efaa56e,st-stm32h7rs,mapping_candidate,not_verified
STMicroelectronics,STM32H7RS Series,STM32H7R3,STM32H7R3Z8Tx,ordering_pattern,STM32H7R3Z8Tx,tcl/target/stm32h7rsx.cfg,"[""stm32h7x""]",upstream-openocd,56b8d93fbe61a78dc903d770820d6d896b6d8134,Keil,STM32H7RSxx_DFP,1.1.0,https://www.keil.com/pack/Keil.STM32H7RSxx_DFP.pdsc,6ba2d30ddc5f1c89d7dd38d23117cd46d711ccf886d0776133a4a3074efaa56e,st-stm32h7rs,mapping_candidate,not_verified
STMicroelectronics,STM32H7RS Series,STM32H7R7,STM32H7R7A8Ix,ordering_pattern,STM32H7R7A8Ix,tcl/target/stm32h7rsx.cfg,"[""stm32h7x""]",upstream-openocd,56b8d93fbe61a78dc903d770820d6d896b6d8134,Keil,STM32H7RSxx_DFP,1.1.0,https://www.keil.com/pack/Keil.STM32H7RSxx_DFP.pdsc,6ba2d30ddc5f1c89d7dd38d23117cd46d711ccf886d0776133a4a3074efaa56e,st-stm32h7rs,mapping_candidate,not_verified
STMicroelectronics,STM32H7RS Series,STM32H7R7,STM32H7R7I8Kx,ordering_pattern,STM32H7R7I8Kx,tcl/target/stm32h7rsx.cfg,"[""stm32h7x""]",upstream-openocd,56b8d93fbe61a78dc903d770820d6d896b6d8134,Keil,STM32H7RSxx_DFP,1.1.0,https://www.keil.com/pack/Keil.STM32H7RSxx_DFP.pdsc,6ba2d30ddc5f1c89d7dd38d23117cd46d711ccf886d0776133a4a3074efaa56e,st-stm32h7rs,mapping_candidate,not_verified
STMicroelectronics,STM32H7RS Series,STM32H7R7,STM32H7R7I8Tx,ordering_pattern,STM32H7R7I8Tx,tcl/target/stm32h7rsx.cfg,"[""stm32h7x""]",upstream-openocd,56b8d93fbe61a78dc903d770820d6d896b6d8134,Keil,STM32H7RSxx_DFP,1.1.0,https://www.keil.com/pack/Keil.STM32H7RSxx_DFP.pdsc,6ba2d30ddc5f1c89d7dd38d23117cd46d711ccf886d0776133a4a3074efaa56e,st-stm32h7rs,mapping_candidate,not_verified
STMicroelectronics,STM32H7RS Series,STM32H7R7,STM32H7R7L8Hx,ordering_pattern,STM32H7R7L8Hx,tcl/target/stm32h7rsx.cfg,"[""stm32h7x""]",upstream-openocd,56b8d93fbe61a78dc903d770820d6d896b6d8134,Keil,STM32H7RSxx_DFP,1.1.0,https://www.keil.com/pack/Keil.STM32H7RSxx_DFP.pdsc,6ba2d30ddc5f1c89d7dd38d23117cd46d711ccf886d0776133a4a3074efaa56e,st-stm32h7rs,mapping_candidate,not_verified
STMicroelectronics,STM32H7RS Series,STM32H7R7,STM32H7R7L8HxH,cmsis_device_name,STM32H7R7L8HxH,tcl/target/stm32h7rsx.cfg,"[""stm32h7x""]",upstream-openocd,56b8d93fbe61a78dc903d770820d6d896b6d8134,Keil,STM32H7RSxx_DFP,1.1.0,https://www.keil.com/pack/Keil.STM32H7RSxx_DFP.pdsc,6ba2d30ddc5f1c89d7dd38d23117cd46d711ccf886d0776133a4a3074efaa56e,st-stm32h7rs,mapping_candidate,not_verified
STMicroelectronics,STM32H7RS Series,STM32H7R7,STM32H7R7Z8Jx,ordering_pattern,STM32H7R7Z8Jx,tcl/target/stm32h7rsx.cfg,"[""stm32h7x""]",upstream-openocd,56b8d93fbe61a78dc903d770820d6d896b6d8134,Keil,STM32H7RSxx_DFP,1.1.0,https://www.keil.com/pack/Keil.STM32H7RSxx_DFP.pdsc,6ba2d30ddc5f1c89d7dd38d23117cd46d711ccf886d0776133a4a3074efaa56e,st-stm32h7rs,mapping_candidate,not_verified
STMicroelectronics,STM32H7RS Series,STM32H7S3,STM32H7S3A8Ix,ordering_pattern,STM32H7S3A8Ix,tcl/target/stm32h7rsx.cfg,"[""stm32h7x""]",upstream-openocd,56b8d93fbe61a78dc903d770820d6d896b6d8134,Keil,STM32H7RSxx_DFP,1.1.0,https://www.keil.com/pack/Keil.STM32H7RSxx_DFP.pdsc,6ba2d30ddc5f1c89d7dd38d23117cd46d711ccf886d0776133a4a3074efaa56e,st-stm32h7rs,mapping_candidate,not_verified
STMicroelectronics,STM32H7RS Series,STM32H7S3,STM32H7S3I8Kx,ordering_pattern,STM32H7S3I8Kx,tcl/target/stm32h7rsx.cfg,"[""stm32h7x""]",upstream-openocd,56b8d93fbe61a78dc903d770820d6d896b6d8134,Keil,STM32H7RSxx_DFP,1.1.0,https://www.keil.com/pack/Keil.STM32H7RSxx_DFP.pdsc,6ba2d30ddc5f1c89d7dd38d23117cd46d711ccf886d0776133a4a3074efaa56e,st-stm32h7rs,mapping_candidate,not_verified
STMicroelectronics,STM32H7RS Series,STM32H7S3,STM32H7S3I8Tx,ordering_pattern,STM32H7S3I8Tx,tcl/target/stm32h7rsx.cfg,"[""stm32h7x""]",upstream-openocd,56b8d93fbe61a78dc903d770820d6d896b6d8134,Keil,STM32H7RSxx_DFP,1.1.0,https://www.keil.com/pack/Keil.STM32H7RSxx_DFP.pdsc,6ba2d30ddc5f1c89d7dd38d23117cd46d711ccf886d0776133a4a3074efaa56e,st-stm32h7rs,mapping_candidate,not_verified
STMicroelectronics,STM32H7RS Series,STM32H7S3,STM32H7S3L8Hx,ordering_pattern,STM32H7S3L8Hx,tcl/target/stm32h7rsx.cfg,"[""stm32h7x""]",upstream-openocd,56b8d93fbe61a78dc903d770820d6d896b6d8134,Keil,STM32H7RSxx_DFP,1.1.0,https://www.keil.com/pack/Keil.STM32H7RSxx_DFP.pdsc,6ba2d30ddc5f1c89d7dd38d23117cd46d711ccf886d0776133a4a3074efaa56e,st-stm32h7rs,mapping_candidate,not_verified
STMicroelectronics,STM32H7RS Series,STM32H7S3,STM32H7S3L8HxH,cmsis_device_name,STM32H7S3L8HxH,tcl/target/stm32h7rsx.cfg,"[""stm32h7x""]",upstream-openocd,56b8d93fbe61a78dc903d770820d6d896b6d8134,Keil,STM32H7RSxx_DFP,1.1.0,https://www.keil.com/pack/Keil.STM32H7RSxx_DFP.pdsc,6ba2d30ddc5f1c89d7dd38d23117cd46d711ccf886d0776133a4a3074efaa56e,st-stm32h7rs,mapping_candidate,not_verified
STMicroelectronics,STM32H7RS Series,STM32H7S3,STM32H7S3R8Vx,ordering_pattern,STM32H7S3R8Vx,tcl/target/stm32h7rsx.cfg,"[""stm32h7x""]",upstream-openocd,56b8d93fbe61a78dc903d770820d6d896b6d8134,Keil,STM32H7RSxx_DFP,1.1.0,https://www.keil.com/pack/Keil.STM32H7RSxx_DFP.pdsc,6ba2d30ddc5f1c89d7dd38d23117cd46d711ccf886d0776133a4a3074efaa56e,st-stm32h7rs,mapping_candidate,not_verified
STMicroelectronics,STM32H7RS Series,STM32H7S3,STM32H7S3V8Hx,ordering_pattern,STM32H7S3V8Hx,tcl/target/stm32h7rsx.cfg,"[""stm32h7x""]",upstream-openocd,56b8d93fbe61a78dc903d770820d6d896b6d8134,Keil,STM32H7RSxx_DFP,1.1.0,https://www.keil.com/pack/Keil.STM32H7RSxx_DFP.pdsc,6ba2d30ddc5f1c89d7dd38d23117cd46d711ccf886d0776133a4a3074efaa56e,st-stm32h7rs,mapping_candidate,not_verified
STMicroelectronics,STM32H7RS Series,STM32H7S3,STM32H7S3V8Tx,ordering_pattern,STM32H7S3V8Tx,tcl/target/stm32h7rsx.cfg,"[""stm32h7x""]",upstream-openocd,56b8d93fbe61a78dc903d770820d6d896b6d8134,Keil,STM32H7RSxx_DFP,1.1.0,https://www.keil.com/pack/Keil.STM32H7RSxx_DFP.pdsc,6ba2d30ddc5f1c89d7dd38d23117cd46d711ccf886d0776133a4a3074efaa56e,st-stm32h7rs,mapping_candidate,not_verified
STMicroelectronics,STM32H7RS Series,STM32H7S3,STM32H7S3V8Yx,ordering_pattern,STM32H7S3V8Yx,tcl/target/stm32h7rsx.cfg,"[""stm32h7x""]",upstream-openocd,56b8d93fbe61a78dc903d770820d6d896b6d8134,Keil,STM32H7RSxx_DFP,1.1.0,https://www.keil.com/pack/Keil.STM32H7RSxx_DFP.pdsc,6ba2d30ddc5f1c89d7dd38d23117cd46d711ccf886d0776133a4a3074efaa56e,st-stm32h7rs,mapping_candidate,not_verified
STMicroelectronics,STM32H7RS Series,STM32H7S3,STM32H7S3Z8Jx,ordering_pattern,STM32H7S3Z8Jx,tcl/target/stm32h7rsx.cfg,"[""stm32h7x""]",upstream-openocd,56b8d93fbe61a78dc903d770820d6d896b6d8134,Keil,STM32H7RSxx_DFP,1.1.0,https://www.keil.com/pack/Keil.STM32H7RSxx_DFP.pdsc,6ba2d30ddc5f1c89d7dd38d23117cd46d711ccf886d0776133a4a3074efaa56e,st-stm32h7rs,mapping_candidate,not_verified
STMicroelectronics,STM32H7RS Series,STM32H7S3,STM32H7S3Z8Tx,ordering_pattern,STM32H7S3Z8Tx,tcl/target/stm32h7rsx.cfg,"[""stm32h7x""]",upstream-openocd,56b8d93fbe61a78dc903d770820d6d896b6d8134,Keil,STM32H7RSxx_DFP,1.1.0,https://www.keil.com/pack/Keil.STM32H7RSxx_DFP.pdsc,6ba2d30ddc5f1c89d7dd38d23117cd46d711ccf886d0776133a4a3074efaa56e,st-stm32h7rs,mapping_candidate,not_verified
STMicroelectronics,STM32H7RS Series,STM32H7S7,STM32H7S7A8Ix,ordering_pattern,STM32H7S7A8Ix,tcl/target/stm32h7rsx.cfg,"[""stm32h7x""]",upstream-openocd,56b8d93fbe61a78dc903d770820d6d896b6d8134,Keil,STM32H7RSxx_DFP,1.1.0,https://www.keil.com/pack/Keil.STM32H7RSxx_DFP.pdsc,6ba2d30ddc5f1c89d7dd38d23117cd46d711ccf886d0776133a4a3074efaa56e,st-stm32h7rs,mapping_candidate,not_verified
STMicroelectronics,STM32H7RS Series,STM32H7S7,STM32H7S7I8Kx,ordering_pattern,STM32H7S7I8Kx,tcl/target/stm32h7rsx.cfg,"[""stm32h7x""]",upstream-openocd,56b8d93fbe61a78dc903d770820d6d896b6d8134,Keil,STM32H7RSxx_DFP,1.1.0,https://www.keil.com/pack/Keil.STM32H7RSxx_DFP.pdsc,6ba2d30ddc5f1c89d7dd38d23117cd46d711ccf886d0776133a4a3074efaa56e,st-stm32h7rs,mapping_candidate,not_verified
STMicroelectronics,STM32H7RS Series,STM32H7S7,STM32H7S7I8Tx,ordering_pattern,STM32H7S7I8Tx,tcl/target/stm32h7rsx.cfg,"[""stm32h7x""]",upstream-openocd,56b8d93fbe61a78dc903d770820d6d896b6d8134,Keil,STM32H7RSxx_DFP,1.1.0,https://www.keil.com/pack/Keil.STM32H7RSxx_DFP.pdsc,6ba2d30ddc5f1c89d7dd38d23117cd46d711ccf886d0776133a4a3074efaa56e,st-stm32h7rs,mapping_candidate,not_verified
STMicroelectronics,STM32H7RS Series,STM32H7S7,STM32H7S7L8Hx,ordering_pattern,STM32H7S7L8Hx,tcl/target/stm32h7rsx.cfg,"[""stm32h7x""]",upstream-openocd,56b8d93fbe61a78dc903d770820d6d896b6d8134,Keil,STM32H7RSxx_DFP,1.1.0,https://www.keil.com/pack/Keil.STM32H7RSxx_DFP.pdsc,6ba2d30ddc5f1c89d7dd38d23117cd46d711ccf886d0776133a4a3074efaa56e,st-stm32h7rs,mapping_candidate,not_verified
STMicroelectronics,STM32H7RS Series,STM32H7S7,STM32H7S7L8HxH,cmsis_device_name,STM32H7S7L8HxH,tcl/target/stm32h7rsx.cfg,"[""stm32h7x""]",upstream-openocd,56b8d93fbe61a78dc903d770820d6d896b6d8134,Keil,STM32H7RSxx_DFP,1.1.0,https://www.keil.com/pack/Keil.STM32H7RSxx_DFP.pdsc,6ba2d30ddc5f1c89d7dd38d23117cd46d711ccf886d0776133a4a3074efaa56e,st-stm32h7rs,mapping_candidate,not_verified
STMicroelectronics,STM32H7RS Series,STM32H7S7,STM32H7S7Z8Jx,ordering_pattern,STM32H7S7Z8Jx,tcl/target/stm32h7rsx.cfg,"[""stm32h7x""]",upstream-openocd,56b8d93fbe61a78dc903d770820d6d896b6d8134,Keil,STM32H7RSxx_DFP,1.1.0,https://www.keil.com/pack/Keil.STM32H7RSxx_DFP.pdsc,6ba2d30ddc5f1c89d7dd38d23117cd46d711ccf886d0776133a4a3074efaa56e,st-stm32h7rs,mapping_candidate,not_verified
STMicroelectronics,STM32WB Series,STM32WB10,STM32WB10CCUx,ordering_pattern,STM32WB10CCUx,tcl/target/stm32wbx.cfg,"[""stm32l4x""]",upstream-openocd,56b8d93fbe61a78dc903d770820d6d896b6d8134,Keil,STM32WBxx_DFP,2.0.1,https://www.keil.com/pack/Keil.STM32WBxx_DFP.pdsc,8df5e6670fb4c62403accb7d5f49ea3fb25c402dd628f21069fccaa18312b472,st-stm32wb,mapping_candidate,not_verified
STMicroelectronics,STM32WB Series,STM32WB15,STM32WB15CCUx,ordering_pattern,STM32WB15CCUx,tcl/target/stm32wbx.cfg,"[""stm32l4x""]",upstream-openocd,56b8d93fbe61a78dc903d770820d6d896b6d8134,Keil,STM32WBxx_DFP,2.0.1,https://www.keil.com/pack/Keil.STM32WBxx_DFP.pdsc,8df5e6670fb4c62403accb7d5f49ea3fb25c402dd628f21069fccaa18312b472,st-stm32wb,mapping_candidate,not_verified
STMicroelectronics,STM32WB Series,STM32WB15,STM32WB15CCUxE,cmsis_device_name,STM32WB15CCUxE,tcl/target/stm32wbx.cfg,"[""stm32l4x""]",upstream-openocd,56b8d93fbe61a78dc903d770820d6d896b6d8134,Keil,STM32WBxx_DFP,2.0.1,https://www.keil.com/pack/Keil.STM32WBxx_DFP.pdsc,8df5e6670fb4c62403accb7d5f49ea3fb25c402dd628f21069fccaa18312b472,st-stm32wb,mapping_candidate,not_verified
STMicroelectronics,STM32WB Series,STM32WB15,STM32WB15CCYx,ordering_pattern,STM32WB15CCYx,tcl/target/stm32wbx.cfg,"[""stm32l4x""]",upstream-openocd,56b8d93fbe61a78dc903d770820d6d896b6d8134,Keil,STM32WBxx_DFP,2.0.1,https://www.keil.com/pack/Keil.STM32WBxx_DFP.pdsc,8df5e6670fb4c62403accb7d5f49ea3fb25c402dd628f21069fccaa18312b472,st-stm32wb,mapping_candidate,not_verified
STMicroelectronics,STM32WB Series,STM32WB1M,STM32WB1MMCHx,ordering_pattern,STM32WB1MMCHx,tcl/target/stm32wbx.cfg,"[""stm32l4x""]",upstream-openocd,56b8d93fbe61a78dc903d770820d6d896b6d8134,Keil,STM32WBxx_DFP,2.0.1,https://www.keil.com/pack/Keil.STM32WBxx_DFP.pdsc,8df5e6670fb4c62403accb7d5f49ea3fb25c402dd628f21069fccaa18312b472,st-stm32wb,mapping_candidate,not_verified
STMicroelectronics,STM32WB Series,STM32WB30,STM32WB30CEUxA,cmsis_device_name,STM32WB30CEUxA,tcl/target/stm32wbx.cfg,"[""stm32l4x""]",upstream-openocd,56b8d93fbe61a78dc903d770820d6d896b6d8134,Keil,STM32WBxx_DFP,2.0.1,https://www.keil.com/pack/Keil.STM32WBxx_DFP.pdsc,8df5e6670fb4c62403accb7d5f49ea3fb25c402dd628f21069fccaa18312b472,st-stm32wb,mapping_candidate,not_verified
STMicroelectronics,STM32WB Series,STM32WB35,STM32WB35CCUxA,cmsis_device_name,STM32WB35CCUxA,tcl/target/stm32wbx.cfg,"[""stm32l4x""]",upstream-openocd,56b8d93fbe61a78dc903d770820d6d896b6d8134,Keil,STM32WBxx_DFP,2.0.1,https://www.keil.com/pack/Keil.STM32WBxx_DFP.pdsc,8df5e6670fb4c62403accb7d5f49ea3fb25c402dd628f21069fccaa18312b472,st-stm32wb,mapping_candidate,not_verified
STMicroelectronics,STM32WB Series,STM32WB35,STM32WB35CEUxA,cmsis_device_name,STM32WB35CEUxA,tcl/target/stm32wbx.cfg,"[""stm32l4x""]",upstream-openocd,56b8d93fbe61a78dc903d770820d6d896b6d8134,Keil,STM32WBxx_DFP,2.0.1,https://www.keil.com/pack/Keil.STM32WBxx_DFP.pdsc,8df5e6670fb4c62403accb7d5f49ea3fb25c402dd628f21069fccaa18312b472,st-stm32wb,mapping_candidate,not_verified
STMicroelectronics,STM32WB Series,STM32WB50,STM32WB50CGUx,ordering_pattern,STM32WB50CGUx,tcl/target/stm32wbx.cfg,"[""stm32l4x""]",upstream-openocd,56b8d93fbe61a78dc903d770820d6d896b6d8134,Keil,STM32WBxx_DFP,2.0.1,https://www.keil.com/pack/Keil.STM32WBxx_DFP.pdsc,8df5e6670fb4c62403accb7d5f49ea3fb25c402dd628f21069fccaa18312b472,st-stm32wb,mapping_candidate,not_verified
STMicroelectronics,STM32WB Series,STM32WB55,STM32WB55CCUx,ordering_pattern,STM32WB55CCUx,tcl/target/stm32wbx.cfg,"[""stm32l4x""]",upstream-openocd,56b8d93fbe61a78dc903d770820d6d896b6d8134,Keil,STM32WBxx_DFP,2.0.1,https://www.keil.com/pack/Keil.STM32WBxx_DFP.pdsc,8df5e6670fb4c62403accb7d5f49ea3fb25c402dd628f21069fccaa18312b472,st-stm32wb,mapping_candidate,not_verified
STMicroelectronics,STM32WB Series,STM32WB55,STM32WB55CEUx,ordering_pattern,STM32WB55CEUx,tcl/target/stm32wbx.cfg,"[""stm32l4x""]",upstream-openocd,56b8d93fbe61a78dc903d770820d6d896b6d8134,Keil,STM32WBxx_DFP,2.0.1,https://www.keil.com/pack/Keil.STM32WBxx_DFP.pdsc,8df5e6670fb4c62403accb7d5f49ea3fb25c402dd628f21069fccaa18312b472,st-stm32wb,mapping_candidate,not_verified
STMicroelectronics,STM32WB Series,STM32WB55,STM32WB55CGUx,ordering_pattern,STM32WB55CGUx,tcl/target/stm32wbx.cfg,"[""stm32l4x""]",upstream-openocd,56b8d93fbe61a78dc903d770820d6d896b6d8134,Keil,STM32WBxx_DFP,2.0.1,https://www.keil.com/pack/Keil.STM32WBxx_DFP.pdsc,8df5e6670fb4c62403accb7d5f49ea3fb25c402dd628f21069fccaa18312b472,st-stm32wb,mapping_candidate,not_verified
STMicroelectronics,STM32WB Series,STM32WB55,STM32WB55RCVx,ordering_pattern,STM32WB55RCVx,tcl/target/stm32wbx.cfg,"[""stm32l4x""]",upstream-openocd,56b8d93fbe61a78dc903d770820d6d896b6d8134,Keil,STM32WBxx_DFP,2.0.1,https://www.keil.com/pack/Keil.STM32WBxx_DFP.pdsc,8df5e6670fb4c62403accb7d5f49ea3fb25c402dd628f21069fccaa18312b472,st-stm32wb,mapping_candidate,not_verified
STMicroelectronics,STM32WB Series,STM32WB55,STM32WB55REVx,ordering_pattern,STM32WB55REVx,tcl/target/stm32wbx.cfg,"[""stm32l4x""]",upstream-openocd,56b8d93fbe61a78dc903d770820d6d896b6d8134,Keil,STM32WBxx_DFP,2.0.1,https://www.keil.com/pack/Keil.STM32WBxx_DFP.pdsc,8df5e6670fb4c62403accb7d5f49ea3fb25c402dd628f21069fccaa18312b472,st-stm32wb,mapping_candidate,not_verified
STMicroelectronics,STM32WB Series,STM32WB55,STM32WB55RGVx,ordering_pattern,STM32WB55RGVx,tcl/target/stm32wbx.cfg,"[""stm32l4x""]",upstream-openocd,56b8d93fbe61a78dc903d770820d6d896b6d8134,Keil,STM32WBxx_DFP,2.0.1,https://www.keil.com/pack/Keil.STM32WBxx_DFP.pdsc,8df5e6670fb4c62403accb7d5f49ea3fb25c402dd628f21069fccaa18312b472,st-stm32wb,mapping_candidate,not_verified
STMicroelectronics,STM32WB Series,STM32WB55,STM32WB55VCQx,ordering_pattern,STM32WB55VCQx,tcl/target/stm32wbx.cfg,"[""stm32l4x""]",upstream-openocd,56b8d93fbe61a78dc903d770820d6d896b6d8134,Keil,STM32WBxx_DFP,2.0.1,https://www.keil.com/pack/Keil.STM32WBxx_DFP.pdsc,8df5e6670fb4c62403accb7d5f49ea3fb25c402dd628f21069fccaa18312b472,st-stm32wb,mapping_candidate,not_verified
STMicroelectronics,STM32WB Series,STM32WB55,STM32WB55VCYx,ordering_pattern,STM32WB55VCYx,tcl/target/stm32wbx.cfg,"[""stm32l4x""]",upstream-openocd,56b8d93fbe61a78dc903d770820d6d896b6d8134,Keil,STM32WBxx_DFP,2.0.1,https://www.keil.com/pack/Keil.STM32WBxx_DFP.pdsc,8df5e6670fb4c62403accb7d5f49ea3fb25c402dd628f21069fccaa18312b472,st-stm32wb,mapping_candidate,not_verified
STMicroelectronics,STM32WB Series,STM32WB55,STM32WB55VEQx,ordering_pattern,STM32WB55VEQx,tcl/target/stm32wbx.cfg,"[""stm32l4x""]",upstream-openocd,56b8d93fbe61a78dc903d770820d6d896b6d8134,Keil,STM32WBxx_DFP,2.0.1,https://www.keil.com/pack/Keil.STM32WBxx_DFP.pdsc,8df5e6670fb4c62403accb7d5f49ea3fb25c402dd628f21069fccaa18312b472,st-stm32wb,mapping_candidate,not_verified
STMicroelectronics,STM32WB Series,STM32WB55,STM32WB55VEYx,ordering_pattern,STM32WB55VEYx,tcl/target/stm32wbx.cfg,"[""stm32l4x""]",upstream-openocd,56b8d93fbe61a78dc903d770820d6d896b6d8134,Keil,STM32WBxx_DFP,2.0.1,https://www.keil.com/pack/Keil.STM32WBxx_DFP.pdsc,8df5e6670fb4c62403accb7d5f49ea3fb25c402dd628f21069fccaa18312b472,st-stm32wb,mapping_candidate,not_verified
STMicroelectronics,STM32WB Series,STM32WB55,STM32WB55VGQx,ordering_pattern,STM32WB55VGQx,tcl/target/stm32wbx.cfg,"[""stm32l4x""]",upstream-openocd,56b8d93fbe61a78dc903d770820d6d896b6d8134,Keil,STM32WBxx_DFP,2.0.1,https://www.keil.com/pack/Keil.STM32WBxx_DFP.pdsc,8df5e6670fb4c62403accb7d5f49ea3fb25c402dd628f21069fccaa18312b472,st-stm32wb,mapping_candidate,not_verified
STMicroelectronics,STM32WB Series,STM32WB55,STM32WB55VGYx,ordering_pattern,STM32WB55VGYx,tcl/target/stm32wbx.cfg,"[""stm32l4x""]",upstream-openocd,56b8d93fbe61a78dc903d770820d6d896b6d8134,Keil,STM32WBxx_DFP,2.0.1,https://www.keil.com/pack/Keil.STM32WBxx_DFP.pdsc,8df5e6670fb4c62403accb7d5f49ea3fb25c402dd628f21069fccaa18312b472,st-stm32wb,mapping_candidate,not_verified
STMicroelectronics,STM32WB Series,STM32WB55,STM32WB55VYYx,ordering_pattern,STM32WB55VYYx,tcl/target/stm32wbx.cfg,"[""stm32l4x""]",upstream-openocd,56b8d93fbe61a78dc903d770820d6d896b6d8134,Keil,STM32WBxx_DFP,2.0.1,https://www.keil.com/pack/Keil.STM32WBxx_DFP.pdsc,8df5e6670fb4c62403accb7d5f49ea3fb25c402dd628f21069fccaa18312b472,st-stm32wb,mapping_candidate,not_verified
STMicroelectronics,STM32WB Series,STM32WB5M,STM32WB5MMGHx,ordering_pattern,STM32WB5MMGHx,tcl/target/stm32wbx.cfg,"[""stm32l4x""]",upstream-openocd,56b8d93fbe61a78dc903d770820d6d896b6d8134,Keil,STM32WBxx_DFP,2.0.1,https://www.keil.com/pack/Keil.STM32WBxx_DFP.pdsc,8df5e6670fb4c62403accb7d5f49ea3fb25c402dd628f21069fccaa18312b472,st-stm32wb,mapping_candidate,not_verified
STMicroelectronics,STM32WBA Series,STM32WBA23,STM32WBA23CEUx,ordering_pattern,STM32WBA23CEUx,tcl/target/stm32wba2x.cfg,"[""stm32l4x""]",upstream-openocd,56b8d93fbe61a78dc903d770820d6d896b6d8134,Keil,STM32WBAxx_DFP,2.2.0,https://www.keil.com/pack/Keil.STM32WBAxx_DFP.pdsc,944bdaacae5161bcfd15069c57ea48d86717e3169d71aa6835c4be3ee4779b78,st-stm32wba2,mapping_candidate,not_verified
STMicroelectronics,STM32WBA Series,STM32WBA23,STM32WBA23CEUxT,cmsis_device_name,STM32WBA23CEUxT,tcl/target/stm32wba2x.cfg,"[""stm32l4x""]",upstream-openocd,56b8d93fbe61a78dc903d770820d6d896b6d8134,Keil,STM32WBAxx_DFP,2.2.0,https://www.keil.com/pack/Keil.STM32WBAxx_DFP.pdsc,944bdaacae5161bcfd15069c57ea48d86717e3169d71aa6835c4be3ee4779b78,st-stm32wba2,mapping_candidate,not_verified
STMicroelectronics,STM32WBA Series,STM32WBA23,STM32WBA23KEUx,ordering_pattern,STM32WBA23KEUx,tcl/target/stm32wba2x.cfg,"[""stm32l4x""]",upstream-openocd,56b8d93fbe61a78dc903d770820d6d896b6d8134,Keil,STM32WBAxx_DFP,2.2.0,https://www.keil.com/pack/Keil.STM32WBAxx_DFP.pdsc,944bdaacae5161bcfd15069c57ea48d86717e3169d71aa6835c4be3ee4779b78,st-stm32wba2,mapping_candidate,not_verified
STMicroelectronics,STM32WBA Series,STM32WBA23,STM32WBA23KEUxT,cmsis_device_name,STM32WBA23KEUxT,tcl/target/stm32wba2x.cfg,"[""stm32l4x""]",upstream-openocd,56b8d93fbe61a78dc903d770820d6d896b6d8134,Keil,STM32WBAxx_DFP,2.2.0,https://www.keil.com/pack/Keil.STM32WBAxx_DFP.pdsc,944bdaacae5161bcfd15069c57ea48d86717e3169d71aa6835c4be3ee4779b78,st-stm32wba2,mapping_candidate,not_verified
STMicroelectronics,STM32WBA Series,STM32WBA25,STM32WBA25CEUx,ordering_pattern,STM32WBA25CEUx,tcl/target/stm32wba2x.cfg,"[""stm32l4x""]",upstream-openocd,56b8d93fbe61a78dc903d770820d6d896b6d8134,Keil,STM32WBAxx_DFP,2.2.0,https://www.keil.com/pack/Keil.STM32WBAxx_DFP.pdsc,944bdaacae5161bcfd15069c57ea48d86717e3169d71aa6835c4be3ee4779b78,st-stm32wba2,mapping_candidate,not_verified
STMicroelectronics,STM32WBA Series,STM32WBA25,STM32WBA25CEUxT,cmsis_device_name,STM32WBA25CEUxT,tcl/target/stm32wba2x.cfg,"[""stm32l4x""]",upstream-openocd,56b8d93fbe61a78dc903d770820d6d896b6d8134,Keil,STM32WBAxx_DFP,2.2.0,https://www.keil.com/pack/Keil.STM32WBAxx_DFP.pdsc,944bdaacae5161bcfd15069c57ea48d86717e3169d71aa6835c4be3ee4779b78,st-stm32wba2,mapping_candidate,not_verified
STMicroelectronics,STM32WBA Series,STM32WBA25,STM32WBA25HEFx,ordering_pattern,STM32WBA25HEFx,tcl/target/stm32wba2x.cfg,"[""stm32l4x""]",upstream-openocd,56b8d93fbe61a78dc903d770820d6d896b6d8134,Keil,STM32WBAxx_DFP,2.2.0,https://www.keil.com/pack/Keil.STM32WBAxx_DFP.pdsc,944bdaacae5161bcfd15069c57ea48d86717e3169d71aa6835c4be3ee4779b78,st-stm32wba2,mapping_candidate,not_verified
STMicroelectronics,STM32WBA Series,STM32WBA25,STM32WBA25HEFxT,cmsis_device_name,STM32WBA25HEFxT,tcl/target/stm32wba2x.cfg,"[""stm32l4x""]",upstream-openocd,56b8d93fbe61a78dc903d770820d6d896b6d8134,Keil,STM32WBAxx_DFP,2.2.0,https://www.keil.com/pack/Keil.STM32WBAxx_DFP.pdsc,944bdaacae5161bcfd15069c57ea48d86717e3169d71aa6835c4be3ee4779b78,st-stm32wba2,mapping_candidate,not_verified
STMicroelectronics,STM32WBA Series,STM32WBA50,STM32WBA50KEUx,ordering_pattern,STM32WBA50KEUx,tcl/target/stm32wba5x.cfg,"[""stm32l4x""]",upstream-openocd,56b8d93fbe61a78dc903d770820d6d896b6d8134,Keil,STM32WBAxx_DFP,2.2.0,https://www.keil.com/pack/Keil.STM32WBAxx_DFP.pdsc,944bdaacae5161bcfd15069c57ea48d86717e3169d71aa6835c4be3ee4779b78,st-stm32wba5,mapping_candidate,not_verified
STMicroelectronics,STM32WBA Series,STM32WBA50,STM32WBA50KEUxT,cmsis_device_name,STM32WBA50KEUxT,tcl/target/stm32wba5x.cfg,"[""stm32l4x""]",upstream-openocd,56b8d93fbe61a78dc903d770820d6d896b6d8134,Keil,STM32WBAxx_DFP,2.2.0,https://www.keil.com/pack/Keil.STM32WBAxx_DFP.pdsc,944bdaacae5161bcfd15069c57ea48d86717e3169d71aa6835c4be3ee4779b78,st-stm32wba5,mapping_candidate,not_verified
STMicroelectronics,STM32WBA Series,STM32WBA50,STM32WBA50KGUx,ordering_pattern,STM32WBA50KGUx,tcl/target/stm32wba5x.cfg,"[""stm32l4x""]",upstream-openocd,56b8d93fbe61a78dc903d770820d6d896b6d8134,Keil,STM32WBAxx_DFP,2.2.0,https://www.keil.com/pack/Keil.STM32WBAxx_DFP.pdsc,944bdaacae5161bcfd15069c57ea48d86717e3169d71aa6835c4be3ee4779b78,st-stm32wba5,mapping_candidate,not_verified
STMicroelectronics,STM32WBA Series,STM32WBA50,STM32WBA50KGUxT,cmsis_device_name,STM32WBA50KGUxT,tcl/target/stm32wba5x.cfg,"[""stm32l4x""]",upstream-openocd,56b8d93fbe61a78dc903d770820d6d896b6d8134,Keil,STM32WBAxx_DFP,2.2.0,https://www.keil.com/pack/Keil.STM32WBAxx_DFP.pdsc,944bdaacae5161bcfd15069c57ea48d86717e3169d71aa6835c4be3ee4779b78,st-stm32wba5,mapping_candidate,not_verified
STMicroelectronics,STM32WBA Series,STM32WBA52,STM32WBA52CEUx,ordering_pattern,STM32WBA52CEUx,tcl/target/stm32wba5x.cfg,"[""stm32l4x""]",upstream-openocd,56b8d93fbe61a78dc903d770820d6d896b6d8134,Keil,STM32WBAxx_DFP,2.2.0,https://www.keil.com/pack/Keil.STM32WBAxx_DFP.pdsc,944bdaacae5161bcfd15069c57ea48d86717e3169d71aa6835c4be3ee4779b78,st-stm32wba5,mapping_candidate,not_verified
STMicroelectronics,STM32WBA Series,STM32WBA52,STM32WBA52CEUxT,cmsis_device_name,STM32WBA52CEUxT,tcl/target/stm32wba5x.cfg,"[""stm32l4x""]",upstream-openocd,56b8d93fbe61a78dc903d770820d6d896b6d8134,Keil,STM32WBAxx_DFP,2.2.0,https://www.keil.com/pack/Keil.STM32WBAxx_DFP.pdsc,944bdaacae5161bcfd15069c57ea48d86717e3169d71aa6835c4be3ee4779b78,st-stm32wba5,mapping_candidate,not_verified
STMicroelectronics,STM32WBA Series,STM32WBA52,STM32WBA52CGUx,ordering_pattern,STM32WBA52CGUx,tcl/target/stm32wba5x.cfg,"[""stm32l4x""]",upstream-openocd,56b8d93fbe61a78dc903d770820d6d896b6d8134,Keil,STM32WBAxx_DFP,2.2.0,https://www.keil.com/pack/Keil.STM32WBAxx_DFP.pdsc,944bdaacae5161bcfd15069c57ea48d86717e3169d71aa6835c4be3ee4779b78,st-stm32wba5,mapping_candidate,not_verified
STMicroelectronics,STM32WBA Series,STM32WBA52,STM32WBA52CGUxT,cmsis_device_name,STM32WBA52CGUxT,tcl/target/stm32wba5x.cfg,"[""stm32l4x""]",upstream-openocd,56b8d93fbe61a78dc903d770820d6d896b6d8134,Keil,STM32WBAxx_DFP,2.2.0,https://www.keil.com/pack/Keil.STM32WBAxx_DFP.pdsc,944bdaacae5161bcfd15069c57ea48d86717e3169d71aa6835c4be3ee4779b78,st-stm32wba5,mapping_candidate,not_verified
STMicroelectronics,STM32WBA Series,STM32WBA52,STM32WBA52CGUxU,cmsis_device_name,STM32WBA52CGUxU,tcl/target/stm32wba5x.cfg,"[""stm32l4x""]",upstream-openocd,56b8d93fbe61a78dc903d770820d6d896b6d8134,Keil,STM32WBAxx_DFP,2.2.0,https://www.keil.com/pack/Keil.STM32WBAxx_DFP.pdsc,944bdaacae5161bcfd15069c57ea48d86717e3169d71aa6835c4be3ee4779b78,st-stm32wba5,mapping_candidate,not_verified
STMicroelectronics,STM32WBA Series,STM32WBA52,STM32WBA52KEUx,ordering_pattern,STM32WBA52KEUx,tcl/target/stm32wba5x.cfg,"[""stm32l4x""]",upstream-openocd,56b8d93fbe61a78dc903d770820d6d896b6d8134,Keil,STM32WBAxx_DFP,2.2.0,https://www.keil.com/pack/Keil.STM32WBAxx_DFP.pdsc,944bdaacae5161bcfd15069c57ea48d86717e3169d71aa6835c4be3ee4779b78,st-stm32wba5,mapping_candidate,not_verified
STMicroelectronics,STM32WBA Series,STM32WBA52,STM32WBA52KEUxT,cmsis_device_name,STM32WBA52KEUxT,tcl/target/stm32wba5x.cfg,"[""stm32l4x""]",upstream-openocd,56b8d93fbe61a78dc903d770820d6d896b6d8134,Keil,STM32WBAxx_DFP,2.2.0,https://www.keil.com/pack/Keil.STM32WBAxx_DFP.pdsc,944bdaacae5161bcfd15069c57ea48d86717e3169d71aa6835c4be3ee4779b78,st-stm32wba5,mapping_candidate,not_verified
STMicroelectronics,STM32WBA Series,STM32WBA52,STM32WBA52KGUx,ordering_pattern,STM32WBA52KGUx,tcl/target/stm32wba5x.cfg,"[""stm32l4x""]",upstream-openocd,56b8d93fbe61a78dc903d770820d6d896b6d8134,Keil,STM32WBAxx_DFP,2.2.0,https://www.keil.com/pack/Keil.STM32WBAxx_DFP.pdsc,944bdaacae5161bcfd15069c57ea48d86717e3169d71aa6835c4be3ee4779b78,st-stm32wba5,mapping_candidate,not_verified
STMicroelectronics,STM32WBA Series,STM32WBA52,STM32WBA52KGUxT,cmsis_device_name,STM32WBA52KGUxT,tcl/target/stm32wba5x.cfg,"[""stm32l4x""]",upstream-openocd,56b8d93fbe61a78dc903d770820d6d896b6d8134,Keil,STM32WBAxx_DFP,2.2.0,https://www.keil.com/pack/Keil.STM32WBAxx_DFP.pdsc,944bdaacae5161bcfd15069c57ea48d86717e3169d71aa6835c4be3ee4779b78,st-stm32wba5,mapping_candidate,not_verified
STMicroelectronics,STM32WBA Series,STM32WBA54,STM32WBA54CEUx,ordering_pattern,STM32WBA54CEUx,tcl/target/stm32wba5x.cfg,"[""stm32l4x""]",upstream-openocd,56b8d93fbe61a78dc903d770820d6d896b6d8134,Keil,STM32WBAxx_DFP,2.2.0,https://www.keil.com/pack/Keil.STM32WBAxx_DFP.pdsc,944bdaacae5161bcfd15069c57ea48d86717e3169d71aa6835c4be3ee4779b78,st-stm32wba5,mapping_candidate,not_verified
STMicroelectronics,STM32WBA Series,STM32WBA54,STM32WBA54CEUxT,cmsis_device_name,STM32WBA54CEUxT,tcl/target/stm32wba5x.cfg,"[""stm32l4x""]",upstream-openocd,56b8d93fbe61a78dc903d770820d6d896b6d8134,Keil,STM32WBAxx_DFP,2.2.0,https://www.keil.com/pack/Keil.STM32WBAxx_DFP.pdsc,944bdaacae5161bcfd15069c57ea48d86717e3169d71aa6835c4be3ee4779b78,st-stm32wba5,mapping_candidate,not_verified
STMicroelectronics,STM32WBA Series,STM32WBA54,STM32WBA54CGUx,ordering_pattern,STM32WBA54CGUx,tcl/target/stm32wba5x.cfg,"[""stm32l4x""]",upstream-openocd,56b8d93fbe61a78dc903d770820d6d896b6d8134,Keil,STM32WBAxx_DFP,2.2.0,https://www.keil.com/pack/Keil.STM32WBAxx_DFP.pdsc,944bdaacae5161bcfd15069c57ea48d86717e3169d71aa6835c4be3ee4779b78,st-stm32wba5,mapping_candidate,not_verified
STMicroelectronics,STM32WBA Series,STM32WBA54,STM32WBA54CGUxT,cmsis_device_name,STM32WBA54CGUxT,tcl/target/stm32wba5x.cfg,"[""stm32l4x""]",upstream-openocd,56b8d93fbe61a78dc903d770820d6d896b6d8134,Keil,STM32WBAxx_DFP,2.2.0,https://www.keil.com/pack/Keil.STM32WBAxx_DFP.pdsc,944bdaacae5161bcfd15069c57ea48d86717e3169d71aa6835c4be3ee4779b78,st-stm32wba5,mapping_candidate,not_verified
STMicroelectronics,STM32WBA Series,STM32WBA54,STM32WBA54KEUx,ordering_pattern,STM32WBA54KEUx,tcl/target/stm32wba5x.cfg,"[""stm32l4x""]",upstream-openocd,56b8d93fbe61a78dc903d770820d6d896b6d8134,Keil,STM32WBAxx_DFP,2.2.0,https://www.keil.com/pack/Keil.STM32WBAxx_DFP.pdsc,944bdaacae5161bcfd15069c57ea48d86717e3169d71aa6835c4be3ee4779b78,st-stm32wba5,mapping_candidate,not_verified
STMicroelectronics,STM32WBA Series,STM32WBA54,STM32WBA54KEUxT,cmsis_device_name,STM32WBA54KEUxT,tcl/target/stm32wba5x.cfg,"[""stm32l4x""]",upstream-openocd,56b8d93fbe61a78dc903d770820d6d896b6d8134,Keil,STM32WBAxx_DFP,2.2.0,https://www.keil.com/pack/Keil.STM32WBAxx_DFP.pdsc,944bdaacae5161bcfd15069c57ea48d86717e3169d71aa6835c4be3ee4779b78,st-stm32wba5,mapping_candidate,not_verified
STMicroelectronics,STM32WBA Series,STM32WBA54,STM32WBA54KGUx,ordering_pattern,STM32WBA54KGUx,tcl/target/stm32wba5x.cfg,"[""stm32l4x""]",upstream-openocd,56b8d93fbe61a78dc903d770820d6d896b6d8134,Keil,STM32WBAxx_DFP,2.2.0,https://www.keil.com/pack/Keil.STM32WBAxx_DFP.pdsc,944bdaacae5161bcfd15069c57ea48d86717e3169d71aa6835c4be3ee4779b78,st-stm32wba5,mapping_candidate,not_verified
STMicroelectronics,STM32WBA Series,STM32WBA54,STM32WBA54KGUxT,cmsis_device_name,STM32WBA54KGUxT,tcl/target/stm32wba5x.cfg,"[""stm32l4x""]",upstream-openocd,56b8d93fbe61a78dc903d770820d6d896b6d8134,Keil,STM32WBAxx_DFP,2.2.0,https://www.keil.com/pack/Keil.STM32WBAxx_DFP.pdsc,944bdaacae5161bcfd15069c57ea48d86717e3169d71aa6835c4be3ee4779b78,st-stm32wba5,mapping_candidate,not_verified
STMicroelectronics,STM32WBA Series,STM32WBA55,STM32WBA55CEUx,ordering_pattern,STM32WBA55CEUx,tcl/target/stm32wba5x.cfg,"[""stm32l4x""]",upstream-openocd,56b8d93fbe61a78dc903d770820d6d896b6d8134,Keil,STM32WBAxx_DFP,2.2.0,https://www.keil.com/pack/Keil.STM32WBAxx_DFP.pdsc,944bdaacae5161bcfd15069c57ea48d86717e3169d71aa6835c4be3ee4779b78,st-stm32wba5,mapping_candidate,not_verified
STMicroelectronics,STM32WBA Series,STM32WBA55,STM32WBA55CEUxT,cmsis_device_name,STM32WBA55CEUxT,tcl/target/stm32wba5x.cfg,"[""stm32l4x""]",upstream-openocd,56b8d93fbe61a78dc903d770820d6d896b6d8134,Keil,STM32WBAxx_DFP,2.2.0,https://www.keil.com/pack/Keil.STM32WBAxx_DFP.pdsc,944bdaacae5161bcfd15069c57ea48d86717e3169d71aa6835c4be3ee4779b78,st-stm32wba5,mapping_candidate,not_verified
STMicroelectronics,STM32WBA Series,STM32WBA55,STM32WBA55CGUx,ordering_pattern,STM32WBA55CGUx,tcl/target/stm32wba5x.cfg,"[""stm32l4x""]",upstream-openocd,56b8d93fbe61a78dc903d770820d6d896b6d8134,Keil,STM32WBAxx_DFP,2.2.0,https://www.keil.com/pack/Keil.STM32WBAxx_DFP.pdsc,944bdaacae5161bcfd15069c57ea48d86717e3169d71aa6835c4be3ee4779b78,st-stm32wba5,mapping_candidate,not_verified
STMicroelectronics,STM32WBA Series,STM32WBA55,STM32WBA55CGUxT,cmsis_device_name,STM32WBA55CGUxT,tcl/target/stm32wba5x.cfg,"[""stm32l4x""]",upstream-openocd,56b8d93fbe61a78dc903d770820d6d896b6d8134,Keil,STM32WBAxx_DFP,2.2.0,https://www.keil.com/pack/Keil.STM32WBAxx_DFP.pdsc,944bdaacae5161bcfd15069c57ea48d86717e3169d71aa6835c4be3ee4779b78,st-stm32wba5,mapping_candidate,not_verified
STMicroelectronics,STM32WBA Series,STM32WBA55,STM32WBA55CGUxU,cmsis_device_name,STM32WBA55CGUxU,tcl/target/stm32wba5x.cfg,"[""stm32l4x""]",upstream-openocd,56b8d93fbe61a78dc903d770820d6d896b6d8134,Keil,STM32WBAxx_DFP,2.2.0,https://www.keil.com/pack/Keil.STM32WBAxx_DFP.pdsc,944bdaacae5161bcfd15069c57ea48d86717e3169d71aa6835c4be3ee4779b78,st-stm32wba5,mapping_candidate,not_verified
STMicroelectronics,STM32WBA Series,STM32WBA55,STM32WBA55HEFx,ordering_pattern,STM32WBA55HEFx,tcl/target/stm32wba5x.cfg,"[""stm32l4x""]",upstream-openocd,56b8d93fbe61a78dc903d770820d6d896b6d8134,Keil,STM32WBAxx_DFP,2.2.0,https://www.keil.com/pack/Keil.STM32WBAxx_DFP.pdsc,944bdaacae5161bcfd15069c57ea48d86717e3169d71aa6835c4be3ee4779b78,st-stm32wba5,mapping_candidate,not_verified
STMicroelectronics,STM32WBA Series,STM32WBA55,STM32WBA55HGFx,ordering_pattern,STM32WBA55HGFx,tcl/target/stm32wba5x.cfg,"[""stm32l4x""]",upstream-openocd,56b8d93fbe61a78dc903d770820d6d896b6d8134,Keil,STM32WBAxx_DFP,2.2.0,https://www.keil.com/pack/Keil.STM32WBAxx_DFP.pdsc,944bdaacae5161bcfd15069c57ea48d86717e3169d71aa6835c4be3ee4779b78,st-stm32wba5,mapping_candidate,not_verified
STMicroelectronics,STM32WBA Series,STM32WBA55,STM32WBA55UEIx,ordering_pattern,STM32WBA55UEIx,tcl/target/stm32wba5x.cfg,"[""stm32l4x""]",upstream-openocd,56b8d93fbe61a78dc903d770820d6d896b6d8134,Keil,STM32WBAxx_DFP,2.2.0,https://www.keil.com/pack/Keil.STM32WBAxx_DFP.pdsc,944bdaacae5161bcfd15069c57ea48d86717e3169d71aa6835c4be3ee4779b78,st-stm32wba5,mapping_candidate,not_verified
STMicroelectronics,STM32WBA Series,STM32WBA55,STM32WBA55UEIxT,cmsis_device_name,STM32WBA55UEIxT,tcl/target/stm32wba5x.cfg,"[""stm32l4x""]",upstream-openocd,56b8d93fbe61a78dc903d770820d6d896b6d8134,Keil,STM32WBAxx_DFP,2.2.0,https://www.keil.com/pack/Keil.STM32WBAxx_DFP.pdsc,944bdaacae5161bcfd15069c57ea48d86717e3169d71aa6835c4be3ee4779b78,st-stm32wba5,mapping_candidate,not_verified
STMicroelectronics,STM32WBA Series,STM32WBA55,STM32WBA55UGIx,ordering_pattern,STM32WBA55UGIx,tcl/target/stm32wba5x.cfg,"[""stm32l4x""]",upstream-openocd,56b8d93fbe61a78dc903d770820d6d896b6d8134,Keil,STM32WBAxx_DFP,2.2.0,https://www.keil.com/pack/Keil.STM32WBAxx_DFP.pdsc,944bdaacae5161bcfd15069c57ea48d86717e3169d71aa6835c4be3ee4779b78,st-stm32wba5,mapping_candidate,not_verified
STMicroelectronics,STM32WBA Series,STM32WBA55,STM32WBA55UGIxT,cmsis_device_name,STM32WBA55UGIxT,tcl/target/stm32wba5x.cfg,"[""stm32l4x""]",upstream-openocd,56b8d93fbe61a78dc903d770820d6d896b6d8134,Keil,STM32WBAxx_DFP,2.2.0,https://www.keil.com/pack/Keil.STM32WBAxx_DFP.pdsc,944bdaacae5161bcfd15069c57ea48d86717e3169d71aa6835c4be3ee4779b78,st-stm32wba5,mapping_candidate,not_verified
STMicroelectronics,STM32WBA Series,STM32WBA5M,STM32WBA5MMGHx,ordering_pattern,STM32WBA5MMGHx,tcl/target/stm32wba5x.cfg,"[""stm32l4x""]",upstream-openocd,56b8d93fbe61a78dc903d770820d6d896b6d8134,Keil,STM32WBAxx_DFP,2.2.0,https://www.keil.com/pack/Keil.STM32WBAxx_DFP.pdsc,944bdaacae5161bcfd15069c57ea48d86717e3169d71aa6835c4be3ee4779b78,st-stm32wba5,mapping_candidate,not_verified
STMicroelectronics,STM32WBA Series,STM32WBA5M,STM32WBA5MMGHxU,cmsis_device_name,STM32WBA5MMGHxU,tcl/target/stm32wba5x.cfg,"[""stm32l4x""]",upstream-openocd,56b8d93fbe61a78dc903d770820d6d896b6d8134,Keil,STM32WBAxx_DFP,2.2.0,https://www.keil.com/pack/Keil.STM32WBAxx_DFP.pdsc,944bdaacae5161bcfd15069c57ea48d86717e3169d71aa6835c4be3ee4779b78,st-stm32wba5,mapping_candidate,not_verified
STMicroelectronics,STM32WBA Series,STM32WBA62,STM32WBA62CGUx,ordering_pattern,STM32WBA62CGUx,tcl/target/stm32wba6x.cfg,"[""stm32l4x""]",upstream-openocd,56b8d93fbe61a78dc903d770820d6d896b6d8134,Keil,STM32WBAxx_DFP,2.2.0,https://www.keil.com/pack/Keil.STM32WBAxx_DFP.pdsc,944bdaacae5161bcfd15069c57ea48d86717e3169d71aa6835c4be3ee4779b78,st-stm32wba6,mapping_candidate,not_verified
STMicroelectronics,STM32WBA Series,STM32WBA62,STM32WBA62CIUx,ordering_pattern,STM32WBA62CIUx,tcl/target/stm32wba6x.cfg,"[""stm32l4x""]",upstream-openocd,56b8d93fbe61a78dc903d770820d6d896b6d8134,Keil,STM32WBAxx_DFP,2.2.0,https://www.keil.com/pack/Keil.STM32WBAxx_DFP.pdsc,944bdaacae5161bcfd15069c57ea48d86717e3169d71aa6835c4be3ee4779b78,st-stm32wba6,mapping_candidate,not_verified
STMicroelectronics,STM32WBA Series,STM32WBA62,STM32WBA62MGFx,ordering_pattern,STM32WBA62MGFx,tcl/target/stm32wba6x.cfg,"[""stm32l4x""]",upstream-openocd,56b8d93fbe61a78dc903d770820d6d896b6d8134,Keil,STM32WBAxx_DFP,2.2.0,https://www.keil.com/pack/Keil.STM32WBAxx_DFP.pdsc,944bdaacae5161bcfd15069c57ea48d86717e3169d71aa6835c4be3ee4779b78,st-stm32wba6,mapping_candidate,not_verified
STMicroelectronics,STM32WBA Series,STM32WBA62,STM32WBA62MIFx,ordering_pattern,STM32WBA62MIFx,tcl/target/stm32wba6x.cfg,"[""stm32l4x""]",upstream-openocd,56b8d93fbe61a78dc903d770820d6d896b6d8134,Keil,STM32WBAxx_DFP,2.2.0,https://www.keil.com/pack/Keil.STM32WBAxx_DFP.pdsc,944bdaacae5161bcfd15069c57ea48d86717e3169d71aa6835c4be3ee4779b78,st-stm32wba6,mapping_candidate,not_verified
STMicroelectronics,STM32WBA Series,STM32WBA62,STM32WBA62PGIx,ordering_pattern,STM32WBA62PGIx,tcl/target/stm32wba6x.cfg,"[""stm32l4x""]",upstream-openocd,56b8d93fbe61a78dc903d770820d6d896b6d8134,Keil,STM32WBAxx_DFP,2.2.0,https://www.keil.com/pack/Keil.STM32WBAxx_DFP.pdsc,944bdaacae5161bcfd15069c57ea48d86717e3169d71aa6835c4be3ee4779b78,st-stm32wba6,mapping_candidate,not_verified
STMicroelectronics,STM32WBA Series,STM32WBA62,STM32WBA62PIIx,ordering_pattern,STM32WBA62PIIx,tcl/target/stm32wba6x.cfg,"[""stm32l4x""]",upstream-openocd,56b8d93fbe61a78dc903d770820d6d896b6d8134,Keil,STM32WBAxx_DFP,2.2.0,https://www.keil.com/pack/Keil.STM32WBAxx_DFP.pdsc,944bdaacae5161bcfd15069c57ea48d86717e3169d71aa6835c4be3ee4779b78,st-stm32wba6,mapping_candidate,not_verified
STMicroelectronics,STM32WBA Series,STM32WBA63,STM32WBA63CGUx,ordering_pattern,STM32WBA63CGUx,tcl/target/stm32wba6x.cfg,"[""stm32l4x""]",upstream-openocd,56b8d93fbe61a78dc903d770820d6d896b6d8134,Keil,STM32WBAxx_DFP,2.2.0,https://www.keil.com/pack/Keil.STM32WBAxx_DFP.pdsc,944bdaacae5161bcfd15069c57ea48d86717e3169d71aa6835c4be3ee4779b78,st-stm32wba6,mapping_candidate,not_verified
STMicroelectronics,STM32WBA Series,STM32WBA63,STM32WBA63CIUx,ordering_pattern,STM32WBA63CIUx,tcl/target/stm32wba6x.cfg,"[""stm32l4x""]",upstream-openocd,56b8d93fbe61a78dc903d770820d6d896b6d8134,Keil,STM32WBAxx_DFP,2.2.0,https://www.keil.com/pack/Keil.STM32WBAxx_DFP.pdsc,944bdaacae5161bcfd15069c57ea48d86717e3169d71aa6835c4be3ee4779b78,st-stm32wba6,mapping_candidate,not_verified
STMicroelectronics,STM32WBA Series,STM32WBA64,STM32WBA64CGUx,ordering_pattern,STM32WBA64CGUx,tcl/target/stm32wba6x.cfg,"[""stm32l4x""]",upstream-openocd,56b8d93fbe61a78dc903d770820d6d896b6d8134,Keil,STM32WBAxx_DFP,2.2.0,https://www.keil.com/pack/Keil.STM32WBAxx_DFP.pdsc,944bdaacae5161bcfd15069c57ea48d86717e3169d71aa6835c4be3ee4779b78,st-stm32wba6,mapping_candidate,not_verified
STMicroelectronics,STM32WBA Series,STM32WBA64,STM32WBA64CIUx,ordering_pattern,STM32WBA64CIUx,tcl/target/stm32wba6x.cfg,"[""stm32l4x""]",upstream-openocd,56b8d93fbe61a78dc903d770820d6d896b6d8134,Keil,STM32WBAxx_DFP,2.2.0,https://www.keil.com/pack/Keil.STM32WBAxx_DFP.pdsc,944bdaacae5161bcfd15069c57ea48d86717e3169d71aa6835c4be3ee4779b78,st-stm32wba6,mapping_candidate,not_verified
STMicroelectronics,STM32WBA Series,STM32WBA65,STM32WBA65CGUx,ordering_pattern,STM32WBA65CGUx,tcl/target/stm32wba6x.cfg,"[""stm32l4x""]",upstream-openocd,56b8d93fbe61a78dc903d770820d6d896b6d8134,Keil,STM32WBAxx_DFP,2.2.0,https://www.keil.com/pack/Keil.STM32WBAxx_DFP.pdsc,944bdaacae5161bcfd15069c57ea48d86717e3169d71aa6835c4be3ee4779b78,st-stm32wba6,mapping_candidate,not_verified
STMicroelectronics,STM32WBA Series,STM32WBA65,STM32WBA65CIUx,ordering_pattern,STM32WBA65CIUx,tcl/target/stm32wba6x.cfg,"[""stm32l4x""]",upstream-openocd,56b8d93fbe61a78dc903d770820d6d896b6d8134,Keil,STM32WBAxx_DFP,2.2.0,https://www.keil.com/pack/Keil.STM32WBAxx_DFP.pdsc,944bdaacae5161bcfd15069c57ea48d86717e3169d71aa6835c4be3ee4779b78,st-stm32wba6,mapping_candidate,not_verified
STMicroelectronics,STM32WBA Series,STM32WBA65,STM32WBA65MGFx,ordering_pattern,STM32WBA65MGFx,tcl/target/stm32wba6x.cfg,"[""stm32l4x""]",upstream-openocd,56b8d93fbe61a78dc903d770820d6d896b6d8134,Keil,STM32WBAxx_DFP,2.2.0,https://www.keil.com/pack/Keil.STM32WBAxx_DFP.pdsc,944bdaacae5161bcfd15069c57ea48d86717e3169d71aa6835c4be3ee4779b78,st-stm32wba6,mapping_candidate,not_verified
STMicroelectronics,STM32WBA Series,STM32WBA65,STM32WBA65MIFx,ordering_pattern,STM32WBA65MIFx,tcl/target/stm32wba6x.cfg,"[""stm32l4x""]",upstream-openocd,56b8d93fbe61a78dc903d770820d6d896b6d8134,Keil,STM32WBAxx_DFP,2.2.0,https://www.keil.com/pack/Keil.STM32WBAxx_DFP.pdsc,944bdaacae5161bcfd15069c57ea48d86717e3169d71aa6835c4be3ee4779b78,st-stm32wba6,mapping_candidate,not_verified
STMicroelectronics,STM32WBA Series,STM32WBA65,STM32WBA65PGIx,ordering_pattern,STM32WBA65PGIx,tcl/target/stm32wba6x.cfg,"[""stm32l4x""]",upstream-openocd,56b8d93fbe61a78dc903d770820d6d896b6d8134,Keil,STM32WBAxx_DFP,2.2.0,https://www.keil.com/pack/Keil.STM32WBAxx_DFP.pdsc,944bdaacae5161bcfd15069c57ea48d86717e3169d71aa6835c4be3ee4779b78,st-stm32wba6,mapping_candidate,not_verified
STMicroelectronics,STM32WBA Series,STM32WBA65,STM32WBA65PIIx,ordering_pattern,STM32WBA65PIIx,tcl/target/stm32wba6x.cfg,"[""stm32l4x""]",upstream-openocd,56b8d93fbe61a78dc903d770820d6d896b6d8134,Keil,STM32WBAxx_DFP,2.2.0,https://www.keil.com/pack/Keil.STM32WBAxx_DFP.pdsc,944bdaacae5161bcfd15069c57ea48d86717e3169d71aa6835c4be3ee4779b78,st-stm32wba6,mapping_candidate,not_verified
STMicroelectronics,STM32WBA Series,STM32WBA65,STM32WBA65RGVx,ordering_pattern,STM32WBA65RGVx,tcl/target/stm32wba6x.cfg,"[""stm32l4x""]",upstream-openocd,56b8d93fbe61a78dc903d770820d6d896b6d8134,Keil,STM32WBAxx_DFP,2.2.0,https://www.keil.com/pack/Keil.STM32WBAxx_DFP.pdsc,944bdaacae5161bcfd15069c57ea48d86717e3169d71aa6835c4be3ee4779b78,st-stm32wba6,mapping_candidate,not_verified
STMicroelectronics,STM32WBA Series,STM32WBA65,STM32WBA65RIVx,ordering_pattern,STM32WBA65RIVx,tcl/target/stm32wba6x.cfg,"[""stm32l4x""]",upstream-openocd,56b8d93fbe61a78dc903d770820d6d896b6d8134,Keil,STM32WBAxx_DFP,2.2.0,https://www.keil.com/pack/Keil.STM32WBAxx_DFP.pdsc,944bdaacae5161bcfd15069c57ea48d86717e3169d71aa6835c4be3ee4779b78,st-stm32wba6,mapping_candidate,not_verified
STMicroelectronics,STM32WBA Series,STM32WBA6M,STM32WBA6MOIHx,ordering_pattern,STM32WBA6MOIHx,tcl/target/stm32wba6x.cfg,"[""stm32l4x""]",upstream-openocd,56b8d93fbe61a78dc903d770820d6d896b6d8134,Keil,STM32WBAxx_DFP,2.2.0,https://www.keil.com/pack/Keil.STM32WBAxx_DFP.pdsc,944bdaacae5161bcfd15069c57ea48d86717e3169d71aa6835c4be3ee4779b78,st-stm32wba6,mapping_candidate,not_verified
STMicroelectronics,STM32WL Series,STM32WL54,STM32WL54CCUx,ordering_pattern,STM32WL54CCUx,tcl/target/stm32wlx.cfg,"[""stm32l4x""]",upstream-openocd,56b8d93fbe61a78dc903d770820d6d896b6d8134,Keil,STM32WLxx_DFP,2.1.0,https://www.keil.com/pack/Keil.STM32WLxx_DFP.pdsc,38d48e160498fe8d46fcf759ea26f71dd57f149ed32d916849321f2131a8ed0e,st-stm32wl,mapping_candidate,not_verified
STMicroelectronics,STM32WL Series,STM32WL54,STM32WL54JCIx,ordering_pattern,STM32WL54JCIx,tcl/target/stm32wlx.cfg,"[""stm32l4x""]",upstream-openocd,56b8d93fbe61a78dc903d770820d6d896b6d8134,Keil,STM32WLxx_DFP,2.1.0,https://www.keil.com/pack/Keil.STM32WLxx_DFP.pdsc,38d48e160498fe8d46fcf759ea26f71dd57f149ed32d916849321f2131a8ed0e,st-stm32wl,mapping_candidate,not_verified
STMicroelectronics,STM32WL Series,STM32WL55,STM32WL55CCUx,ordering_pattern,STM32WL55CCUx,tcl/target/stm32wlx.cfg,"[""stm32l4x""]",upstream-openocd,56b8d93fbe61a78dc903d770820d6d896b6d8134,Keil,STM32WLxx_DFP,2.1.0,https://www.keil.com/pack/Keil.STM32WLxx_DFP.pdsc,38d48e160498fe8d46fcf759ea26f71dd57f149ed32d916849321f2131a8ed0e,st-stm32wl,mapping_candidate,not_verified
STMicroelectronics,STM32WL Series,STM32WL55,STM32WL55JCIx,ordering_pattern,STM32WL55JCIx,tcl/target/stm32wlx.cfg,"[""stm32l4x""]",upstream-openocd,56b8d93fbe61a78dc903d770820d6d896b6d8134,Keil,STM32WLxx_DFP,2.1.0,https://www.keil.com/pack/Keil.STM32WLxx_DFP.pdsc,38d48e160498fe8d46fcf759ea26f71dd57f149ed32d916849321f2131a8ed0e,st-stm32wl,mapping_candidate,not_verified
STMicroelectronics,STM32WL Series,STM32WL55,STM32WL5MOCHx,ordering_pattern,STM32WL5MOCHx,tcl/target/stm32wlx.cfg,"[""stm32l4x""]",upstream-openocd,56b8d93fbe61a78dc903d770820d6d896b6d8134,Keil,STM32WLxx_DFP,2.1.0,https://www.keil.com/pack/Keil.STM32WLxx_DFP.pdsc,38d48e160498fe8d46fcf759ea26f71dd57f149ed32d916849321f2131a8ed0e,st-stm32wl,mapping_candidate,not_verified
STMicroelectronics,STM32WL Series,STM32WLE4,STM32WLE4C8Ux,ordering_pattern,STM32WLE4C8Ux,tcl/target/stm32wlx.cfg,"[""stm32l4x""]",upstream-openocd,56b8d93fbe61a78dc903d770820d6d896b6d8134,Keil,STM32WLxx_DFP,2.1.0,https://www.keil.com/pack/Keil.STM32WLxx_DFP.pdsc,38d48e160498fe8d46fcf759ea26f71dd57f149ed32d916849321f2131a8ed0e,st-stm32wl,mapping_candidate,not_verified
STMicroelectronics,STM32WL Series,STM32WLE4,STM32WLE4CBUx,ordering_pattern,STM32WLE4CBUx,tcl/target/stm32wlx.cfg,"[""stm32l4x""]",upstream-openocd,56b8d93fbe61a78dc903d770820d6d896b6d8134,Keil,STM32WLxx_DFP,2.1.0,https://www.keil.com/pack/Keil.STM32WLxx_DFP.pdsc,38d48e160498fe8d46fcf759ea26f71dd57f149ed32d916849321f2131a8ed0e,st-stm32wl,mapping_candidate,not_verified
STMicroelectronics,STM32WL Series,STM32WLE4,STM32WLE4CCUx,ordering_pattern,STM32WLE4CCUx,tcl/target/stm32wlx.cfg,"[""stm32l4x""]",upstream-openocd,56b8d93fbe61a78dc903d770820d6d896b6d8134,Keil,STM32WLxx_DFP,2.1.0,https://www.keil.com/pack/Keil.STM32WLxx_DFP.pdsc,38d48e160498fe8d46fcf759ea26f71dd57f149ed32d916849321f2131a8ed0e,st-stm32wl,mapping_candidate,not_verified
STMicroelectronics,STM32WL Series,STM32WLE4,STM32WLE4J8Ix,ordering_pattern,STM32WLE4J8Ix,tcl/target/stm32wlx.cfg,"[""stm32l4x""]",upstream-openocd,56b8d93fbe61a78dc903d770820d6d896b6d8134,Keil,STM32WLxx_DFP,2.1.0,https://www.keil.com/pack/Keil.STM32WLxx_DFP.pdsc,38d48e160498fe8d46fcf759ea26f71dd57f149ed32d916849321f2131a8ed0e,st-stm32wl,mapping_candidate,not_verified
STMicroelectronics,STM32WL Series,STM32WLE4,STM32WLE4JBIx,ordering_pattern,STM32WLE4JBIx,tcl/target/stm32wlx.cfg,"[""stm32l4x""]",upstream-openocd,56b8d93fbe61a78dc903d770820d6d896b6d8134,Keil,STM32WLxx_DFP,2.1.0,https://www.keil.com/pack/Keil.STM32WLxx_DFP.pdsc,38d48e160498fe8d46fcf759ea26f71dd57f149ed32d916849321f2131a8ed0e,st-stm32wl,mapping_candidate,not_verified
STMicroelectronics,STM32WL Series,STM32WLE4,STM32WLE4JCIx,ordering_pattern,STM32WLE4JCIx,tcl/target/stm32wlx.cfg,"[""stm32l4x""]",upstream-openocd,56b8d93fbe61a78dc903d770820d6d896b6d8134,Keil,STM32WLxx_DFP,2.1.0,https://www.keil.com/pack/Keil.STM32WLxx_DFP.pdsc,38d48e160498fe8d46fcf759ea26f71dd57f149ed32d916849321f2131a8ed0e,st-stm32wl,mapping_candidate,not_verified
STMicroelectronics,STM32WL Series,STM32WLE5,STM32WLE5C8Ux,ordering_pattern,STM32WLE5C8Ux,tcl/target/stm32wlx.cfg,"[""stm32l4x""]",upstream-openocd,56b8d93fbe61a78dc903d770820d6d896b6d8134,Keil,STM32WLxx_DFP,2.1.0,https://www.keil.com/pack/Keil.STM32WLxx_DFP.pdsc,38d48e160498fe8d46fcf759ea26f71dd57f149ed32d916849321f2131a8ed0e,st-stm32wl,mapping_candidate,not_verified
STMicroelectronics,STM32WL Series,STM32WLE5,STM32WLE5CBUx,ordering_pattern,STM32WLE5CBUx,tcl/target/stm32wlx.cfg,"[""stm32l4x""]",upstream-openocd,56b8d93fbe61a78dc903d770820d6d896b6d8134,Keil,STM32WLxx_DFP,2.1.0,https://www.keil.com/pack/Keil.STM32WLxx_DFP.pdsc,38d48e160498fe8d46fcf759ea26f71dd57f149ed32d916849321f2131a8ed0e,st-stm32wl,mapping_candidate,not_verified
STMicroelectronics,STM32WL Series,STM32WLE5,STM32WLE5CCUx,ordering_pattern,STM32WLE5CCUx,tcl/target/stm32wlx.cfg,"[""stm32l4x""]",upstream-openocd,56b8d93fbe61a78dc903d770820d6d896b6d8134,Keil,STM32WLxx_DFP,2.1.0,https://www.keil.com/pack/Keil.STM32WLxx_DFP.pdsc,38d48e160498fe8d46fcf759ea26f71dd57f149ed32d916849321f2131a8ed0e,st-stm32wl,mapping_candidate,not_verified
STMicroelectronics,STM32WL Series,STM32WLE5,STM32WLE5J8Ix,ordering_pattern,STM32WLE5J8Ix,tcl/target/stm32wlx.cfg,"[""stm32l4x""]",upstream-openocd,56b8d93fbe61a78dc903d770820d6d896b6d8134,Keil,STM32WLxx_DFP,2.1.0,https://www.keil.com/pack/Keil.STM32WLxx_DFP.pdsc,38d48e160498fe8d46fcf759ea26f71dd57f149ed32d916849321f2131a8ed0e,st-stm32wl,mapping_candidate,not_verified
STMicroelectronics,STM32WL Series,STM32WLE5,STM32WLE5JBIx,ordering_pattern,STM32WLE5JBIx,tcl/target/stm32wlx.cfg,"[""stm32l4x""]",upstream-openocd,56b8d93fbe61a78dc903d770820d6d896b6d8134,Keil,STM32WLxx_DFP,2.1.0,https://www.keil.com/pack/Keil.STM32WLxx_DFP.pdsc,38d48e160498fe8d46fcf759ea26f71dd57f149ed32d916849321f2131a8ed0e,st-stm32wl,mapping_candidate,not_verified
STMicroelectronics,STM32WL Series,STM32WLE5,STM32WLE5JCIx,ordering_pattern,STM32WLE5JCIx,tcl/target/stm32wlx.cfg,"[""stm32l4x""]",upstream-openocd,56b8d93fbe61a78dc903d770820d6d896b6d8134,Keil,STM32WLxx_DFP,2.1.0,https://www.keil.com/pack/Keil.STM32WLxx_DFP.pdsc,38d48e160498fe8d46fcf759ea26f71dd57f149ed32d916849321f2131a8ed0e,st-stm32wl,mapping_candidate,not_verified
Texas Instruments,LM3S Series,LM3S1xx,LM3S101,cmsis_device_name,LM3S101,tcl/target/ti/stellaris.cfg,"[""stellaris""]",upstream-openocd,56b8d93fbe61a78dc903d770820d6d896b6d8134,Keil,LM3S_DFP,1.1.1,https://www.keil.com/pack/Keil.LM3S_DFP.pdsc,14232360062733bd4c753a0ad8989e423ab6a7637239df1b6167a70ac153c391,ti-stellaris,mapping_candidate,not_verified
Texas Instruments,LM3S Series,LM3S1xx,LM3S102,cmsis_device_name,LM3S102,tcl/target/ti/stellaris.cfg,"[""stellaris""]",upstream-openocd,56b8d93fbe61a78dc903d770820d6d896b6d8134,Keil,LM3S_DFP,1.1.1,https://www.keil.com/pack/Keil.LM3S_DFP.pdsc,14232360062733bd4c753a0ad8989e423ab6a7637239df1b6167a70ac153c391,ti-stellaris,mapping_candidate,not_verified
Texas Instruments,LM3S Series,LM3S1xxx,LM3S1110,cmsis_device_name,LM3S1110,tcl/target/ti/stellaris.cfg,"[""stellaris""]",upstream-openocd,56b8d93fbe61a78dc903d770820d6d896b6d8134,Keil,LM3S_DFP,1.1.1,https://www.keil.com/pack/Keil.LM3S_DFP.pdsc,14232360062733bd4c753a0ad8989e423ab6a7637239df1b6167a70ac153c391,ti-stellaris,mapping_candidate,not_verified
Texas Instruments,LM3S Series,LM3S1xxx,LM3S1133,cmsis_device_name,LM3S1133,tcl/target/ti/stellaris.cfg,"[""stellaris""]",upstream-openocd,56b8d93fbe61a78dc903d770820d6d896b6d8134,Keil,LM3S_DFP,1.1.1,https://www.keil.com/pack/Keil.LM3S_DFP.pdsc,14232360062733bd4c753a0ad8989e423ab6a7637239df1b6167a70ac153c391,ti-stellaris,mapping_candidate,not_verified
Texas Instruments,LM3S Series,LM3S1xxx,LM3S1138,cmsis_device_name,LM3S1138,tcl/target/ti/stellaris.cfg,"[""stellaris""]",upstream-openocd,56b8d93fbe61a78dc903d770820d6d896b6d8134,Keil,LM3S_DFP,1.1.1,https://www.keil.com/pack/Keil.LM3S_DFP.pdsc,14232360062733bd4c753a0ad8989e423ab6a7637239df1b6167a70ac153c391,ti-stellaris,mapping_candidate,not_verified
Texas Instruments,LM3S Series,LM3S1xxx,LM3S1150,cmsis_device_name,LM3S1150,tcl/target/ti/stellaris.cfg,"[""stellaris""]",upstream-openocd,56b8d93fbe61a78dc903d770820d6d896b6d8134,Keil,LM3S_DFP,1.1.1,https://www.keil.com/pack/Keil.LM3S_DFP.pdsc,14232360062733bd4c753a0ad8989e423ab6a7637239df1b6167a70ac153c391,ti-stellaris,mapping_candidate,not_verified
Texas Instruments,LM3S Series,LM3S1xxx,LM3S1162,cmsis_device_name,LM3S1162,tcl/target/ti/stellaris.cfg,"[""stellaris""]",upstream-openocd,56b8d93fbe61a78dc903d770820d6d896b6d8134,Keil,LM3S_DFP,1.1.1,https://www.keil.com/pack/Keil.LM3S_DFP.pdsc,14232360062733bd4c753a0ad8989e423ab6a7637239df1b6167a70ac153c391,ti-stellaris,mapping_candidate,not_verified
Texas Instruments,LM3S Series,LM3S1xxx,LM3S1165,cmsis_device_name,LM3S1165,tcl/target/ti/stellaris.cfg,"[""stellaris""]",upstream-openocd,56b8d93fbe61a78dc903d770820d6d896b6d8134,Keil,LM3S_DFP,1.1.1,https://www.keil.com/pack/Keil.LM3S_DFP.pdsc,14232360062733bd4c753a0ad8989e423ab6a7637239df1b6167a70ac153c391,ti-stellaris,mapping_candidate,not_verified
Texas Instruments,LM3S Series,LM3S1xxx,LM3S1332,cmsis_device_name,LM3S1332,tcl/target/ti/stellaris.cfg,"[""stellaris""]",upstream-openocd,56b8d93fbe61a78dc903d770820d6d896b6d8134,Keil,LM3S_DFP,1.1.1,https://www.keil.com/pack/Keil.LM3S_DFP.pdsc,14232360062733bd4c753a0ad8989e423ab6a7637239df1b6167a70ac153c391,ti-stellaris,mapping_candidate,not_verified
Texas Instruments,LM3S Series,LM3S1xxx,LM3S1435,cmsis_device_name,LM3S1435,tcl/target/ti/stellaris.cfg,"[""stellaris""]",upstream-openocd,56b8d93fbe61a78dc903d770820d6d896b6d8134,Keil,LM3S_DFP,1.1.1,https://www.keil.com/pack/Keil.LM3S_DFP.pdsc,14232360062733bd4c753a0ad8989e423ab6a7637239df1b6167a70ac153c391,ti-stellaris,mapping_candidate,not_verified
Texas Instruments,LM3S Series,LM3S1xxx,LM3S1439,cmsis_device_name,LM3S1439,tcl/target/ti/stellaris.cfg,"[""stellaris""]",upstream-openocd,56b8d93fbe61a78dc903d770820d6d896b6d8134,Keil,LM3S_DFP,1.1.1,https://www.keil.com/pack/Keil.LM3S_DFP.pdsc,14232360062733bd4c753a0ad8989e423ab6a7637239df1b6167a70ac153c391,ti-stellaris,mapping_candidate,not_verified
Texas Instruments,LM3S Series,LM3S1xxx,LM3S1512,cmsis_device_name,LM3S1512,tcl/target/ti/stellaris.cfg,"[""stellaris""]",upstream-openocd,56b8d93fbe61a78dc903d770820d6d896b6d8134,Keil,LM3S_DFP,1.1.1,https://www.keil.com/pack/Keil.LM3S_DFP.pdsc,14232360062733bd4c753a0ad8989e423ab6a7637239df1b6167a70ac153c391,ti-stellaris,mapping_candidate,not_verified
Texas Instruments,LM3S Series,LM3S1xxx,LM3S1538,cmsis_device_name,LM3S1538,tcl/target/ti/stellaris.cfg,"[""stellaris""]",upstream-openocd,56b8d93fbe61a78dc903d770820d6d896b6d8134,Keil,LM3S_DFP,1.1.1,https://www.keil.com/pack/Keil.LM3S_DFP.pdsc,14232360062733bd4c753a0ad8989e423ab6a7637239df1b6167a70ac153c391,ti-stellaris,mapping_candidate,not_verified
Texas Instruments,LM3S Series,LM3S1xxx,LM3S1601,cmsis_device_name,LM3S1601,tcl/target/ti/stellaris.cfg,"[""stellaris""]",upstream-openocd,56b8d93fbe61a78dc903d770820d6d896b6d8134,Keil,LM3S_DFP,1.1.1,https://www.keil.com/pack/Keil.LM3S_DFP.pdsc,14232360062733bd4c753a0ad8989e423ab6a7637239df1b6167a70ac153c391,ti-stellaris,mapping_candidate,not_verified
Texas Instruments,LM3S Series,LM3S1xxx,LM3S1607,cmsis_device_name,LM3S1607,tcl/target/ti/stellaris.cfg,"[""stellaris""]",upstream-openocd,56b8d93fbe61a78dc903d770820d6d896b6d8134,Keil,LM3S_DFP,1.1.1,https://www.keil.com/pack/Keil.LM3S_DFP.pdsc,14232360062733bd4c753a0ad8989e423ab6a7637239df1b6167a70ac153c391,ti-stellaris,mapping_candidate,not_verified
Texas Instruments,LM3S Series,LM3S1xxx,LM3S1608,cmsis_device_name,LM3S1608,tcl/target/ti/stellaris.cfg,"[""stellaris""]",upstream-openocd,56b8d93fbe61a78dc903d770820d6d896b6d8134,Keil,LM3S_DFP,1.1.1,https://www.keil.com/pack/Keil.LM3S_DFP.pdsc,14232360062733bd4c753a0ad8989e423ab6a7637239df1b6167a70ac153c391,ti-stellaris,mapping_candidate,not_verified
Texas Instruments,LM3S Series,LM3S1xxx,LM3S1620,cmsis_device_name,LM3S1620,tcl/target/ti/stellaris.cfg,"[""stellaris""]",upstream-openocd,56b8d93fbe61a78dc903d770820d6d896b6d8134,Keil,LM3S_DFP,1.1.1,https://www.keil.com/pack/Keil.LM3S_DFP.pdsc,14232360062733bd4c753a0ad8989e423ab6a7637239df1b6167a70ac153c391,ti-stellaris,mapping_candidate,not_verified
Texas Instruments,LM3S Series,LM3S1xxx,LM3S1621,cmsis_device_name,LM3S1621,tcl/target/ti/stellaris.cfg,"[""stellaris""]",upstream-openocd,56b8d93fbe61a78dc903d770820d6d896b6d8134,Keil,LM3S_DFP,1.1.1,https://www.keil.com/pack/Keil.LM3S_DFP.pdsc,14232360062733bd4c753a0ad8989e423ab6a7637239df1b6167a70ac153c391,ti-stellaris,mapping_candidate,not_verified
Texas Instruments,LM3S Series,LM3S1xxx,LM3S1625,cmsis_device_name,LM3S1625,tcl/target/ti/stellaris.cfg,"[""stellaris""]",upstream-openocd,56b8d93fbe61a78dc903d770820d6d896b6d8134,Keil,LM3S_DFP,1.1.1,https://www.keil.com/pack/Keil.LM3S_DFP.pdsc,14232360062733bd4c753a0ad8989e423ab6a7637239df1b6167a70ac153c391,ti-stellaris,mapping_candidate,not_verified
Texas Instruments,LM3S Series,LM3S1xxx,LM3S1626,cmsis_device_name,LM3S1626,tcl/target/ti/stellaris.cfg,"[""stellaris""]",upstream-openocd,56b8d93fbe61a78dc903d770820d6d896b6d8134,Keil,LM3S_DFP,1.1.1,https://www.keil.com/pack/Keil.LM3S_DFP.pdsc,14232360062733bd4c753a0ad8989e423ab6a7637239df1b6167a70ac153c391,ti-stellaris,mapping_candidate,not_verified
Texas Instruments,LM3S Series,LM3S1xxx,LM3S1627,cmsis_device_name,LM3S1627,tcl/target/ti/stellaris.cfg,"[""stellaris""]",upstream-openocd,56b8d93fbe61a78dc903d770820d6d896b6d8134,Keil,LM3S_DFP,1.1.1,https://www.keil.com/pack/Keil.LM3S_DFP.pdsc,14232360062733bd4c753a0ad8989e423ab6a7637239df1b6167a70ac153c391,ti-stellaris,mapping_candidate,not_verified
Texas Instruments,LM3S Series,LM3S1xxx,LM3S1635,cmsis_device_name,LM3S1635,tcl/target/ti/stellaris.cfg,"[""stellaris""]",upstream-openocd,56b8d93fbe61a78dc903d770820d6d896b6d8134,Keil,LM3S_DFP,1.1.1,https://www.keil.com/pack/Keil.LM3S_DFP.pdsc,14232360062733bd4c753a0ad8989e423ab6a7637239df1b6167a70ac153c391,ti-stellaris,mapping_candidate,not_verified
Texas Instruments,LM3S Series,LM3S1xxx,LM3S1637,cmsis_device_name,LM3S1637,tcl/target/ti/stellaris.cfg,"[""stellaris""]",upstream-openocd,56b8d93fbe61a78dc903d770820d6d896b6d8134,Keil,LM3S_DFP,1.1.1,https://www.keil.com/pack/Keil.LM3S_DFP.pdsc,14232360062733bd4c753a0ad8989e423ab6a7637239df1b6167a70ac153c391,ti-stellaris,mapping_candidate,not_verified
Texas Instruments,LM3S Series,LM3S1xxx,LM3S1651,cmsis_device_name,LM3S1651,tcl/target/ti/stellaris.cfg,"[""stellaris""]",upstream-openocd,56b8d93fbe61a78dc903d770820d6d896b6d8134,Keil,LM3S_DFP,1.1.1,https://www.keil.com/pack/Keil.LM3S_DFP.pdsc,14232360062733bd4c753a0ad8989e423ab6a7637239df1b6167a70ac153c391,ti-stellaris,mapping_candidate,not_verified
Texas Instruments,LM3S Series,LM3S1xxx,LM3S1751,cmsis_device_name,LM3S1751,tcl/target/ti/stellaris.cfg,"[""stellaris""]",upstream-openocd,56b8d93fbe61a78dc903d770820d6d896b6d8134,Keil,LM3S_DFP,1.1.1,https://www.keil.com/pack/Keil.LM3S_DFP.pdsc,14232360062733bd4c753a0ad8989e423ab6a7637239df1b6167a70ac153c391,ti-stellaris,mapping_candidate,not_verified
Texas Instruments,LM3S Series,LM3S1xxx,LM3S1776,cmsis_device_name,LM3S1776,tcl/target/ti/stellaris.cfg,"[""stellaris""]",upstream-openocd,56b8d93fbe61a78dc903d770820d6d896b6d8134,Keil,LM3S_DFP,1.1.1,https://www.keil.com/pack/Keil.LM3S_DFP.pdsc,14232360062733bd4c753a0ad8989e423ab6a7637239df1b6167a70ac153c391,ti-stellaris,mapping_candidate,not_verified
Texas Instruments,LM3S Series,LM3S1xxx,LM3S1811,cmsis_device_name,LM3S1811,tcl/target/ti/stellaris.cfg,"[""stellaris""]",upstream-openocd,56b8d93fbe61a78dc903d770820d6d896b6d8134,Keil,LM3S_DFP,1.1.1,https://www.keil.com/pack/Keil.LM3S_DFP.pdsc,14232360062733bd4c753a0ad8989e423ab6a7637239df1b6167a70ac153c391,ti-stellaris,mapping_candidate,not_verified
Texas Instruments,LM3S Series,LM3S1xxx,LM3S1816,cmsis_device_name,LM3S1816,tcl/target/ti/stellaris.cfg,"[""stellaris""]",upstream-openocd,56b8d93fbe61a78dc903d770820d6d896b6d8134,Keil,LM3S_DFP,1.1.1,https://www.keil.com/pack/Keil.LM3S_DFP.pdsc,14232360062733bd4c753a0ad8989e423ab6a7637239df1b6167a70ac153c391,ti-stellaris,mapping_candidate,not_verified
Texas Instruments,LM3S Series,LM3S1xxx,LM3S1850,cmsis_device_name,LM3S1850,tcl/target/ti/stellaris.cfg,"[""stellaris""]",upstream-openocd,56b8d93fbe61a78dc903d770820d6d896b6d8134,Keil,LM3S_DFP,1.1.1,https://www.keil.com/pack/Keil.LM3S_DFP.pdsc,14232360062733bd4c753a0ad8989e423ab6a7637239df1b6167a70ac153c391,ti-stellaris,mapping_candidate,not_verified
Texas Instruments,LM3S Series,LM3S1xxx,LM3S1911,cmsis_device_name,LM3S1911,tcl/target/ti/stellaris.cfg,"[""stellaris""]",upstream-openocd,56b8d93fbe61a78dc903d770820d6d896b6d8134,Keil,LM3S_DFP,1.1.1,https://www.keil.com/pack/Keil.LM3S_DFP.pdsc,14232360062733bd4c753a0ad8989e423ab6a7637239df1b6167a70ac153c391,ti-stellaris,mapping_candidate,not_verified
Texas Instruments,LM3S Series,LM3S1xxx,LM3S1918,cmsis_device_name,LM3S1918,tcl/target/ti/stellaris.cfg,"[""stellaris""]",upstream-openocd,56b8d93fbe61a78dc903d770820d6d896b6d8134,Keil,LM3S_DFP,1.1.1,https://www.keil.com/pack/Keil.LM3S_DFP.pdsc,14232360062733bd4c753a0ad8989e423ab6a7637239df1b6167a70ac153c391,ti-stellaris,mapping_candidate,not_verified
Texas Instruments,LM3S Series,LM3S1xxx,LM3S1937,cmsis_device_name,LM3S1937,tcl/target/ti/stellaris.cfg,"[""stellaris""]",upstream-openocd,56b8d93fbe61a78dc903d770820d6d896b6d8134,Keil,LM3S_DFP,1.1.1,https://www.keil.com/pack/Keil.LM3S_DFP.pdsc,14232360062733bd4c753a0ad8989e423ab6a7637239df1b6167a70ac153c391,ti-stellaris,mapping_candidate,not_verified
Texas Instruments,LM3S Series,LM3S1xxx,LM3S1958,cmsis_device_name,LM3S1958,tcl/target/ti/stellaris.cfg,"[""stellaris""]",upstream-openocd,56b8d93fbe61a78dc903d770820d6d896b6d8134,Keil,LM3S_DFP,1.1.1,https://www.keil.com/pack/Keil.LM3S_DFP.pdsc,14232360062733bd4c753a0ad8989e423ab6a7637239df1b6167a70ac153c391,ti-stellaris,mapping_candidate,not_verified
Texas Instruments,LM3S Series,LM3S1xxx,LM3S1960,cmsis_device_name,LM3S1960,tcl/target/ti/stellaris.cfg,"[""stellaris""]",upstream-openocd,56b8d93fbe61a78dc903d770820d6d896b6d8134,Keil,LM3S_DFP,1.1.1,https://www.keil.com/pack/Keil.LM3S_DFP.pdsc,14232360062733bd4c753a0ad8989e423ab6a7637239df1b6167a70ac153c391,ti-stellaris,mapping_candidate,not_verified
Texas Instruments,LM3S Series,LM3S1xxx,LM3S1968,cmsis_device_name,LM3S1968,tcl/target/ti/stellaris.cfg,"[""stellaris""]",upstream-openocd,56b8d93fbe61a78dc903d770820d6d896b6d8134,Keil,LM3S_DFP,1.1.1,https://www.keil.com/pack/Keil.LM3S_DFP.pdsc,14232360062733bd4c753a0ad8989e423ab6a7637239df1b6167a70ac153c391,ti-stellaris,mapping_candidate,not_verified
Texas Instruments,LM3S Series,LM3S1xxx,LM3S1B21,cmsis_device_name,LM3S1B21,tcl/target/ti/stellaris.cfg,"[""stellaris""]",upstream-openocd,56b8d93fbe61a78dc903d770820d6d896b6d8134,Keil,LM3S_DFP,1.1.1,https://www.keil.com/pack/Keil.LM3S_DFP.pdsc,14232360062733bd4c753a0ad8989e423ab6a7637239df1b6167a70ac153c391,ti-stellaris,mapping_candidate,not_verified
Texas Instruments,LM3S Series,LM3S1xxx,LM3S1C21,cmsis_device_name,LM3S1C21,tcl/target/ti/stellaris.cfg,"[""stellaris""]",upstream-openocd,56b8d93fbe61a78dc903d770820d6d896b6d8134,Keil,LM3S_DFP,1.1.1,https://www.keil.com/pack/Keil.LM3S_DFP.pdsc,14232360062733bd4c753a0ad8989e423ab6a7637239df1b6167a70ac153c391,ti-stellaris,mapping_candidate,not_verified
Texas Instruments,LM3S Series,LM3S1xxx,LM3S1C26,cmsis_device_name,LM3S1C26,tcl/target/ti/stellaris.cfg,"[""stellaris""]",upstream-openocd,56b8d93fbe61a78dc903d770820d6d896b6d8134,Keil,LM3S_DFP,1.1.1,https://www.keil.com/pack/Keil.LM3S_DFP.pdsc,14232360062733bd4c753a0ad8989e423ab6a7637239df1b6167a70ac153c391,ti-stellaris,mapping_candidate,not_verified
Texas Instruments,LM3S Series,LM3S1xxx,LM3S1D21,cmsis_device_name,LM3S1D21,tcl/target/ti/stellaris.cfg,"[""stellaris""]",upstream-openocd,56b8d93fbe61a78dc903d770820d6d896b6d8134,Keil,LM3S_DFP,1.1.1,https://www.keil.com/pack/Keil.LM3S_DFP.pdsc,14232360062733bd4c753a0ad8989e423ab6a7637239df1b6167a70ac153c391,ti-stellaris,mapping_candidate,not_verified
Texas Instruments,LM3S Series,LM3S1xxx,LM3S1D26,cmsis_device_name,LM3S1D26,tcl/target/ti/stellaris.cfg,"[""stellaris""]",upstream-openocd,56b8d93fbe61a78dc903d770820d6d896b6d8134,Keil,LM3S_DFP,1.1.1,https://www.keil.com/pack/Keil.LM3S_DFP.pdsc,14232360062733bd4c753a0ad8989e423ab6a7637239df1b6167a70ac153c391,ti-stellaris,mapping_candidate,not_verified
Texas Instruments,LM3S Series,LM3S1xxx,LM3S1F11,cmsis_device_name,LM3S1F11,tcl/target/ti/stellaris.cfg,"[""stellaris""]",upstream-openocd,56b8d93fbe61a78dc903d770820d6d896b6d8134,Keil,LM3S_DFP,1.1.1,https://www.keil.com/pack/Keil.LM3S_DFP.pdsc,14232360062733bd4c753a0ad8989e423ab6a7637239df1b6167a70ac153c391,ti-stellaris,mapping_candidate,not_verified
Texas Instruments,LM3S Series,LM3S1xxx,LM3S1F16,cmsis_device_name,LM3S1F16,tcl/target/ti/stellaris.cfg,"[""stellaris""]",upstream-openocd,56b8d93fbe61a78dc903d770820d6d896b6d8134,Keil,LM3S_DFP,1.1.1,https://www.keil.com/pack/Keil.LM3S_DFP.pdsc,14232360062733bd4c753a0ad8989e423ab6a7637239df1b6167a70ac153c391,ti-stellaris,mapping_candidate,not_verified
Texas Instruments,LM3S Series,LM3S1xxx,LM3S1G21,cmsis_device_name,LM3S1G21,tcl/target/ti/stellaris.cfg,"[""stellaris""]",upstream-openocd,56b8d93fbe61a78dc903d770820d6d896b6d8134,Keil,LM3S_DFP,1.1.1,https://www.keil.com/pack/Keil.LM3S_DFP.pdsc,14232360062733bd4c753a0ad8989e423ab6a7637239df1b6167a70ac153c391,ti-stellaris,mapping_candidate,not_verified
Texas Instruments,LM3S Series,LM3S1xxx,LM3S1H11,cmsis_device_name,LM3S1H11,tcl/target/ti/stellaris.cfg,"[""stellaris""]",upstream-openocd,56b8d93fbe61a78dc903d770820d6d896b6d8134,Keil,LM3S_DFP,1.1.1,https://www.keil.com/pack/Keil.LM3S_DFP.pdsc,14232360062733bd4c753a0ad8989e423ab6a7637239df1b6167a70ac153c391,ti-stellaris,mapping_candidate,not_verified
Texas Instruments,LM3S Series,LM3S1xxx,LM3S1H16,cmsis_device_name,LM3S1H16,tcl/target/ti/stellaris.cfg,"[""stellaris""]",upstream-openocd,56b8d93fbe61a78dc903d770820d6d896b6d8134,Keil,LM3S_DFP,1.1.1,https://www.keil.com/pack/Keil.LM3S_DFP.pdsc,14232360062733bd4c753a0ad8989e423ab6a7637239df1b6167a70ac153c391,ti-stellaris,mapping_candidate,not_verified
Texas Instruments,LM3S Series,LM3S1xxx,LM3S1J11,cmsis_device_name,LM3S1J11,tcl/target/ti/stellaris.cfg,"[""stellaris""]",upstream-openocd,56b8d93fbe61a78dc903d770820d6d896b6d8134,Keil,LM3S_DFP,1.1.1,https://www.keil.com/pack/Keil.LM3S_DFP.pdsc,14232360062733bd4c753a0ad8989e423ab6a7637239df1b6167a70ac153c391,ti-stellaris,mapping_candidate,not_verified
Texas Instruments,LM3S Series,LM3S1xxx,LM3S1J16,cmsis_device_name,LM3S1J16,tcl/target/ti/stellaris.cfg,"[""stellaris""]",upstream-openocd,56b8d93fbe61a78dc903d770820d6d896b6d8134,Keil,LM3S_DFP,1.1.1,https://www.keil.com/pack/Keil.LM3S_DFP.pdsc,14232360062733bd4c753a0ad8989e423ab6a7637239df1b6167a70ac153c391,ti-stellaris,mapping_candidate,not_verified
Texas Instruments,LM3S Series,LM3S1xxx,LM3S1N11,cmsis_device_name,LM3S1N11,tcl/target/ti/stellaris.cfg,"[""stellaris""]",upstream-openocd,56b8d93fbe61a78dc903d770820d6d896b6d8134,Keil,LM3S_DFP,1.1.1,https://www.keil.com/pack/Keil.LM3S_DFP.pdsc,14232360062733bd4c753a0ad8989e423ab6a7637239df1b6167a70ac153c391,ti-stellaris,mapping_candidate,not_verified
Texas Instruments,LM3S Series,LM3S1xxx,LM3S1N16,cmsis_device_name,LM3S1N16,tcl/target/ti/stellaris.cfg,"[""stellaris""]",upstream-openocd,56b8d93fbe61a78dc903d770820d6d896b6d8134,Keil,LM3S_DFP,1.1.1,https://www.keil.com/pack/Keil.LM3S_DFP.pdsc,14232360062733bd4c753a0ad8989e423ab6a7637239df1b6167a70ac153c391,ti-stellaris,mapping_candidate,not_verified
Texas Instruments,LM3S Series,LM3S1xxx,LM3S1P51,cmsis_device_name,LM3S1P51,tcl/target/ti/stellaris.cfg,"[""stellaris""]",upstream-openocd,56b8d93fbe61a78dc903d770820d6d896b6d8134,Keil,LM3S_DFP,1.1.1,https://www.keil.com/pack/Keil.LM3S_DFP.pdsc,14232360062733bd4c753a0ad8989e423ab6a7637239df1b6167a70ac153c391,ti-stellaris,mapping_candidate,not_verified
Texas Instruments,LM3S Series,LM3S1xxx,LM3S1R21,cmsis_device_name,LM3S1R21,tcl/target/ti/stellaris.cfg,"[""stellaris""]",upstream-openocd,56b8d93fbe61a78dc903d770820d6d896b6d8134,Keil,LM3S_DFP,1.1.1,https://www.keil.com/pack/Keil.LM3S_DFP.pdsc,14232360062733bd4c753a0ad8989e423ab6a7637239df1b6167a70ac153c391,ti-stellaris,mapping_candidate,not_verified
Texas Instruments,LM3S Series,LM3S1xxx,LM3S1R26,cmsis_device_name,LM3S1R26,tcl/target/ti/stellaris.cfg,"[""stellaris""]",upstream-openocd,56b8d93fbe61a78dc903d770820d6d896b6d8134,Keil,LM3S_DFP,1.1.1,https://www.keil.com/pack/Keil.LM3S_DFP.pdsc,14232360062733bd4c753a0ad8989e423ab6a7637239df1b6167a70ac153c391,ti-stellaris,mapping_candidate,not_verified
Texas Instruments,LM3S Series,LM3S1xxx,LM3S1W16,cmsis_device_name,LM3S1W16,tcl/target/ti/stellaris.cfg,"[""stellaris""]",upstream-openocd,56b8d93fbe61a78dc903d770820d6d896b6d8134,Keil,LM3S_DFP,1.1.1,https://www.keil.com/pack/Keil.LM3S_DFP.pdsc,14232360062733bd4c753a0ad8989e423ab6a7637239df1b6167a70ac153c391,ti-stellaris,mapping_candidate,not_verified
Texas Instruments,LM3S Series,LM3S1xxx,LM3S1Z16,cmsis_device_name,LM3S1Z16,tcl/target/ti/stellaris.cfg,"[""stellaris""]",upstream-openocd,56b8d93fbe61a78dc903d770820d6d896b6d8134,Keil,LM3S_DFP,1.1.1,https://www.keil.com/pack/Keil.LM3S_DFP.pdsc,14232360062733bd4c753a0ad8989e423ab6a7637239df1b6167a70ac153c391,ti-stellaris,mapping_candidate,not_verified
Texas Instruments,LM3S Series,LM3S2xxx,LM3S2110,cmsis_device_name,LM3S2110,tcl/target/ti/stellaris.cfg,"[""stellaris""]",upstream-openocd,56b8d93fbe61a78dc903d770820d6d896b6d8134,Keil,LM3S_DFP,1.1.1,https://www.keil.com/pack/Keil.LM3S_DFP.pdsc,14232360062733bd4c753a0ad8989e423ab6a7637239df1b6167a70ac153c391,ti-stellaris,mapping_candidate,not_verified
Texas Instruments,LM3S Series,LM3S2xxx,LM3S2139,cmsis_device_name,LM3S2139,tcl/target/ti/stellaris.cfg,"[""stellaris""]",upstream-openocd,56b8d93fbe61a78dc903d770820d6d896b6d8134,Keil,LM3S_DFP,1.1.1,https://www.keil.com/pack/Keil.LM3S_DFP.pdsc,14232360062733bd4c753a0ad8989e423ab6a7637239df1b6167a70ac153c391,ti-stellaris,mapping_candidate,not_verified
Texas Instruments,LM3S Series,LM3S2xxx,LM3S2276,cmsis_device_name,LM3S2276,tcl/target/ti/stellaris.cfg,"[""stellaris""]",upstream-openocd,56b8d93fbe61a78dc903d770820d6d896b6d8134,Keil,LM3S_DFP,1.1.1,https://www.keil.com/pack/Keil.LM3S_DFP.pdsc,14232360062733bd4c753a0ad8989e423ab6a7637239df1b6167a70ac153c391,ti-stellaris,mapping_candidate,not_verified
Texas Instruments,LM3S Series,LM3S2xxx,LM3S2410,cmsis_device_name,LM3S2410,tcl/target/ti/stellaris.cfg,"[""stellaris""]",upstream-openocd,56b8d93fbe61a78dc903d770820d6d896b6d8134,Keil,LM3S_DFP,1.1.1,https://www.keil.com/pack/Keil.LM3S_DFP.pdsc,14232360062733bd4c753a0ad8989e423ab6a7637239df1b6167a70ac153c391,ti-stellaris,mapping_candidate,not_verified
Texas Instruments,LM3S Series,LM3S2xxx,LM3S2412,cmsis_device_name,LM3S2412,tcl/target/ti/stellaris.cfg,"[""stellaris""]",upstream-openocd,56b8d93fbe61a78dc903d770820d6d896b6d8134,Keil,LM3S_DFP,1.1.1,https://www.keil.com/pack/Keil.LM3S_DFP.pdsc,14232360062733bd4c753a0ad8989e423ab6a7637239df1b6167a70ac153c391,ti-stellaris,mapping_candidate,not_verified
Texas Instruments,LM3S Series,LM3S2xxx,LM3S2432,cmsis_device_name,LM3S2432,tcl/target/ti/stellaris.cfg,"[""stellaris""]",upstream-openocd,56b8d93fbe61a78dc903d770820d6d896b6d8134,Keil,LM3S_DFP,1.1.1,https://www.keil.com/pack/Keil.LM3S_DFP.pdsc,14232360062733bd4c753a0ad8989e423ab6a7637239df1b6167a70ac153c391,ti-stellaris,mapping_candidate,not_verified
Texas Instruments,LM3S Series,LM3S2xxx,LM3S2533,cmsis_device_name,LM3S2533,tcl/target/ti/stellaris.cfg,"[""stellaris""]",upstream-openocd,56b8d93fbe61a78dc903d770820d6d896b6d8134,Keil,LM3S_DFP,1.1.1,https://www.keil.com/pack/Keil.LM3S_DFP.pdsc,14232360062733bd4c753a0ad8989e423ab6a7637239df1b6167a70ac153c391,ti-stellaris,mapping_candidate,not_verified
Texas Instruments,LM3S Series,LM3S2xxx,LM3S2601,cmsis_device_name,LM3S2601,tcl/target/ti/stellaris.cfg,"[""stellaris""]",upstream-openocd,56b8d93fbe61a78dc903d770820d6d896b6d8134,Keil,LM3S_DFP,1.1.1,https://www.keil.com/pack/Keil.LM3S_DFP.pdsc,14232360062733bd4c753a0ad8989e423ab6a7637239df1b6167a70ac153c391,ti-stellaris,mapping_candidate,not_verified
Texas Instruments,LM3S Series,LM3S2xxx,LM3S2608,cmsis_device_name,LM3S2608,tcl/target/ti/stellaris.cfg,"[""stellaris""]",upstream-openocd,56b8d93fbe61a78dc903d770820d6d896b6d8134,Keil,LM3S_DFP,1.1.1,https://www.keil.com/pack/Keil.LM3S_DFP.pdsc,14232360062733bd4c753a0ad8989e423ab6a7637239df1b6167a70ac153c391,ti-stellaris,mapping_candidate,not_verified
Texas Instruments,LM3S Series,LM3S2xxx,LM3S2616,cmsis_device_name,LM3S2616,tcl/target/ti/stellaris.cfg,"[""stellaris""]",upstream-openocd,56b8d93fbe61a78dc903d770820d6d896b6d8134,Keil,LM3S_DFP,1.1.1,https://www.keil.com/pack/Keil.LM3S_DFP.pdsc,14232360062733bd4c753a0ad8989e423ab6a7637239df1b6167a70ac153c391,ti-stellaris,mapping_candidate,not_verified
Texas Instruments,LM3S Series,LM3S2xxx,LM3S2620,cmsis_device_name,LM3S2620,tcl/target/ti/stellaris.cfg,"[""stellaris""]",upstream-openocd,56b8d93fbe61a78dc903d770820d6d896b6d8134,Keil,LM3S_DFP,1.1.1,https://www.keil.com/pack/Keil.LM3S_DFP.pdsc,14232360062733bd4c753a0ad8989e423ab6a7637239df1b6167a70ac153c391,ti-stellaris,mapping_candidate,not_verified
Texas Instruments,LM3S Series,LM3S2xxx,LM3S2637,cmsis_device_name,LM3S2637,tcl/target/ti/stellaris.cfg,"[""stellaris""]",upstream-openocd,56b8d93fbe61a78dc903d770820d6d896b6d8134,Keil,LM3S_DFP,1.1.1,https://www.keil.com/pack/Keil.LM3S_DFP.pdsc,14232360062733bd4c753a0ad8989e423ab6a7637239df1b6167a70ac153c391,ti-stellaris,mapping_candidate,not_verified
Texas Instruments,LM3S Series,LM3S2xxx,LM3S2651,cmsis_device_name,LM3S2651,tcl/target/ti/stellaris.cfg,"[""stellaris""]",upstream-openocd,56b8d93fbe61a78dc903d770820d6d896b6d8134,Keil,LM3S_DFP,1.1.1,https://www.keil.com/pack/Keil.LM3S_DFP.pdsc,14232360062733bd4c753a0ad8989e423ab6a7637239df1b6167a70ac153c391,ti-stellaris,mapping_candidate,not_verified
Texas Instruments,LM3S Series,LM3S2xxx,LM3S2671,cmsis_device_name,LM3S2671,tcl/target/ti/stellaris.cfg,"[""stellaris""]",upstream-openocd,56b8d93fbe61a78dc903d770820d6d896b6d8134,Keil,LM3S_DFP,1.1.1,https://www.keil.com/pack/Keil.LM3S_DFP.pdsc,14232360062733bd4c753a0ad8989e423ab6a7637239df1b6167a70ac153c391,ti-stellaris,mapping_candidate,not_verified
Texas Instruments,LM3S Series,LM3S2xxx,LM3S2678,cmsis_device_name,LM3S2678,tcl/target/ti/stellaris.cfg,"[""stellaris""]",upstream-openocd,56b8d93fbe61a78dc903d770820d6d896b6d8134,Keil,LM3S_DFP,1.1.1,https://www.keil.com/pack/Keil.LM3S_DFP.pdsc,14232360062733bd4c753a0ad8989e423ab6a7637239df1b6167a70ac153c391,ti-stellaris,mapping_candidate,not_verified
Texas Instruments,LM3S Series,LM3S2xxx,LM3S2730,cmsis_device_name,LM3S2730,tcl/target/ti/stellaris.cfg,"[""stellaris""]",upstream-openocd,56b8d93fbe61a78dc903d770820d6d896b6d8134,Keil,LM3S_DFP,1.1.1,https://www.keil.com/pack/Keil.LM3S_DFP.pdsc,14232360062733bd4c753a0ad8989e423ab6a7637239df1b6167a70ac153c391,ti-stellaris,mapping_candidate,not_verified
Texas Instruments,LM3S Series,LM3S2xxx,LM3S2739,cmsis_device_name,LM3S2739,tcl/target/ti/stellaris.cfg,"[""stellaris""]",upstream-openocd,56b8d93fbe61a78dc903d770820d6d896b6d8134,Keil,LM3S_DFP,1.1.1,https://www.keil.com/pack/Keil.LM3S_DFP.pdsc,14232360062733bd4c753a0ad8989e423ab6a7637239df1b6167a70ac153c391,ti-stellaris,mapping_candidate,not_verified
Texas Instruments,LM3S Series,LM3S2xxx,LM3S2776,cmsis_device_name,LM3S2776,tcl/target/ti/stellaris.cfg,"[""stellaris""]",upstream-openocd,56b8d93fbe61a78dc903d770820d6d896b6d8134,Keil,LM3S_DFP,1.1.1,https://www.keil.com/pack/Keil.LM3S_DFP.pdsc,14232360062733bd4c753a0ad8989e423ab6a7637239df1b6167a70ac153c391,ti-stellaris,mapping_candidate,not_verified
Texas Instruments,LM3S Series,LM3S2xxx,LM3S2793,cmsis_device_name,LM3S2793,tcl/target/ti/stellaris.cfg,"[""stellaris""]",upstream-openocd,56b8d93fbe61a78dc903d770820d6d896b6d8134,Keil,LM3S_DFP,1.1.1,https://www.keil.com/pack/Keil.LM3S_DFP.pdsc,14232360062733bd4c753a0ad8989e423ab6a7637239df1b6167a70ac153c391,ti-stellaris,mapping_candidate,not_verified
Texas Instruments,LM3S Series,LM3S2xxx,LM3S2911,cmsis_device_name,LM3S2911,tcl/target/ti/stellaris.cfg,"[""stellaris""]",upstream-openocd,56b8d93fbe61a78dc903d770820d6d896b6d8134,Keil,LM3S_DFP,1.1.1,https://www.keil.com/pack/Keil.LM3S_DFP.pdsc,14232360062733bd4c753a0ad8989e423ab6a7637239df1b6167a70ac153c391,ti-stellaris,mapping_candidate,not_verified
Texas Instruments,LM3S Series,LM3S2xxx,LM3S2918,cmsis_device_name,LM3S2918,tcl/target/ti/stellaris.cfg,"[""stellaris""]",upstream-openocd,56b8d93fbe61a78dc903d770820d6d896b6d8134,Keil,LM3S_DFP,1.1.1,https://www.keil.com/pack/Keil.LM3S_DFP.pdsc,14232360062733bd4c753a0ad8989e423ab6a7637239df1b6167a70ac153c391,ti-stellaris,mapping_candidate,not_verified
Texas Instruments,LM3S Series,LM3S2xxx,LM3S2939,cmsis_device_name,LM3S2939,tcl/target/ti/stellaris.cfg,"[""stellaris""]",upstream-openocd,56b8d93fbe61a78dc903d770820d6d896b6d8134,Keil,LM3S_DFP,1.1.1,https://www.keil.com/pack/Keil.LM3S_DFP.pdsc,14232360062733bd4c753a0ad8989e423ab6a7637239df1b6167a70ac153c391,ti-stellaris,mapping_candidate,not_verified
Texas Instruments,LM3S Series,LM3S2xxx,LM3S2948,cmsis_device_name,LM3S2948,tcl/target/ti/stellaris.cfg,"[""stellaris""]",upstream-openocd,56b8d93fbe61a78dc903d770820d6d896b6d8134,Keil,LM3S_DFP,1.1.1,https://www.keil.com/pack/Keil.LM3S_DFP.pdsc,14232360062733bd4c753a0ad8989e423ab6a7637239df1b6167a70ac153c391,ti-stellaris,mapping_candidate,not_verified
Texas Instruments,LM3S Series,LM3S2xxx,LM3S2950,cmsis_device_name,LM3S2950,tcl/target/ti/stellaris.cfg,"[""stellaris""]",upstream-openocd,56b8d93fbe61a78dc903d770820d6d896b6d8134,Keil,LM3S_DFP,1.1.1,https://www.keil.com/pack/Keil.LM3S_DFP.pdsc,14232360062733bd4c753a0ad8989e423ab6a7637239df1b6167a70ac153c391,ti-stellaris,mapping_candidate,not_verified
Texas Instruments,LM3S Series,LM3S2xxx,LM3S2965,cmsis_device_name,LM3S2965,tcl/target/ti/stellaris.cfg,"[""stellaris""]",upstream-openocd,56b8d93fbe61a78dc903d770820d6d896b6d8134,Keil,LM3S_DFP,1.1.1,https://www.keil.com/pack/Keil.LM3S_DFP.pdsc,14232360062733bd4c753a0ad8989e423ab6a7637239df1b6167a70ac153c391,ti-stellaris,mapping_candidate,not_verified
Texas Instruments,LM3S Series,LM3S2xxx,LM3S2B93,cmsis_device_name,LM3S2B93,tcl/target/ti/stellaris.cfg,"[""stellaris""]",upstream-openocd,56b8d93fbe61a78dc903d770820d6d896b6d8134,Keil,LM3S_DFP,1.1.1,https://www.keil.com/pack/Keil.LM3S_DFP.pdsc,14232360062733bd4c753a0ad8989e423ab6a7637239df1b6167a70ac153c391,ti-stellaris,mapping_candidate,not_verified
Texas Instruments,LM3S Series,LM3S2xxx,LM3S2D93,cmsis_device_name,LM3S2D93,tcl/target/ti/stellaris.cfg,"[""stellaris""]",upstream-openocd,56b8d93fbe61a78dc903d770820d6d896b6d8134,Keil,LM3S_DFP,1.1.1,https://www.keil.com/pack/Keil.LM3S_DFP.pdsc,14232360062733bd4c753a0ad8989e423ab6a7637239df1b6167a70ac153c391,ti-stellaris,mapping_candidate,not_verified
Texas Instruments,LM3S Series,LM3S2xxx,LM3S2U93,cmsis_device_name,LM3S2U93,tcl/target/ti/stellaris.cfg,"[""stellaris""]",upstream-openocd,56b8d93fbe61a78dc903d770820d6d896b6d8134,Keil,LM3S_DFP,1.1.1,https://www.keil.com/pack/Keil.LM3S_DFP.pdsc,14232360062733bd4c753a0ad8989e423ab6a7637239df1b6167a70ac153c391,ti-stellaris,mapping_candidate,not_verified
Texas Instruments,LM3S Series,LM3S3xx,LM3S300,cmsis_device_name,LM3S300,tcl/target/ti/stellaris.cfg,"[""stellaris""]",upstream-openocd,56b8d93fbe61a78dc903d770820d6d896b6d8134,Keil,LM3S_DFP,1.1.1,https://www.keil.com/pack/Keil.LM3S_DFP.pdsc,14232360062733bd4c753a0ad8989e423ab6a7637239df1b6167a70ac153c391,ti-stellaris,mapping_candidate,not_verified
Texas Instruments,LM3S Series,LM3S3xx,LM3S301,cmsis_device_name,LM3S301,tcl/target/ti/stellaris.cfg,"[""stellaris""]",upstream-openocd,56b8d93fbe61a78dc903d770820d6d896b6d8134,Keil,LM3S_DFP,1.1.1,https://www.keil.com/pack/Keil.LM3S_DFP.pdsc,14232360062733bd4c753a0ad8989e423ab6a7637239df1b6167a70ac153c391,ti-stellaris,mapping_candidate,not_verified
Texas Instruments,LM3S Series,LM3S3xx,LM3S308,cmsis_device_name,LM3S308,tcl/target/ti/stellaris.cfg,"[""stellaris""]",upstream-openocd,56b8d93fbe61a78dc903d770820d6d896b6d8134,Keil,LM3S_DFP,1.1.1,https://www.keil.com/pack/Keil.LM3S_DFP.pdsc,14232360062733bd4c753a0ad8989e423ab6a7637239df1b6167a70ac153c391,ti-stellaris,mapping_candidate,not_verified
Texas Instruments,LM3S Series,LM3S3xx,LM3S310,cmsis_device_name,LM3S310,tcl/target/ti/stellaris.cfg,"[""stellaris""]",upstream-openocd,56b8d93fbe61a78dc903d770820d6d896b6d8134,Keil,LM3S_DFP,1.1.1,https://www.keil.com/pack/Keil.LM3S_DFP.pdsc,14232360062733bd4c753a0ad8989e423ab6a7637239df1b6167a70ac153c391,ti-stellaris,mapping_candidate,not_verified
Texas Instruments,LM3S Series,LM3S3xx,LM3S315,cmsis_device_name,LM3S315,tcl/target/ti/stellaris.cfg,"[""stellaris""]",upstream-openocd,56b8d93fbe61a78dc903d770820d6d896b6d8134,Keil,LM3S_DFP,1.1.1,https://www.keil.com/pack/Keil.LM3S_DFP.pdsc,14232360062733bd4c753a0ad8989e423ab6a7637239df1b6167a70ac153c391,ti-stellaris,mapping_candidate,not_verified
Texas Instruments,LM3S Series,LM3S3xx,LM3S316,cmsis_device_name,LM3S316,tcl/target/ti/stellaris.cfg,"[""stellaris""]",upstream-openocd,56b8d93fbe61a78dc903d770820d6d896b6d8134,Keil,LM3S_DFP,1.1.1,https://www.keil.com/pack/Keil.LM3S_DFP.pdsc,14232360062733bd4c753a0ad8989e423ab6a7637239df1b6167a70ac153c391,ti-stellaris,mapping_candidate,not_verified
Texas Instruments,LM3S Series,LM3S3xx,LM3S317,cmsis_device_name,LM3S317,tcl/target/ti/stellaris.cfg,"[""stellaris""]",upstream-openocd,56b8d93fbe61a78dc903d770820d6d896b6d8134,Keil,LM3S_DFP,1.1.1,https://www.keil.com/pack/Keil.LM3S_DFP.pdsc,14232360062733bd4c753a0ad8989e423ab6a7637239df1b6167a70ac153c391,ti-stellaris,mapping_candidate,not_verified
Texas Instruments,LM3S Series,LM3S3xx,LM3S328,cmsis_device_name,LM3S328,tcl/target/ti/stellaris.cfg,"[""stellaris""]",upstream-openocd,56b8d93fbe61a78dc903d770820d6d896b6d8134,Keil,LM3S_DFP,1.1.1,https://www.keil.com/pack/Keil.LM3S_DFP.pdsc,14232360062733bd4c753a0ad8989e423ab6a7637239df1b6167a70ac153c391,ti-stellaris,mapping_candidate,not_verified
Texas Instruments,LM3S Series,LM3S3xxx,LM3S3634,cmsis_device_name,LM3S3634,tcl/target/ti/stellaris.cfg,"[""stellaris""]",upstream-openocd,56b8d93fbe61a78dc903d770820d6d896b6d8134,Keil,LM3S_DFP,1.1.1,https://www.keil.com/pack/Keil.LM3S_DFP.pdsc,14232360062733bd4c753a0ad8989e423ab6a7637239df1b6167a70ac153c391,ti-stellaris,mapping_candidate,not_verified
Texas Instruments,LM3S Series,LM3S3xxx,LM3S3651,cmsis_device_name,LM3S3651,tcl/target/ti/stellaris.cfg,"[""stellaris""]",upstream-openocd,56b8d93fbe61a78dc903d770820d6d896b6d8134,Keil,LM3S_DFP,1.1.1,https://www.keil.com/pack/Keil.LM3S_DFP.pdsc,14232360062733bd4c753a0ad8989e423ab6a7637239df1b6167a70ac153c391,ti-stellaris,mapping_candidate,not_verified
Texas Instruments,LM3S Series,LM3S3xxx,LM3S3654,cmsis_device_name,LM3S3654,tcl/target/ti/stellaris.cfg,"[""stellaris""]",upstream-openocd,56b8d93fbe61a78dc903d770820d6d896b6d8134,Keil,LM3S_DFP,1.1.1,https://www.keil.com/pack/Keil.LM3S_DFP.pdsc,14232360062733bd4c753a0ad8989e423ab6a7637239df1b6167a70ac153c391,ti-stellaris,mapping_candidate,not_verified
Texas Instruments,LM3S Series,LM3S3xxx,LM3S3739,cmsis_device_name,LM3S3739,tcl/target/ti/stellaris.cfg,"[""stellaris""]",upstream-openocd,56b8d93fbe61a78dc903d770820d6d896b6d8134,Keil,LM3S_DFP,1.1.1,https://www.keil.com/pack/Keil.LM3S_DFP.pdsc,14232360062733bd4c753a0ad8989e423ab6a7637239df1b6167a70ac153c391,ti-stellaris,mapping_candidate,not_verified
Texas Instruments,LM3S Series,LM3S3xxx,LM3S3748,cmsis_device_name,LM3S3748,tcl/target/ti/stellaris.cfg,"[""stellaris""]",upstream-openocd,56b8d93fbe61a78dc903d770820d6d896b6d8134,Keil,LM3S_DFP,1.1.1,https://www.keil.com/pack/Keil.LM3S_DFP.pdsc,14232360062733bd4c753a0ad8989e423ab6a7637239df1b6167a70ac153c391,ti-stellaris,mapping_candidate,not_verified
Texas Instruments,LM3S Series,LM3S3xxx,LM3S3749,cmsis_device_name,LM3S3749,tcl/target/ti/stellaris.cfg,"[""stellaris""]",upstream-openocd,56b8d93fbe61a78dc903d770820d6d896b6d8134,Keil,LM3S_DFP,1.1.1,https://www.keil.com/pack/Keil.LM3S_DFP.pdsc,14232360062733bd4c753a0ad8989e423ab6a7637239df1b6167a70ac153c391,ti-stellaris,mapping_candidate,not_verified
Texas Instruments,LM3S Series,LM3S3xxx,LM3S3826,cmsis_device_name,LM3S3826,tcl/target/ti/stellaris.cfg,"[""stellaris""]",upstream-openocd,56b8d93fbe61a78dc903d770820d6d896b6d8134,Keil,LM3S_DFP,1.1.1,https://www.keil.com/pack/Keil.LM3S_DFP.pdsc,14232360062733bd4c753a0ad8989e423ab6a7637239df1b6167a70ac153c391,ti-stellaris,mapping_candidate,not_verified
Texas Instruments,LM3S Series,LM3S3xxx,LM3S3J26,cmsis_device_name,LM3S3J26,tcl/target/ti/stellaris.cfg,"[""stellaris""]",upstream-openocd,56b8d93fbe61a78dc903d770820d6d896b6d8134,Keil,LM3S_DFP,1.1.1,https://www.keil.com/pack/Keil.LM3S_DFP.pdsc,14232360062733bd4c753a0ad8989e423ab6a7637239df1b6167a70ac153c391,ti-stellaris,mapping_candidate,not_verified
Texas Instruments,LM3S Series,LM3S3xxx,LM3S3N26,cmsis_device_name,LM3S3N26,tcl/target/ti/stellaris.cfg,"[""stellaris""]",upstream-openocd,56b8d93fbe61a78dc903d770820d6d896b6d8134,Keil,LM3S_DFP,1.1.1,https://www.keil.com/pack/Keil.LM3S_DFP.pdsc,14232360062733bd4c753a0ad8989e423ab6a7637239df1b6167a70ac153c391,ti-stellaris,mapping_candidate,not_verified
Texas Instruments,LM3S Series,LM3S3xxx,LM3S3W26,cmsis_device_name,LM3S3W26,tcl/target/ti/stellaris.cfg,"[""stellaris""]",upstream-openocd,56b8d93fbe61a78dc903d770820d6d896b6d8134,Keil,LM3S_DFP,1.1.1,https://www.keil.com/pack/Keil.LM3S_DFP.pdsc,14232360062733bd4c753a0ad8989e423ab6a7637239df1b6167a70ac153c391,ti-stellaris,mapping_candidate,not_verified
Texas Instruments,LM3S Series,LM3S3xxx,LM3S3Z26,cmsis_device_name,LM3S3Z26,tcl/target/ti/stellaris.cfg,"[""stellaris""]",upstream-openocd,56b8d93fbe61a78dc903d770820d6d896b6d8134,Keil,LM3S_DFP,1.1.1,https://www.keil.com/pack/Keil.LM3S_DFP.pdsc,14232360062733bd4c753a0ad8989e423ab6a7637239df1b6167a70ac153c391,ti-stellaris,mapping_candidate,not_verified
Texas Instruments,LM3S Series,LM3S5xxx,LM3S5632,cmsis_device_name,LM3S5632,tcl/target/ti/stellaris.cfg,"[""stellaris""]",upstream-openocd,56b8d93fbe61a78dc903d770820d6d896b6d8134,Keil,LM3S_DFP,1.1.1,https://www.keil.com/pack/Keil.LM3S_DFP.pdsc,14232360062733bd4c753a0ad8989e423ab6a7637239df1b6167a70ac153c391,ti-stellaris,mapping_candidate,not_verified
Texas Instruments,LM3S Series,LM3S5xxx,LM3S5651,cmsis_device_name,LM3S5651,tcl/target/ti/stellaris.cfg,"[""stellaris""]",upstream-openocd,56b8d93fbe61a78dc903d770820d6d896b6d8134,Keil,LM3S_DFP,1.1.1,https://www.keil.com/pack/Keil.LM3S_DFP.pdsc,14232360062733bd4c753a0ad8989e423ab6a7637239df1b6167a70ac153c391,ti-stellaris,mapping_candidate,not_verified
Texas Instruments,LM3S Series,LM3S5xxx,LM3S5652,cmsis_device_name,LM3S5652,tcl/target/ti/stellaris.cfg,"[""stellaris""]",upstream-openocd,56b8d93fbe61a78dc903d770820d6d896b6d8134,Keil,LM3S_DFP,1.1.1,https://www.keil.com/pack/Keil.LM3S_DFP.pdsc,14232360062733bd4c753a0ad8989e423ab6a7637239df1b6167a70ac153c391,ti-stellaris,mapping_candidate,not_verified
Texas Instruments,LM3S Series,LM3S5xxx,LM3S5656,cmsis_device_name,LM3S5656,tcl/target/ti/stellaris.cfg,"[""stellaris""]",upstream-openocd,56b8d93fbe61a78dc903d770820d6d896b6d8134,Keil,LM3S_DFP,1.1.1,https://www.keil.com/pack/Keil.LM3S_DFP.pdsc,14232360062733bd4c753a0ad8989e423ab6a7637239df1b6167a70ac153c391,ti-stellaris,mapping_candidate,not_verified
Texas Instruments,LM3S Series,LM3S5xxx,LM3S5662,cmsis_device_name,LM3S5662,tcl/target/ti/stellaris.cfg,"[""stellaris""]",upstream-openocd,56b8d93fbe61a78dc903d770820d6d896b6d8134,Keil,LM3S_DFP,1.1.1,https://www.keil.com/pack/Keil.LM3S_DFP.pdsc,14232360062733bd4c753a0ad8989e423ab6a7637239df1b6167a70ac153c391,ti-stellaris,mapping_candidate,not_verified
Texas Instruments,LM3S Series,LM3S5xxx,LM3S5732,cmsis_device_name,LM3S5732,tcl/target/ti/stellaris.cfg,"[""stellaris""]",upstream-openocd,56b8d93fbe61a78dc903d770820d6d896b6d8134,Keil,LM3S_DFP,1.1.1,https://www.keil.com/pack/Keil.LM3S_DFP.pdsc,14232360062733bd4c753a0ad8989e423ab6a7637239df1b6167a70ac153c391,ti-stellaris,mapping_candidate,not_verified
Texas Instruments,LM3S Series,LM3S5xxx,LM3S5737,cmsis_device_name,LM3S5737,tcl/target/ti/stellaris.cfg,"[""stellaris""]",upstream-openocd,56b8d93fbe61a78dc903d770820d6d896b6d8134,Keil,LM3S_DFP,1.1.1,https://www.keil.com/pack/Keil.LM3S_DFP.pdsc,14232360062733bd4c753a0ad8989e423ab6a7637239df1b6167a70ac153c391,ti-stellaris,mapping_candidate,not_verified
Texas Instruments,LM3S Series,LM3S5xxx,LM3S5739,cmsis_device_name,LM3S5739,tcl/target/ti/stellaris.cfg,"[""stellaris""]",upstream-openocd,56b8d93fbe61a78dc903d770820d6d896b6d8134,Keil,LM3S_DFP,1.1.1,https://www.keil.com/pack/Keil.LM3S_DFP.pdsc,14232360062733bd4c753a0ad8989e423ab6a7637239df1b6167a70ac153c391,ti-stellaris,mapping_candidate,not_verified
Texas Instruments,LM3S Series,LM3S5xxx,LM3S5747,cmsis_device_name,LM3S5747,tcl/target/ti/stellaris.cfg,"[""stellaris""]",upstream-openocd,56b8d93fbe61a78dc903d770820d6d896b6d8134,Keil,LM3S_DFP,1.1.1,https://www.keil.com/pack/Keil.LM3S_DFP.pdsc,14232360062733bd4c753a0ad8989e423ab6a7637239df1b6167a70ac153c391,ti-stellaris,mapping_candidate,not_verified
Texas Instruments,LM3S Series,LM3S5xxx,LM3S5749,cmsis_device_name,LM3S5749,tcl/target/ti/stellaris.cfg,"[""stellaris""]",upstream-openocd,56b8d93fbe61a78dc903d770820d6d896b6d8134,Keil,LM3S_DFP,1.1.1,https://www.keil.com/pack/Keil.LM3S_DFP.pdsc,14232360062733bd4c753a0ad8989e423ab6a7637239df1b6167a70ac153c391,ti-stellaris,mapping_candidate,not_verified
Texas Instruments,LM3S Series,LM3S5xxx,LM3S5752,cmsis_device_name,LM3S5752,tcl/target/ti/stellaris.cfg,"[""stellaris""]",upstream-openocd,56b8d93fbe61a78dc903d770820d6d896b6d8134,Keil,LM3S_DFP,1.1.1,https://www.keil.com/pack/Keil.LM3S_DFP.pdsc,14232360062733bd4c753a0ad8989e423ab6a7637239df1b6167a70ac153c391,ti-stellaris,mapping_candidate,not_verified
Texas Instruments,LM3S Series,LM3S5xxx,LM3S5762,cmsis_device_name,LM3S5762,tcl/target/ti/stellaris.cfg,"[""stellaris""]",upstream-openocd,56b8d93fbe61a78dc903d770820d6d896b6d8134,Keil,LM3S_DFP,1.1.1,https://www.keil.com/pack/Keil.LM3S_DFP.pdsc,14232360062733bd4c753a0ad8989e423ab6a7637239df1b6167a70ac153c391,ti-stellaris,mapping_candidate,not_verified
Texas Instruments,LM3S Series,LM3S5xxx,LM3S5791,cmsis_device_name,LM3S5791,tcl/target/ti/stellaris.cfg,"[""stellaris""]",upstream-openocd,56b8d93fbe61a78dc903d770820d6d896b6d8134,Keil,LM3S_DFP,1.1.1,https://www.keil.com/pack/Keil.LM3S_DFP.pdsc,14232360062733bd4c753a0ad8989e423ab6a7637239df1b6167a70ac153c391,ti-stellaris,mapping_candidate,not_verified
Texas Instruments,LM3S Series,LM3S5xxx,LM3S5951,cmsis_device_name,LM3S5951,tcl/target/ti/stellaris.cfg,"[""stellaris""]",upstream-openocd,56b8d93fbe61a78dc903d770820d6d896b6d8134,Keil,LM3S_DFP,1.1.1,https://www.keil.com/pack/Keil.LM3S_DFP.pdsc,14232360062733bd4c753a0ad8989e423ab6a7637239df1b6167a70ac153c391,ti-stellaris,mapping_candidate,not_verified
Texas Instruments,LM3S Series,LM3S5xxx,LM3S5956,cmsis_device_name,LM3S5956,tcl/target/ti/stellaris.cfg,"[""stellaris""]",upstream-openocd,56b8d93fbe61a78dc903d770820d6d896b6d8134,Keil,LM3S_DFP,1.1.1,https://www.keil.com/pack/Keil.LM3S_DFP.pdsc,14232360062733bd4c753a0ad8989e423ab6a7637239df1b6167a70ac153c391,ti-stellaris,mapping_candidate,not_verified
Texas Instruments,LM3S Series,LM3S5xxx,LM3S5B91,cmsis_device_name,LM3S5B91,tcl/target/ti/stellaris.cfg,"[""stellaris""]",upstream-openocd,56b8d93fbe61a78dc903d770820d6d896b6d8134,Keil,LM3S_DFP,1.1.1,https://www.keil.com/pack/Keil.LM3S_DFP.pdsc,14232360062733bd4c753a0ad8989e423ab6a7637239df1b6167a70ac153c391,ti-stellaris,mapping_candidate,not_verified
Texas Instruments,LM3S Series,LM3S5xxx,LM3S5C31,cmsis_device_name,LM3S5C31,tcl/target/ti/stellaris.cfg,"[""stellaris""]",upstream-openocd,56b8d93fbe61a78dc903d770820d6d896b6d8134,Keil,LM3S_DFP,1.1.1,https://www.keil.com/pack/Keil.LM3S_DFP.pdsc,14232360062733bd4c753a0ad8989e423ab6a7637239df1b6167a70ac153c391,ti-stellaris,mapping_candidate,not_verified
Texas Instruments,LM3S Series,LM3S5xxx,LM3S5C36,cmsis_device_name,LM3S5C36,tcl/target/ti/stellaris.cfg,"[""stellaris""]",upstream-openocd,56b8d93fbe61a78dc903d770820d6d896b6d8134,Keil,LM3S_DFP,1.1.1,https://www.keil.com/pack/Keil.LM3S_DFP.pdsc,14232360062733bd4c753a0ad8989e423ab6a7637239df1b6167a70ac153c391,ti-stellaris,mapping_candidate,not_verified
Texas Instruments,LM3S Series,LM3S5xxx,LM3S5C51,cmsis_device_name,LM3S5C51,tcl/target/ti/stellaris.cfg,"[""stellaris""]",upstream-openocd,56b8d93fbe61a78dc903d770820d6d896b6d8134,Keil,LM3S_DFP,1.1.1,https://www.keil.com/pack/Keil.LM3S_DFP.pdsc,14232360062733bd4c753a0ad8989e423ab6a7637239df1b6167a70ac153c391,ti-stellaris,mapping_candidate,not_verified
Texas Instruments,LM3S Series,LM3S5xxx,LM3S5C56,cmsis_device_name,LM3S5C56,tcl/target/ti/stellaris.cfg,"[""stellaris""]",upstream-openocd,56b8d93fbe61a78dc903d770820d6d896b6d8134,Keil,LM3S_DFP,1.1.1,https://www.keil.com/pack/Keil.LM3S_DFP.pdsc,14232360062733bd4c753a0ad8989e423ab6a7637239df1b6167a70ac153c391,ti-stellaris,mapping_candidate,not_verified
Texas Instruments,LM3S Series,LM3S5xxx,LM3S5D51,cmsis_device_name,LM3S5D51,tcl/target/ti/stellaris.cfg,"[""stellaris""]",upstream-openocd,56b8d93fbe61a78dc903d770820d6d896b6d8134,Keil,LM3S_DFP,1.1.1,https://www.keil.com/pack/Keil.LM3S_DFP.pdsc,14232360062733bd4c753a0ad8989e423ab6a7637239df1b6167a70ac153c391,ti-stellaris,mapping_candidate,not_verified
Texas Instruments,LM3S Series,LM3S5xxx,LM3S5D56,cmsis_device_name,LM3S5D56,tcl/target/ti/stellaris.cfg,"[""stellaris""]",upstream-openocd,56b8d93fbe61a78dc903d770820d6d896b6d8134,Keil,LM3S_DFP,1.1.1,https://www.keil.com/pack/Keil.LM3S_DFP.pdsc,14232360062733bd4c753a0ad8989e423ab6a7637239df1b6167a70ac153c391,ti-stellaris,mapping_candidate,not_verified
Texas Instruments,LM3S Series,LM3S5xxx,LM3S5D91,cmsis_device_name,LM3S5D91,tcl/target/ti/stellaris.cfg,"[""stellaris""]",upstream-openocd,56b8d93fbe61a78dc903d770820d6d896b6d8134,Keil,LM3S_DFP,1.1.1,https://www.keil.com/pack/Keil.LM3S_DFP.pdsc,14232360062733bd4c753a0ad8989e423ab6a7637239df1b6167a70ac153c391,ti-stellaris,mapping_candidate,not_verified
Texas Instruments,LM3S Series,LM3S5xxx,LM3S5G31,cmsis_device_name,LM3S5G31,tcl/target/ti/stellaris.cfg,"[""stellaris""]",upstream-openocd,56b8d93fbe61a78dc903d770820d6d896b6d8134,Keil,LM3S_DFP,1.1.1,https://www.keil.com/pack/Keil.LM3S_DFP.pdsc,14232360062733bd4c753a0ad8989e423ab6a7637239df1b6167a70ac153c391,ti-stellaris,mapping_candidate,not_verified
Texas Instruments,LM3S Series,LM3S5xxx,LM3S5G36,cmsis_device_name,LM3S5G36,tcl/target/ti/stellaris.cfg,"[""stellaris""]",upstream-openocd,56b8d93fbe61a78dc903d770820d6d896b6d8134,Keil,LM3S_DFP,1.1.1,https://www.keil.com/pack/Keil.LM3S_DFP.pdsc,14232360062733bd4c753a0ad8989e423ab6a7637239df1b6167a70ac153c391,ti-stellaris,mapping_candidate,not_verified
Texas Instruments,LM3S Series,LM3S5xxx,LM3S5G51,cmsis_device_name,LM3S5G51,tcl/target/ti/stellaris.cfg,"[""stellaris""]",upstream-openocd,56b8d93fbe61a78dc903d770820d6d896b6d8134,Keil,LM3S_DFP,1.1.1,https://www.keil.com/pack/Keil.LM3S_DFP.pdsc,14232360062733bd4c753a0ad8989e423ab6a7637239df1b6167a70ac153c391,ti-stellaris,mapping_candidate,not_verified
Texas Instruments,LM3S Series,LM3S5xxx,LM3S5G56,cmsis_device_name,LM3S5G56,tcl/target/ti/stellaris.cfg,"[""stellaris""]",upstream-openocd,56b8d93fbe61a78dc903d770820d6d896b6d8134,Keil,LM3S_DFP,1.1.1,https://www.keil.com/pack/Keil.LM3S_DFP.pdsc,14232360062733bd4c753a0ad8989e423ab6a7637239df1b6167a70ac153c391,ti-stellaris,mapping_candidate,not_verified
Texas Instruments,LM3S Series,LM3S5xxx,LM3S5K31,cmsis_device_name,LM3S5K31,tcl/target/ti/stellaris.cfg,"[""stellaris""]",upstream-openocd,56b8d93fbe61a78dc903d770820d6d896b6d8134,Keil,LM3S_DFP,1.1.1,https://www.keil.com/pack/Keil.LM3S_DFP.pdsc,14232360062733bd4c753a0ad8989e423ab6a7637239df1b6167a70ac153c391,ti-stellaris,mapping_candidate,not_verified
Texas Instruments,LM3S Series,LM3S5xxx,LM3S5K36,cmsis_device_name,LM3S5K36,tcl/target/ti/stellaris.cfg,"[""stellaris""]",upstream-openocd,56b8d93fbe61a78dc903d770820d6d896b6d8134,Keil,LM3S_DFP,1.1.1,https://www.keil.com/pack/Keil.LM3S_DFP.pdsc,14232360062733bd4c753a0ad8989e423ab6a7637239df1b6167a70ac153c391,ti-stellaris,mapping_candidate,not_verified
Texas Instruments,LM3S Series,LM3S5xxx,LM3S5P31,cmsis_device_name,LM3S5P31,tcl/target/ti/stellaris.cfg,"[""stellaris""]",upstream-openocd,56b8d93fbe61a78dc903d770820d6d896b6d8134,Keil,LM3S_DFP,1.1.1,https://www.keil.com/pack/Keil.LM3S_DFP.pdsc,14232360062733bd4c753a0ad8989e423ab6a7637239df1b6167a70ac153c391,ti-stellaris,mapping_candidate,not_verified
Texas Instruments,LM3S Series,LM3S5xxx,LM3S5P36,cmsis_device_name,LM3S5P36,tcl/target/ti/stellaris.cfg,"[""stellaris""]",upstream-openocd,56b8d93fbe61a78dc903d770820d6d896b6d8134,Keil,LM3S_DFP,1.1.1,https://www.keil.com/pack/Keil.LM3S_DFP.pdsc,14232360062733bd4c753a0ad8989e423ab6a7637239df1b6167a70ac153c391,ti-stellaris,mapping_candidate,not_verified
Texas Instruments,LM3S Series,LM3S5xxx,LM3S5P3B,cmsis_device_name,LM3S5P3B,tcl/target/ti/stellaris.cfg,"[""stellaris""]",upstream-openocd,56b8d93fbe61a78dc903d770820d6d896b6d8134,Keil,LM3S_DFP,1.1.1,https://www.keil.com/pack/Keil.LM3S_DFP.pdsc,14232360062733bd4c753a0ad8989e423ab6a7637239df1b6167a70ac153c391,ti-stellaris,mapping_candidate,not_verified
Texas Instruments,LM3S Series,LM3S5xxx,LM3S5P51,cmsis_device_name,LM3S5P51,tcl/target/ti/stellaris.cfg,"[""stellaris""]",upstream-openocd,56b8d93fbe61a78dc903d770820d6d896b6d8134,Keil,LM3S_DFP,1.1.1,https://www.keil.com/pack/Keil.LM3S_DFP.pdsc,14232360062733bd4c753a0ad8989e423ab6a7637239df1b6167a70ac153c391,ti-stellaris,mapping_candidate,not_verified
Texas Instruments,LM3S Series,LM3S5xxx,LM3S5P56,cmsis_device_name,LM3S5P56,tcl/target/ti/stellaris.cfg,"[""stellaris""]",upstream-openocd,56b8d93fbe61a78dc903d770820d6d896b6d8134,Keil,LM3S_DFP,1.1.1,https://www.keil.com/pack/Keil.LM3S_DFP.pdsc,14232360062733bd4c753a0ad8989e423ab6a7637239df1b6167a70ac153c391,ti-stellaris,mapping_candidate,not_verified
Texas Instruments,LM3S Series,LM3S5xxx,LM3S5R31,cmsis_device_name,LM3S5R31,tcl/target/ti/stellaris.cfg,"[""stellaris""]",upstream-openocd,56b8d93fbe61a78dc903d770820d6d896b6d8134,Keil,LM3S_DFP,1.1.1,https://www.keil.com/pack/Keil.LM3S_DFP.pdsc,14232360062733bd4c753a0ad8989e423ab6a7637239df1b6167a70ac153c391,ti-stellaris,mapping_candidate,not_verified
Texas Instruments,LM3S Series,LM3S5xxx,LM3S5R36,cmsis_device_name,LM3S5R36,tcl/target/ti/stellaris.cfg,"[""stellaris""]",upstream-openocd,56b8d93fbe61a78dc903d770820d6d896b6d8134,Keil,LM3S_DFP,1.1.1,https://www.keil.com/pack/Keil.LM3S_DFP.pdsc,14232360062733bd4c753a0ad8989e423ab6a7637239df1b6167a70ac153c391,ti-stellaris,mapping_candidate,not_verified
Texas Instruments,LM3S Series,LM3S5xxx,LM3S5T36,cmsis_device_name,LM3S5T36,tcl/target/ti/stellaris.cfg,"[""stellaris""]",upstream-openocd,56b8d93fbe61a78dc903d770820d6d896b6d8134,Keil,LM3S_DFP,1.1.1,https://www.keil.com/pack/Keil.LM3S_DFP.pdsc,14232360062733bd4c753a0ad8989e423ab6a7637239df1b6167a70ac153c391,ti-stellaris,mapping_candidate,not_verified
Texas Instruments,LM3S Series,LM3S5xxx,LM3S5U91,cmsis_device_name,LM3S5U91,tcl/target/ti/stellaris.cfg,"[""stellaris""]",upstream-openocd,56b8d93fbe61a78dc903d770820d6d896b6d8134,Keil,LM3S_DFP,1.1.1,https://www.keil.com/pack/Keil.LM3S_DFP.pdsc,14232360062733bd4c753a0ad8989e423ab6a7637239df1b6167a70ac153c391,ti-stellaris,mapping_candidate,not_verified
Texas Instruments,LM3S Series,LM3S5xxx,LM3S5Y36,cmsis_device_name,LM3S5Y36,tcl/target/ti/stellaris.cfg,"[""stellaris""]",upstream-openocd,56b8d93fbe61a78dc903d770820d6d896b6d8134,Keil,LM3S_DFP,1.1.1,https://www.keil.com/pack/Keil.LM3S_DFP.pdsc,14232360062733bd4c753a0ad8989e423ab6a7637239df1b6167a70ac153c391,ti-stellaris,mapping_candidate,not_verified
Texas Instruments,LM3S Series,LM3S6xx,LM3S600,cmsis_device_name,LM3S600,tcl/target/ti/stellaris.cfg,"[""stellaris""]",upstream-openocd,56b8d93fbe61a78dc903d770820d6d896b6d8134,Keil,LM3S_DFP,1.1.1,https://www.keil.com/pack/Keil.LM3S_DFP.pdsc,14232360062733bd4c753a0ad8989e423ab6a7637239df1b6167a70ac153c391,ti-stellaris,mapping_candidate,not_verified
Texas Instruments,LM3S Series,LM3S6xx,LM3S601,cmsis_device_name,LM3S601,tcl/target/ti/stellaris.cfg,"[""stellaris""]",upstream-openocd,56b8d93fbe61a78dc903d770820d6d896b6d8134,Keil,LM3S_DFP,1.1.1,https://www.keil.com/pack/Keil.LM3S_DFP.pdsc,14232360062733bd4c753a0ad8989e423ab6a7637239df1b6167a70ac153c391,ti-stellaris,mapping_candidate,not_verified
Texas Instruments,LM3S Series,LM3S6xx,LM3S608,cmsis_device_name,LM3S608,tcl/target/ti/stellaris.cfg,"[""stellaris""]",upstream-openocd,56b8d93fbe61a78dc903d770820d6d896b6d8134,Keil,LM3S_DFP,1.1.1,https://www.keil.com/pack/Keil.LM3S_DFP.pdsc,14232360062733bd4c753a0ad8989e423ab6a7637239df1b6167a70ac153c391,ti-stellaris,mapping_candidate,not_verified
Texas Instruments,LM3S Series,LM3S6xx,LM3S610,cmsis_device_name,LM3S610,tcl/target/ti/stellaris.cfg,"[""stellaris""]",upstream-openocd,56b8d93fbe61a78dc903d770820d6d896b6d8134,Keil,LM3S_DFP,1.1.1,https://www.keil.com/pack/Keil.LM3S_DFP.pdsc,14232360062733bd4c753a0ad8989e423ab6a7637239df1b6167a70ac153c391,ti-stellaris,mapping_candidate,not_verified
Texas Instruments,LM3S Series,LM3S6xxx,LM3S6100,cmsis_device_name,LM3S6100,tcl/target/ti/stellaris.cfg,"[""stellaris""]",upstream-openocd,56b8d93fbe61a78dc903d770820d6d896b6d8134,Keil,LM3S_DFP,1.1.1,https://www.keil.com/pack/Keil.LM3S_DFP.pdsc,14232360062733bd4c753a0ad8989e423ab6a7637239df1b6167a70ac153c391,ti-stellaris,mapping_candidate,not_verified
Texas Instruments,LM3S Series,LM3S6xx,LM3S611,cmsis_device_name,LM3S611,tcl/target/ti/stellaris.cfg,"[""stellaris""]",upstream-openocd,56b8d93fbe61a78dc903d770820d6d896b6d8134,Keil,LM3S_DFP,1.1.1,https://www.keil.com/pack/Keil.LM3S_DFP.pdsc,14232360062733bd4c753a0ad8989e423ab6a7637239df1b6167a70ac153c391,ti-stellaris,mapping_candidate,not_verified
Texas Instruments,LM3S Series,LM3S6xxx,LM3S6110,cmsis_device_name,LM3S6110,tcl/target/ti/stellaris.cfg,"[""stellaris""]",upstream-openocd,56b8d93fbe61a78dc903d770820d6d896b6d8134,Keil,LM3S_DFP,1.1.1,https://www.keil.com/pack/Keil.LM3S_DFP.pdsc,14232360062733bd4c753a0ad8989e423ab6a7637239df1b6167a70ac153c391,ti-stellaris,mapping_candidate,not_verified
Texas Instruments,LM3S Series,LM3S6xx,LM3S612,cmsis_device_name,LM3S612,tcl/target/ti/stellaris.cfg,"[""stellaris""]",upstream-openocd,56b8d93fbe61a78dc903d770820d6d896b6d8134,Keil,LM3S_DFP,1.1.1,https://www.keil.com/pack/Keil.LM3S_DFP.pdsc,14232360062733bd4c753a0ad8989e423ab6a7637239df1b6167a70ac153c391,ti-stellaris,mapping_candidate,not_verified
Texas Instruments,LM3S Series,LM3S6xx,LM3S613,cmsis_device_name,LM3S613,tcl/target/ti/stellaris.cfg,"[""stellaris""]",upstream-openocd,56b8d93fbe61a78dc903d770820d6d896b6d8134,Keil,LM3S_DFP,1.1.1,https://www.keil.com/pack/Keil.LM3S_DFP.pdsc,14232360062733bd4c753a0ad8989e423ab6a7637239df1b6167a70ac153c391,ti-stellaris,mapping_candidate,not_verified
Texas Instruments,LM3S Series,LM3S6xx,LM3S615,cmsis_device_name,LM3S615,tcl/target/ti/stellaris.cfg,"[""stellaris""]",upstream-openocd,56b8d93fbe61a78dc903d770820d6d896b6d8134,Keil,LM3S_DFP,1.1.1,https://www.keil.com/pack/Keil.LM3S_DFP.pdsc,14232360062733bd4c753a0ad8989e423ab6a7637239df1b6167a70ac153c391,ti-stellaris,mapping_candidate,not_verified
Texas Instruments,LM3S Series,LM3S6xx,LM3S617,cmsis_device_name,LM3S617,tcl/target/ti/stellaris.cfg,"[""stellaris""]",upstream-openocd,56b8d93fbe61a78dc903d770820d6d896b6d8134,Keil,LM3S_DFP,1.1.1,https://www.keil.com/pack/Keil.LM3S_DFP.pdsc,14232360062733bd4c753a0ad8989e423ab6a7637239df1b6167a70ac153c391,ti-stellaris,mapping_candidate,not_verified
Texas Instruments,LM3S Series,LM3S6xx,LM3S618,cmsis_device_name,LM3S618,tcl/target/ti/stellaris.cfg,"[""stellaris""]",upstream-openocd,56b8d93fbe61a78dc903d770820d6d896b6d8134,Keil,LM3S_DFP,1.1.1,https://www.keil.com/pack/Keil.LM3S_DFP.pdsc,14232360062733bd4c753a0ad8989e423ab6a7637239df1b6167a70ac153c391,ti-stellaris,mapping_candidate,not_verified
Texas Instruments,LM3S Series,LM3S6xx,LM3S628,cmsis_device_name,LM3S628,tcl/target/ti/stellaris.cfg,"[""stellaris""]",upstream-openocd,56b8d93fbe61a78dc903d770820d6d896b6d8134,Keil,LM3S_DFP,1.1.1,https://www.keil.com/pack/Keil.LM3S_DFP.pdsc,14232360062733bd4c753a0ad8989e423ab6a7637239df1b6167a70ac153c391,ti-stellaris,mapping_candidate,not_verified
Texas Instruments,LM3S Series,LM3S6xxx,LM3S6420,cmsis_device_name,LM3S6420,tcl/target/ti/stellaris.cfg,"[""stellaris""]",upstream-openocd,56b8d93fbe61a78dc903d770820d6d896b6d8134,Keil,LM3S_DFP,1.1.1,https://www.keil.com/pack/Keil.LM3S_DFP.pdsc,14232360062733bd4c753a0ad8989e423ab6a7637239df1b6167a70ac153c391,ti-stellaris,mapping_candidate,not_verified
Texas Instruments,LM3S Series,LM3S6xxx,LM3S6422,cmsis_device_name,LM3S6422,tcl/target/ti/stellaris.cfg,"[""stellaris""]",upstream-openocd,56b8d93fbe61a78dc903d770820d6d896b6d8134,Keil,LM3S_DFP,1.1.1,https://www.keil.com/pack/Keil.LM3S_DFP.pdsc,14232360062733bd4c753a0ad8989e423ab6a7637239df1b6167a70ac153c391,ti-stellaris,mapping_candidate,not_verified
Texas Instruments,LM3S Series,LM3S6xxx,LM3S6432,cmsis_device_name,LM3S6432,tcl/target/ti/stellaris.cfg,"[""stellaris""]",upstream-openocd,56b8d93fbe61a78dc903d770820d6d896b6d8134,Keil,LM3S_DFP,1.1.1,https://www.keil.com/pack/Keil.LM3S_DFP.pdsc,14232360062733bd4c753a0ad8989e423ab6a7637239df1b6167a70ac153c391,ti-stellaris,mapping_candidate,not_verified
Texas Instruments,LM3S Series,LM3S6xxx,LM3S6537,cmsis_device_name,LM3S6537,tcl/target/ti/stellaris.cfg,"[""stellaris""]",upstream-openocd,56b8d93fbe61a78dc903d770820d6d896b6d8134,Keil,LM3S_DFP,1.1.1,https://www.keil.com/pack/Keil.LM3S_DFP.pdsc,14232360062733bd4c753a0ad8989e423ab6a7637239df1b6167a70ac153c391,ti-stellaris,mapping_candidate,not_verified
Texas Instruments,LM3S Series,LM3S6xxx,LM3S6610,cmsis_device_name,LM3S6610,tcl/target/ti/stellaris.cfg,"[""stellaris""]",upstream-openocd,56b8d93fbe61a78dc903d770820d6d896b6d8134,Keil,LM3S_DFP,1.1.1,https://www.keil.com/pack/Keil.LM3S_DFP.pdsc,14232360062733bd4c753a0ad8989e423ab6a7637239df1b6167a70ac153c391,ti-stellaris,mapping_candidate,not_verified
Texas Instruments,LM3S Series,LM3S6xxx,LM3S6611,cmsis_device_name,LM3S6611,tcl/target/ti/stellaris.cfg,"[""stellaris""]",upstream-openocd,56b8d93fbe61a78dc903d770820d6d896b6d8134,Keil,LM3S_DFP,1.1.1,https://www.keil.com/pack/Keil.LM3S_DFP.pdsc,14232360062733bd4c753a0ad8989e423ab6a7637239df1b6167a70ac153c391,ti-stellaris,mapping_candidate,not_verified
Texas Instruments,LM3S Series,LM3S6xxx,LM3S6618,cmsis_device_name,LM3S6618,tcl/target/ti/stellaris.cfg,"[""stellaris""]",upstream-openocd,56b8d93fbe61a78dc903d770820d6d896b6d8134,Keil,LM3S_DFP,1.1.1,https://www.keil.com/pack/Keil.LM3S_DFP.pdsc,14232360062733bd4c753a0ad8989e423ab6a7637239df1b6167a70ac153c391,ti-stellaris,mapping_candidate,not_verified
Texas Instruments,LM3S Series,LM3S6xxx,LM3S6633,cmsis_device_name,LM3S6633,tcl/target/ti/stellaris.cfg,"[""stellaris""]",upstream-openocd,56b8d93fbe61a78dc903d770820d6d896b6d8134,Keil,LM3S_DFP,1.1.1,https://www.keil.com/pack/Keil.LM3S_DFP.pdsc,14232360062733bd4c753a0ad8989e423ab6a7637239df1b6167a70ac153c391,ti-stellaris,mapping_candidate,not_verified
Texas Instruments,LM3S Series,LM3S6xxx,LM3S6637,cmsis_device_name,LM3S6637,tcl/target/ti/stellaris.cfg,"[""stellaris""]",upstream-openocd,56b8d93fbe61a78dc903d770820d6d896b6d8134,Keil,LM3S_DFP,1.1.1,https://www.keil.com/pack/Keil.LM3S_DFP.pdsc,14232360062733bd4c753a0ad8989e423ab6a7637239df1b6167a70ac153c391,ti-stellaris,mapping_candidate,not_verified
Texas Instruments,LM3S Series,LM3S6xxx,LM3S6730,cmsis_device_name,LM3S6730,tcl/target/ti/stellaris.cfg,"[""stellaris""]",upstream-openocd,56b8d93fbe61a78dc903d770820d6d896b6d8134,Keil,LM3S_DFP,1.1.1,https://www.keil.com/pack/Keil.LM3S_DFP.pdsc,14232360062733bd4c753a0ad8989e423ab6a7637239df1b6167a70ac153c391,ti-stellaris,mapping_candidate,not_verified
Texas Instruments,LM3S Series,LM3S6xxx,LM3S6753,cmsis_device_name,LM3S6753,tcl/target/ti/stellaris.cfg,"[""stellaris""]",upstream-openocd,56b8d93fbe61a78dc903d770820d6d896b6d8134,Keil,LM3S_DFP,1.1.1,https://www.keil.com/pack/Keil.LM3S_DFP.pdsc,14232360062733bd4c753a0ad8989e423ab6a7637239df1b6167a70ac153c391,ti-stellaris,mapping_candidate,not_verified
Texas Instruments,LM3S Series,LM3S6xxx,LM3S6911,cmsis_device_name,LM3S6911,tcl/target/ti/stellaris.cfg,"[""stellaris""]",upstream-openocd,56b8d93fbe61a78dc903d770820d6d896b6d8134,Keil,LM3S_DFP,1.1.1,https://www.keil.com/pack/Keil.LM3S_DFP.pdsc,14232360062733bd4c753a0ad8989e423ab6a7637239df1b6167a70ac153c391,ti-stellaris,mapping_candidate,not_verified
Texas Instruments,LM3S Series,LM3S6xxx,LM3S6918,cmsis_device_name,LM3S6918,tcl/target/ti/stellaris.cfg,"[""stellaris""]",upstream-openocd,56b8d93fbe61a78dc903d770820d6d896b6d8134,Keil,LM3S_DFP,1.1.1,https://www.keil.com/pack/Keil.LM3S_DFP.pdsc,14232360062733bd4c753a0ad8989e423ab6a7637239df1b6167a70ac153c391,ti-stellaris,mapping_candidate,not_verified
Texas Instruments,LM3S Series,LM3S6xxx,LM3S6938,cmsis_device_name,LM3S6938,tcl/target/ti/stellaris.cfg,"[""stellaris""]",upstream-openocd,56b8d93fbe61a78dc903d770820d6d896b6d8134,Keil,LM3S_DFP,1.1.1,https://www.keil.com/pack/Keil.LM3S_DFP.pdsc,14232360062733bd4c753a0ad8989e423ab6a7637239df1b6167a70ac153c391,ti-stellaris,mapping_candidate,not_verified
Texas Instruments,LM3S Series,LM3S6xxx,LM3S6950,cmsis_device_name,LM3S6950,tcl/target/ti/stellaris.cfg,"[""stellaris""]",upstream-openocd,56b8d93fbe61a78dc903d770820d6d896b6d8134,Keil,LM3S_DFP,1.1.1,https://www.keil.com/pack/Keil.LM3S_DFP.pdsc,14232360062733bd4c753a0ad8989e423ab6a7637239df1b6167a70ac153c391,ti-stellaris,mapping_candidate,not_verified
Texas Instruments,LM3S Series,LM3S6xxx,LM3S6952,cmsis_device_name,LM3S6952,tcl/target/ti/stellaris.cfg,"[""stellaris""]",upstream-openocd,56b8d93fbe61a78dc903d770820d6d896b6d8134,Keil,LM3S_DFP,1.1.1,https://www.keil.com/pack/Keil.LM3S_DFP.pdsc,14232360062733bd4c753a0ad8989e423ab6a7637239df1b6167a70ac153c391,ti-stellaris,mapping_candidate,not_verified
Texas Instruments,LM3S Series,LM3S6xxx,LM3S6965,cmsis_device_name,LM3S6965,tcl/target/ti/stellaris.cfg,"[""stellaris""]",upstream-openocd,56b8d93fbe61a78dc903d770820d6d896b6d8134,Keil,LM3S_DFP,1.1.1,https://www.keil.com/pack/Keil.LM3S_DFP.pdsc,14232360062733bd4c753a0ad8989e423ab6a7637239df1b6167a70ac153c391,ti-stellaris,mapping_candidate,not_verified
Texas Instruments,LM3S Series,LM3S8xx,LM3S800,cmsis_device_name,LM3S800,tcl/target/ti/stellaris.cfg,"[""stellaris""]",upstream-openocd,56b8d93fbe61a78dc903d770820d6d896b6d8134,Keil,LM3S_DFP,1.1.1,https://www.keil.com/pack/Keil.LM3S_DFP.pdsc,14232360062733bd4c753a0ad8989e423ab6a7637239df1b6167a70ac153c391,ti-stellaris,mapping_candidate,not_verified
Texas Instruments,LM3S Series,LM3S8xx,LM3S801,cmsis_device_name,LM3S801,tcl/target/ti/stellaris.cfg,"[""stellaris""]",upstream-openocd,56b8d93fbe61a78dc903d770820d6d896b6d8134,Keil,LM3S_DFP,1.1.1,https://www.keil.com/pack/Keil.LM3S_DFP.pdsc,14232360062733bd4c753a0ad8989e423ab6a7637239df1b6167a70ac153c391,ti-stellaris,mapping_candidate,not_verified
Texas Instruments,LM3S Series,LM3S8xx,LM3S808,cmsis_device_name,LM3S808,tcl/target/ti/stellaris.cfg,"[""stellaris""]",upstream-openocd,56b8d93fbe61a78dc903d770820d6d896b6d8134,Keil,LM3S_DFP,1.1.1,https://www.keil.com/pack/Keil.LM3S_DFP.pdsc,14232360062733bd4c753a0ad8989e423ab6a7637239df1b6167a70ac153c391,ti-stellaris,mapping_candidate,not_verified
Texas Instruments,LM3S Series,LM3S8xx,LM3S811,cmsis_device_name,LM3S811,tcl/target/ti/stellaris.cfg,"[""stellaris""]",upstream-openocd,56b8d93fbe61a78dc903d770820d6d896b6d8134,Keil,LM3S_DFP,1.1.1,https://www.keil.com/pack/Keil.LM3S_DFP.pdsc,14232360062733bd4c753a0ad8989e423ab6a7637239df1b6167a70ac153c391,ti-stellaris,mapping_candidate,not_verified
Texas Instruments,LM3S Series,LM3S8xx,LM3S812,cmsis_device_name,LM3S812,tcl/target/ti/stellaris.cfg,"[""stellaris""]",upstream-openocd,56b8d93fbe61a78dc903d770820d6d896b6d8134,Keil,LM3S_DFP,1.1.1,https://www.keil.com/pack/Keil.LM3S_DFP.pdsc,14232360062733bd4c753a0ad8989e423ab6a7637239df1b6167a70ac153c391,ti-stellaris,mapping_candidate,not_verified
Texas Instruments,LM3S Series,LM3S8xx,LM3S815,cmsis_device_name,LM3S815,tcl/target/ti/stellaris.cfg,"[""stellaris""]",upstream-openocd,56b8d93fbe61a78dc903d770820d6d896b6d8134,Keil,LM3S_DFP,1.1.1,https://www.keil.com/pack/Keil.LM3S_DFP.pdsc,14232360062733bd4c753a0ad8989e423ab6a7637239df1b6167a70ac153c391,ti-stellaris,mapping_candidate,not_verified
Texas Instruments,LM3S Series,LM3S8xx,LM3S817,cmsis_device_name,LM3S817,tcl/target/ti/stellaris.cfg,"[""stellaris""]",upstream-openocd,56b8d93fbe61a78dc903d770820d6d896b6d8134,Keil,LM3S_DFP,1.1.1,https://www.keil.com/pack/Keil.LM3S_DFP.pdsc,14232360062733bd4c753a0ad8989e423ab6a7637239df1b6167a70ac153c391,ti-stellaris,mapping_candidate,not_verified
Texas Instruments,LM3S Series,LM3S8xx,LM3S818,cmsis_device_name,LM3S818,tcl/target/ti/stellaris.cfg,"[""stellaris""]",upstream-openocd,56b8d93fbe61a78dc903d770820d6d896b6d8134,Keil,LM3S_DFP,1.1.1,https://www.keil.com/pack/Keil.LM3S_DFP.pdsc,14232360062733bd4c753a0ad8989e423ab6a7637239df1b6167a70ac153c391,ti-stellaris,mapping_candidate,not_verified
Texas Instruments,LM3S Series,LM3S8xx,LM3S828,cmsis_device_name,LM3S828,tcl/target/ti/stellaris.cfg,"[""stellaris""]",upstream-openocd,56b8d93fbe61a78dc903d770820d6d896b6d8134,Keil,LM3S_DFP,1.1.1,https://www.keil.com/pack/Keil.LM3S_DFP.pdsc,14232360062733bd4c753a0ad8989e423ab6a7637239df1b6167a70ac153c391,ti-stellaris,mapping_candidate,not_verified
Texas Instruments,LM3S Series,LM3S8xxx,LM3S8530,cmsis_device_name,LM3S8530,tcl/target/ti/stellaris.cfg,"[""stellaris""]",upstream-openocd,56b8d93fbe61a78dc903d770820d6d896b6d8134,Keil,LM3S_DFP,1.1.1,https://www.keil.com/pack/Keil.LM3S_DFP.pdsc,14232360062733bd4c753a0ad8989e423ab6a7637239df1b6167a70ac153c391,ti-stellaris,mapping_candidate,not_verified
Texas Instruments,LM3S Series,LM3S8xxx,LM3S8538,cmsis_device_name,LM3S8538,tcl/target/ti/stellaris.cfg,"[""stellaris""]",upstream-openocd,56b8d93fbe61a78dc903d770820d6d896b6d8134,Keil,LM3S_DFP,1.1.1,https://www.keil.com/pack/Keil.LM3S_DFP.pdsc,14232360062733bd4c753a0ad8989e423ab6a7637239df1b6167a70ac153c391,ti-stellaris,mapping_candidate,not_verified
Texas Instruments,LM3S Series,LM3S8xxx,LM3S8630,cmsis_device_name,LM3S8630,tcl/target/ti/stellaris.cfg,"[""stellaris""]",upstream-openocd,56b8d93fbe61a78dc903d770820d6d896b6d8134,Keil,LM3S_DFP,1.1.1,https://www.keil.com/pack/Keil.LM3S_DFP.pdsc,14232360062733bd4c753a0ad8989e423ab6a7637239df1b6167a70ac153c391,ti-stellaris,mapping_candidate,not_verified
Texas Instruments,LM3S Series,LM3S8xxx,LM3S8730,cmsis_device_name,LM3S8730,tcl/target/ti/stellaris.cfg,"[""stellaris""]",upstream-openocd,56b8d93fbe61a78dc903d770820d6d896b6d8134,Keil,LM3S_DFP,1.1.1,https://www.keil.com/pack/Keil.LM3S_DFP.pdsc,14232360062733bd4c753a0ad8989e423ab6a7637239df1b6167a70ac153c391,ti-stellaris,mapping_candidate,not_verified
Texas Instruments,LM3S Series,LM3S8xxx,LM3S8733,cmsis_device_name,LM3S8733,tcl/target/ti/stellaris.cfg,"[""stellaris""]",upstream-openocd,56b8d93fbe61a78dc903d770820d6d896b6d8134,Keil,LM3S_DFP,1.1.1,https://www.keil.com/pack/Keil.LM3S_DFP.pdsc,14232360062733bd4c753a0ad8989e423ab6a7637239df1b6167a70ac153c391,ti-stellaris,mapping_candidate,not_verified
Texas Instruments,LM3S Series,LM3S8xxx,LM3S8738,cmsis_device_name,LM3S8738,tcl/target/ti/stellaris.cfg,"[""stellaris""]",upstream-openocd,56b8d93fbe61a78dc903d770820d6d896b6d8134,Keil,LM3S_DFP,1.1.1,https://www.keil.com/pack/Keil.LM3S_DFP.pdsc,14232360062733bd4c753a0ad8989e423ab6a7637239df1b6167a70ac153c391,ti-stellaris,mapping_candidate,not_verified
Texas Instruments,LM3S Series,LM3S8xxx,LM3S8930,cmsis_device_name,LM3S8930,tcl/target/ti/stellaris.cfg,"[""stellaris""]",upstream-openocd,56b8d93fbe61a78dc903d770820d6d896b6d8134,Keil,LM3S_DFP,1.1.1,https://www.keil.com/pack/Keil.LM3S_DFP.pdsc,14232360062733bd4c753a0ad8989e423ab6a7637239df1b6167a70ac153c391,ti-stellaris,mapping_candidate,not_verified
Texas Instruments,LM3S Series,LM3S8xxx,LM3S8933,cmsis_device_name,LM3S8933,tcl/target/ti/stellaris.cfg,"[""stellaris""]",upstream-openocd,56b8d93fbe61a78dc903d770820d6d896b6d8134,Keil,LM3S_DFP,1.1.1,https://www.keil.com/pack/Keil.LM3S_DFP.pdsc,14232360062733bd4c753a0ad8989e423ab6a7637239df1b6167a70ac153c391,ti-stellaris,mapping_candidate,not_verified
Texas Instruments,LM3S Series,LM3S8xxx,LM3S8938,cmsis_device_name,LM3S8938,tcl/target/ti/stellaris.cfg,"[""stellaris""]",upstream-openocd,56b8d93fbe61a78dc903d770820d6d896b6d8134,Keil,LM3S_DFP,1.1.1,https://www.keil.com/pack/Keil.LM3S_DFP.pdsc,14232360062733bd4c753a0ad8989e423ab6a7637239df1b6167a70ac153c391,ti-stellaris,mapping_candidate,not_verified
Texas Instruments,LM3S Series,LM3S8xxx,LM3S8962,cmsis_device_name,LM3S8962,tcl/target/ti/stellaris.cfg,"[""stellaris""]",upstream-openocd,56b8d93fbe61a78dc903d770820d6d896b6d8134,Keil,LM3S_DFP,1.1.1,https://www.keil.com/pack/Keil.LM3S_DFP.pdsc,14232360062733bd4c753a0ad8989e423ab6a7637239df1b6167a70ac153c391,ti-stellaris,mapping_candidate,not_verified
Texas Instruments,LM3S Series,LM3S8xxx,LM3S8970,cmsis_device_name,LM3S8970,tcl/target/ti/stellaris.cfg,"[""stellaris""]",upstream-openocd,56b8d93fbe61a78dc903d770820d6d896b6d8134,Keil,LM3S_DFP,1.1.1,https://www.keil.com/pack/Keil.LM3S_DFP.pdsc,14232360062733bd4c753a0ad8989e423ab6a7637239df1b6167a70ac153c391,ti-stellaris,mapping_candidate,not_verified
Texas Instruments,LM3S Series,LM3S8xxx,LM3S8971,cmsis_device_name,LM3S8971,tcl/target/ti/stellaris.cfg,"[""stellaris""]",upstream-openocd,56b8d93fbe61a78dc903d770820d6d896b6d8134,Keil,LM3S_DFP,1.1.1,https://www.keil.com/pack/Keil.LM3S_DFP.pdsc,14232360062733bd4c753a0ad8989e423ab6a7637239df1b6167a70ac153c391,ti-stellaris,mapping_candidate,not_verified
Texas Instruments,LM3S Series,LM3S9xxx,LM3S9781,cmsis_device_name,LM3S9781,tcl/target/ti/stellaris.cfg,"[""stellaris""]",upstream-openocd,56b8d93fbe61a78dc903d770820d6d896b6d8134,Keil,LM3S_DFP,1.1.1,https://www.keil.com/pack/Keil.LM3S_DFP.pdsc,14232360062733bd4c753a0ad8989e423ab6a7637239df1b6167a70ac153c391,ti-stellaris,mapping_candidate,not_verified
Texas Instruments,LM3S Series,LM3S9xxx,LM3S9790,cmsis_device_name,LM3S9790,tcl/target/ti/stellaris.cfg,"[""stellaris""]",upstream-openocd,56b8d93fbe61a78dc903d770820d6d896b6d8134,Keil,LM3S_DFP,1.1.1,https://www.keil.com/pack/Keil.LM3S_DFP.pdsc,14232360062733bd4c753a0ad8989e423ab6a7637239df1b6167a70ac153c391,ti-stellaris,mapping_candidate,not_verified
Texas Instruments,LM3S Series,LM3S9xxx,LM3S9792,cmsis_device_name,LM3S9792,tcl/target/ti/stellaris.cfg,"[""stellaris""]",upstream-openocd,56b8d93fbe61a78dc903d770820d6d896b6d8134,Keil,LM3S_DFP,1.1.1,https://www.keil.com/pack/Keil.LM3S_DFP.pdsc,14232360062733bd4c753a0ad8989e423ab6a7637239df1b6167a70ac153c391,ti-stellaris,mapping_candidate,not_verified
Texas Instruments,LM3S Series,LM3S9xxx,LM3S9971,cmsis_device_name,LM3S9971,tcl/target/ti/stellaris.cfg,"[""stellaris""]",upstream-openocd,56b8d93fbe61a78dc903d770820d6d896b6d8134,Keil,LM3S_DFP,1.1.1,https://www.keil.com/pack/Keil.LM3S_DFP.pdsc,14232360062733bd4c753a0ad8989e423ab6a7637239df1b6167a70ac153c391,ti-stellaris,mapping_candidate,not_verified
Texas Instruments,LM3S Series,LM3S9xxx,LM3S9997,cmsis_device_name,LM3S9997,tcl/target/ti/stellaris.cfg,"[""stellaris""]",upstream-openocd,56b8d93fbe61a78dc903d770820d6d896b6d8134,Keil,LM3S_DFP,1.1.1,https://www.keil.com/pack/Keil.LM3S_DFP.pdsc,14232360062733bd4c753a0ad8989e423ab6a7637239df1b6167a70ac153c391,ti-stellaris,mapping_candidate,not_verified
Texas Instruments,LM3S Series,LM3S9xxx,LM3S9B81,cmsis_device_name,LM3S9B81,tcl/target/ti/stellaris.cfg,"[""stellaris""]",upstream-openocd,56b8d93fbe61a78dc903d770820d6d896b6d8134,Keil,LM3S_DFP,1.1.1,https://www.keil.com/pack/Keil.LM3S_DFP.pdsc,14232360062733bd4c753a0ad8989e423ab6a7637239df1b6167a70ac153c391,ti-stellaris,mapping_candidate,not_verified
Texas Instruments,LM3S Series,LM3S9xxx,LM3S9B90,cmsis_device_name,LM3S9B90,tcl/target/ti/stellaris.cfg,"[""stellaris""]",upstream-openocd,56b8d93fbe61a78dc903d770820d6d896b6d8134,Keil,LM3S_DFP,1.1.1,https://www.keil.com/pack/Keil.LM3S_DFP.pdsc,14232360062733bd4c753a0ad8989e423ab6a7637239df1b6167a70ac153c391,ti-stellaris,mapping_candidate,not_verified
Texas Instruments,LM3S Series,LM3S9xxx,LM3S9B92,cmsis_device_name,LM3S9B92,tcl/target/ti/stellaris.cfg,"[""stellaris""]",upstream-openocd,56b8d93fbe61a78dc903d770820d6d896b6d8134,Keil,LM3S_DFP,1.1.1,https://www.keil.com/pack/Keil.LM3S_DFP.pdsc,14232360062733bd4c753a0ad8989e423ab6a7637239df1b6167a70ac153c391,ti-stellaris,mapping_candidate,not_verified
Texas Instruments,LM3S Series,LM3S9xxx,LM3S9B95,cmsis_device_name,LM3S9B95,tcl/target/ti/stellaris.cfg,"[""stellaris""]",upstream-openocd,56b8d93fbe61a78dc903d770820d6d896b6d8134,Keil,LM3S_DFP,1.1.1,https://www.keil.com/pack/Keil.LM3S_DFP.pdsc,14232360062733bd4c753a0ad8989e423ab6a7637239df1b6167a70ac153c391,ti-stellaris,mapping_candidate,not_verified
Texas Instruments,LM3S Series,LM3S9xxx,LM3S9B96,cmsis_device_name,LM3S9B96,tcl/target/ti/stellaris.cfg,"[""stellaris""]",upstream-openocd,56b8d93fbe61a78dc903d770820d6d896b6d8134,Keil,LM3S_DFP,1.1.1,https://www.keil.com/pack/Keil.LM3S_DFP.pdsc,14232360062733bd4c753a0ad8989e423ab6a7637239df1b6167a70ac153c391,ti-stellaris,mapping_candidate,not_verified
Texas Instruments,LM3S Series,LM3S9xxx,LM3S9BN2,cmsis_device_name,LM3S9BN2,tcl/target/ti/stellaris.cfg,"[""stellaris""]",upstream-openocd,56b8d93fbe61a78dc903d770820d6d896b6d8134,Keil,LM3S_DFP,1.1.1,https://www.keil.com/pack/Keil.LM3S_DFP.pdsc,14232360062733bd4c753a0ad8989e423ab6a7637239df1b6167a70ac153c391,ti-stellaris,mapping_candidate,not_verified
Texas Instruments,LM3S Series,LM3S9xxx,LM3S9BN5,cmsis_device_name,LM3S9BN5,tcl/target/ti/stellaris.cfg,"[""stellaris""]",upstream-openocd,56b8d93fbe61a78dc903d770820d6d896b6d8134,Keil,LM3S_DFP,1.1.1,https://www.keil.com/pack/Keil.LM3S_DFP.pdsc,14232360062733bd4c753a0ad8989e423ab6a7637239df1b6167a70ac153c391,ti-stellaris,mapping_candidate,not_verified
Texas Instruments,LM3S Series,LM3S9xxx,LM3S9BN6,cmsis_device_name,LM3S9BN6,tcl/target/ti/stellaris.cfg,"[""stellaris""]",upstream-openocd,56b8d93fbe61a78dc903d770820d6d896b6d8134,Keil,LM3S_DFP,1.1.1,https://www.keil.com/pack/Keil.LM3S_DFP.pdsc,14232360062733bd4c753a0ad8989e423ab6a7637239df1b6167a70ac153c391,ti-stellaris,mapping_candidate,not_verified
Texas Instruments,LM3S Series,LM3S9xxx,LM3S9C97,cmsis_device_name,LM3S9C97,tcl/target/ti/stellaris.cfg,"[""stellaris""]",upstream-openocd,56b8d93fbe61a78dc903d770820d6d896b6d8134,Keil,LM3S_DFP,1.1.1,https://www.keil.com/pack/Keil.LM3S_DFP.pdsc,14232360062733bd4c753a0ad8989e423ab6a7637239df1b6167a70ac153c391,ti-stellaris,mapping_candidate,not_verified
Texas Instruments,LM3S Series,LM3S9xxx,LM3S9D81,cmsis_device_name,LM3S9D81,tcl/target/ti/stellaris.cfg,"[""stellaris""]",upstream-openocd,56b8d93fbe61a78dc903d770820d6d896b6d8134,Keil,LM3S_DFP,1.1.1,https://www.keil.com/pack/Keil.LM3S_DFP.pdsc,14232360062733bd4c753a0ad8989e423ab6a7637239df1b6167a70ac153c391,ti-stellaris,mapping_candidate,not_verified
Texas Instruments,LM3S Series,LM3S9xxx,LM3S9D90,cmsis_device_name,LM3S9D90,tcl/target/ti/stellaris.cfg,"[""stellaris""]",upstream-openocd,56b8d93fbe61a78dc903d770820d6d896b6d8134,Keil,LM3S_DFP,1.1.1,https://www.keil.com/pack/Keil.LM3S_DFP.pdsc,14232360062733bd4c753a0ad8989e423ab6a7637239df1b6167a70ac153c391,ti-stellaris,mapping_candidate,not_verified
Texas Instruments,LM3S Series,LM3S9xxx,LM3S9D92,cmsis_device_name,LM3S9D92,tcl/target/ti/stellaris.cfg,"[""stellaris""]",upstream-openocd,56b8d93fbe61a78dc903d770820d6d896b6d8134,Keil,LM3S_DFP,1.1.1,https://www.keil.com/pack/Keil.LM3S_DFP.pdsc,14232360062733bd4c753a0ad8989e423ab6a7637239df1b6167a70ac153c391,ti-stellaris,mapping_candidate,not_verified
Texas Instruments,LM3S Series,LM3S9xxx,LM3S9D96,cmsis_device_name,LM3S9D96,tcl/target/ti/stellaris.cfg,"[""stellaris""]",upstream-openocd,56b8d93fbe61a78dc903d770820d6d896b6d8134,Keil,LM3S_DFP,1.1.1,https://www.keil.com/pack/Keil.LM3S_DFP.pdsc,14232360062733bd4c753a0ad8989e423ab6a7637239df1b6167a70ac153c391,ti-stellaris,mapping_candidate,not_verified
Texas Instruments,LM3S Series,LM3S9xxx,LM3S9DN5,cmsis_device_name,LM3S9DN5,tcl/target/ti/stellaris.cfg,"[""stellaris""]",upstream-openocd,56b8d93fbe61a78dc903d770820d6d896b6d8134,Keil,LM3S_DFP,1.1.1,https://www.keil.com/pack/Keil.LM3S_DFP.pdsc,14232360062733bd4c753a0ad8989e423ab6a7637239df1b6167a70ac153c391,ti-stellaris,mapping_candidate,not_verified
Texas Instruments,LM3S Series,LM3S9xxx,LM3S9DN6,cmsis_device_name,LM3S9DN6,tcl/target/ti/stellaris.cfg,"[""stellaris""]",upstream-openocd,56b8d93fbe61a78dc903d770820d6d896b6d8134,Keil,LM3S_DFP,1.1.1,https://www.keil.com/pack/Keil.LM3S_DFP.pdsc,14232360062733bd4c753a0ad8989e423ab6a7637239df1b6167a70ac153c391,ti-stellaris,mapping_candidate,not_verified
Texas Instruments,LM3S Series,LM3S9xxx,LM3S9G97,cmsis_device_name,LM3S9G97,tcl/target/ti/stellaris.cfg,"[""stellaris""]",upstream-openocd,56b8d93fbe61a78dc903d770820d6d896b6d8134,Keil,LM3S_DFP,1.1.1,https://www.keil.com/pack/Keil.LM3S_DFP.pdsc,14232360062733bd4c753a0ad8989e423ab6a7637239df1b6167a70ac153c391,ti-stellaris,mapping_candidate,not_verified
Texas Instruments,LM3S Series,LM3S9xxx,LM3S9GN5,cmsis_device_name,LM3S9GN5,tcl/target/ti/stellaris.cfg,"[""stellaris""]",upstream-openocd,56b8d93fbe61a78dc903d770820d6d896b6d8134,Keil,LM3S_DFP,1.1.1,https://www.keil.com/pack/Keil.LM3S_DFP.pdsc,14232360062733bd4c753a0ad8989e423ab6a7637239df1b6167a70ac153c391,ti-stellaris,mapping_candidate,not_verified
Texas Instruments,LM3S Series,LM3S9xxx,LM3S9L71,cmsis_device_name,LM3S9L71,tcl/target/ti/stellaris.cfg,"[""stellaris""]",upstream-openocd,56b8d93fbe61a78dc903d770820d6d896b6d8134,Keil,LM3S_DFP,1.1.1,https://www.keil.com/pack/Keil.LM3S_DFP.pdsc,14232360062733bd4c753a0ad8989e423ab6a7637239df1b6167a70ac153c391,ti-stellaris,mapping_candidate,not_verified
Texas Instruments,LM3S Series,LM3S9xxx,LM3S9L97,cmsis_device_name,LM3S9L97,tcl/target/ti/stellaris.cfg,"[""stellaris""]",upstream-openocd,56b8d93fbe61a78dc903d770820d6d896b6d8134,Keil,LM3S_DFP,1.1.1,https://www.keil.com/pack/Keil.LM3S_DFP.pdsc,14232360062733bd4c753a0ad8989e423ab6a7637239df1b6167a70ac153c391,ti-stellaris,mapping_candidate,not_verified
Texas Instruments,LM3S Series,LM3S9xxx,LM3S9U81,cmsis_device_name,LM3S9U81,tcl/target/ti/stellaris.cfg,"[""stellaris""]",upstream-openocd,56b8d93fbe61a78dc903d770820d6d896b6d8134,Keil,LM3S_DFP,1.1.1,https://www.keil.com/pack/Keil.LM3S_DFP.pdsc,14232360062733bd4c753a0ad8989e423ab6a7637239df1b6167a70ac153c391,ti-stellaris,mapping_candidate,not_verified
Texas Instruments,LM3S Series,LM3S9xxx,LM3S9U90,cmsis_device_name,LM3S9U90,tcl/target/ti/stellaris.cfg,"[""stellaris""]",upstream-openocd,56b8d93fbe61a78dc903d770820d6d896b6d8134,Keil,LM3S_DFP,1.1.1,https://www.keil.com/pack/Keil.LM3S_DFP.pdsc,14232360062733bd4c753a0ad8989e423ab6a7637239df1b6167a70ac153c391,ti-stellaris,mapping_candidate,not_verified
Texas Instruments,LM3S Series,LM3S9xxx,LM3S9U92,cmsis_device_name,LM3S9U92,tcl/target/ti/stellaris.cfg,"[""stellaris""]",upstream-openocd,56b8d93fbe61a78dc903d770820d6d896b6d8134,Keil,LM3S_DFP,1.1.1,https://www.keil.com/pack/Keil.LM3S_DFP.pdsc,14232360062733bd4c753a0ad8989e423ab6a7637239df1b6167a70ac153c391,ti-stellaris,mapping_candidate,not_verified
Texas Instruments,LM3S Series,LM3S9xxx,LM3S9U96,cmsis_device_name,LM3S9U96,tcl/target/ti/stellaris.cfg,"[""stellaris""]",upstream-openocd,56b8d93fbe61a78dc903d770820d6d896b6d8134,Keil,LM3S_DFP,1.1.1,https://www.keil.com/pack/Keil.LM3S_DFP.pdsc,14232360062733bd4c753a0ad8989e423ab6a7637239df1b6167a70ac153c391,ti-stellaris,mapping_candidate,not_verified
Texas Instruments,LM4F Series,LM4F1xx,LM4F110B2QR,cmsis_device_name,LM4F110B2QR,tcl/target/ti/stellaris.cfg,"[""stellaris""]",upstream-openocd,56b8d93fbe61a78dc903d770820d6d896b6d8134,Keil,LM4F_DFP,1.0.0,https://www.keil.com/pack/Keil.LM4F_DFP.pdsc,11a91a1d7f86d8f14d9b5851a7e14d5aba6281e7444cd05eae78e6b72b0b378a,ti-stellaris,mapping_candidate,not_verified
Texas Instruments,LM4F Series,LM4F1xx,LM4F110C4QR,cmsis_device_name,LM4F110C4QR,tcl/target/ti/stellaris.cfg,"[""stellaris""]",upstream-openocd,56b8d93fbe61a78dc903d770820d6d896b6d8134,Keil,LM4F_DFP,1.0.0,https://www.keil.com/pack/Keil.LM4F_DFP.pdsc,11a91a1d7f86d8f14d9b5851a7e14d5aba6281e7444cd05eae78e6b72b0b378a,ti-stellaris,mapping_candidate,not_verified
Texas Instruments,LM4F Series,LM4F1xx,LM4F110E5QR,cmsis_device_name,LM4F110E5QR,tcl/target/ti/stellaris.cfg,"[""stellaris""]",upstream-openocd,56b8d93fbe61a78dc903d770820d6d896b6d8134,Keil,LM4F_DFP,1.0.0,https://www.keil.com/pack/Keil.LM4F_DFP.pdsc,11a91a1d7f86d8f14d9b5851a7e14d5aba6281e7444cd05eae78e6b72b0b378a,ti-stellaris,mapping_candidate,not_verified
Texas Instruments,LM4F Series,LM4F1xx,LM4F110H5QR,cmsis_device_name,LM4F110H5QR,tcl/target/ti/stellaris.cfg,"[""stellaris""]",upstream-openocd,56b8d93fbe61a78dc903d770820d6d896b6d8134,Keil,LM4F_DFP,1.0.0,https://www.keil.com/pack/Keil.LM4F_DFP.pdsc,11a91a1d7f86d8f14d9b5851a7e14d5aba6281e7444cd05eae78e6b72b0b378a,ti-stellaris,mapping_candidate,not_verified
Texas Instruments,LM4F Series,LM4F1xx,LM4F111B2QR,cmsis_device_name,LM4F111B2QR,tcl/target/ti/stellaris.cfg,"[""stellaris""]",upstream-openocd,56b8d93fbe61a78dc903d770820d6d896b6d8134,Keil,LM4F_DFP,1.0.0,https://www.keil.com/pack/Keil.LM4F_DFP.pdsc,11a91a1d7f86d8f14d9b5851a7e14d5aba6281e7444cd05eae78e6b72b0b378a,ti-stellaris,mapping_candidate,not_verified
Texas Instruments,LM4F Series,LM4F1xx,LM4F111C4QR,cmsis_device_name,LM4F111C4QR,tcl/target/ti/stellaris.cfg,"[""stellaris""]",upstream-openocd,56b8d93fbe61a78dc903d770820d6d896b6d8134,Keil,LM4F_DFP,1.0.0,https://www.keil.com/pack/Keil.LM4F_DFP.pdsc,11a91a1d7f86d8f14d9b5851a7e14d5aba6281e7444cd05eae78e6b72b0b378a,ti-stellaris,mapping_candidate,not_verified
Texas Instruments,LM4F Series,LM4F1xx,LM4F111E5QR,cmsis_device_name,LM4F111E5QR,tcl/target/ti/stellaris.cfg,"[""stellaris""]",upstream-openocd,56b8d93fbe61a78dc903d770820d6d896b6d8134,Keil,LM4F_DFP,1.0.0,https://www.keil.com/pack/Keil.LM4F_DFP.pdsc,11a91a1d7f86d8f14d9b5851a7e14d5aba6281e7444cd05eae78e6b72b0b378a,ti-stellaris,mapping_candidate,not_verified
Texas Instruments,LM4F Series,LM4F1xx,LM4F111H5QR,cmsis_device_name,LM4F111H5QR,tcl/target/ti/stellaris.cfg,"[""stellaris""]",upstream-openocd,56b8d93fbe61a78dc903d770820d6d896b6d8134,Keil,LM4F_DFP,1.0.0,https://www.keil.com/pack/Keil.LM4F_DFP.pdsc,11a91a1d7f86d8f14d9b5851a7e14d5aba6281e7444cd05eae78e6b72b0b378a,ti-stellaris,mapping_candidate,not_verified
Texas Instruments,LM4F Series,LM4F1xx,LM4F112C4QC,cmsis_device_name,LM4F112C4QC,tcl/target/ti/stellaris.cfg,"[""stellaris""]",upstream-openocd,56b8d93fbe61a78dc903d770820d6d896b6d8134,Keil,LM4F_DFP,1.0.0,https://www.keil.com/pack/Keil.LM4F_DFP.pdsc,11a91a1d7f86d8f14d9b5851a7e14d5aba6281e7444cd05eae78e6b72b0b378a,ti-stellaris,mapping_candidate,not_verified
Texas Instruments,LM4F Series,LM4F1xx,LM4F112E5QC,cmsis_device_name,LM4F112E5QC,tcl/target/ti/stellaris.cfg,"[""stellaris""]",upstream-openocd,56b8d93fbe61a78dc903d770820d6d896b6d8134,Keil,LM4F_DFP,1.0.0,https://www.keil.com/pack/Keil.LM4F_DFP.pdsc,11a91a1d7f86d8f14d9b5851a7e14d5aba6281e7444cd05eae78e6b72b0b378a,ti-stellaris,mapping_candidate,not_verified
Texas Instruments,LM4F Series,LM4F1xx,LM4F112H5QC,cmsis_device_name,LM4F112H5QC,tcl/target/ti/stellaris.cfg,"[""stellaris""]",upstream-openocd,56b8d93fbe61a78dc903d770820d6d896b6d8134,Keil,LM4F_DFP,1.0.0,https://www.keil.com/pack/Keil.LM4F_DFP.pdsc,11a91a1d7f86d8f14d9b5851a7e14d5aba6281e7444cd05eae78e6b72b0b378a,ti-stellaris,mapping_candidate,not_verified
Texas Instruments,LM4F Series,LM4F1xx,LM4F112H5QD,cmsis_device_name,LM4F112H5QD,tcl/target/ti/stellaris.cfg,"[""stellaris""]",upstream-openocd,56b8d93fbe61a78dc903d770820d6d896b6d8134,Keil,LM4F_DFP,1.0.0,https://www.keil.com/pack/Keil.LM4F_DFP.pdsc,11a91a1d7f86d8f14d9b5851a7e14d5aba6281e7444cd05eae78e6b72b0b378a,ti-stellaris,mapping_candidate,not_verified
Texas Instruments,LM4F Series,LM4F1xx,LM4F120B2QR,cmsis_device_name,LM4F120B2QR,tcl/target/ti/stellaris.cfg,"[""stellaris""]",upstream-openocd,56b8d93fbe61a78dc903d770820d6d896b6d8134,Keil,LM4F_DFP,1.0.0,https://www.keil.com/pack/Keil.LM4F_DFP.pdsc,11a91a1d7f86d8f14d9b5851a7e14d5aba6281e7444cd05eae78e6b72b0b378a,ti-stellaris,mapping_candidate,not_verified
Texas Instruments,LM4F Series,LM4F1xx,LM4F120C4QR,cmsis_device_name,LM4F120C4QR,tcl/target/ti/stellaris.cfg,"[""stellaris""]",upstream-openocd,56b8d93fbe61a78dc903d770820d6d896b6d8134,Keil,LM4F_DFP,1.0.0,https://www.keil.com/pack/Keil.LM4F_DFP.pdsc,11a91a1d7f86d8f14d9b5851a7e14d5aba6281e7444cd05eae78e6b72b0b378a,ti-stellaris,mapping_candidate,not_verified
Texas Instruments,LM4F Series,LM4F1xx,LM4F120E5QR,cmsis_device_name,LM4F120E5QR,tcl/target/ti/stellaris.cfg,"[""stellaris""]",upstream-openocd,56b8d93fbe61a78dc903d770820d6d896b6d8134,Keil,LM4F_DFP,1.0.0,https://www.keil.com/pack/Keil.LM4F_DFP.pdsc,11a91a1d7f86d8f14d9b5851a7e14d5aba6281e7444cd05eae78e6b72b0b378a,ti-stellaris,mapping_candidate,not_verified
Texas Instruments,LM4F Series,LM4F1xx,LM4F120H5QR,cmsis_device_name,LM4F120H5QR,tcl/target/ti/stellaris.cfg,"[""stellaris""]",upstream-openocd,56b8d93fbe61a78dc903d770820d6d896b6d8134,Keil,LM4F_DFP,1.0.0,https://www.keil.com/pack/Keil.LM4F_DFP.pdsc,11a91a1d7f86d8f14d9b5851a7e14d5aba6281e7444cd05eae78e6b72b0b378a,ti-stellaris,mapping_candidate,not_verified
Texas Instruments,LM4F Series,LM4F1xx,LM4F121B2QR,cmsis_device_name,LM4F121B2QR,tcl/target/ti/stellaris.cfg,"[""stellaris""]",upstream-openocd,56b8d93fbe61a78dc903d770820d6d896b6d8134,Keil,LM4F_DFP,1.0.0,https://www.keil.com/pack/Keil.LM4F_DFP.pdsc,11a91a1d7f86d8f14d9b5851a7e14d5aba6281e7444cd05eae78e6b72b0b378a,ti-stellaris,mapping_candidate,not_verified
Texas Instruments,LM4F Series,LM4F1xx,LM4F121C4QR,cmsis_device_name,LM4F121C4QR,tcl/target/ti/stellaris.cfg,"[""stellaris""]",upstream-openocd,56b8d93fbe61a78dc903d770820d6d896b6d8134,Keil,LM4F_DFP,1.0.0,https://www.keil.com/pack/Keil.LM4F_DFP.pdsc,11a91a1d7f86d8f14d9b5851a7e14d5aba6281e7444cd05eae78e6b72b0b378a,ti-stellaris,mapping_candidate,not_verified
Texas Instruments,LM4F Series,LM4F1xx,LM4F121E5QR,cmsis_device_name,LM4F121E5QR,tcl/target/ti/stellaris.cfg,"[""stellaris""]",upstream-openocd,56b8d93fbe61a78dc903d770820d6d896b6d8134,Keil,LM4F_DFP,1.0.0,https://www.keil.com/pack/Keil.LM4F_DFP.pdsc,11a91a1d7f86d8f14d9b5851a7e14d5aba6281e7444cd05eae78e6b72b0b378a,ti-stellaris,mapping_candidate,not_verified
Texas Instruments,LM4F Series,LM4F1xx,LM4F121H5QR,cmsis_device_name,LM4F121H5QR,tcl/target/ti/stellaris.cfg,"[""stellaris""]",upstream-openocd,56b8d93fbe61a78dc903d770820d6d896b6d8134,Keil,LM4F_DFP,1.0.0,https://www.keil.com/pack/Keil.LM4F_DFP.pdsc,11a91a1d7f86d8f14d9b5851a7e14d5aba6281e7444cd05eae78e6b72b0b378a,ti-stellaris,mapping_candidate,not_verified
Texas Instruments,LM4F Series,LM4F1xx,LM4F122C4QC,cmsis_device_name,LM4F122C4QC,tcl/target/ti/stellaris.cfg,"[""stellaris""]",upstream-openocd,56b8d93fbe61a78dc903d770820d6d896b6d8134,Keil,LM4F_DFP,1.0.0,https://www.keil.com/pack/Keil.LM4F_DFP.pdsc,11a91a1d7f86d8f14d9b5851a7e14d5aba6281e7444cd05eae78e6b72b0b378a,ti-stellaris,mapping_candidate,not_verified
Texas Instruments,LM4F Series,LM4F1xx,LM4F122E5QC,cmsis_device_name,LM4F122E5QC,tcl/target/ti/stellaris.cfg,"[""stellaris""]",upstream-openocd,56b8d93fbe61a78dc903d770820d6d896b6d8134,Keil,LM4F_DFP,1.0.0,https://www.keil.com/pack/Keil.LM4F_DFP.pdsc,11a91a1d7f86d8f14d9b5851a7e14d5aba6281e7444cd05eae78e6b72b0b378a,ti-stellaris,mapping_candidate,not_verified
Texas Instruments,LM4F Series,LM4F1xx,LM4F122H5QC,cmsis_device_name,LM4F122H5QC,tcl/target/ti/stellaris.cfg,"[""stellaris""]",upstream-openocd,56b8d93fbe61a78dc903d770820d6d896b6d8134,Keil,LM4F_DFP,1.0.0,https://www.keil.com/pack/Keil.LM4F_DFP.pdsc,11a91a1d7f86d8f14d9b5851a7e14d5aba6281e7444cd05eae78e6b72b0b378a,ti-stellaris,mapping_candidate,not_verified
Texas Instruments,LM4F Series,LM4F1xx,LM4F122H5QD,cmsis_device_name,LM4F122H5QD,tcl/target/ti/stellaris.cfg,"[""stellaris""]",upstream-openocd,56b8d93fbe61a78dc903d770820d6d896b6d8134,Keil,LM4F_DFP,1.0.0,https://www.keil.com/pack/Keil.LM4F_DFP.pdsc,11a91a1d7f86d8f14d9b5851a7e14d5aba6281e7444cd05eae78e6b72b0b378a,ti-stellaris,mapping_candidate,not_verified
Texas Instruments,LM4F Series,LM4F1xx,LM4F130C4QR,cmsis_device_name,LM4F130C4QR,tcl/target/ti/stellaris.cfg,"[""stellaris""]",upstream-openocd,56b8d93fbe61a78dc903d770820d6d896b6d8134,Keil,LM4F_DFP,1.0.0,https://www.keil.com/pack/Keil.LM4F_DFP.pdsc,11a91a1d7f86d8f14d9b5851a7e14d5aba6281e7444cd05eae78e6b72b0b378a,ti-stellaris,mapping_candidate,not_verified
Texas Instruments,LM4F Series,LM4F1xx,LM4F130E5QR,cmsis_device_name,LM4F130E5QR,tcl/target/ti/stellaris.cfg,"[""stellaris""]",upstream-openocd,56b8d93fbe61a78dc903d770820d6d896b6d8134,Keil,LM4F_DFP,1.0.0,https://www.keil.com/pack/Keil.LM4F_DFP.pdsc,11a91a1d7f86d8f14d9b5851a7e14d5aba6281e7444cd05eae78e6b72b0b378a,ti-stellaris,mapping_candidate,not_verified
Texas Instruments,LM4F Series,LM4F1xx,LM4F130H5QR,cmsis_device_name,LM4F130H5QR,tcl/target/ti/stellaris.cfg,"[""stellaris""]",upstream-openocd,56b8d93fbe61a78dc903d770820d6d896b6d8134,Keil,LM4F_DFP,1.0.0,https://www.keil.com/pack/Keil.LM4F_DFP.pdsc,11a91a1d7f86d8f14d9b5851a7e14d5aba6281e7444cd05eae78e6b72b0b378a,ti-stellaris,mapping_candidate,not_verified
Texas Instruments,LM4F Series,LM4F1xx,LM4F131C4QR,cmsis_device_name,LM4F131C4QR,tcl/target/ti/stellaris.cfg,"[""stellaris""]",upstream-openocd,56b8d93fbe61a78dc903d770820d6d896b6d8134,Keil,LM4F_DFP,1.0.0,https://www.keil.com/pack/Keil.LM4F_DFP.pdsc,11a91a1d7f86d8f14d9b5851a7e14d5aba6281e7444cd05eae78e6b72b0b378a,ti-stellaris,mapping_candidate,not_verified
Texas Instruments,LM4F Series,LM4F1xx,LM4F131E5QR,cmsis_device_name,LM4F131E5QR,tcl/target/ti/stellaris.cfg,"[""stellaris""]",upstream-openocd,56b8d93fbe61a78dc903d770820d6d896b6d8134,Keil,LM4F_DFP,1.0.0,https://www.keil.com/pack/Keil.LM4F_DFP.pdsc,11a91a1d7f86d8f14d9b5851a7e14d5aba6281e7444cd05eae78e6b72b0b378a,ti-stellaris,mapping_candidate,not_verified
Texas Instruments,LM4F Series,LM4F1xx,LM4F131H5QR,cmsis_device_name,LM4F131H5QR,tcl/target/ti/stellaris.cfg,"[""stellaris""]",upstream-openocd,56b8d93fbe61a78dc903d770820d6d896b6d8134,Keil,LM4F_DFP,1.0.0,https://www.keil.com/pack/Keil.LM4F_DFP.pdsc,11a91a1d7f86d8f14d9b5851a7e14d5aba6281e7444cd05eae78e6b72b0b378a,ti-stellaris,mapping_candidate,not_verified
Texas Instruments,LM4F Series,LM4F1xx,LM4F132C4QC,cmsis_device_name,LM4F132C4QC,tcl/target/ti/stellaris.cfg,"[""stellaris""]",upstream-openocd,56b8d93fbe61a78dc903d770820d6d896b6d8134,Keil,LM4F_DFP,1.0.0,https://www.keil.com/pack/Keil.LM4F_DFP.pdsc,11a91a1d7f86d8f14d9b5851a7e14d5aba6281e7444cd05eae78e6b72b0b378a,ti-stellaris,mapping_candidate,not_verified
Texas Instruments,LM4F Series,LM4F1xx,LM4F132E5QC,cmsis_device_name,LM4F132E5QC,tcl/target/ti/stellaris.cfg,"[""stellaris""]",upstream-openocd,56b8d93fbe61a78dc903d770820d6d896b6d8134,Keil,LM4F_DFP,1.0.0,https://www.keil.com/pack/Keil.LM4F_DFP.pdsc,11a91a1d7f86d8f14d9b5851a7e14d5aba6281e7444cd05eae78e6b72b0b378a,ti-stellaris,mapping_candidate,not_verified
Texas Instruments,LM4F Series,LM4F1xx,LM4F132H5QC,cmsis_device_name,LM4F132H5QC,tcl/target/ti/stellaris.cfg,"[""stellaris""]",upstream-openocd,56b8d93fbe61a78dc903d770820d6d896b6d8134,Keil,LM4F_DFP,1.0.0,https://www.keil.com/pack/Keil.LM4F_DFP.pdsc,11a91a1d7f86d8f14d9b5851a7e14d5aba6281e7444cd05eae78e6b72b0b378a,ti-stellaris,mapping_candidate,not_verified
Texas Instruments,LM4F Series,LM4F1xx,LM4F132H5QD,cmsis_device_name,LM4F132H5QD,tcl/target/ti/stellaris.cfg,"[""stellaris""]",upstream-openocd,56b8d93fbe61a78dc903d770820d6d896b6d8134,Keil,LM4F_DFP,1.0.0,https://www.keil.com/pack/Keil.LM4F_DFP.pdsc,11a91a1d7f86d8f14d9b5851a7e14d5aba6281e7444cd05eae78e6b72b0b378a,ti-stellaris,mapping_candidate,not_verified
Texas Instruments,LM4F Series,LM4F2xx,LM4F210E5QR,cmsis_device_name,LM4F210E5QR,tcl/target/ti/stellaris.cfg,"[""stellaris""]",upstream-openocd,56b8d93fbe61a78dc903d770820d6d896b6d8134,Keil,LM4F_DFP,1.0.0,https://www.keil.com/pack/Keil.LM4F_DFP.pdsc,11a91a1d7f86d8f14d9b5851a7e14d5aba6281e7444cd05eae78e6b72b0b378a,ti-stellaris,mapping_candidate,not_verified
Texas Instruments,LM4F Series,LM4F2xx,LM4F210H5QR,cmsis_device_name,LM4F210H5QR,tcl/target/ti/stellaris.cfg,"[""stellaris""]",upstream-openocd,56b8d93fbe61a78dc903d770820d6d896b6d8134,Keil,LM4F_DFP,1.0.0,https://www.keil.com/pack/Keil.LM4F_DFP.pdsc,11a91a1d7f86d8f14d9b5851a7e14d5aba6281e7444cd05eae78e6b72b0b378a,ti-stellaris,mapping_candidate,not_verified
Texas Instruments,LM4F Series,LM4F2xx,LM4F211E5QR,cmsis_device_name,LM4F211E5QR,tcl/target/ti/stellaris.cfg,"[""stellaris""]",upstream-openocd,56b8d93fbe61a78dc903d770820d6d896b6d8134,Keil,LM4F_DFP,1.0.0,https://www.keil.com/pack/Keil.LM4F_DFP.pdsc,11a91a1d7f86d8f14d9b5851a7e14d5aba6281e7444cd05eae78e6b72b0b378a,ti-stellaris,mapping_candidate,not_verified
Texas Instruments,LM4F Series,LM4F2xx,LM4F211H5QR,cmsis_device_name,LM4F211H5QR,tcl/target/ti/stellaris.cfg,"[""stellaris""]",upstream-openocd,56b8d93fbe61a78dc903d770820d6d896b6d8134,Keil,LM4F_DFP,1.0.0,https://www.keil.com/pack/Keil.LM4F_DFP.pdsc,11a91a1d7f86d8f14d9b5851a7e14d5aba6281e7444cd05eae78e6b72b0b378a,ti-stellaris,mapping_candidate,not_verified
Texas Instruments,LM4F Series,LM4F2xx,LM4F212E5QC,cmsis_device_name,LM4F212E5QC,tcl/target/ti/stellaris.cfg,"[""stellaris""]",upstream-openocd,56b8d93fbe61a78dc903d770820d6d896b6d8134,Keil,LM4F_DFP,1.0.0,https://www.keil.com/pack/Keil.LM4F_DFP.pdsc,11a91a1d7f86d8f14d9b5851a7e14d5aba6281e7444cd05eae78e6b72b0b378a,ti-stellaris,mapping_candidate,not_verified
Texas Instruments,LM4F Series,LM4F2xx,LM4F212H5BB,cmsis_device_name,LM4F212H5BB,tcl/target/ti/stellaris.cfg,"[""stellaris""]",upstream-openocd,56b8d93fbe61a78dc903d770820d6d896b6d8134,Keil,LM4F_DFP,1.0.0,https://www.keil.com/pack/Keil.LM4F_DFP.pdsc,11a91a1d7f86d8f14d9b5851a7e14d5aba6281e7444cd05eae78e6b72b0b378a,ti-stellaris,mapping_candidate,not_verified
Texas Instruments,LM4F Series,LM4F2xx,LM4F212H5QC,cmsis_device_name,LM4F212H5QC,tcl/target/ti/stellaris.cfg,"[""stellaris""]",upstream-openocd,56b8d93fbe61a78dc903d770820d6d896b6d8134,Keil,LM4F_DFP,1.0.0,https://www.keil.com/pack/Keil.LM4F_DFP.pdsc,11a91a1d7f86d8f14d9b5851a7e14d5aba6281e7444cd05eae78e6b72b0b378a,ti-stellaris,mapping_candidate,not_verified
Texas Instruments,LM4F Series,LM4F2xx,LM4F212H5QD,cmsis_device_name,LM4F212H5QD,tcl/target/ti/stellaris.cfg,"[""stellaris""]",upstream-openocd,56b8d93fbe61a78dc903d770820d6d896b6d8134,Keil,LM4F_DFP,1.0.0,https://www.keil.com/pack/Keil.LM4F_DFP.pdsc,11a91a1d7f86d8f14d9b5851a7e14d5aba6281e7444cd05eae78e6b72b0b378a,ti-stellaris,mapping_candidate,not_verified
Texas Instruments,LM4F Series,LM4F2xx,LM4F230E5QR,cmsis_device_name,LM4F230E5QR,tcl/target/ti/stellaris.cfg,"[""stellaris""]",upstream-openocd,56b8d93fbe61a78dc903d770820d6d896b6d8134,Keil,LM4F_DFP,1.0.0,https://www.keil.com/pack/Keil.LM4F_DFP.pdsc,11a91a1d7f86d8f14d9b5851a7e14d5aba6281e7444cd05eae78e6b72b0b378a,ti-stellaris,mapping_candidate,not_verified
Texas Instruments,LM4F Series,LM4F2xx,LM4F230H5QR,cmsis_device_name,LM4F230H5QR,tcl/target/ti/stellaris.cfg,"[""stellaris""]",upstream-openocd,56b8d93fbe61a78dc903d770820d6d896b6d8134,Keil,LM4F_DFP,1.0.0,https://www.keil.com/pack/Keil.LM4F_DFP.pdsc,11a91a1d7f86d8f14d9b5851a7e14d5aba6281e7444cd05eae78e6b72b0b378a,ti-stellaris,mapping_candidate,not_verified
Texas Instruments,LM4F Series,LM4F2xx,LM4F231E5QR,cmsis_device_name,LM4F231E5QR,tcl/target/ti/stellaris.cfg,"[""stellaris""]",upstream-openocd,56b8d93fbe61a78dc903d770820d6d896b6d8134,Keil,LM4F_DFP,1.0.0,https://www.keil.com/pack/Keil.LM4F_DFP.pdsc,11a91a1d7f86d8f14d9b5851a7e14d5aba6281e7444cd05eae78e6b72b0b378a,ti-stellaris,mapping_candidate,not_verified
Texas Instruments,LM4F Series,LM4F2xx,LM4F231H5QR,cmsis_device_name,LM4F231H5QR,tcl/target/ti/stellaris.cfg,"[""stellaris""]",upstream-openocd,56b8d93fbe61a78dc903d770820d6d896b6d8134,Keil,LM4F_DFP,1.0.0,https://www.keil.com/pack/Keil.LM4F_DFP.pdsc,11a91a1d7f86d8f14d9b5851a7e14d5aba6281e7444cd05eae78e6b72b0b378a,ti-stellaris,mapping_candidate,not_verified
Texas Instruments,LM4F Series,LM4F2xx,LM4F232E5QC,cmsis_device_name,LM4F232E5QC,tcl/target/ti/stellaris.cfg,"[""stellaris""]",upstream-openocd,56b8d93fbe61a78dc903d770820d6d896b6d8134,Keil,LM4F_DFP,1.0.0,https://www.keil.com/pack/Keil.LM4F_DFP.pdsc,11a91a1d7f86d8f14d9b5851a7e14d5aba6281e7444cd05eae78e6b72b0b378a,ti-stellaris,mapping_candidate,not_verified
Texas Instruments,LM4F Series,LM4F2xx,LM4F232H5BB,cmsis_device_name,LM4F232H5BB,tcl/target/ti/stellaris.cfg,"[""stellaris""]",upstream-openocd,56b8d93fbe61a78dc903d770820d6d896b6d8134,Keil,LM4F_DFP,1.0.0,https://www.keil.com/pack/Keil.LM4F_DFP.pdsc,11a91a1d7f86d8f14d9b5851a7e14d5aba6281e7444cd05eae78e6b72b0b378a,ti-stellaris,mapping_candidate,not_verified
Texas Instruments,LM4F Series,LM4F2xx,LM4F232H5QC,cmsis_device_name,LM4F232H5QC,tcl/target/ti/stellaris.cfg,"[""stellaris""]",upstream-openocd,56b8d93fbe61a78dc903d770820d6d896b6d8134,Keil,LM4F_DFP,1.0.0,https://www.keil.com/pack/Keil.LM4F_DFP.pdsc,11a91a1d7f86d8f14d9b5851a7e14d5aba6281e7444cd05eae78e6b72b0b378a,ti-stellaris,mapping_candidate,not_verified
Texas Instruments,LM4F Series,LM4F2xx,LM4F232H5QD,cmsis_device_name,LM4F232H5QD,tcl/target/ti/stellaris.cfg,"[""stellaris""]",upstream-openocd,56b8d93fbe61a78dc903d770820d6d896b6d8134,Keil,LM4F_DFP,1.0.0,https://www.keil.com/pack/Keil.LM4F_DFP.pdsc,11a91a1d7f86d8f14d9b5851a7e14d5aba6281e7444cd05eae78e6b72b0b378a,ti-stellaris,mapping_candidate,not_verified
Texas Instruments,Tiva C Series,TM4C123x Series,TM4C1230C3PM,cmsis_device_name,TM4C1230C3PM,tcl/target/ti/stellaris.cfg,"[""stellaris""]",upstream-openocd,56b8d93fbe61a78dc903d770820d6d896b6d8134,Keil,TM4C_DFP,1.1.0,https://www.keil.com/pack/Keil.TM4C_DFP.pdsc,d0b91760767042b63012f86c28e83df234425ab80974ec958bf83939a307bb44,ti-stellaris,mapping_candidate,not_verified
Texas Instruments,Tiva C Series,TM4C123x Series,TM4C1230D5PM,cmsis_device_name,TM4C1230D5PM,tcl/target/ti/stellaris.cfg,"[""stellaris""]",upstream-openocd,56b8d93fbe61a78dc903d770820d6d896b6d8134,Keil,TM4C_DFP,1.1.0,https://www.keil.com/pack/Keil.TM4C_DFP.pdsc,d0b91760767042b63012f86c28e83df234425ab80974ec958bf83939a307bb44,ti-stellaris,mapping_candidate,not_verified
Texas Instruments,Tiva C Series,TM4C123x Series,TM4C1230E6PM,cmsis_device_name,TM4C1230E6PM,tcl/target/ti/stellaris.cfg,"[""stellaris""]",upstream-openocd,56b8d93fbe61a78dc903d770820d6d896b6d8134,Keil,TM4C_DFP,1.1.0,https://www.keil.com/pack/Keil.TM4C_DFP.pdsc,d0b91760767042b63012f86c28e83df234425ab80974ec958bf83939a307bb44,ti-stellaris,mapping_candidate,not_verified
Texas Instruments,Tiva C Series,TM4C123x Series,TM4C1230H6PM,cmsis_device_name,TM4C1230H6PM,tcl/target/ti/stellaris.cfg,"[""stellaris""]",upstream-openocd,56b8d93fbe61a78dc903d770820d6d896b6d8134,Keil,TM4C_DFP,1.1.0,https://www.keil.com/pack/Keil.TM4C_DFP.pdsc,d0b91760767042b63012f86c28e83df234425ab80974ec958bf83939a307bb44,ti-stellaris,mapping_candidate,not_verified
Texas Instruments,Tiva C Series,TM4C123x Series,TM4C1231C3PM,cmsis_device_name,TM4C1231C3PM,tcl/target/ti/stellaris.cfg,"[""stellaris""]",upstream-openocd,56b8d93fbe61a78dc903d770820d6d896b6d8134,Keil,TM4C_DFP,1.1.0,https://www.keil.com/pack/Keil.TM4C_DFP.pdsc,d0b91760767042b63012f86c28e83df234425ab80974ec958bf83939a307bb44,ti-stellaris,mapping_candidate,not_verified
Texas Instruments,Tiva C Series,TM4C123x Series,TM4C1231D5PM,cmsis_device_name,TM4C1231D5PM,tcl/target/ti/stellaris.cfg,"[""stellaris""]",upstream-openocd,56b8d93fbe61a78dc903d770820d6d896b6d8134,Keil,TM4C_DFP,1.1.0,https://www.keil.com/pack/Keil.TM4C_DFP.pdsc,d0b91760767042b63012f86c28e83df234425ab80974ec958bf83939a307bb44,ti-stellaris,mapping_candidate,not_verified
Texas Instruments,Tiva C Series,TM4C123x Series,TM4C1231D5PZ,cmsis_device_name,TM4C1231D5PZ,tcl/target/ti/stellaris.cfg,"[""stellaris""]",upstream-openocd,56b8d93fbe61a78dc903d770820d6d896b6d8134,Keil,TM4C_DFP,1.1.0,https://www.keil.com/pack/Keil.TM4C_DFP.pdsc,d0b91760767042b63012f86c28e83df234425ab80974ec958bf83939a307bb44,ti-stellaris,mapping_candidate,not_verified
Texas Instruments,Tiva C Series,TM4C123x Series,TM4C1231E6PM,cmsis_device_name,TM4C1231E6PM,tcl/target/ti/stellaris.cfg,"[""stellaris""]",upstream-openocd,56b8d93fbe61a78dc903d770820d6d896b6d8134,Keil,TM4C_DFP,1.1.0,https://www.keil.com/pack/Keil.TM4C_DFP.pdsc,d0b91760767042b63012f86c28e83df234425ab80974ec958bf83939a307bb44,ti-stellaris,mapping_candidate,not_verified
Texas Instruments,Tiva C Series,TM4C123x Series,TM4C1231E6PZ,cmsis_device_name,TM4C1231E6PZ,tcl/target/ti/stellaris.cfg,"[""stellaris""]",upstream-openocd,56b8d93fbe61a78dc903d770820d6d896b6d8134,Keil,TM4C_DFP,1.1.0,https://www.keil.com/pack/Keil.TM4C_DFP.pdsc,d0b91760767042b63012f86c28e83df234425ab80974ec958bf83939a307bb44,ti-stellaris,mapping_candidate,not_verified
Texas Instruments,Tiva C Series,TM4C123x Series,TM4C1231H6PGE,cmsis_device_name,TM4C1231H6PGE,tcl/target/ti/stellaris.cfg,"[""stellaris""]",upstream-openocd,56b8d93fbe61a78dc903d770820d6d896b6d8134,Keil,TM4C_DFP,1.1.0,https://www.keil.com/pack/Keil.TM4C_DFP.pdsc,d0b91760767042b63012f86c28e83df234425ab80974ec958bf83939a307bb44,ti-stellaris,mapping_candidate,not_verified
Texas Instruments,Tiva C Series,TM4C123x Series,TM4C1231H6PM,cmsis_device_name,TM4C1231H6PM,tcl/target/ti/stellaris.cfg,"[""stellaris""]",upstream-openocd,56b8d93fbe61a78dc903d770820d6d896b6d8134,Keil,TM4C_DFP,1.1.0,https://www.keil.com/pack/Keil.TM4C_DFP.pdsc,d0b91760767042b63012f86c28e83df234425ab80974ec958bf83939a307bb44,ti-stellaris,mapping_candidate,not_verified
Texas Instruments,Tiva C Series,TM4C123x Series,TM4C1231H6PZ,cmsis_device_name,TM4C1231H6PZ,tcl/target/ti/stellaris.cfg,"[""stellaris""]",upstream-openocd,56b8d93fbe61a78dc903d770820d6d896b6d8134,Keil,TM4C_DFP,1.1.0,https://www.keil.com/pack/Keil.TM4C_DFP.pdsc,d0b91760767042b63012f86c28e83df234425ab80974ec958bf83939a307bb44,ti-stellaris,mapping_candidate,not_verified
Texas Instruments,Tiva C Series,TM4C123x Series,TM4C1232C3PM,cmsis_device_name,TM4C1232C3PM,tcl/target/ti/stellaris.cfg,"[""stellaris""]",upstream-openocd,56b8d93fbe61a78dc903d770820d6d896b6d8134,Keil,TM4C_DFP,1.1.0,https://www.keil.com/pack/Keil.TM4C_DFP.pdsc,d0b91760767042b63012f86c28e83df234425ab80974ec958bf83939a307bb44,ti-stellaris,mapping_candidate,not_verified
Texas Instruments,Tiva C Series,TM4C123x Series,TM4C1232D5PM,cmsis_device_name,TM4C1232D5PM,tcl/target/ti/stellaris.cfg,"[""stellaris""]",upstream-openocd,56b8d93fbe61a78dc903d770820d6d896b6d8134,Keil,TM4C_DFP,1.1.0,https://www.keil.com/pack/Keil.TM4C_DFP.pdsc,d0b91760767042b63012f86c28e83df234425ab80974ec958bf83939a307bb44,ti-stellaris,mapping_candidate,not_verified
Texas Instruments,Tiva C Series,TM4C123x Series,TM4C1232E6PM,cmsis_device_name,TM4C1232E6PM,tcl/target/ti/stellaris.cfg,"[""stellaris""]",upstream-openocd,56b8d93fbe61a78dc903d770820d6d896b6d8134,Keil,TM4C_DFP,1.1.0,https://www.keil.com/pack/Keil.TM4C_DFP.pdsc,d0b91760767042b63012f86c28e83df234425ab80974ec958bf83939a307bb44,ti-stellaris,mapping_candidate,not_verified
Texas Instruments,Tiva C Series,TM4C123x Series,TM4C1232H6PM,cmsis_device_name,TM4C1232H6PM,tcl/target/ti/stellaris.cfg,"[""stellaris""]",upstream-openocd,56b8d93fbe61a78dc903d770820d6d896b6d8134,Keil,TM4C_DFP,1.1.0,https://www.keil.com/pack/Keil.TM4C_DFP.pdsc,d0b91760767042b63012f86c28e83df234425ab80974ec958bf83939a307bb44,ti-stellaris,mapping_candidate,not_verified
Texas Instruments,Tiva C Series,TM4C123x Series,TM4C1233C3PM,cmsis_device_name,TM4C1233C3PM,tcl/target/ti/stellaris.cfg,"[""stellaris""]",upstream-openocd,56b8d93fbe61a78dc903d770820d6d896b6d8134,Keil,TM4C_DFP,1.1.0,https://www.keil.com/pack/Keil.TM4C_DFP.pdsc,d0b91760767042b63012f86c28e83df234425ab80974ec958bf83939a307bb44,ti-stellaris,mapping_candidate,not_verified
Texas Instruments,Tiva C Series,TM4C123x Series,TM4C1233D5PM,cmsis_device_name,TM4C1233D5PM,tcl/target/ti/stellaris.cfg,"[""stellaris""]",upstream-openocd,56b8d93fbe61a78dc903d770820d6d896b6d8134,Keil,TM4C_DFP,1.1.0,https://www.keil.com/pack/Keil.TM4C_DFP.pdsc,d0b91760767042b63012f86c28e83df234425ab80974ec958bf83939a307bb44,ti-stellaris,mapping_candidate,not_verified
Texas Instruments,Tiva C Series,TM4C123x Series,TM4C1233D5PZ,cmsis_device_name,TM4C1233D5PZ,tcl/target/ti/stellaris.cfg,"[""stellaris""]",upstream-openocd,56b8d93fbe61a78dc903d770820d6d896b6d8134,Keil,TM4C_DFP,1.1.0,https://www.keil.com/pack/Keil.TM4C_DFP.pdsc,d0b91760767042b63012f86c28e83df234425ab80974ec958bf83939a307bb44,ti-stellaris,mapping_candidate,not_verified
Texas Instruments,Tiva C Series,TM4C123x Series,TM4C1233E6PM,cmsis_device_name,TM4C1233E6PM,tcl/target/ti/stellaris.cfg,"[""stellaris""]",upstream-openocd,56b8d93fbe61a78dc903d770820d6d896b6d8134,Keil,TM4C_DFP,1.1.0,https://www.keil.com/pack/Keil.TM4C_DFP.pdsc,d0b91760767042b63012f86c28e83df234425ab80974ec958bf83939a307bb44,ti-stellaris,mapping_candidate,not_verified
Texas Instruments,Tiva C Series,TM4C123x Series,TM4C1233E6PZ,cmsis_device_name,TM4C1233E6PZ,tcl/target/ti/stellaris.cfg,"[""stellaris""]",upstream-openocd,56b8d93fbe61a78dc903d770820d6d896b6d8134,Keil,TM4C_DFP,1.1.0,https://www.keil.com/pack/Keil.TM4C_DFP.pdsc,d0b91760767042b63012f86c28e83df234425ab80974ec958bf83939a307bb44,ti-stellaris,mapping_candidate,not_verified
Texas Instruments,Tiva C Series,TM4C123x Series,TM4C1233H6PGE,cmsis_device_name,TM4C1233H6PGE,tcl/target/ti/stellaris.cfg,"[""stellaris""]",upstream-openocd,56b8d93fbe61a78dc903d770820d6d896b6d8134,Keil,TM4C_DFP,1.1.0,https://www.keil.com/pack/Keil.TM4C_DFP.pdsc,d0b91760767042b63012f86c28e83df234425ab80974ec958bf83939a307bb44,ti-stellaris,mapping_candidate,not_verified
Texas Instruments,Tiva C Series,TM4C123x Series,TM4C1233H6PM,cmsis_device_name,TM4C1233H6PM,tcl/target/ti/stellaris.cfg,"[""stellaris""]",upstream-openocd,56b8d93fbe61a78dc903d770820d6d896b6d8134,Keil,TM4C_DFP,1.1.0,https://www.keil.com/pack/Keil.TM4C_DFP.pdsc,d0b91760767042b63012f86c28e83df234425ab80974ec958bf83939a307bb44,ti-stellaris,mapping_candidate,not_verified
Texas Instruments,Tiva C Series,TM4C123x Series,TM4C1233H6PZ,cmsis_device_name,TM4C1233H6PZ,tcl/target/ti/stellaris.cfg,"[""stellaris""]",upstream-openocd,56b8d93fbe61a78dc903d770820d6d896b6d8134,Keil,TM4C_DFP,1.1.0,https://www.keil.com/pack/Keil.TM4C_DFP.pdsc,d0b91760767042b63012f86c28e83df234425ab80974ec958bf83939a307bb44,ti-stellaris,mapping_candidate,not_verified
Texas Instruments,Tiva C Series,TM4C123x Series,TM4C1236D5PM,cmsis_device_name,TM4C1236D5PM,tcl/target/ti/stellaris.cfg,"[""stellaris""]",upstream-openocd,56b8d93fbe61a78dc903d770820d6d896b6d8134,Keil,TM4C_DFP,1.1.0,https://www.keil.com/pack/Keil.TM4C_DFP.pdsc,d0b91760767042b63012f86c28e83df234425ab80974ec958bf83939a307bb44,ti-stellaris,mapping_candidate,not_verified
Texas Instruments,Tiva C Series,TM4C123x Series,TM4C1236E6PM,cmsis_device_name,TM4C1236E6PM,tcl/target/ti/stellaris.cfg,"[""stellaris""]",upstream-openocd,56b8d93fbe61a78dc903d770820d6d896b6d8134,Keil,TM4C_DFP,1.1.0,https://www.keil.com/pack/Keil.TM4C_DFP.pdsc,d0b91760767042b63012f86c28e83df234425ab80974ec958bf83939a307bb44,ti-stellaris,mapping_candidate,not_verified
Texas Instruments,Tiva C Series,TM4C123x Series,TM4C1236H6PM,cmsis_device_name,TM4C1236H6PM,tcl/target/ti/stellaris.cfg,"[""stellaris""]",upstream-openocd,56b8d93fbe61a78dc903d770820d6d896b6d8134,Keil,TM4C_DFP,1.1.0,https://www.keil.com/pack/Keil.TM4C_DFP.pdsc,d0b91760767042b63012f86c28e83df234425ab80974ec958bf83939a307bb44,ti-stellaris,mapping_candidate,not_verified
Texas Instruments,Tiva C Series,TM4C123x Series,TM4C1237D5PM,cmsis_device_name,TM4C1237D5PM,tcl/target/ti/stellaris.cfg,"[""stellaris""]",upstream-openocd,56b8d93fbe61a78dc903d770820d6d896b6d8134,Keil,TM4C_DFP,1.1.0,https://www.keil.com/pack/Keil.TM4C_DFP.pdsc,d0b91760767042b63012f86c28e83df234425ab80974ec958bf83939a307bb44,ti-stellaris,mapping_candidate,not_verified
Texas Instruments,Tiva C Series,TM4C123x Series,TM4C1237D5PZ,cmsis_device_name,TM4C1237D5PZ,tcl/target/ti/stellaris.cfg,"[""stellaris""]",upstream-openocd,56b8d93fbe61a78dc903d770820d6d896b6d8134,Keil,TM4C_DFP,1.1.0,https://www.keil.com/pack/Keil.TM4C_DFP.pdsc,d0b91760767042b63012f86c28e83df234425ab80974ec958bf83939a307bb44,ti-stellaris,mapping_candidate,not_verified
Texas Instruments,Tiva C Series,TM4C123x Series,TM4C1237E6PM,cmsis_device_name,TM4C1237E6PM,tcl/target/ti/stellaris.cfg,"[""stellaris""]",upstream-openocd,56b8d93fbe61a78dc903d770820d6d896b6d8134,Keil,TM4C_DFP,1.1.0,https://www.keil.com/pack/Keil.TM4C_DFP.pdsc,d0b91760767042b63012f86c28e83df234425ab80974ec958bf83939a307bb44,ti-stellaris,mapping_candidate,not_verified
Texas Instruments,Tiva C Series,TM4C123x Series,TM4C1237E6PZ,cmsis_device_name,TM4C1237E6PZ,tcl/target/ti/stellaris.cfg,"[""stellaris""]",upstream-openocd,56b8d93fbe61a78dc903d770820d6d896b6d8134,Keil,TM4C_DFP,1.1.0,https://www.keil.com/pack/Keil.TM4C_DFP.pdsc,d0b91760767042b63012f86c28e83df234425ab80974ec958bf83939a307bb44,ti-stellaris,mapping_candidate,not_verified
Texas Instruments,Tiva C Series,TM4C123x Series,TM4C1237H6PGE,cmsis_device_name,TM4C1237H6PGE,tcl/target/ti/stellaris.cfg,"[""stellaris""]",upstream-openocd,56b8d93fbe61a78dc903d770820d6d896b6d8134,Keil,TM4C_DFP,1.1.0,https://www.keil.com/pack/Keil.TM4C_DFP.pdsc,d0b91760767042b63012f86c28e83df234425ab80974ec958bf83939a307bb44,ti-stellaris,mapping_candidate,not_verified
Texas Instruments,Tiva C Series,TM4C123x Series,TM4C1237H6PM,cmsis_device_name,TM4C1237H6PM,tcl/target/ti/stellaris.cfg,"[""stellaris""]",upstream-openocd,56b8d93fbe61a78dc903d770820d6d896b6d8134,Keil,TM4C_DFP,1.1.0,https://www.keil.com/pack/Keil.TM4C_DFP.pdsc,d0b91760767042b63012f86c28e83df234425ab80974ec958bf83939a307bb44,ti-stellaris,mapping_candidate,not_verified
Texas Instruments,Tiva C Series,TM4C123x Series,TM4C1237H6PZ,cmsis_device_name,TM4C1237H6PZ,tcl/target/ti/stellaris.cfg,"[""stellaris""]",upstream-openocd,56b8d93fbe61a78dc903d770820d6d896b6d8134,Keil,TM4C_DFP,1.1.0,https://www.keil.com/pack/Keil.TM4C_DFP.pdsc,d0b91760767042b63012f86c28e83df234425ab80974ec958bf83939a307bb44,ti-stellaris,mapping_candidate,not_verified
Texas Instruments,Tiva C Series,TM4C123x Series,TM4C123AE6PM,cmsis_device_name,TM4C123AE6PM,tcl/target/ti/stellaris.cfg,"[""stellaris""]",upstream-openocd,56b8d93fbe61a78dc903d770820d6d896b6d8134,Keil,TM4C_DFP,1.1.0,https://www.keil.com/pack/Keil.TM4C_DFP.pdsc,d0b91760767042b63012f86c28e83df234425ab80974ec958bf83939a307bb44,ti-stellaris,mapping_candidate,not_verified
Texas Instruments,Tiva C Series,TM4C123x Series,TM4C123AH6PM,cmsis_device_name,TM4C123AH6PM,tcl/target/ti/stellaris.cfg,"[""stellaris""]",upstream-openocd,56b8d93fbe61a78dc903d770820d6d896b6d8134,Keil,TM4C_DFP,1.1.0,https://www.keil.com/pack/Keil.TM4C_DFP.pdsc,d0b91760767042b63012f86c28e83df234425ab80974ec958bf83939a307bb44,ti-stellaris,mapping_candidate,not_verified
Texas Instruments,Tiva C Series,TM4C123x Series,TM4C123BE6PM,cmsis_device_name,TM4C123BE6PM,tcl/target/ti/stellaris.cfg,"[""stellaris""]",upstream-openocd,56b8d93fbe61a78dc903d770820d6d896b6d8134,Keil,TM4C_DFP,1.1.0,https://www.keil.com/pack/Keil.TM4C_DFP.pdsc,d0b91760767042b63012f86c28e83df234425ab80974ec958bf83939a307bb44,ti-stellaris,mapping_candidate,not_verified
Texas Instruments,Tiva C Series,TM4C123x Series,TM4C123BE6PZ,cmsis_device_name,TM4C123BE6PZ,tcl/target/ti/stellaris.cfg,"[""stellaris""]",upstream-openocd,56b8d93fbe61a78dc903d770820d6d896b6d8134,Keil,TM4C_DFP,1.1.0,https://www.keil.com/pack/Keil.TM4C_DFP.pdsc,d0b91760767042b63012f86c28e83df234425ab80974ec958bf83939a307bb44,ti-stellaris,mapping_candidate,not_verified
Texas Instruments,Tiva C Series,TM4C123x Series,TM4C123BH6PGE,cmsis_device_name,TM4C123BH6PGE,tcl/target/ti/stellaris.cfg,"[""stellaris""]",upstream-openocd,56b8d93fbe61a78dc903d770820d6d896b6d8134,Keil,TM4C_DFP,1.1.0,https://www.keil.com/pack/Keil.TM4C_DFP.pdsc,d0b91760767042b63012f86c28e83df234425ab80974ec958bf83939a307bb44,ti-stellaris,mapping_candidate,not_verified
Texas Instruments,Tiva C Series,TM4C123x Series,TM4C123BH6PM,cmsis_device_name,TM4C123BH6PM,tcl/target/ti/stellaris.cfg,"[""stellaris""]",upstream-openocd,56b8d93fbe61a78dc903d770820d6d896b6d8134,Keil,TM4C_DFP,1.1.0,https://www.keil.com/pack/Keil.TM4C_DFP.pdsc,d0b91760767042b63012f86c28e83df234425ab80974ec958bf83939a307bb44,ti-stellaris,mapping_candidate,not_verified
Texas Instruments,Tiva C Series,TM4C123x Series,TM4C123BH6PZ,cmsis_device_name,TM4C123BH6PZ,tcl/target/ti/stellaris.cfg,"[""stellaris""]",upstream-openocd,56b8d93fbe61a78dc903d770820d6d896b6d8134,Keil,TM4C_DFP,1.1.0,https://www.keil.com/pack/Keil.TM4C_DFP.pdsc,d0b91760767042b63012f86c28e83df234425ab80974ec958bf83939a307bb44,ti-stellaris,mapping_candidate,not_verified
Texas Instruments,Tiva C Series,TM4C123x Series,TM4C123BH6ZRB,cmsis_device_name,TM4C123BH6ZRB,tcl/target/ti/stellaris.cfg,"[""stellaris""]",upstream-openocd,56b8d93fbe61a78dc903d770820d6d896b6d8134,Keil,TM4C_DFP,1.1.0,https://www.keil.com/pack/Keil.TM4C_DFP.pdsc,d0b91760767042b63012f86c28e83df234425ab80974ec958bf83939a307bb44,ti-stellaris,mapping_candidate,not_verified
Texas Instruments,Tiva C Series,TM4C123x Series,TM4C123FE6PM,cmsis_device_name,TM4C123FE6PM,tcl/target/ti/stellaris.cfg,"[""stellaris""]",upstream-openocd,56b8d93fbe61a78dc903d770820d6d896b6d8134,Keil,TM4C_DFP,1.1.0,https://www.keil.com/pack/Keil.TM4C_DFP.pdsc,d0b91760767042b63012f86c28e83df234425ab80974ec958bf83939a307bb44,ti-stellaris,mapping_candidate,not_verified
Texas Instruments,Tiva C Series,TM4C123x Series,TM4C123FH6PM,cmsis_device_name,TM4C123FH6PM,tcl/target/ti/stellaris.cfg,"[""stellaris""]",upstream-openocd,56b8d93fbe61a78dc903d770820d6d896b6d8134,Keil,TM4C_DFP,1.1.0,https://www.keil.com/pack/Keil.TM4C_DFP.pdsc,d0b91760767042b63012f86c28e83df234425ab80974ec958bf83939a307bb44,ti-stellaris,mapping_candidate,not_verified
Texas Instruments,Tiva C Series,TM4C123x Series,TM4C123GE6PM,cmsis_device_name,TM4C123GE6PM,tcl/target/ti/stellaris.cfg,"[""stellaris""]",upstream-openocd,56b8d93fbe61a78dc903d770820d6d896b6d8134,Keil,TM4C_DFP,1.1.0,https://www.keil.com/pack/Keil.TM4C_DFP.pdsc,d0b91760767042b63012f86c28e83df234425ab80974ec958bf83939a307bb44,ti-stellaris,mapping_candidate,not_verified
Texas Instruments,Tiva C Series,TM4C123x Series,TM4C123GE6PZ,cmsis_device_name,TM4C123GE6PZ,tcl/target/ti/stellaris.cfg,"[""stellaris""]",upstream-openocd,56b8d93fbe61a78dc903d770820d6d896b6d8134,Keil,TM4C_DFP,1.1.0,https://www.keil.com/pack/Keil.TM4C_DFP.pdsc,d0b91760767042b63012f86c28e83df234425ab80974ec958bf83939a307bb44,ti-stellaris,mapping_candidate,not_verified
Texas Instruments,Tiva C Series,TM4C123x Series,TM4C123GH6PGE,cmsis_device_name,TM4C123GH6PGE,tcl/target/ti/stellaris.cfg,"[""stellaris""]",upstream-openocd,56b8d93fbe61a78dc903d770820d6d896b6d8134,Keil,TM4C_DFP,1.1.0,https://www.keil.com/pack/Keil.TM4C_DFP.pdsc,d0b91760767042b63012f86c28e83df234425ab80974ec958bf83939a307bb44,ti-stellaris,mapping_candidate,not_verified
Texas Instruments,Tiva C Series,TM4C123x Series,TM4C123GH6PM,cmsis_device_name,TM4C123GH6PM,tcl/target/ti/stellaris.cfg,"[""stellaris""]",upstream-openocd,56b8d93fbe61a78dc903d770820d6d896b6d8134,Keil,TM4C_DFP,1.1.0,https://www.keil.com/pack/Keil.TM4C_DFP.pdsc,d0b91760767042b63012f86c28e83df234425ab80974ec958bf83939a307bb44,ti-stellaris,mapping_candidate,not_verified
Texas Instruments,Tiva C Series,TM4C123x Series,TM4C123GH6PZ,cmsis_device_name,TM4C123GH6PZ,tcl/target/ti/stellaris.cfg,"[""stellaris""]",upstream-openocd,56b8d93fbe61a78dc903d770820d6d896b6d8134,Keil,TM4C_DFP,1.1.0,https://www.keil.com/pack/Keil.TM4C_DFP.pdsc,d0b91760767042b63012f86c28e83df234425ab80974ec958bf83939a307bb44,ti-stellaris,mapping_candidate,not_verified
Texas Instruments,Tiva C Series,TM4C123x Series,TM4C123GH6ZRB,cmsis_device_name,TM4C123GH6ZRB,tcl/target/ti/stellaris.cfg,"[""stellaris""]",upstream-openocd,56b8d93fbe61a78dc903d770820d6d896b6d8134,Keil,TM4C_DFP,1.1.0,https://www.keil.com/pack/Keil.TM4C_DFP.pdsc,d0b91760767042b63012f86c28e83df234425ab80974ec958bf83939a307bb44,ti-stellaris,mapping_candidate,not_verified
Texas Instruments,Tiva C Series,TM4C123x Series,TM4C123GH6ZXR,cmsis_device_name,TM4C123GH6ZXR,tcl/target/ti/stellaris.cfg,"[""stellaris""]",upstream-openocd,56b8d93fbe61a78dc903d770820d6d896b6d8134,Keil,TM4C_DFP,1.1.0,https://www.keil.com/pack/Keil.TM4C_DFP.pdsc,d0b91760767042b63012f86c28e83df234425ab80974ec958bf83939a307bb44,ti-stellaris,mapping_candidate,not_verified
Texas Instruments,Tiva C Series,TM4C129x Series,TM4C1290NCPDT,cmsis_device_name,TM4C1290NCPDT,tcl/target/ti/stellaris.cfg,"[""stellaris""]",upstream-openocd,56b8d93fbe61a78dc903d770820d6d896b6d8134,Keil,TM4C_DFP,1.1.0,https://www.keil.com/pack/Keil.TM4C_DFP.pdsc,d0b91760767042b63012f86c28e83df234425ab80974ec958bf83939a307bb44,ti-stellaris,mapping_candidate,not_verified
Texas Instruments,Tiva C Series,TM4C129x Series,TM4C1290NCZAD,cmsis_device_name,TM4C1290NCZAD,tcl/target/ti/stellaris.cfg,"[""stellaris""]",upstream-openocd,56b8d93fbe61a78dc903d770820d6d896b6d8134,Keil,TM4C_DFP,1.1.0,https://www.keil.com/pack/Keil.TM4C_DFP.pdsc,d0b91760767042b63012f86c28e83df234425ab80974ec958bf83939a307bb44,ti-stellaris,mapping_candidate,not_verified
Texas Instruments,Tiva C Series,TM4C129x Series,TM4C1292NCPDT,cmsis_device_name,TM4C1292NCPDT,tcl/target/ti/stellaris.cfg,"[""stellaris""]",upstream-openocd,56b8d93fbe61a78dc903d770820d6d896b6d8134,Keil,TM4C_DFP,1.1.0,https://www.keil.com/pack/Keil.TM4C_DFP.pdsc,d0b91760767042b63012f86c28e83df234425ab80974ec958bf83939a307bb44,ti-stellaris,mapping_candidate,not_verified
Texas Instruments,Tiva C Series,TM4C129x Series,TM4C1292NCZAD,cmsis_device_name,TM4C1292NCZAD,tcl/target/ti/stellaris.cfg,"[""stellaris""]",upstream-openocd,56b8d93fbe61a78dc903d770820d6d896b6d8134,Keil,TM4C_DFP,1.1.0,https://www.keil.com/pack/Keil.TM4C_DFP.pdsc,d0b91760767042b63012f86c28e83df234425ab80974ec958bf83939a307bb44,ti-stellaris,mapping_candidate,not_verified
Texas Instruments,Tiva C Series,TM4C129x Series,TM4C1294KCPDT,cmsis_device_name,TM4C1294KCPDT,tcl/target/ti/stellaris.cfg,"[""stellaris""]",upstream-openocd,56b8d93fbe61a78dc903d770820d6d896b6d8134,Keil,TM4C_DFP,1.1.0,https://www.keil.com/pack/Keil.TM4C_DFP.pdsc,d0b91760767042b63012f86c28e83df234425ab80974ec958bf83939a307bb44,ti-stellaris,mapping_candidate,not_verified
Texas Instruments,Tiva C Series,TM4C129x Series,TM4C1294NCPDT,cmsis_device_name,TM4C1294NCPDT,tcl/target/ti/stellaris.cfg,"[""stellaris""]",upstream-openocd,56b8d93fbe61a78dc903d770820d6d896b6d8134,Keil,TM4C_DFP,1.1.0,https://www.keil.com/pack/Keil.TM4C_DFP.pdsc,d0b91760767042b63012f86c28e83df234425ab80974ec958bf83939a307bb44,ti-stellaris,mapping_candidate,not_verified
Texas Instruments,Tiva C Series,TM4C129x Series,TM4C1294NCZAD,cmsis_device_name,TM4C1294NCZAD,tcl/target/ti/stellaris.cfg,"[""stellaris""]",upstream-openocd,56b8d93fbe61a78dc903d770820d6d896b6d8134,Keil,TM4C_DFP,1.1.0,https://www.keil.com/pack/Keil.TM4C_DFP.pdsc,d0b91760767042b63012f86c28e83df234425ab80974ec958bf83939a307bb44,ti-stellaris,mapping_candidate,not_verified
Texas Instruments,Tiva C Series,TM4C129x Series,TM4C1297NCZAD,cmsis_device_name,TM4C1297NCZAD,tcl/target/ti/stellaris.cfg,"[""stellaris""]",upstream-openocd,56b8d93fbe61a78dc903d770820d6d896b6d8134,Keil,TM4C_DFP,1.1.0,https://www.keil.com/pack/Keil.TM4C_DFP.pdsc,d0b91760767042b63012f86c28e83df234425ab80974ec958bf83939a307bb44,ti-stellaris,mapping_candidate,not_verified
Texas Instruments,Tiva C Series,TM4C129x Series,TM4C1299KCZAD,cmsis_device_name,TM4C1299KCZAD,tcl/target/ti/stellaris.cfg,"[""stellaris""]",upstream-openocd,56b8d93fbe61a78dc903d770820d6d896b6d8134,Keil,TM4C_DFP,1.1.0,https://www.keil.com/pack/Keil.TM4C_DFP.pdsc,d0b91760767042b63012f86c28e83df234425ab80974ec958bf83939a307bb44,ti-stellaris,mapping_candidate,not_verified
Texas Instruments,Tiva C Series,TM4C129x Series,TM4C1299NCZAD,cmsis_device_name,TM4C1299NCZAD,tcl/target/ti/stellaris.cfg,"[""stellaris""]",upstream-openocd,56b8d93fbe61a78dc903d770820d6d896b6d8134,Keil,TM4C_DFP,1.1.0,https://www.keil.com/pack/Keil.TM4C_DFP.pdsc,d0b91760767042b63012f86c28e83df234425ab80974ec958bf83939a307bb44,ti-stellaris,mapping_candidate,not_verified
Texas Instruments,Tiva C Series,TM4C129x Series,TM4C129CNCPDT,cmsis_device_name,TM4C129CNCPDT,tcl/target/ti/stellaris.cfg,"[""stellaris""]",upstream-openocd,56b8d93fbe61a78dc903d770820d6d896b6d8134,Keil,TM4C_DFP,1.1.0,https://www.keil.com/pack/Keil.TM4C_DFP.pdsc,d0b91760767042b63012f86c28e83df234425ab80974ec958bf83939a307bb44,ti-stellaris,mapping_candidate,not_verified
Texas Instruments,Tiva C Series,TM4C129x Series,TM4C129CNCZAD,cmsis_device_name,TM4C129CNCZAD,tcl/target/ti/stellaris.cfg,"[""stellaris""]",upstream-openocd,56b8d93fbe61a78dc903d770820d6d896b6d8134,Keil,TM4C_DFP,1.1.0,https://www.keil.com/pack/Keil.TM4C_DFP.pdsc,d0b91760767042b63012f86c28e83df234425ab80974ec958bf83939a307bb44,ti-stellaris,mapping_candidate,not_verified
Texas Instruments,Tiva C Series,TM4C129x Series,TM4C129DNCPDT,cmsis_device_name,TM4C129DNCPDT,tcl/target/ti/stellaris.cfg,"[""stellaris""]",upstream-openocd,56b8d93fbe61a78dc903d770820d6d896b6d8134,Keil,TM4C_DFP,1.1.0,https://www.keil.com/pack/Keil.TM4C_DFP.pdsc,d0b91760767042b63012f86c28e83df234425ab80974ec958bf83939a307bb44,ti-stellaris,mapping_candidate,not_verified
Texas Instruments,Tiva C Series,TM4C129x Series,TM4C129DNCZAD,cmsis_device_name,TM4C129DNCZAD,tcl/target/ti/stellaris.cfg,"[""stellaris""]",upstream-openocd,56b8d93fbe61a78dc903d770820d6d896b6d8134,Keil,TM4C_DFP,1.1.0,https://www.keil.com/pack/Keil.TM4C_DFP.pdsc,d0b91760767042b63012f86c28e83df234425ab80974ec958bf83939a307bb44,ti-stellaris,mapping_candidate,not_verified
Texas Instruments,Tiva C Series,TM4C129x Series,TM4C129EKCPDT,cmsis_device_name,TM4C129EKCPDT,tcl/target/ti/stellaris.cfg,"[""stellaris""]",upstream-openocd,56b8d93fbe61a78dc903d770820d6d896b6d8134,Keil,TM4C_DFP,1.1.0,https://www.keil.com/pack/Keil.TM4C_DFP.pdsc,d0b91760767042b63012f86c28e83df234425ab80974ec958bf83939a307bb44,ti-stellaris,mapping_candidate,not_verified
Texas Instruments,Tiva C Series,TM4C129x Series,TM4C129ENCPDT,cmsis_device_name,TM4C129ENCPDT,tcl/target/ti/stellaris.cfg,"[""stellaris""]",upstream-openocd,56b8d93fbe61a78dc903d770820d6d896b6d8134,Keil,TM4C_DFP,1.1.0,https://www.keil.com/pack/Keil.TM4C_DFP.pdsc,d0b91760767042b63012f86c28e83df234425ab80974ec958bf83939a307bb44,ti-stellaris,mapping_candidate,not_verified
Texas Instruments,Tiva C Series,TM4C129x Series,TM4C129ENCZAD,cmsis_device_name,TM4C129ENCZAD,tcl/target/ti/stellaris.cfg,"[""stellaris""]",upstream-openocd,56b8d93fbe61a78dc903d770820d6d896b6d8134,Keil,TM4C_DFP,1.1.0,https://www.keil.com/pack/Keil.TM4C_DFP.pdsc,d0b91760767042b63012f86c28e83df234425ab80974ec958bf83939a307bb44,ti-stellaris,mapping_candidate,not_verified
Texas Instruments,Tiva C Series,TM4C129x Series,TM4C129LNCZAD,cmsis_device_name,TM4C129LNCZAD,tcl/target/ti/stellaris.cfg,"[""stellaris""]",upstream-openocd,56b8d93fbe61a78dc903d770820d6d896b6d8134,Keil,TM4C_DFP,1.1.0,https://www.keil.com/pack/Keil.TM4C_DFP.pdsc,d0b91760767042b63012f86c28e83df234425ab80974ec958bf83939a307bb44,ti-stellaris,mapping_candidate,not_verified
Texas Instruments,Tiva C Series,TM4C129x Series,TM4C129XKCZAD,cmsis_device_name,TM4C129XKCZAD,tcl/target/ti/stellaris.cfg,"[""stellaris""]",upstream-openocd,56b8d93fbe61a78dc903d770820d6d896b6d8134,Keil,TM4C_DFP,1.1.0,https://www.keil.com/pack/Keil.TM4C_DFP.pdsc,d0b91760767042b63012f86c28e83df234425ab80974ec958bf83939a307bb44,ti-stellaris,mapping_candidate,not_verified
Texas Instruments,Tiva C Series,TM4C129x Series,TM4C129XNCZAD,cmsis_device_name,TM4C129XNCZAD,tcl/target/ti/stellaris.cfg,"[""stellaris""]",upstream-openocd,56b8d93fbe61a78dc903d770820d6d896b6d8134,Keil,TM4C_DFP,1.1.0,https://www.keil.com/pack/Keil.TM4C_DFP.pdsc,d0b91760767042b63012f86c28e83df234425ab80974ec958bf83939a307bb44,ti-stellaris,mapping_candidate,not_verified
