vendor,family,subfamily,part_number,identifier_kind,target_config,plasma_status,pack_name,pack_version,source_url
Espressif,ESP32,,ESP32,cmsis_device_name,tcl/target/esp32.cfg,not_validated,ESP-IDF,master,https://github.com/espressif/esp-idf/tree/master/components/soc
Espressif,ESP32C2,,ESP32C2,cmsis_device_name,tcl/target/esp32c2.cfg,not_validated,ESP-IDF,master,https://github.com/espressif/esp-idf/tree/master/components/soc
Espressif,ESP32C3,,ESP32C3,cmsis_device_name,tcl/target/esp32c3.cfg,not_validated,ESP-IDF,master,https://github.com/espressif/esp-idf/tree/master/components/soc
Espressif,ESP32C6,,ESP32C6,cmsis_device_name,tcl/target/esp32c6.cfg,not_validated,ESP-IDF,master,https://github.com/espressif/esp-idf/tree/master/components/soc
Espressif,ESP32H2,,ESP32H2,cmsis_device_name,tcl/target/esp32h2.cfg,not_validated,ESP-IDF,master,https://github.com/espressif/esp-idf/tree/master/components/soc
Espressif,ESP32S2,,ESP32S2,cmsis_device_name,tcl/target/esp32s2.cfg,not_validated,ESP-IDF,master,https://github.com/espressif/esp-idf/tree/master/components/soc
Espressif,ESP32S3,,ESP32S3,cmsis_device_name,tcl/target/esp32s3.cfg,not_validated,ESP-IDF,master,https://github.com/espressif/esp-idf/tree/master/components/soc
Infineon,CCG6DF_CFP,,CYPD6129-52LQXI,cmsis_device_name,tcl/target/psoc6.cfg,not_validated,CAT2_DFP,1.6.0,https://itools.infineon.com/cmsis_packs/CAT2_DFP/Infineon.CAT2_DFP.pdsc
Infineon,CCG6DF_CFP,,CYPD6129-52LQXIT,cmsis_device_name,tcl/target/psoc6.cfg,not_validated,CAT2_DFP,1.6.0,https://itools.infineon.com/cmsis_packs/CAT2_DFP/Infineon.CAT2_DFP.pdsc
Infineon,CCG6DF_CFP,,CYPD6139-52LQXIT,cmsis_device_name,tcl/target/psoc6.cfg,not_validated,CAT2_DFP,1.6.0,https://itools.infineon.com/cmsis_packs/CAT2_DFP/Infineon.CAT2_DFP.pdsc
Infineon,CCG6DF_CFP,,CYPD6229-52LQXI,cmsis_device_name,tcl/target/psoc6.cfg,not_validated,CAT2_DFP,1.6.0,https://itools.infineon.com/cmsis_packs/CAT2_DFP/Infineon.CAT2_DFP.pdsc
Infineon,CCG6DF_CFP,,CYPD6229-52LQXIT,cmsis_device_name,tcl/target/psoc6.cfg,not_validated,CAT2_DFP,1.6.0,https://itools.infineon.com/cmsis_packs/CAT2_DFP/Infineon.CAT2_DFP.pdsc
Infineon,CCG6DF_CFP,,CYPD6239-52LQXIT,cmsis_device_name,tcl/target/psoc6.cfg,not_validated,CAT2_DFP,1.6.0,https://itools.infineon.com/cmsis_packs/CAT2_DFP/Infineon.CAT2_DFP.pdsc
Infineon,CCG7D,,CYPD7271-68LQXQ,cmsis_device_name,tcl/target/psoc6.cfg,not_validated,CAT2_DFP,1.6.0,https://itools.infineon.com/cmsis_packs/CAT2_DFP/Infineon.CAT2_DFP.pdsc
Infineon,CCG7D,,CYPD7272-68LQXQ,cmsis_device_name,tcl/target/psoc6.cfg,not_validated,CAT2_DFP,1.6.0,https://itools.infineon.com/cmsis_packs/CAT2_DFP/Infineon.CAT2_DFP.pdsc
Infineon,CCG7D,,CYPD7273-68LQXQ,cmsis_device_name,tcl/target/psoc6.cfg,not_validated,CAT2_DFP,1.6.0,https://itools.infineon.com/cmsis_packs/CAT2_DFP/Infineon.CAT2_DFP.pdsc
Infineon,CCG7D,,CYPD7274-68LQXQ,cmsis_device_name,tcl/target/psoc6.cfg,not_validated,CAT2_DFP,1.6.0,https://itools.infineon.com/cmsis_packs/CAT2_DFP/Infineon.CAT2_DFP.pdsc
Infineon,CCG7D,,CYPD7275-68LQXQ,cmsis_device_name,tcl/target/psoc6.cfg,not_validated,CAT2_DFP,1.6.0,https://itools.infineon.com/cmsis_packs/CAT2_DFP/Infineon.CAT2_DFP.pdsc
Infineon,CCG7D,,CYPD7291-68LDXS,cmsis_device_name,tcl/target/psoc6.cfg,not_validated,CAT2_DFP,1.6.0,https://itools.infineon.com/cmsis_packs/CAT2_DFP/Infineon.CAT2_DFP.pdsc
Infineon,CCG7D,,CYPD7299-68LDXS,cmsis_device_name,tcl/target/psoc6.cfg,not_validated,CAT2_DFP,1.6.0,https://itools.infineon.com/cmsis_packs/CAT2_DFP/Infineon.CAT2_DFP.pdsc
Infineon,CCG7S,,CYPD7171-40LQXQ,cmsis_device_name,tcl/target/psoc6.cfg,not_validated,CAT2_DFP,1.6.0,https://itools.infineon.com/cmsis_packs/CAT2_DFP/Infineon.CAT2_DFP.pdsc
Infineon,CCG7S,,CYPD7172-39BFXQ,cmsis_device_name,tcl/target/psoc6.cfg,not_validated,CAT2_DFP,1.6.0,https://itools.infineon.com/cmsis_packs/CAT2_DFP/Infineon.CAT2_DFP.pdsc
Infineon,CCG7S,,CYPD7173-39BFXQ,cmsis_device_name,tcl/target/psoc6.cfg,not_validated,CAT2_DFP,1.6.0,https://itools.infineon.com/cmsis_packs/CAT2_DFP/Infineon.CAT2_DFP.pdsc
Infineon,CCG7S,,CYPD7191-40LDXS,cmsis_device_name,tcl/target/psoc6.cfg,not_validated,CAT2_DFP,1.6.0,https://itools.infineon.com/cmsis_packs/CAT2_DFP/Infineon.CAT2_DFP.pdsc
Infineon,CCG7S,,CYPD7192-39BFXS,cmsis_device_name,tcl/target/psoc6.cfg,not_validated,CAT2_DFP,1.6.0,https://itools.infineon.com/cmsis_packs/CAT2_DFP/Infineon.CAT2_DFP.pdsc
Infineon,CCG7S,,CYPD7193-39BFXS,cmsis_device_name,tcl/target/psoc6.cfg,not_validated,CAT2_DFP,1.6.0,https://itools.infineon.com/cmsis_packs/CAT2_DFP/Infineon.CAT2_DFP.pdsc
Infineon,CCG7S,,CYPD7194-40BFXS,cmsis_device_name,tcl/target/psoc6.cfg,not_validated,CAT2_DFP,1.6.0,https://itools.infineon.com/cmsis_packs/CAT2_DFP/Infineon.CAT2_DFP.pdsc
Infineon,CCG7S,,CYPD7195-40BFXS,cmsis_device_name,tcl/target/psoc6.cfg,not_validated,CAT2_DFP,1.6.0,https://itools.infineon.com/cmsis_packs/CAT2_DFP/Infineon.CAT2_DFP.pdsc
Infineon,CCG7S,,CYPD7196-40BFXS,cmsis_device_name,tcl/target/psoc6.cfg,not_validated,CAT2_DFP,1.6.0,https://itools.infineon.com/cmsis_packs/CAT2_DFP/Infineon.CAT2_DFP.pdsc
Infineon,CCG7S,,CYPD7198-39BFXS,cmsis_device_name,tcl/target/psoc6.cfg,not_validated,CAT2_DFP,1.6.0,https://itools.infineon.com/cmsis_packs/CAT2_DFP/Infineon.CAT2_DFP.pdsc
Infineon,CCG7S,,CYPD7199-40LDXS,cmsis_device_name,tcl/target/psoc6.cfg,not_validated,CAT2_DFP,1.6.0,https://itools.infineon.com/cmsis_packs/CAT2_DFP/Infineon.CAT2_DFP.pdsc
Infineon,CCG8,,CYPD8125-48LDXI,cmsis_device_name,tcl/target/psoc6.cfg,not_validated,CAT2_DFP,1.6.0,https://itools.infineon.com/cmsis_packs/CAT2_DFP/Infineon.CAT2_DFP.pdsc
Infineon,CCG8,,CYPD8225-97BZXIT,cmsis_device_name,tcl/target/psoc6.cfg,not_validated,CAT2_DFP,1.6.0,https://itools.infineon.com/cmsis_packs/CAT2_DFP/Infineon.CAT2_DFP.pdsc
Infineon,CCG8DF_CFP,,CYPD8129-52LQXIT,cmsis_device_name,tcl/target/psoc6.cfg,not_validated,CAT2_DFP,1.6.0,https://itools.infineon.com/cmsis_packs/CAT2_DFP/Infineon.CAT2_DFP.pdsc
Infineon,CCG8DF_CFP,,CYPD8139-52LQXIT,cmsis_device_name,tcl/target/psoc6.cfg,not_validated,CAT2_DFP,1.6.0,https://itools.infineon.com/cmsis_packs/CAT2_DFP/Infineon.CAT2_DFP.pdsc
Infineon,CCG8DF_CFP,,CYPD8229-52LQXIT,cmsis_device_name,tcl/target/psoc6.cfg,not_validated,CAT2_DFP,1.6.0,https://itools.infineon.com/cmsis_packs/CAT2_DFP/Infineon.CAT2_DFP.pdsc
Infineon,CCG8DF_CFP,,CYPD8239-52LQXIT,cmsis_device_name,tcl/target/psoc6.cfg,not_validated,CAT2_DFP,1.6.0,https://itools.infineon.com/cmsis_packs/CAT2_DFP/Infineon.CAT2_DFP.pdsc
Infineon,CYT2B6,,CYT2B63BAE,cmsis_device_name,tcl/target/psoc6.cfg,not_validated,CAT1A_DFP,1.7.0,https://itools.infineon.com/cmsis_packs/CAT1A_DFP/Infineon.CAT1A_DFP.pdsc
Infineon,CYT2B6,,CYT2B63BAS,cmsis_device_name,tcl/target/psoc6.cfg,not_validated,CAT1A_DFP,1.7.0,https://itools.infineon.com/cmsis_packs/CAT1A_DFP/Infineon.CAT1A_DFP.pdsc
Infineon,CYT2B6,,CYT2B63CAE,cmsis_device_name,tcl/target/psoc6.cfg,not_validated,CAT1A_DFP,1.7.0,https://itools.infineon.com/cmsis_packs/CAT1A_DFP/Infineon.CAT1A_DFP.pdsc
Infineon,CYT2B6,,CYT2B63CAS,cmsis_device_name,tcl/target/psoc6.cfg,not_validated,CAT1A_DFP,1.7.0,https://itools.infineon.com/cmsis_packs/CAT1A_DFP/Infineon.CAT1A_DFP.pdsc
Infineon,CYT2B6,,CYT2B64BAE,cmsis_device_name,tcl/target/psoc6.cfg,not_validated,CAT1A_DFP,1.7.0,https://itools.infineon.com/cmsis_packs/CAT1A_DFP/Infineon.CAT1A_DFP.pdsc
Infineon,CYT2B6,,CYT2B64BAS,cmsis_device_name,tcl/target/psoc6.cfg,not_validated,CAT1A_DFP,1.7.0,https://itools.infineon.com/cmsis_packs/CAT1A_DFP/Infineon.CAT1A_DFP.pdsc
Infineon,CYT2B6,,CYT2B64CAE,cmsis_device_name,tcl/target/psoc6.cfg,not_validated,CAT1A_DFP,1.7.0,https://itools.infineon.com/cmsis_packs/CAT1A_DFP/Infineon.CAT1A_DFP.pdsc
Infineon,CYT2B6,,CYT2B64CAS,cmsis_device_name,tcl/target/psoc6.cfg,not_validated,CAT1A_DFP,1.7.0,https://itools.infineon.com/cmsis_packs/CAT1A_DFP/Infineon.CAT1A_DFP.pdsc
Infineon,CYT2B6,,CYT2B65BAE,cmsis_device_name,tcl/target/psoc6.cfg,not_validated,CAT1A_DFP,1.7.0,https://itools.infineon.com/cmsis_packs/CAT1A_DFP/Infineon.CAT1A_DFP.pdsc
Infineon,CYT2B6,,CYT2B65BAS,cmsis_device_name,tcl/target/psoc6.cfg,not_validated,CAT1A_DFP,1.7.0,https://itools.infineon.com/cmsis_packs/CAT1A_DFP/Infineon.CAT1A_DFP.pdsc
Infineon,CYT2B6,,CYT2B65CAE,cmsis_device_name,tcl/target/psoc6.cfg,not_validated,CAT1A_DFP,1.7.0,https://itools.infineon.com/cmsis_packs/CAT1A_DFP/Infineon.CAT1A_DFP.pdsc
Infineon,CYT2B6,,CYT2B65CAS,cmsis_device_name,tcl/target/psoc6.cfg,not_validated,CAT1A_DFP,1.7.0,https://itools.infineon.com/cmsis_packs/CAT1A_DFP/Infineon.CAT1A_DFP.pdsc
Infineon,CYT2B7,,CYT2B73BAE,cmsis_device_name,tcl/target/psoc6.cfg,not_validated,CAT1A_DFP,1.7.0,https://itools.infineon.com/cmsis_packs/CAT1A_DFP/Infineon.CAT1A_DFP.pdsc
Infineon,CYT2B7,,CYT2B73BAS,cmsis_device_name,tcl/target/psoc6.cfg,not_validated,CAT1A_DFP,1.7.0,https://itools.infineon.com/cmsis_packs/CAT1A_DFP/Infineon.CAT1A_DFP.pdsc
Infineon,CYT2B7,,CYT2B73CAE,cmsis_device_name,tcl/target/psoc6.cfg,not_validated,CAT1A_DFP,1.7.0,https://itools.infineon.com/cmsis_packs/CAT1A_DFP/Infineon.CAT1A_DFP.pdsc
Infineon,CYT2B7,,CYT2B73CAS,cmsis_device_name,tcl/target/psoc6.cfg,not_validated,CAT1A_DFP,1.7.0,https://itools.infineon.com/cmsis_packs/CAT1A_DFP/Infineon.CAT1A_DFP.pdsc
Infineon,CYT2B7,,CYT2B74BAE,cmsis_device_name,tcl/target/psoc6.cfg,not_validated,CAT1A_DFP,1.7.0,https://itools.infineon.com/cmsis_packs/CAT1A_DFP/Infineon.CAT1A_DFP.pdsc
Infineon,CYT2B7,,CYT2B74BAS,cmsis_device_name,tcl/target/psoc6.cfg,not_validated,CAT1A_DFP,1.7.0,https://itools.infineon.com/cmsis_packs/CAT1A_DFP/Infineon.CAT1A_DFP.pdsc
Infineon,CYT2B7,,CYT2B74CAE,cmsis_device_name,tcl/target/psoc6.cfg,not_validated,CAT1A_DFP,1.7.0,https://itools.infineon.com/cmsis_packs/CAT1A_DFP/Infineon.CAT1A_DFP.pdsc
Infineon,CYT2B7,,CYT2B74CAS,cmsis_device_name,tcl/target/psoc6.cfg,not_validated,CAT1A_DFP,1.7.0,https://itools.infineon.com/cmsis_packs/CAT1A_DFP/Infineon.CAT1A_DFP.pdsc
Infineon,CYT2B7,,CYT2B75BAE,cmsis_device_name,tcl/target/psoc6.cfg,not_validated,CAT1A_DFP,1.7.0,https://itools.infineon.com/cmsis_packs/CAT1A_DFP/Infineon.CAT1A_DFP.pdsc
Infineon,CYT2B7,,CYT2B75BAS,cmsis_device_name,tcl/target/psoc6.cfg,not_validated,CAT1A_DFP,1.7.0,https://itools.infineon.com/cmsis_packs/CAT1A_DFP/Infineon.CAT1A_DFP.pdsc
Infineon,CYT2B7,,CYT2B75CAE,cmsis_device_name,tcl/target/psoc6.cfg,not_validated,CAT1A_DFP,1.7.0,https://itools.infineon.com/cmsis_packs/CAT1A_DFP/Infineon.CAT1A_DFP.pdsc
Infineon,CYT2B7,,CYT2B75CAS,cmsis_device_name,tcl/target/psoc6.cfg,not_validated,CAT1A_DFP,1.7.0,https://itools.infineon.com/cmsis_packs/CAT1A_DFP/Infineon.CAT1A_DFP.pdsc
Infineon,CYT2B7,,CYT2B77BAE,cmsis_device_name,tcl/target/psoc6.cfg,not_validated,CAT1A_DFP,1.7.0,https://itools.infineon.com/cmsis_packs/CAT1A_DFP/Infineon.CAT1A_DFP.pdsc
Infineon,CYT2B7,,CYT2B77BAS,cmsis_device_name,tcl/target/psoc6.cfg,not_validated,CAT1A_DFP,1.7.0,https://itools.infineon.com/cmsis_packs/CAT1A_DFP/Infineon.CAT1A_DFP.pdsc
Infineon,CYT2B7,,CYT2B77CAE,cmsis_device_name,tcl/target/psoc6.cfg,not_validated,CAT1A_DFP,1.7.0,https://itools.infineon.com/cmsis_packs/CAT1A_DFP/Infineon.CAT1A_DFP.pdsc
Infineon,CYT2B7,,CYT2B77CAS,cmsis_device_name,tcl/target/psoc6.cfg,not_validated,CAT1A_DFP,1.7.0,https://itools.infineon.com/cmsis_packs/CAT1A_DFP/Infineon.CAT1A_DFP.pdsc
Infineon,CYT2B7,,CYT2B78BAE,cmsis_device_name,tcl/target/psoc6.cfg,not_validated,CAT1A_DFP,1.7.0,https://itools.infineon.com/cmsis_packs/CAT1A_DFP/Infineon.CAT1A_DFP.pdsc
Infineon,CYT2B7,,CYT2B78BAS,cmsis_device_name,tcl/target/psoc6.cfg,not_validated,CAT1A_DFP,1.7.0,https://itools.infineon.com/cmsis_packs/CAT1A_DFP/Infineon.CAT1A_DFP.pdsc
Infineon,CYT2B7,,CYT2B78CAE,cmsis_device_name,tcl/target/psoc6.cfg,not_validated,CAT1A_DFP,1.7.0,https://itools.infineon.com/cmsis_packs/CAT1A_DFP/Infineon.CAT1A_DFP.pdsc
Infineon,CYT2B7,,CYT2B78CAS,cmsis_device_name,tcl/target/psoc6.cfg,not_validated,CAT1A_DFP,1.7.0,https://itools.infineon.com/cmsis_packs/CAT1A_DFP/Infineon.CAT1A_DFP.pdsc
Infineon,CYT2B9,,CYT2B93BAE,cmsis_device_name,tcl/target/psoc6.cfg,not_validated,CAT1A_DFP,1.7.0,https://itools.infineon.com/cmsis_packs/CAT1A_DFP/Infineon.CAT1A_DFP.pdsc
Infineon,CYT2B9,,CYT2B93BAS,cmsis_device_name,tcl/target/psoc6.cfg,not_validated,CAT1A_DFP,1.7.0,https://itools.infineon.com/cmsis_packs/CAT1A_DFP/Infineon.CAT1A_DFP.pdsc
Infineon,CYT2B9,,CYT2B93CAE,cmsis_device_name,tcl/target/psoc6.cfg,not_validated,CAT1A_DFP,1.7.0,https://itools.infineon.com/cmsis_packs/CAT1A_DFP/Infineon.CAT1A_DFP.pdsc
Infineon,CYT2B9,,CYT2B93CAS,cmsis_device_name,tcl/target/psoc6.cfg,not_validated,CAT1A_DFP,1.7.0,https://itools.infineon.com/cmsis_packs/CAT1A_DFP/Infineon.CAT1A_DFP.pdsc
Infineon,CYT2B9,,CYT2B94BAE,cmsis_device_name,tcl/target/psoc6.cfg,not_validated,CAT1A_DFP,1.7.0,https://itools.infineon.com/cmsis_packs/CAT1A_DFP/Infineon.CAT1A_DFP.pdsc
Infineon,CYT2B9,,CYT2B94BAS,cmsis_device_name,tcl/target/psoc6.cfg,not_validated,CAT1A_DFP,1.7.0,https://itools.infineon.com/cmsis_packs/CAT1A_DFP/Infineon.CAT1A_DFP.pdsc
Infineon,CYT2B9,,CYT2B94CAE,cmsis_device_name,tcl/target/psoc6.cfg,not_validated,CAT1A_DFP,1.7.0,https://itools.infineon.com/cmsis_packs/CAT1A_DFP/Infineon.CAT1A_DFP.pdsc
Infineon,CYT2B9,,CYT2B94CAS,cmsis_device_name,tcl/target/psoc6.cfg,not_validated,CAT1A_DFP,1.7.0,https://itools.infineon.com/cmsis_packs/CAT1A_DFP/Infineon.CAT1A_DFP.pdsc
Infineon,CYT2B9,,CYT2B95BAE,cmsis_device_name,tcl/target/psoc6.cfg,not_validated,CAT1A_DFP,1.7.0,https://itools.infineon.com/cmsis_packs/CAT1A_DFP/Infineon.CAT1A_DFP.pdsc
Infineon,CYT2B9,,CYT2B95BAS,cmsis_device_name,tcl/target/psoc6.cfg,not_validated,CAT1A_DFP,1.7.0,https://itools.infineon.com/cmsis_packs/CAT1A_DFP/Infineon.CAT1A_DFP.pdsc
Infineon,CYT2B9,,CYT2B95CAE,cmsis_device_name,tcl/target/psoc6.cfg,not_validated,CAT1A_DFP,1.7.0,https://itools.infineon.com/cmsis_packs/CAT1A_DFP/Infineon.CAT1A_DFP.pdsc
Infineon,CYT2B9,,CYT2B95CAS,cmsis_device_name,tcl/target/psoc6.cfg,not_validated,CAT1A_DFP,1.7.0,https://itools.infineon.com/cmsis_packs/CAT1A_DFP/Infineon.CAT1A_DFP.pdsc
Infineon,CYT2B9,,CYT2B97BAE,cmsis_device_name,tcl/target/psoc6.cfg,not_validated,CAT1A_DFP,1.7.0,https://itools.infineon.com/cmsis_packs/CAT1A_DFP/Infineon.CAT1A_DFP.pdsc
Infineon,CYT2B9,,CYT2B97BAS,cmsis_device_name,tcl/target/psoc6.cfg,not_validated,CAT1A_DFP,1.7.0,https://itools.infineon.com/cmsis_packs/CAT1A_DFP/Infineon.CAT1A_DFP.pdsc
Infineon,CYT2B9,,CYT2B97CAE,cmsis_device_name,tcl/target/psoc6.cfg,not_validated,CAT1A_DFP,1.7.0,https://itools.infineon.com/cmsis_packs/CAT1A_DFP/Infineon.CAT1A_DFP.pdsc
Infineon,CYT2B9,,CYT2B97CAS,cmsis_device_name,tcl/target/psoc6.cfg,not_validated,CAT1A_DFP,1.7.0,https://itools.infineon.com/cmsis_packs/CAT1A_DFP/Infineon.CAT1A_DFP.pdsc
Infineon,CYT2B9,,CYT2B98BAE,cmsis_device_name,tcl/target/psoc6.cfg,not_validated,CAT1A_DFP,1.7.0,https://itools.infineon.com/cmsis_packs/CAT1A_DFP/Infineon.CAT1A_DFP.pdsc
Infineon,CYT2B9,,CYT2B98BAS,cmsis_device_name,tcl/target/psoc6.cfg,not_validated,CAT1A_DFP,1.7.0,https://itools.infineon.com/cmsis_packs/CAT1A_DFP/Infineon.CAT1A_DFP.pdsc
Infineon,CYT2B9,,CYT2B98CAE,cmsis_device_name,tcl/target/psoc6.cfg,not_validated,CAT1A_DFP,1.7.0,https://itools.infineon.com/cmsis_packs/CAT1A_DFP/Infineon.CAT1A_DFP.pdsc
Infineon,CYT2B9,,CYT2B98CAS,cmsis_device_name,tcl/target/psoc6.cfg,not_validated,CAT1A_DFP,1.7.0,https://itools.infineon.com/cmsis_packs/CAT1A_DFP/Infineon.CAT1A_DFP.pdsc
Infineon,CYT2BL,,CYT2BL3BAE,cmsis_device_name,tcl/target/psoc6.cfg,not_validated,CAT1A_DFP,1.7.0,https://itools.infineon.com/cmsis_packs/CAT1A_DFP/Infineon.CAT1A_DFP.pdsc
Infineon,CYT2BL,,CYT2BL3BAS,cmsis_device_name,tcl/target/psoc6.cfg,not_validated,CAT1A_DFP,1.7.0,https://itools.infineon.com/cmsis_packs/CAT1A_DFP/Infineon.CAT1A_DFP.pdsc
Infineon,CYT2BL,,CYT2BL3CAE,cmsis_device_name,tcl/target/psoc6.cfg,not_validated,CAT1A_DFP,1.7.0,https://itools.infineon.com/cmsis_packs/CAT1A_DFP/Infineon.CAT1A_DFP.pdsc
Infineon,CYT2BL,,CYT2BL3CAS,cmsis_device_name,tcl/target/psoc6.cfg,not_validated,CAT1A_DFP,1.7.0,https://itools.infineon.com/cmsis_packs/CAT1A_DFP/Infineon.CAT1A_DFP.pdsc
Infineon,CYT2BL,,CYT2BL4BAE,cmsis_device_name,tcl/target/psoc6.cfg,not_validated,CAT1A_DFP,1.7.0,https://itools.infineon.com/cmsis_packs/CAT1A_DFP/Infineon.CAT1A_DFP.pdsc
Infineon,CYT2BL,,CYT2BL4BAS,cmsis_device_name,tcl/target/psoc6.cfg,not_validated,CAT1A_DFP,1.7.0,https://itools.infineon.com/cmsis_packs/CAT1A_DFP/Infineon.CAT1A_DFP.pdsc
Infineon,CYT2BL,,CYT2BL4CAE,cmsis_device_name,tcl/target/psoc6.cfg,not_validated,CAT1A_DFP,1.7.0,https://itools.infineon.com/cmsis_packs/CAT1A_DFP/Infineon.CAT1A_DFP.pdsc
Infineon,CYT2BL,,CYT2BL4CAS,cmsis_device_name,tcl/target/psoc6.cfg,not_validated,CAT1A_DFP,1.7.0,https://itools.infineon.com/cmsis_packs/CAT1A_DFP/Infineon.CAT1A_DFP.pdsc
Infineon,CYT2BL,,CYT2BL5BAE,cmsis_device_name,tcl/target/psoc6.cfg,not_validated,CAT1A_DFP,1.7.0,https://itools.infineon.com/cmsis_packs/CAT1A_DFP/Infineon.CAT1A_DFP.pdsc
Infineon,CYT2BL,,CYT2BL5BAS,cmsis_device_name,tcl/target/psoc6.cfg,not_validated,CAT1A_DFP,1.7.0,https://itools.infineon.com/cmsis_packs/CAT1A_DFP/Infineon.CAT1A_DFP.pdsc
Infineon,CYT2BL,,CYT2BL5CAE,cmsis_device_name,tcl/target/psoc6.cfg,not_validated,CAT1A_DFP,1.7.0,https://itools.infineon.com/cmsis_packs/CAT1A_DFP/Infineon.CAT1A_DFP.pdsc
Infineon,CYT2BL,,CYT2BL5CAS,cmsis_device_name,tcl/target/psoc6.cfg,not_validated,CAT1A_DFP,1.7.0,https://itools.infineon.com/cmsis_packs/CAT1A_DFP/Infineon.CAT1A_DFP.pdsc
Infineon,CYT2BL,,CYT2BL7BAE,cmsis_device_name,tcl/target/psoc6.cfg,not_validated,CAT1A_DFP,1.7.0,https://itools.infineon.com/cmsis_packs/CAT1A_DFP/Infineon.CAT1A_DFP.pdsc
Infineon,CYT2BL,,CYT2BL7BAS,cmsis_device_name,tcl/target/psoc6.cfg,not_validated,CAT1A_DFP,1.7.0,https://itools.infineon.com/cmsis_packs/CAT1A_DFP/Infineon.CAT1A_DFP.pdsc
Infineon,CYT2BL,,CYT2BL7CAE,cmsis_device_name,tcl/target/psoc6.cfg,not_validated,CAT1A_DFP,1.7.0,https://itools.infineon.com/cmsis_packs/CAT1A_DFP/Infineon.CAT1A_DFP.pdsc
Infineon,CYT2BL,,CYT2BL7CAS,cmsis_device_name,tcl/target/psoc6.cfg,not_validated,CAT1A_DFP,1.7.0,https://itools.infineon.com/cmsis_packs/CAT1A_DFP/Infineon.CAT1A_DFP.pdsc
Infineon,CYT2BL,,CYT2BL8BAE,cmsis_device_name,tcl/target/psoc6.cfg,not_validated,CAT1A_DFP,1.7.0,https://itools.infineon.com/cmsis_packs/CAT1A_DFP/Infineon.CAT1A_DFP.pdsc
Infineon,CYT2BL,,CYT2BL8BAS,cmsis_device_name,tcl/target/psoc6.cfg,not_validated,CAT1A_DFP,1.7.0,https://itools.infineon.com/cmsis_packs/CAT1A_DFP/Infineon.CAT1A_DFP.pdsc
Infineon,CYT2BL,,CYT2BL8CAE,cmsis_device_name,tcl/target/psoc6.cfg,not_validated,CAT1A_DFP,1.7.0,https://itools.infineon.com/cmsis_packs/CAT1A_DFP/Infineon.CAT1A_DFP.pdsc
Infineon,CYT2BL,,CYT2BL8CAS,cmsis_device_name,tcl/target/psoc6.cfg,not_validated,CAT1A_DFP,1.7.0,https://itools.infineon.com/cmsis_packs/CAT1A_DFP/Infineon.CAT1A_DFP.pdsc
Infineon,CYT3BB,,CYT3BB5CEE,cmsis_device_name,tcl/target/psoc6.cfg,not_validated,CAT1C_DFP,1.2.0,https://itools.infineon.com/cmsis_packs/CAT1C_DFP/Infineon.CAT1C_DFP.pdsc
Infineon,CYT3BB,,CYT3BB5CES,cmsis_device_name,tcl/target/psoc6.cfg,not_validated,CAT1C_DFP,1.2.0,https://itools.infineon.com/cmsis_packs/CAT1C_DFP/Infineon.CAT1C_DFP.pdsc
Infineon,CYT3BB,,CYT3BB7CEE,cmsis_device_name,tcl/target/psoc6.cfg,not_validated,CAT1C_DFP,1.2.0,https://itools.infineon.com/cmsis_packs/CAT1C_DFP/Infineon.CAT1C_DFP.pdsc
Infineon,CYT3BB,,CYT3BB7CES,cmsis_device_name,tcl/target/psoc6.cfg,not_validated,CAT1C_DFP,1.2.0,https://itools.infineon.com/cmsis_packs/CAT1C_DFP/Infineon.CAT1C_DFP.pdsc
Infineon,CYT3BB,,CYT3BB8CEE,cmsis_device_name,tcl/target/psoc6.cfg,not_validated,CAT1C_DFP,1.2.0,https://itools.infineon.com/cmsis_packs/CAT1C_DFP/Infineon.CAT1C_DFP.pdsc
Infineon,CYT3BB,,CYT3BB8CES,cmsis_device_name,tcl/target/psoc6.cfg,not_validated,CAT1C_DFP,1.2.0,https://itools.infineon.com/cmsis_packs/CAT1C_DFP/Infineon.CAT1C_DFP.pdsc
Infineon,CYT3BB,,CYT3BBBCEE,cmsis_device_name,tcl/target/psoc6.cfg,not_validated,CAT1C_DFP,1.2.0,https://itools.infineon.com/cmsis_packs/CAT1C_DFP/Infineon.CAT1C_DFP.pdsc
Infineon,CYT3BB,,CYT3BBBCES,cmsis_device_name,tcl/target/psoc6.cfg,not_validated,CAT1C_DFP,1.2.0,https://itools.infineon.com/cmsis_packs/CAT1C_DFP/Infineon.CAT1C_DFP.pdsc
Infineon,CYT3DL,,CYT3DLABAS,cmsis_device_name,tcl/target/psoc6.cfg,not_validated,CAT1C_DFP,1.2.0,https://itools.infineon.com/cmsis_packs/CAT1C_DFP/Infineon.CAT1C_DFP.pdsc
Infineon,CYT3DL,,CYT3DLABBS,cmsis_device_name,tcl/target/psoc6.cfg,not_validated,CAT1C_DFP,1.2.0,https://itools.infineon.com/cmsis_packs/CAT1C_DFP/Infineon.CAT1C_DFP.pdsc
Infineon,CYT3DL,,CYT3DLABCS,cmsis_device_name,tcl/target/psoc6.cfg,not_validated,CAT1C_DFP,1.2.0,https://itools.infineon.com/cmsis_packs/CAT1C_DFP/Infineon.CAT1C_DFP.pdsc
Infineon,CYT3DL,,CYT3DLABDS,cmsis_device_name,tcl/target/psoc6.cfg,not_validated,CAT1C_DFP,1.2.0,https://itools.infineon.com/cmsis_packs/CAT1C_DFP/Infineon.CAT1C_DFP.pdsc
Infineon,CYT3DL,,CYT3DLABES,cmsis_device_name,tcl/target/psoc6.cfg,not_validated,CAT1C_DFP,1.2.0,https://itools.infineon.com/cmsis_packs/CAT1C_DFP/Infineon.CAT1C_DFP.pdsc
Infineon,CYT3DL,,CYT3DLABFS,cmsis_device_name,tcl/target/psoc6.cfg,not_validated,CAT1C_DFP,1.2.0,https://itools.infineon.com/cmsis_packs/CAT1C_DFP/Infineon.CAT1C_DFP.pdsc
Infineon,CYT3DL,,CYT3DLABGS,cmsis_device_name,tcl/target/psoc6.cfg,not_validated,CAT1C_DFP,1.2.0,https://itools.infineon.com/cmsis_packs/CAT1C_DFP/Infineon.CAT1C_DFP.pdsc
Infineon,CYT3DL,,CYT3DLABHS,cmsis_device_name,tcl/target/psoc6.cfg,not_validated,CAT1C_DFP,1.2.0,https://itools.infineon.com/cmsis_packs/CAT1C_DFP/Infineon.CAT1C_DFP.pdsc
Infineon,CYT3DL,,CYT3DLABSS,cmsis_device_name,tcl/target/psoc6.cfg,not_validated,CAT1C_DFP,1.2.0,https://itools.infineon.com/cmsis_packs/CAT1C_DFP/Infineon.CAT1C_DFP.pdsc
Infineon,CYT3DL,,CYT3DLABZS,cmsis_device_name,tcl/target/psoc6.cfg,not_validated,CAT1C_DFP,1.2.0,https://itools.infineon.com/cmsis_packs/CAT1C_DFP/Infineon.CAT1C_DFP.pdsc
Infineon,CYT3DL,,CYT3DLBBAS,cmsis_device_name,tcl/target/psoc6.cfg,not_validated,CAT1C_DFP,1.2.0,https://itools.infineon.com/cmsis_packs/CAT1C_DFP/Infineon.CAT1C_DFP.pdsc
Infineon,CYT3DL,,CYT3DLBBBS,cmsis_device_name,tcl/target/psoc6.cfg,not_validated,CAT1C_DFP,1.2.0,https://itools.infineon.com/cmsis_packs/CAT1C_DFP/Infineon.CAT1C_DFP.pdsc
Infineon,CYT3DL,,CYT3DLBBCS,cmsis_device_name,tcl/target/psoc6.cfg,not_validated,CAT1C_DFP,1.2.0,https://itools.infineon.com/cmsis_packs/CAT1C_DFP/Infineon.CAT1C_DFP.pdsc
Infineon,CYT3DL,,CYT3DLBBDS,cmsis_device_name,tcl/target/psoc6.cfg,not_validated,CAT1C_DFP,1.2.0,https://itools.infineon.com/cmsis_packs/CAT1C_DFP/Infineon.CAT1C_DFP.pdsc
Infineon,CYT3DL,,CYT3DLBBES,cmsis_device_name,tcl/target/psoc6.cfg,not_validated,CAT1C_DFP,1.2.0,https://itools.infineon.com/cmsis_packs/CAT1C_DFP/Infineon.CAT1C_DFP.pdsc
Infineon,CYT3DL,,CYT3DLBBFS,cmsis_device_name,tcl/target/psoc6.cfg,not_validated,CAT1C_DFP,1.2.0,https://itools.infineon.com/cmsis_packs/CAT1C_DFP/Infineon.CAT1C_DFP.pdsc
Infineon,CYT3DL,,CYT3DLBBGS,cmsis_device_name,tcl/target/psoc6.cfg,not_validated,CAT1C_DFP,1.2.0,https://itools.infineon.com/cmsis_packs/CAT1C_DFP/Infineon.CAT1C_DFP.pdsc
Infineon,CYT3DL,,CYT3DLBBHS,cmsis_device_name,tcl/target/psoc6.cfg,not_validated,CAT1C_DFP,1.2.0,https://itools.infineon.com/cmsis_packs/CAT1C_DFP/Infineon.CAT1C_DFP.pdsc
Infineon,CYT3DL,,CYT3DLBBSS,cmsis_device_name,tcl/target/psoc6.cfg,not_validated,CAT1C_DFP,1.2.0,https://itools.infineon.com/cmsis_packs/CAT1C_DFP/Infineon.CAT1C_DFP.pdsc
Infineon,CYT3DL,,CYT3DLBBZS,cmsis_device_name,tcl/target/psoc6.cfg,not_validated,CAT1C_DFP,1.2.0,https://itools.infineon.com/cmsis_packs/CAT1C_DFP/Infineon.CAT1C_DFP.pdsc
Infineon,CYT4BB,,CYT4BB5CEE,cmsis_device_name,tcl/target/psoc6.cfg,not_validated,CAT1C_DFP,1.2.0,https://itools.infineon.com/cmsis_packs/CAT1C_DFP/Infineon.CAT1C_DFP.pdsc
Infineon,CYT4BB,,CYT4BB5CES,cmsis_device_name,tcl/target/psoc6.cfg,not_validated,CAT1C_DFP,1.2.0,https://itools.infineon.com/cmsis_packs/CAT1C_DFP/Infineon.CAT1C_DFP.pdsc
Infineon,CYT4BB,,CYT4BB7CEE,cmsis_device_name,tcl/target/psoc6.cfg,not_validated,CAT1C_DFP,1.2.0,https://itools.infineon.com/cmsis_packs/CAT1C_DFP/Infineon.CAT1C_DFP.pdsc
Infineon,CYT4BB,,CYT4BB7CES,cmsis_device_name,tcl/target/psoc6.cfg,not_validated,CAT1C_DFP,1.2.0,https://itools.infineon.com/cmsis_packs/CAT1C_DFP/Infineon.CAT1C_DFP.pdsc
Infineon,CYT4BB,,CYT4BB8CEE,cmsis_device_name,tcl/target/psoc6.cfg,not_validated,CAT1C_DFP,1.2.0,https://itools.infineon.com/cmsis_packs/CAT1C_DFP/Infineon.CAT1C_DFP.pdsc
Infineon,CYT4BB,,CYT4BB8CES,cmsis_device_name,tcl/target/psoc6.cfg,not_validated,CAT1C_DFP,1.2.0,https://itools.infineon.com/cmsis_packs/CAT1C_DFP/Infineon.CAT1C_DFP.pdsc
Infineon,CYT4BB,,CYT4BBBCEE,cmsis_device_name,tcl/target/psoc6.cfg,not_validated,CAT1C_DFP,1.2.0,https://itools.infineon.com/cmsis_packs/CAT1C_DFP/Infineon.CAT1C_DFP.pdsc
Infineon,CYT4BB,,CYT4BBBCES,cmsis_device_name,tcl/target/psoc6.cfg,not_validated,CAT1C_DFP,1.2.0,https://itools.infineon.com/cmsis_packs/CAT1C_DFP/Infineon.CAT1C_DFP.pdsc
Infineon,CYT4BF,,CYT4BF8CDE,cmsis_device_name,tcl/target/psoc6.cfg,not_validated,CAT1C_DFP,1.2.0,https://itools.infineon.com/cmsis_packs/CAT1C_DFP/Infineon.CAT1C_DFP.pdsc
Infineon,CYT4BF,,CYT4BF8CDS,cmsis_device_name,tcl/target/psoc6.cfg,not_validated,CAT1C_DFP,1.2.0,https://itools.infineon.com/cmsis_packs/CAT1C_DFP/Infineon.CAT1C_DFP.pdsc
Infineon,CYT4BF,,CYT4BF8CEE,cmsis_device_name,tcl/target/psoc6.cfg,not_validated,CAT1C_DFP,1.2.0,https://itools.infineon.com/cmsis_packs/CAT1C_DFP/Infineon.CAT1C_DFP.pdsc
Infineon,CYT4BF,,CYT4BF8CES,cmsis_device_name,tcl/target/psoc6.cfg,not_validated,CAT1C_DFP,1.2.0,https://itools.infineon.com/cmsis_packs/CAT1C_DFP/Infineon.CAT1C_DFP.pdsc
Infineon,CYT4BF,,CYT4BFBCHE,cmsis_device_name,tcl/target/psoc6.cfg,not_validated,CAT1C_DFP,1.2.0,https://itools.infineon.com/cmsis_packs/CAT1C_DFP/Infineon.CAT1C_DFP.pdsc
Infineon,CYT4BF,,CYT4BFBCHS,cmsis_device_name,tcl/target/psoc6.cfg,not_validated,CAT1C_DFP,1.2.0,https://itools.infineon.com/cmsis_packs/CAT1C_DFP/Infineon.CAT1C_DFP.pdsc
Infineon,CYT4BF,,CYT4BFBCJE,cmsis_device_name,tcl/target/psoc6.cfg,not_validated,CAT1C_DFP,1.2.0,https://itools.infineon.com/cmsis_packs/CAT1C_DFP/Infineon.CAT1C_DFP.pdsc
Infineon,CYT4BF,,CYT4BFBCJS,cmsis_device_name,tcl/target/psoc6.cfg,not_validated,CAT1C_DFP,1.2.0,https://itools.infineon.com/cmsis_packs/CAT1C_DFP/Infineon.CAT1C_DFP.pdsc
Infineon,CYT4BF,,CYT4BFCCHE,cmsis_device_name,tcl/target/psoc6.cfg,not_validated,CAT1C_DFP,1.2.0,https://itools.infineon.com/cmsis_packs/CAT1C_DFP/Infineon.CAT1C_DFP.pdsc
Infineon,CYT4BF,,CYT4BFCCHS,cmsis_device_name,tcl/target/psoc6.cfg,not_validated,CAT1C_DFP,1.2.0,https://itools.infineon.com/cmsis_packs/CAT1C_DFP/Infineon.CAT1C_DFP.pdsc
Infineon,CYT4BF,,CYT4BFCCJE,cmsis_device_name,tcl/target/psoc6.cfg,not_validated,CAT1C_DFP,1.2.0,https://itools.infineon.com/cmsis_packs/CAT1C_DFP/Infineon.CAT1C_DFP.pdsc
Infineon,CYT4BF,,CYT4BFCCJS,cmsis_device_name,tcl/target/psoc6.cfg,not_validated,CAT1C_DFP,1.2.0,https://itools.infineon.com/cmsis_packs/CAT1C_DFP/Infineon.CAT1C_DFP.pdsc
Infineon,CYT4DN,,CYT4DNJBAS,cmsis_device_name,tcl/target/psoc6.cfg,not_validated,CAT1C_DFP,1.2.0,https://itools.infineon.com/cmsis_packs/CAT1C_DFP/Infineon.CAT1C_DFP.pdsc
Infineon,CYT4DN,,CYT4DNJBBS,cmsis_device_name,tcl/target/psoc6.cfg,not_validated,CAT1C_DFP,1.2.0,https://itools.infineon.com/cmsis_packs/CAT1C_DFP/Infineon.CAT1C_DFP.pdsc
Infineon,CYT4DN,,CYT4DNJBCS,cmsis_device_name,tcl/target/psoc6.cfg,not_validated,CAT1C_DFP,1.2.0,https://itools.infineon.com/cmsis_packs/CAT1C_DFP/Infineon.CAT1C_DFP.pdsc
Infineon,CYT4DN,,CYT4DNJBDS,cmsis_device_name,tcl/target/psoc6.cfg,not_validated,CAT1C_DFP,1.2.0,https://itools.infineon.com/cmsis_packs/CAT1C_DFP/Infineon.CAT1C_DFP.pdsc
Infineon,CYT4DN,,CYT4DNJBES,cmsis_device_name,tcl/target/psoc6.cfg,not_validated,CAT1C_DFP,1.2.0,https://itools.infineon.com/cmsis_packs/CAT1C_DFP/Infineon.CAT1C_DFP.pdsc
Infineon,CYT4DN,,CYT4DNJBFS,cmsis_device_name,tcl/target/psoc6.cfg,not_validated,CAT1C_DFP,1.2.0,https://itools.infineon.com/cmsis_packs/CAT1C_DFP/Infineon.CAT1C_DFP.pdsc
Infineon,CYT4DN,,CYT4DNJBGS,cmsis_device_name,tcl/target/psoc6.cfg,not_validated,CAT1C_DFP,1.2.0,https://itools.infineon.com/cmsis_packs/CAT1C_DFP/Infineon.CAT1C_DFP.pdsc
Infineon,CYT4DN,,CYT4DNJBHS,cmsis_device_name,tcl/target/psoc6.cfg,not_validated,CAT1C_DFP,1.2.0,https://itools.infineon.com/cmsis_packs/CAT1C_DFP/Infineon.CAT1C_DFP.pdsc
Infineon,CYT4DN,,CYT4DNJBJS,cmsis_device_name,tcl/target/psoc6.cfg,not_validated,CAT1C_DFP,1.2.0,https://itools.infineon.com/cmsis_packs/CAT1C_DFP/Infineon.CAT1C_DFP.pdsc
Infineon,CYT4DN,,CYT4DNJBKS,cmsis_device_name,tcl/target/psoc6.cfg,not_validated,CAT1C_DFP,1.2.0,https://itools.infineon.com/cmsis_packs/CAT1C_DFP/Infineon.CAT1C_DFP.pdsc
Infineon,CYT4DN,,CYT4DNJBLS,cmsis_device_name,tcl/target/psoc6.cfg,not_validated,CAT1C_DFP,1.2.0,https://itools.infineon.com/cmsis_packs/CAT1C_DFP/Infineon.CAT1C_DFP.pdsc
Infineon,CYT4DN,,CYT4DNJBMS,cmsis_device_name,tcl/target/psoc6.cfg,not_validated,CAT1C_DFP,1.2.0,https://itools.infineon.com/cmsis_packs/CAT1C_DFP/Infineon.CAT1C_DFP.pdsc
Infineon,CYT4DN,,CYT4DNJBNS,cmsis_device_name,tcl/target/psoc6.cfg,not_validated,CAT1C_DFP,1.2.0,https://itools.infineon.com/cmsis_packs/CAT1C_DFP/Infineon.CAT1C_DFP.pdsc
Infineon,CYT4DN,,CYT4DNJBPS,cmsis_device_name,tcl/target/psoc6.cfg,not_validated,CAT1C_DFP,1.2.0,https://itools.infineon.com/cmsis_packs/CAT1C_DFP/Infineon.CAT1C_DFP.pdsc
Infineon,CYT4DN,,CYT4DNJBQS,cmsis_device_name,tcl/target/psoc6.cfg,not_validated,CAT1C_DFP,1.2.0,https://itools.infineon.com/cmsis_packs/CAT1C_DFP/Infineon.CAT1C_DFP.pdsc
Infineon,CYT4DN,,CYT4DNJBRS,cmsis_device_name,tcl/target/psoc6.cfg,not_validated,CAT1C_DFP,1.2.0,https://itools.infineon.com/cmsis_packs/CAT1C_DFP/Infineon.CAT1C_DFP.pdsc
Infineon,CYT4DN,,CYT4DNJBSS,cmsis_device_name,tcl/target/psoc6.cfg,not_validated,CAT1C_DFP,1.2.0,https://itools.infineon.com/cmsis_packs/CAT1C_DFP/Infineon.CAT1C_DFP.pdsc
Infineon,CYT4DN,,CYT4DNJBZS,cmsis_device_name,tcl/target/psoc6.cfg,not_validated,CAT1C_DFP,1.2.0,https://itools.infineon.com/cmsis_packs/CAT1C_DFP/Infineon.CAT1C_DFP.pdsc
Infineon,CYWxx829,CYW20829,CYW20829B0000,cmsis_device_name,tcl/target/psoc6.cfg,not_validated,AIROC_DFP,1.3.0,https://github.com/Infineon/cmsis-packs/raw/master/AIROC_DFP/Infineon.AIROC_DFP.pdsc
Infineon,CYWxx829,CYW20829,CYW20829B0010,cmsis_device_name,tcl/target/psoc6.cfg,not_validated,AIROC_DFP,1.3.0,https://github.com/Infineon/cmsis-packs/raw/master/AIROC_DFP/Infineon.AIROC_DFP.pdsc
Infineon,CYWxx829,CYW20829,CYW20829B0LKML,cmsis_device_name,tcl/target/psoc6.cfg,not_validated,AIROC_DFP,1.3.0,https://github.com/Infineon/cmsis-packs/raw/master/AIROC_DFP/Infineon.AIROC_DFP.pdsc
Infineon,CYWxx829,CYW20829,CYW20829B1000,cmsis_device_name,tcl/target/psoc6.cfg,not_validated,AIROC_DFP,1.3.0,https://github.com/Infineon/cmsis-packs/raw/master/AIROC_DFP/Infineon.AIROC_DFP.pdsc
Infineon,CYWxx829,CYW20829,CYW20829B1010,cmsis_device_name,tcl/target/psoc6.cfg,not_validated,AIROC_DFP,1.3.0,https://github.com/Infineon/cmsis-packs/raw/master/AIROC_DFP/Infineon.AIROC_DFP.pdsc
Infineon,CYWxx829,CYW20829,CYW20829B1240,cmsis_device_name,tcl/target/psoc6.cfg,not_validated,AIROC_DFP,1.3.0,https://github.com/Infineon/cmsis-packs/raw/master/AIROC_DFP/Infineon.AIROC_DFP.pdsc
Infineon,CYWxx829,CYW20829,CYW20829B1340,cmsis_device_name,tcl/target/psoc6.cfg,not_validated,AIROC_DFP,1.3.0,https://github.com/Infineon/cmsis-packs/raw/master/AIROC_DFP/Infineon.AIROC_DFP.pdsc
Infineon,CYWxx829,CYW89829,CYW89829B0062,cmsis_device_name,tcl/target/psoc6.cfg,not_validated,AIROC_DFP,1.3.0,https://github.com/Infineon/cmsis-packs/raw/master/AIROC_DFP/Infineon.AIROC_DFP.pdsc
Infineon,CYWxx829,CYW89829,CYW89829B0232,cmsis_device_name,tcl/target/psoc6.cfg,not_validated,AIROC_DFP,1.3.0,https://github.com/Infineon/cmsis-packs/raw/master/AIROC_DFP/Infineon.AIROC_DFP.pdsc
Infineon,CYWxx829,CYW89829,CYW89829B1062,cmsis_device_name,tcl/target/psoc6.cfg,not_validated,AIROC_DFP,1.3.0,https://github.com/Infineon/cmsis-packs/raw/master/AIROC_DFP/Infineon.AIROC_DFP.pdsc
Infineon,CYWxx829,CYW89829,CYW89829B1232,cmsis_device_name,tcl/target/psoc6.cfg,not_validated,AIROC_DFP,1.3.0,https://github.com/Infineon/cmsis-packs/raw/master/AIROC_DFP/Infineon.AIROC_DFP.pdsc
Infineon,PMG1-B1,,CYPM1115-48LQXI,cmsis_device_name,tcl/target/psoc6.cfg,not_validated,CAT2_DFP,1.6.0,https://itools.infineon.com/cmsis_packs/CAT2_DFP/Infineon.CAT2_DFP.pdsc
Infineon,PMG1-B1,,CYPM1116-48LQXI,cmsis_device_name,tcl/target/psoc6.cfg,not_validated,CAT2_DFP,1.6.0,https://itools.infineon.com/cmsis_packs/CAT2_DFP/Infineon.CAT2_DFP.pdsc
Infineon,PMG1-B2,,CYPM1216-68LQXI,cmsis_device_name,tcl/target/psoc6.cfg,not_validated,CAT2_DFP,1.6.0,https://itools.infineon.com/cmsis_packs/CAT2_DFP/Infineon.CAT2_DFP.pdsc
Infineon,PMG1-S0,,CYPM1011-24LQXI,cmsis_device_name,tcl/target/psoc6.cfg,not_validated,CAT2_DFP,1.6.0,https://itools.infineon.com/cmsis_packs/CAT2_DFP/Infineon.CAT2_DFP.pdsc
Infineon,PMG1-S1,,CYPM1111-40LQXIT,cmsis_device_name,tcl/target/psoc6.cfg,not_validated,CAT2_DFP,1.6.0,https://itools.infineon.com/cmsis_packs/CAT2_DFP/Infineon.CAT2_DFP.pdsc
Infineon,PMG1-S2,,CYPM1211-40LQXIT,cmsis_device_name,tcl/target/psoc6.cfg,not_validated,CAT2_DFP,1.6.0,https://itools.infineon.com/cmsis_packs/CAT2_DFP/Infineon.CAT2_DFP.pdsc
Infineon,PMG1-S2,,CYPM1211-42FNXIT,cmsis_device_name,tcl/target/psoc6.cfg,not_validated,CAT2_DFP,1.6.0,https://itools.infineon.com/cmsis_packs/CAT2_DFP/Infineon.CAT2_DFP.pdsc
Infineon,PMG1-S3,,CYPM1311-48LQXI,cmsis_device_name,tcl/target/psoc6.cfg,not_validated,CAT2_DFP,1.6.0,https://itools.infineon.com/cmsis_packs/CAT2_DFP/Infineon.CAT2_DFP.pdsc
Infineon,PMG1-S3,,CYPM1321-97BZXIT,cmsis_device_name,tcl/target/psoc6.cfg,not_validated,CAT2_DFP,1.6.0,https://itools.infineon.com/cmsis_packs/CAT2_DFP/Infineon.CAT2_DFP.pdsc
Infineon,PMG1-S3,,CYPM1322-97BZXIT,cmsis_device_name,tcl/target/psoc6.cfg,not_validated,CAT2_DFP,1.6.0,https://itools.infineon.com/cmsis_packs/CAT2_DFP/Infineon.CAT2_DFP.pdsc
Infineon,PSC3,PSC3M3Ex,PSC3M3EDABQ1,cmsis_device_name,tcl/target/psoc6.cfg,not_validated,CAT1B_DFP,1.1.0,https://itools.infineon.com/cmsis_packs/CAT1B_DFP/Infineon.CAT1B_DFP.pdsc
Infineon,PSC3,PSC3M3Ex,PSC3M3EDACQ1,cmsis_device_name,tcl/target/psoc6.cfg,not_validated,CAT1B_DFP,1.1.0,https://itools.infineon.com/cmsis_packs/CAT1B_DFP/Infineon.CAT1B_DFP.pdsc
Infineon,PSC3,PSC3M3Ex,PSC3M3EDLGQ1,cmsis_device_name,tcl/target/psoc6.cfg,not_validated,CAT1B_DFP,1.1.0,https://itools.infineon.com/cmsis_packs/CAT1B_DFP/Infineon.CAT1B_DFP.pdsc
Infineon,PSC3,PSC3M3Ex,PSC3M3EDLHQ1,cmsis_device_name,tcl/target/psoc6.cfg,not_validated,CAT1B_DFP,1.1.0,https://itools.infineon.com/cmsis_packs/CAT1B_DFP/Infineon.CAT1B_DFP.pdsc
Infineon,PSC3,PSC3M3Fx,PSC3M3FDS2ABQ1,cmsis_device_name,tcl/target/psoc6.cfg,not_validated,CAT1B_DFP,1.1.0,https://itools.infineon.com/cmsis_packs/CAT1B_DFP/Infineon.CAT1B_DFP.pdsc
Infineon,PSC3,PSC3M3Fx,PSC3M3FDS2ACQ1,cmsis_device_name,tcl/target/psoc6.cfg,not_validated,CAT1B_DFP,1.1.0,https://itools.infineon.com/cmsis_packs/CAT1B_DFP/Infineon.CAT1B_DFP.pdsc
Infineon,PSC3,PSC3M3Fx,PSC3M3FDS2LGQ1,cmsis_device_name,tcl/target/psoc6.cfg,not_validated,CAT1B_DFP,1.1.0,https://itools.infineon.com/cmsis_packs/CAT1B_DFP/Infineon.CAT1B_DFP.pdsc
Infineon,PSC3,PSC3M3Fx,PSC3M3FDS2LHQ1,cmsis_device_name,tcl/target/psoc6.cfg,not_validated,CAT1B_DFP,1.1.0,https://itools.infineon.com/cmsis_packs/CAT1B_DFP/Infineon.CAT1B_DFP.pdsc
Infineon,PSC3,PSC3P2Ex,PSC3P2EDABQ1,cmsis_device_name,tcl/target/psoc6.cfg,not_validated,CAT1B_DFP,1.1.0,https://itools.infineon.com/cmsis_packs/CAT1B_DFP/Infineon.CAT1B_DFP.pdsc
Infineon,PSC3,PSC3P2Ex,PSC3P2EDACQ1,cmsis_device_name,tcl/target/psoc6.cfg,not_validated,CAT1B_DFP,1.1.0,https://itools.infineon.com/cmsis_packs/CAT1B_DFP/Infineon.CAT1B_DFP.pdsc
Infineon,PSC3,PSC3P2Ex,PSC3P2EDLGQ1,cmsis_device_name,tcl/target/psoc6.cfg,not_validated,CAT1B_DFP,1.1.0,https://itools.infineon.com/cmsis_packs/CAT1B_DFP/Infineon.CAT1B_DFP.pdsc
Infineon,PSC3,PSC3P2Ex,PSC3P2EDLHQ1,cmsis_device_name,tcl/target/psoc6.cfg,not_validated,CAT1B_DFP,1.1.0,https://itools.infineon.com/cmsis_packs/CAT1B_DFP/Infineon.CAT1B_DFP.pdsc
Infineon,PSC3,PSC3P2Fx,PSC3P2FDS2ABQ1,cmsis_device_name,tcl/target/psoc6.cfg,not_validated,CAT1B_DFP,1.1.0,https://itools.infineon.com/cmsis_packs/CAT1B_DFP/Infineon.CAT1B_DFP.pdsc
Infineon,PSC3,PSC3P2Fx,PSC3P2FDS2ACQ1,cmsis_device_name,tcl/target/psoc6.cfg,not_validated,CAT1B_DFP,1.1.0,https://itools.infineon.com/cmsis_packs/CAT1B_DFP/Infineon.CAT1B_DFP.pdsc
Infineon,PSC3,PSC3P2Fx,PSC3P2FDS2LGQ1,cmsis_device_name,tcl/target/psoc6.cfg,not_validated,CAT1B_DFP,1.1.0,https://itools.infineon.com/cmsis_packs/CAT1B_DFP/Infineon.CAT1B_DFP.pdsc
Infineon,PSC3,PSC3P2Fx,PSC3P2FDS2LHQ1,cmsis_device_name,tcl/target/psoc6.cfg,not_validated,CAT1B_DFP,1.1.0,https://itools.infineon.com/cmsis_packs/CAT1B_DFP/Infineon.CAT1B_DFP.pdsc
Infineon,PSC3,PSC3x5Ex,PSC3M5EDABQ1,cmsis_device_name,tcl/target/psoc6.cfg,not_validated,CAT1B_DFP,1.1.0,https://itools.infineon.com/cmsis_packs/CAT1B_DFP/Infineon.CAT1B_DFP.pdsc
Infineon,PSC3,PSC3x5Ex,PSC3M5EDACQ1,cmsis_device_name,tcl/target/psoc6.cfg,not_validated,CAT1B_DFP,1.1.0,https://itools.infineon.com/cmsis_packs/CAT1B_DFP/Infineon.CAT1B_DFP.pdsc
Infineon,PSC3,PSC3x5Ex,PSC3M5EDAFQ1,cmsis_device_name,tcl/target/psoc6.cfg,not_validated,CAT1B_DFP,1.1.0,https://itools.infineon.com/cmsis_packs/CAT1B_DFP/Infineon.CAT1B_DFP.pdsc
Infineon,PSC3,PSC3x5Ex,PSC3M5EDLGQ1,cmsis_device_name,tcl/target/psoc6.cfg,not_validated,CAT1B_DFP,1.1.0,https://itools.infineon.com/cmsis_packs/CAT1B_DFP/Infineon.CAT1B_DFP.pdsc
Infineon,PSC3,PSC3x5Ex,PSC3M5EDLHQ1,cmsis_device_name,tcl/target/psoc6.cfg,not_validated,CAT1B_DFP,1.1.0,https://itools.infineon.com/cmsis_packs/CAT1B_DFP/Infineon.CAT1B_DFP.pdsc
Infineon,PSC3,PSC3x5Ex,PSC3P5EDABQ1,cmsis_device_name,tcl/target/psoc6.cfg,not_validated,CAT1B_DFP,1.1.0,https://itools.infineon.com/cmsis_packs/CAT1B_DFP/Infineon.CAT1B_DFP.pdsc
Infineon,PSC3,PSC3x5Ex,PSC3P5EDACQ1,cmsis_device_name,tcl/target/psoc6.cfg,not_validated,CAT1B_DFP,1.1.0,https://itools.infineon.com/cmsis_packs/CAT1B_DFP/Infineon.CAT1B_DFP.pdsc
Infineon,PSC3,PSC3x5Ex,PSC3P5EDLGQ1,cmsis_device_name,tcl/target/psoc6.cfg,not_validated,CAT1B_DFP,1.1.0,https://itools.infineon.com/cmsis_packs/CAT1B_DFP/Infineon.CAT1B_DFP.pdsc
Infineon,PSC3,PSC3x5Ex,PSC3P5EDLHQ1,cmsis_device_name,tcl/target/psoc6.cfg,not_validated,CAT1B_DFP,1.1.0,https://itools.infineon.com/cmsis_packs/CAT1B_DFP/Infineon.CAT1B_DFP.pdsc
Infineon,PSC3,PSC3x5Fx,PSC3M5FDS2ABQ1,cmsis_device_name,tcl/target/psoc6.cfg,not_validated,CAT1B_DFP,1.1.0,https://itools.infineon.com/cmsis_packs/CAT1B_DFP/Infineon.CAT1B_DFP.pdsc
Infineon,PSC3,PSC3x5Fx,PSC3M5FDS2ACQ1,cmsis_device_name,tcl/target/psoc6.cfg,not_validated,CAT1B_DFP,1.1.0,https://itools.infineon.com/cmsis_packs/CAT1B_DFP/Infineon.CAT1B_DFP.pdsc
Infineon,PSC3,PSC3x5Fx,PSC3M5FDS2AFQ1,cmsis_device_name,tcl/target/psoc6.cfg,not_validated,CAT1B_DFP,1.1.0,https://itools.infineon.com/cmsis_packs/CAT1B_DFP/Infineon.CAT1B_DFP.pdsc
Infineon,PSC3,PSC3x5Fx,PSC3M5FDS2LGQ1,cmsis_device_name,tcl/target/psoc6.cfg,not_validated,CAT1B_DFP,1.1.0,https://itools.infineon.com/cmsis_packs/CAT1B_DFP/Infineon.CAT1B_DFP.pdsc
Infineon,PSC3,PSC3x5Fx,PSC3M5FDS2LHQ1,cmsis_device_name,tcl/target/psoc6.cfg,not_validated,CAT1B_DFP,1.1.0,https://itools.infineon.com/cmsis_packs/CAT1B_DFP/Infineon.CAT1B_DFP.pdsc
Infineon,PSC3,PSC3x5Fx,PSC3P5FDS2ABQ1,cmsis_device_name,tcl/target/psoc6.cfg,not_validated,CAT1B_DFP,1.1.0,https://itools.infineon.com/cmsis_packs/CAT1B_DFP/Infineon.CAT1B_DFP.pdsc
Infineon,PSC3,PSC3x5Fx,PSC3P5FDS2ACQ1,cmsis_device_name,tcl/target/psoc6.cfg,not_validated,CAT1B_DFP,1.1.0,https://itools.infineon.com/cmsis_packs/CAT1B_DFP/Infineon.CAT1B_DFP.pdsc
Infineon,PSC3,PSC3x5Fx,PSC3P5FDS2LGQ1,cmsis_device_name,tcl/target/psoc6.cfg,not_validated,CAT1B_DFP,1.1.0,https://itools.infineon.com/cmsis_packs/CAT1B_DFP/Infineon.CAT1B_DFP.pdsc
Infineon,PSC3,PSC3x5Fx,PSC3P5FDS2LHQ1,cmsis_device_name,tcl/target/psoc6.cfg,not_validated,CAT1B_DFP,1.1.0,https://itools.infineon.com/cmsis_packs/CAT1B_DFP/Infineon.CAT1B_DFP.pdsc
Infineon,PSOC 4 HVMS,PSOC 4 HVMS (CY8C4125xxx-HVSxxx),CY8C4125LCE-HVS003,cmsis_device_name,tcl/target/psoc4.cfg,not_validated,CAT2_DFP,1.6.0,https://itools.infineon.com/cmsis_packs/CAT2_DFP/Infineon.CAT2_DFP.pdsc
Infineon,PSOC 4 HVMS,PSOC 4 HVMS (CY8C4125xxx-HVSxxx),CY8C4125LCE-HVS013,cmsis_device_name,tcl/target/psoc4.cfg,not_validated,CAT2_DFP,1.6.0,https://itools.infineon.com/cmsis_packs/CAT2_DFP/Infineon.CAT2_DFP.pdsc
Infineon,PSOC 4 HVMS,PSOC 4 HVMS (CY8C4125xxx-HVSxxx),CY8C4125LCE-HVS103,cmsis_device_name,tcl/target/psoc4.cfg,not_validated,CAT2_DFP,1.6.0,https://itools.infineon.com/cmsis_packs/CAT2_DFP/Infineon.CAT2_DFP.pdsc
Infineon,PSOC 4 HVMS,PSOC 4 HVMS (CY8C4125xxx-HVSxxx),CY8C4125LCE-HVS113,cmsis_device_name,tcl/target/psoc4.cfg,not_validated,CAT2_DFP,1.6.0,https://itools.infineon.com/cmsis_packs/CAT2_DFP/Infineon.CAT2_DFP.pdsc
Infineon,PSOC 4 HVMS,PSOC 4 HVMS (CY8C4125xxx-HVSxxx),CY8C4125LDE-HVS004,cmsis_device_name,tcl/target/psoc4.cfg,not_validated,CAT2_DFP,1.6.0,https://itools.infineon.com/cmsis_packs/CAT2_DFP/Infineon.CAT2_DFP.pdsc
Infineon,PSOC 4 HVMS,PSOC 4 HVMS (CY8C4125xxx-HVSxxx),CY8C4125LDE-HVS014,cmsis_device_name,tcl/target/psoc4.cfg,not_validated,CAT2_DFP,1.6.0,https://itools.infineon.com/cmsis_packs/CAT2_DFP/Infineon.CAT2_DFP.pdsc
Infineon,PSOC 4 HVMS,PSOC 4 HVMS (CY8C4125xxx-HVSxxx),CY8C4125LDE-HVS104,cmsis_device_name,tcl/target/psoc4.cfg,not_validated,CAT2_DFP,1.6.0,https://itools.infineon.com/cmsis_packs/CAT2_DFP/Infineon.CAT2_DFP.pdsc
Infineon,PSOC 4 HVMS,PSOC 4 HVMS (CY8C4125xxx-HVSxxx),CY8C4125LDE-HVS114,cmsis_device_name,tcl/target/psoc4.cfg,not_validated,CAT2_DFP,1.6.0,https://itools.infineon.com/cmsis_packs/CAT2_DFP/Infineon.CAT2_DFP.pdsc
Infineon,PSOC 4 HVMS,PSOC 4 HVMS (CY8C4125xxx-HVSxxx),CY8C4125LWE-HVS005,cmsis_device_name,tcl/target/psoc4.cfg,not_validated,CAT2_DFP,1.6.0,https://itools.infineon.com/cmsis_packs/CAT2_DFP/Infineon.CAT2_DFP.pdsc
Infineon,PSOC 4 HVMS,PSOC 4 HVMS (CY8C4125xxx-HVSxxx),CY8C4125LWE-HVS015,cmsis_device_name,tcl/target/psoc4.cfg,not_validated,CAT2_DFP,1.6.0,https://itools.infineon.com/cmsis_packs/CAT2_DFP/Infineon.CAT2_DFP.pdsc
Infineon,PSOC 4 HVMS,PSOC 4 HVMS (CY8C4125xxx-HVSxxx),CY8C4125LWE-HVS105,cmsis_device_name,tcl/target/psoc4.cfg,not_validated,CAT2_DFP,1.6.0,https://itools.infineon.com/cmsis_packs/CAT2_DFP/Infineon.CAT2_DFP.pdsc
Infineon,PSOC 4 HVMS,PSOC 4 HVMS (CY8C4125xxx-HVSxxx),CY8C4125LWE-HVS115,cmsis_device_name,tcl/target/psoc4.cfg,not_validated,CAT2_DFP,1.6.0,https://itools.infineon.com/cmsis_packs/CAT2_DFP/Infineon.CAT2_DFP.pdsc
Infineon,PSOC 4 HVMS,PSOC 4 HVMS (CY8C4127xxx-HVSxxx),CY8C4127LCE-HVS003,cmsis_device_name,tcl/target/psoc4.cfg,not_validated,CAT2_DFP,1.6.0,https://itools.infineon.com/cmsis_packs/CAT2_DFP/Infineon.CAT2_DFP.pdsc
Infineon,PSOC 4 HVMS,PSOC 4 HVMS (CY8C4127xxx-HVSxxx),CY8C4127LCE-HVS013,cmsis_device_name,tcl/target/psoc4.cfg,not_validated,CAT2_DFP,1.6.0,https://itools.infineon.com/cmsis_packs/CAT2_DFP/Infineon.CAT2_DFP.pdsc
Infineon,PSOC 4 HVMS,PSOC 4 HVMS (CY8C4127xxx-HVSxxx),CY8C4127LCE-HVS103,cmsis_device_name,tcl/target/psoc4.cfg,not_validated,CAT2_DFP,1.6.0,https://itools.infineon.com/cmsis_packs/CAT2_DFP/Infineon.CAT2_DFP.pdsc
Infineon,PSOC 4 HVMS,PSOC 4 HVMS (CY8C4127xxx-HVSxxx),CY8C4127LCE-HVS113,cmsis_device_name,tcl/target/psoc4.cfg,not_validated,CAT2_DFP,1.6.0,https://itools.infineon.com/cmsis_packs/CAT2_DFP/Infineon.CAT2_DFP.pdsc
Infineon,PSOC 4 HVMS,PSOC 4 HVMS (CY8C4147xxx-HVSxxx),CY8C4147LCE-HVS003,cmsis_device_name,tcl/target/psoc4.cfg,not_validated,CAT2_DFP,1.6.0,https://itools.infineon.com/cmsis_packs/CAT2_DFP/Infineon.CAT2_DFP.pdsc
Infineon,PSOC 4 HVMS,PSOC 4 HVMS (CY8C4147xxx-HVSxxx),CY8C4147LCE-HVS013,cmsis_device_name,tcl/target/psoc4.cfg,not_validated,CAT2_DFP,1.6.0,https://itools.infineon.com/cmsis_packs/CAT2_DFP/Infineon.CAT2_DFP.pdsc
Infineon,PSOC 4 HVMS,PSOC 4 HVMS (CY8C4147xxx-HVSxxx),CY8C4147LCE-HVS023,cmsis_device_name,tcl/target/psoc4.cfg,not_validated,CAT2_DFP,1.6.0,https://itools.infineon.com/cmsis_packs/CAT2_DFP/Infineon.CAT2_DFP.pdsc
Infineon,PSOC 4 HVMS,PSOC 4 HVMS (CY8C4147xxx-HVSxxx),CY8C4147LCE-HVS023X,cmsis_device_name,tcl/target/psoc4.cfg,not_validated,CAT2_DFP,1.6.0,https://itools.infineon.com/cmsis_packs/CAT2_DFP/Infineon.CAT2_DFP.pdsc
Infineon,PSOC 4 HVMS,PSOC 4 HVMS (CY8C4147xxx-HVSxxx),CY8C4147LCE-HVS033,cmsis_device_name,tcl/target/psoc4.cfg,not_validated,CAT2_DFP,1.6.0,https://itools.infineon.com/cmsis_packs/CAT2_DFP/Infineon.CAT2_DFP.pdsc
Infineon,PSOC 4 HVMS,PSOC 4 HVMS (CY8C4147xxx-HVSxxx),CY8C4147LCE-HVS033X,cmsis_device_name,tcl/target/psoc4.cfg,not_validated,CAT2_DFP,1.6.0,https://itools.infineon.com/cmsis_packs/CAT2_DFP/Infineon.CAT2_DFP.pdsc
Infineon,PSOC 4 HVMS,PSOC 4 HVMS (CY8C4147xxx-HVSxxx),CY8C4147LCE-HVS103,cmsis_device_name,tcl/target/psoc4.cfg,not_validated,CAT2_DFP,1.6.0,https://itools.infineon.com/cmsis_packs/CAT2_DFP/Infineon.CAT2_DFP.pdsc
Infineon,PSOC 4 HVMS,PSOC 4 HVMS (CY8C4147xxx-HVSxxx),CY8C4147LCE-HVS113,cmsis_device_name,tcl/target/psoc4.cfg,not_validated,CAT2_DFP,1.6.0,https://itools.infineon.com/cmsis_packs/CAT2_DFP/Infineon.CAT2_DFP.pdsc
Infineon,PSOC 4 HVMS,PSOC 4 HVMS (CY8C4147xxx-HVSxxx),CY8C4147LCE-HVS123,cmsis_device_name,tcl/target/psoc4.cfg,not_validated,CAT2_DFP,1.6.0,https://itools.infineon.com/cmsis_packs/CAT2_DFP/Infineon.CAT2_DFP.pdsc
Infineon,PSOC 4 HVMS,PSOC 4 HVMS (CY8C4147xxx-HVSxxx),CY8C4147LCE-HVS123X,cmsis_device_name,tcl/target/psoc4.cfg,not_validated,CAT2_DFP,1.6.0,https://itools.infineon.com/cmsis_packs/CAT2_DFP/Infineon.CAT2_DFP.pdsc
Infineon,PSOC 4 HVMS,PSOC 4 HVMS (CY8C4147xxx-HVSxxx),CY8C4147LCE-HVS133,cmsis_device_name,tcl/target/psoc4.cfg,not_validated,CAT2_DFP,1.6.0,https://itools.infineon.com/cmsis_packs/CAT2_DFP/Infineon.CAT2_DFP.pdsc
Infineon,PSOC 4 HVMS,PSOC 4 HVMS (CY8C4147xxx-HVSxxx),CY8C4147LCE-HVS133X,cmsis_device_name,tcl/target/psoc4.cfg,not_validated,CAT2_DFP,1.6.0,https://itools.infineon.com/cmsis_packs/CAT2_DFP/Infineon.CAT2_DFP.pdsc
Infineon,PSOC 4 HVPA,PSOC 4 HVPA 144k (CY8C4126xxx-HVxxx),CY8C4126LCE-HV403,cmsis_device_name,tcl/target/psoc4.cfg,not_validated,CAT2_DFP,1.6.0,https://itools.infineon.com/cmsis_packs/CAT2_DFP/Infineon.CAT2_DFP.pdsc
Infineon,PSOC 4 HVPA,PSOC 4 HVPA 144k (CY8C4126xxx-HVxxx),CY8C4126LCE-HV413,cmsis_device_name,tcl/target/psoc4.cfg,not_validated,CAT2_DFP,1.6.0,https://itools.infineon.com/cmsis_packs/CAT2_DFP/Infineon.CAT2_DFP.pdsc
Infineon,PSOC 4 HVPA,PSOC 4 HVPA 144k (CY8C4126xxx-HVxxx),CY8C4126LCE-HV423,cmsis_device_name,tcl/target/psoc4.cfg,not_validated,CAT2_DFP,1.6.0,https://itools.infineon.com/cmsis_packs/CAT2_DFP/Infineon.CAT2_DFP.pdsc
Infineon,PSOC 4 HVPA,PSOC 4 HVPA 144k (CY8C4127xxx-HVxxx),CY8C4127LCE-HV403,cmsis_device_name,tcl/target/psoc4.cfg,not_validated,CAT2_DFP,1.6.0,https://itools.infineon.com/cmsis_packs/CAT2_DFP/Infineon.CAT2_DFP.pdsc
Infineon,PSOC 4 HVPA,PSOC 4 HVPA 144k (CY8C4127xxx-HVxxx),CY8C4127LCE-HV413,cmsis_device_name,tcl/target/psoc4.cfg,not_validated,CAT2_DFP,1.6.0,https://itools.infineon.com/cmsis_packs/CAT2_DFP/Infineon.CAT2_DFP.pdsc
Infineon,PSOC 4 HVPA,PSOC 4 HVPA 144k (CY8C4127xxx-HVxxx),CY8C4127LCE-HV423,cmsis_device_name,tcl/target/psoc4.cfg,not_validated,CAT2_DFP,1.6.0,https://itools.infineon.com/cmsis_packs/CAT2_DFP/Infineon.CAT2_DFP.pdsc
Infineon,PSOC 4 HVPA,PSOC 4 HVPA 144k (CY8C4147xxx-HVxxx),CY8C4147LCE-HV403,cmsis_device_name,tcl/target/psoc4.cfg,not_validated,CAT2_DFP,1.6.0,https://itools.infineon.com/cmsis_packs/CAT2_DFP/Infineon.CAT2_DFP.pdsc
Infineon,PSOC 4 HVPA,PSOC 4 HVPA 144k (CY8C4147xxx-HVxxx),CY8C4147LCE-HV413,cmsis_device_name,tcl/target/psoc4.cfg,not_validated,CAT2_DFP,1.6.0,https://itools.infineon.com/cmsis_packs/CAT2_DFP/Infineon.CAT2_DFP.pdsc
Infineon,PSOC 4 HVPA,PSOC 4 HVPA 144k (CY8C4147xxx-HVxxx),CY8C4147LCE-HV423,cmsis_device_name,tcl/target/psoc4.cfg,not_validated,CAT2_DFP,1.6.0,https://itools.infineon.com/cmsis_packs/CAT2_DFP/Infineon.CAT2_DFP.pdsc
Infineon,PSOC 4 HVPA,PSOC 4 HVPA SPM 1.0 (CY8C4147xxx-HVxxx),CY8C4147LDE-HV504,cmsis_device_name,tcl/target/psoc4.cfg,not_validated,CAT2_DFP,1.6.0,https://itools.infineon.com/cmsis_packs/CAT2_DFP/Infineon.CAT2_DFP.pdsc
Infineon,PSOC 4 HVPA,PSOC 4 HVPA SPM 1.0 (CY8C4147xxx-HVxxx),CY8C4147LDE-HV534,cmsis_device_name,tcl/target/psoc4.cfg,not_validated,CAT2_DFP,1.6.0,https://itools.infineon.com/cmsis_packs/CAT2_DFP/Infineon.CAT2_DFP.pdsc
Infineon,PSOC 4 HVPA,PSOC 4 HVPA SPM 1.0 (CY8C4147xxx-HVxxx),CY8C4147LDE-HV604,cmsis_device_name,tcl/target/psoc4.cfg,not_validated,CAT2_DFP,1.6.0,https://itools.infineon.com/cmsis_packs/CAT2_DFP/Infineon.CAT2_DFP.pdsc
Infineon,PSOC 4 HVPA,PSOC 4 HVPA SPM 1.0 (CY8C4147xxx-HVxxx),CY8C4147LDE-HV634,cmsis_device_name,tcl/target/psoc4.cfg,not_validated,CAT2_DFP,1.6.0,https://itools.infineon.com/cmsis_packs/CAT2_DFP/Infineon.CAT2_DFP.pdsc
Infineon,PSOC 4 HVPA,PSOC 4 HVPA SPM 1.0 (CY8C4147xxx-HVxxx),CY8C4147LDE-HV704,cmsis_device_name,tcl/target/psoc4.cfg,not_validated,CAT2_DFP,1.6.0,https://itools.infineon.com/cmsis_packs/CAT2_DFP/Infineon.CAT2_DFP.pdsc
Infineon,PSOC 4 HVPA,PSOC 4 HVPA SPM 1.0 (CY8C4147xxx-HVxxx),CY8C4147LDE-HV734,cmsis_device_name,tcl/target/psoc4.cfg,not_validated,CAT2_DFP,1.6.0,https://itools.infineon.com/cmsis_packs/CAT2_DFP/Infineon.CAT2_DFP.pdsc
Infineon,PSOC 4000S,PSOC 4000S (CY8C40x4xxx-S4xx),CY8C4024AXI-S402,cmsis_device_name,tcl/target/psoc4.cfg,not_validated,CAT2_DFP,1.6.0,https://itools.infineon.com/cmsis_packs/CAT2_DFP/Infineon.CAT2_DFP.pdsc
Infineon,PSOC 4000S,PSOC 4000S (CY8C40x4xxx-S4xx),CY8C4024AXI-S412,cmsis_device_name,tcl/target/psoc4.cfg,not_validated,CAT2_DFP,1.6.0,https://itools.infineon.com/cmsis_packs/CAT2_DFP/Infineon.CAT2_DFP.pdsc
Infineon,PSOC 4000S,PSOC 4000S (CY8C40x4xxx-S4xx),CY8C4024AZI-S403,cmsis_device_name,tcl/target/psoc4.cfg,not_validated,CAT2_DFP,1.6.0,https://itools.infineon.com/cmsis_packs/CAT2_DFP/Infineon.CAT2_DFP.pdsc
Infineon,PSOC 4000S,PSOC 4000S (CY8C40x4xxx-S4xx),CY8C4024AZI-S413,cmsis_device_name,tcl/target/psoc4.cfg,not_validated,CAT2_DFP,1.6.0,https://itools.infineon.com/cmsis_packs/CAT2_DFP/Infineon.CAT2_DFP.pdsc
Infineon,PSOC 4000S,PSOC 4000S (CY8C40x4xxx-S4xx),CY8C4024AZQ-S413,cmsis_device_name,tcl/target/psoc4.cfg,not_validated,CAT2_DFP,1.6.0,https://itools.infineon.com/cmsis_packs/CAT2_DFP/Infineon.CAT2_DFP.pdsc
Infineon,PSOC 4000S,PSOC 4000S (CY8C40x4xxx-S4xx),CY8C4024FNI-S402,cmsis_device_name,tcl/target/psoc4.cfg,not_validated,CAT2_DFP,1.6.0,https://itools.infineon.com/cmsis_packs/CAT2_DFP/Infineon.CAT2_DFP.pdsc
Infineon,PSOC 4000S,PSOC 4000S (CY8C40x4xxx-S4xx),CY8C4024FNI-S412,cmsis_device_name,tcl/target/psoc4.cfg,not_validated,CAT2_DFP,1.6.0,https://itools.infineon.com/cmsis_packs/CAT2_DFP/Infineon.CAT2_DFP.pdsc
Infineon,PSOC 4000S,PSOC 4000S (CY8C40x4xxx-S4xx),CY8C4024LQA-S411,cmsis_device_name,tcl/target/psoc4.cfg,not_validated,CAT2_DFP,1.6.0,https://itools.infineon.com/cmsis_packs/CAT2_DFP/Infineon.CAT2_DFP.pdsc
Infineon,PSOC 4000S,PSOC 4000S (CY8C40x4xxx-S4xx),CY8C4024LQA-S413,cmsis_device_name,tcl/target/psoc4.cfg,not_validated,CAT2_DFP,1.6.0,https://itools.infineon.com/cmsis_packs/CAT2_DFP/Infineon.CAT2_DFP.pdsc
Infineon,PSOC 4000S,PSOC 4000S (CY8C40x4xxx-S4xx),CY8C4024LQI-S401,cmsis_device_name,tcl/target/psoc4.cfg,not_validated,CAT2_DFP,1.6.0,https://itools.infineon.com/cmsis_packs/CAT2_DFP/Infineon.CAT2_DFP.pdsc
Infineon,PSOC 4000S,PSOC 4000S (CY8C40x4xxx-S4xx),CY8C4024LQI-S402,cmsis_device_name,tcl/target/psoc4.cfg,not_validated,CAT2_DFP,1.6.0,https://itools.infineon.com/cmsis_packs/CAT2_DFP/Infineon.CAT2_DFP.pdsc
Infineon,PSOC 4000S,PSOC 4000S (CY8C40x4xxx-S4xx),CY8C4024LQI-S403,cmsis_device_name,tcl/target/psoc4.cfg,not_validated,CAT2_DFP,1.6.0,https://itools.infineon.com/cmsis_packs/CAT2_DFP/Infineon.CAT2_DFP.pdsc
Infineon,PSOC 4000S,PSOC 4000S (CY8C40x4xxx-S4xx),CY8C4024LQI-S411,cmsis_device_name,tcl/target/psoc4.cfg,not_validated,CAT2_DFP,1.6.0,https://itools.infineon.com/cmsis_packs/CAT2_DFP/Infineon.CAT2_DFP.pdsc
Infineon,PSOC 4000S,PSOC 4000S (CY8C40x4xxx-S4xx),CY8C4024LQI-S412,cmsis_device_name,tcl/target/psoc4.cfg,not_validated,CAT2_DFP,1.6.0,https://itools.infineon.com/cmsis_packs/CAT2_DFP/Infineon.CAT2_DFP.pdsc
Infineon,PSOC 4000S,PSOC 4000S (CY8C40x4xxx-S4xx),CY8C4024LQI-S413,cmsis_device_name,tcl/target/psoc4.cfg,not_validated,CAT2_DFP,1.6.0,https://itools.infineon.com/cmsis_packs/CAT2_DFP/Infineon.CAT2_DFP.pdsc
Infineon,PSOC 4000S,PSOC 4000S (CY8C40x4xxx-S4xx),CY8C4024LQS-S411,cmsis_device_name,tcl/target/psoc4.cfg,not_validated,CAT2_DFP,1.6.0,https://itools.infineon.com/cmsis_packs/CAT2_DFP/Infineon.CAT2_DFP.pdsc
Infineon,PSOC 4000S,PSOC 4000S (CY8C40x4xxx-S4xx),CY8C4024LQS-S413,cmsis_device_name,tcl/target/psoc4.cfg,not_validated,CAT2_DFP,1.6.0,https://itools.infineon.com/cmsis_packs/CAT2_DFP/Infineon.CAT2_DFP.pdsc
Infineon,PSOC 4000S,PSOC 4000S (CY8C40x4xxx-S4xx),CY8C4024PVA-S411,cmsis_device_name,tcl/target/psoc4.cfg,not_validated,CAT2_DFP,1.6.0,https://itools.infineon.com/cmsis_packs/CAT2_DFP/Infineon.CAT2_DFP.pdsc
Infineon,PSOC 4000S,PSOC 4000S (CY8C40x4xxx-S4xx),CY8C4024PVA-S412,cmsis_device_name,tcl/target/psoc4.cfg,not_validated,CAT2_DFP,1.6.0,https://itools.infineon.com/cmsis_packs/CAT2_DFP/Infineon.CAT2_DFP.pdsc
Infineon,PSOC 4000S,PSOC 4000S (CY8C40x4xxx-S4xx),CY8C4024PVS-S411,cmsis_device_name,tcl/target/psoc4.cfg,not_validated,CAT2_DFP,1.6.0,https://itools.infineon.com/cmsis_packs/CAT2_DFP/Infineon.CAT2_DFP.pdsc
Infineon,PSOC 4000S,PSOC 4000S (CY8C40x4xxx-S4xx),CY8C4024PVS-S412,cmsis_device_name,tcl/target/psoc4.cfg,not_validated,CAT2_DFP,1.6.0,https://itools.infineon.com/cmsis_packs/CAT2_DFP/Infineon.CAT2_DFP.pdsc
Infineon,PSOC 4000S,PSOC 4000S (CY8C40x5xxx-S4xx),CY8C4025AXI-S402,cmsis_device_name,tcl/target/psoc4.cfg,not_validated,CAT2_DFP,1.6.0,https://itools.infineon.com/cmsis_packs/CAT2_DFP/Infineon.CAT2_DFP.pdsc
Infineon,PSOC 4000S,PSOC 4000S (CY8C40x5xxx-S4xx),CY8C4025AXI-S412,cmsis_device_name,tcl/target/psoc4.cfg,not_validated,CAT2_DFP,1.6.0,https://itools.infineon.com/cmsis_packs/CAT2_DFP/Infineon.CAT2_DFP.pdsc
Infineon,PSOC 4000S,PSOC 4000S (CY8C40x5xxx-S4xx),CY8C4025AZI-S403,cmsis_device_name,tcl/target/psoc4.cfg,not_validated,CAT2_DFP,1.6.0,https://itools.infineon.com/cmsis_packs/CAT2_DFP/Infineon.CAT2_DFP.pdsc
Infineon,PSOC 4000S,PSOC 4000S (CY8C40x5xxx-S4xx),CY8C4025AZI-S413,cmsis_device_name,tcl/target/psoc4.cfg,not_validated,CAT2_DFP,1.6.0,https://itools.infineon.com/cmsis_packs/CAT2_DFP/Infineon.CAT2_DFP.pdsc
Infineon,PSOC 4000S,PSOC 4000S (CY8C40x5xxx-S4xx),CY8C4025AZQ-S403,cmsis_device_name,tcl/target/psoc4.cfg,not_validated,CAT2_DFP,1.6.0,https://itools.infineon.com/cmsis_packs/CAT2_DFP/Infineon.CAT2_DFP.pdsc
Infineon,PSOC 4000S,PSOC 4000S (CY8C40x5xxx-S4xx),CY8C4025AZQ-S413,cmsis_device_name,tcl/target/psoc4.cfg,not_validated,CAT2_DFP,1.6.0,https://itools.infineon.com/cmsis_packs/CAT2_DFP/Infineon.CAT2_DFP.pdsc
Infineon,PSOC 4000S,PSOC 4000S (CY8C40x5xxx-S4xx),CY8C4025FNI-S402,cmsis_device_name,tcl/target/psoc4.cfg,not_validated,CAT2_DFP,1.6.0,https://itools.infineon.com/cmsis_packs/CAT2_DFP/Infineon.CAT2_DFP.pdsc
Infineon,PSOC 4000S,PSOC 4000S (CY8C40x5xxx-S4xx),CY8C4025FNI-S412,cmsis_device_name,tcl/target/psoc4.cfg,not_validated,CAT2_DFP,1.6.0,https://itools.infineon.com/cmsis_packs/CAT2_DFP/Infineon.CAT2_DFP.pdsc
Infineon,PSOC 4000S,PSOC 4000S (CY8C40x5xxx-S4xx),CY8C4025LQA-S411,cmsis_device_name,tcl/target/psoc4.cfg,not_validated,CAT2_DFP,1.6.0,https://itools.infineon.com/cmsis_packs/CAT2_DFP/Infineon.CAT2_DFP.pdsc
Infineon,PSOC 4000S,PSOC 4000S (CY8C40x5xxx-S4xx),CY8C4025LQA-S413,cmsis_device_name,tcl/target/psoc4.cfg,not_validated,CAT2_DFP,1.6.0,https://itools.infineon.com/cmsis_packs/CAT2_DFP/Infineon.CAT2_DFP.pdsc
Infineon,PSOC 4000S,PSOC 4000S (CY8C40x5xxx-S4xx),CY8C4025LQI-S401,cmsis_device_name,tcl/target/psoc4.cfg,not_validated,CAT2_DFP,1.6.0,https://itools.infineon.com/cmsis_packs/CAT2_DFP/Infineon.CAT2_DFP.pdsc
Infineon,PSOC 4000S,PSOC 4000S (CY8C40x5xxx-S4xx),CY8C4025LQI-S402,cmsis_device_name,tcl/target/psoc4.cfg,not_validated,CAT2_DFP,1.6.0,https://itools.infineon.com/cmsis_packs/CAT2_DFP/Infineon.CAT2_DFP.pdsc
Infineon,PSOC 4000S,PSOC 4000S (CY8C40x5xxx-S4xx),CY8C4025LQI-S403,cmsis_device_name,tcl/target/psoc4.cfg,not_validated,CAT2_DFP,1.6.0,https://itools.infineon.com/cmsis_packs/CAT2_DFP/Infineon.CAT2_DFP.pdsc
Infineon,PSOC 4000S,PSOC 4000S (CY8C40x5xxx-S4xx),CY8C4025LQI-S411,cmsis_device_name,tcl/target/psoc4.cfg,not_validated,CAT2_DFP,1.6.0,https://itools.infineon.com/cmsis_packs/CAT2_DFP/Infineon.CAT2_DFP.pdsc
Infineon,PSOC 4000S,PSOC 4000S (CY8C40x5xxx-S4xx),CY8C4025LQI-S412,cmsis_device_name,tcl/target/psoc4.cfg,not_validated,CAT2_DFP,1.6.0,https://itools.infineon.com/cmsis_packs/CAT2_DFP/Infineon.CAT2_DFP.pdsc
Infineon,PSOC 4000S,PSOC 4000S (CY8C40x5xxx-S4xx),CY8C4025LQI-S413,cmsis_device_name,tcl/target/psoc4.cfg,not_validated,CAT2_DFP,1.6.0,https://itools.infineon.com/cmsis_packs/CAT2_DFP/Infineon.CAT2_DFP.pdsc
Infineon,PSOC 4000S,PSOC 4000S (CY8C40x5xxx-S4xx),CY8C4025LQS-S411,cmsis_device_name,tcl/target/psoc4.cfg,not_validated,CAT2_DFP,1.6.0,https://itools.infineon.com/cmsis_packs/CAT2_DFP/Infineon.CAT2_DFP.pdsc
Infineon,PSOC 4000S,PSOC 4000S (CY8C40x5xxx-S4xx),CY8C4025LQS-S413,cmsis_device_name,tcl/target/psoc4.cfg,not_validated,CAT2_DFP,1.6.0,https://itools.infineon.com/cmsis_packs/CAT2_DFP/Infineon.CAT2_DFP.pdsc
Infineon,PSOC 4000S,PSOC 4000S (CY8C40x5xxx-S4xx),CY8C4025PVA-S411,cmsis_device_name,tcl/target/psoc4.cfg,not_validated,CAT2_DFP,1.6.0,https://itools.infineon.com/cmsis_packs/CAT2_DFP/Infineon.CAT2_DFP.pdsc
Infineon,PSOC 4000S,PSOC 4000S (CY8C40x5xxx-S4xx),CY8C4025PVA-S412,cmsis_device_name,tcl/target/psoc4.cfg,not_validated,CAT2_DFP,1.6.0,https://itools.infineon.com/cmsis_packs/CAT2_DFP/Infineon.CAT2_DFP.pdsc
Infineon,PSOC 4000S,PSOC 4000S (CY8C40x5xxx-S4xx),CY8C4025PVS-S411,cmsis_device_name,tcl/target/psoc4.cfg,not_validated,CAT2_DFP,1.6.0,https://itools.infineon.com/cmsis_packs/CAT2_DFP/Infineon.CAT2_DFP.pdsc
Infineon,PSOC 4000S,PSOC 4000S (CY8C40x5xxx-S4xx),CY8C4025PVS-S412,cmsis_device_name,tcl/target/psoc4.cfg,not_validated,CAT2_DFP,1.6.0,https://itools.infineon.com/cmsis_packs/CAT2_DFP/Infineon.CAT2_DFP.pdsc
Infineon,PSOC 4000S,PSOC 4000S (CY8C40x5xxx-S4xx),CY8C4045AXI-S412,cmsis_device_name,tcl/target/psoc4.cfg,not_validated,CAT2_DFP,1.6.0,https://itools.infineon.com/cmsis_packs/CAT2_DFP/Infineon.CAT2_DFP.pdsc
Infineon,PSOC 4000S,PSOC 4000S (CY8C40x5xxx-S4xx),CY8C4045AZI-S413,cmsis_device_name,tcl/target/psoc4.cfg,not_validated,CAT2_DFP,1.6.0,https://itools.infineon.com/cmsis_packs/CAT2_DFP/Infineon.CAT2_DFP.pdsc
Infineon,PSOC 4000S,PSOC 4000S (CY8C40x5xxx-S4xx),CY8C4045AZQ-S413,cmsis_device_name,tcl/target/psoc4.cfg,not_validated,CAT2_DFP,1.6.0,https://itools.infineon.com/cmsis_packs/CAT2_DFP/Infineon.CAT2_DFP.pdsc
Infineon,PSOC 4000S,PSOC 4000S (CY8C40x5xxx-S4xx),CY8C4045FNI-S412,cmsis_device_name,tcl/target/psoc4.cfg,not_validated,CAT2_DFP,1.6.0,https://itools.infineon.com/cmsis_packs/CAT2_DFP/Infineon.CAT2_DFP.pdsc
Infineon,PSOC 4000S,PSOC 4000S (CY8C40x5xxx-S4xx),CY8C4045LQA-S411,cmsis_device_name,tcl/target/psoc4.cfg,not_validated,CAT2_DFP,1.6.0,https://itools.infineon.com/cmsis_packs/CAT2_DFP/Infineon.CAT2_DFP.pdsc
Infineon,PSOC 4000S,PSOC 4000S (CY8C40x5xxx-S4xx),CY8C4045LQA-S413,cmsis_device_name,tcl/target/psoc4.cfg,not_validated,CAT2_DFP,1.6.0,https://itools.infineon.com/cmsis_packs/CAT2_DFP/Infineon.CAT2_DFP.pdsc
Infineon,PSOC 4000S,PSOC 4000S (CY8C40x5xxx-S4xx),CY8C4045LQI-S411,cmsis_device_name,tcl/target/psoc4.cfg,not_validated,CAT2_DFP,1.6.0,https://itools.infineon.com/cmsis_packs/CAT2_DFP/Infineon.CAT2_DFP.pdsc
Infineon,PSOC 4000S,PSOC 4000S (CY8C40x5xxx-S4xx),CY8C4045LQI-S412,cmsis_device_name,tcl/target/psoc4.cfg,not_validated,CAT2_DFP,1.6.0,https://itools.infineon.com/cmsis_packs/CAT2_DFP/Infineon.CAT2_DFP.pdsc
Infineon,PSOC 4000S,PSOC 4000S (CY8C40x5xxx-S4xx),CY8C4045LQI-S413,cmsis_device_name,tcl/target/psoc4.cfg,not_validated,CAT2_DFP,1.6.0,https://itools.infineon.com/cmsis_packs/CAT2_DFP/Infineon.CAT2_DFP.pdsc
Infineon,PSOC 4000S,PSOC 4000S (CY8C40x5xxx-S4xx),CY8C4045LQS-S411,cmsis_device_name,tcl/target/psoc4.cfg,not_validated,CAT2_DFP,1.6.0,https://itools.infineon.com/cmsis_packs/CAT2_DFP/Infineon.CAT2_DFP.pdsc
Infineon,PSOC 4000S,PSOC 4000S (CY8C40x5xxx-S4xx),CY8C4045LQS-S413,cmsis_device_name,tcl/target/psoc4.cfg,not_validated,CAT2_DFP,1.6.0,https://itools.infineon.com/cmsis_packs/CAT2_DFP/Infineon.CAT2_DFP.pdsc
Infineon,PSOC 4000S,PSOC 4000S (CY8C40x5xxx-S4xx),CY8C4045PVA-S411,cmsis_device_name,tcl/target/psoc4.cfg,not_validated,CAT2_DFP,1.6.0,https://itools.infineon.com/cmsis_packs/CAT2_DFP/Infineon.CAT2_DFP.pdsc
Infineon,PSOC 4000S,PSOC 4000S (CY8C40x5xxx-S4xx),CY8C4045PVA-S412,cmsis_device_name,tcl/target/psoc4.cfg,not_validated,CAT2_DFP,1.6.0,https://itools.infineon.com/cmsis_packs/CAT2_DFP/Infineon.CAT2_DFP.pdsc
Infineon,PSOC 4000S,PSOC 4000S (CY8C40x5xxx-S4xx),CY8C4045PVS-S411,cmsis_device_name,tcl/target/psoc4.cfg,not_validated,CAT2_DFP,1.6.0,https://itools.infineon.com/cmsis_packs/CAT2_DFP/Infineon.CAT2_DFP.pdsc
Infineon,PSOC 4000S,PSOC 4000S (CY8C40x5xxx-S4xx),CY8C4045PVS-S412,cmsis_device_name,tcl/target/psoc4.cfg,not_validated,CAT2_DFP,1.6.0,https://itools.infineon.com/cmsis_packs/CAT2_DFP/Infineon.CAT2_DFP.pdsc
Infineon,PSOC 4000T,PSOC 4000T (CY8C40x5xxx-Txxx),CY8C4025FNI-T412,cmsis_device_name,tcl/target/psoc4.cfg,not_validated,CAT2_DFP,1.6.0,https://itools.infineon.com/cmsis_packs/CAT2_DFP/Infineon.CAT2_DFP.pdsc
Infineon,PSOC 4000T,PSOC 4000T (CY8C40x5xxx-Txxx),CY8C4025FNI-T442,cmsis_device_name,tcl/target/psoc4.cfg,not_validated,CAT2_DFP,1.6.0,https://itools.infineon.com/cmsis_packs/CAT2_DFP/Infineon.CAT2_DFP.pdsc
Infineon,PSOC 4000T,PSOC 4000T (CY8C40x5xxx-Txxx),CY8C4025FNI-T452,cmsis_device_name,tcl/target/psoc4.cfg,not_validated,CAT2_DFP,1.6.0,https://itools.infineon.com/cmsis_packs/CAT2_DFP/Infineon.CAT2_DFP.pdsc
Infineon,PSOC 4000T,PSOC 4000T (CY8C40x5xxx-Txxx),CY8C4025LQI-T411,cmsis_device_name,tcl/target/psoc4.cfg,not_validated,CAT2_DFP,1.6.0,https://itools.infineon.com/cmsis_packs/CAT2_DFP/Infineon.CAT2_DFP.pdsc
Infineon,PSOC 4000T,PSOC 4000T (CY8C40x5xxx-Txxx),CY8C4025LQI-T412,cmsis_device_name,tcl/target/psoc4.cfg,not_validated,CAT2_DFP,1.6.0,https://itools.infineon.com/cmsis_packs/CAT2_DFP/Infineon.CAT2_DFP.pdsc
Infineon,PSOC 4000T,PSOC 4000T (CY8C40x5xxx-Txxx),CY8C4025LQI-T441,cmsis_device_name,tcl/target/psoc4.cfg,not_validated,CAT2_DFP,1.6.0,https://itools.infineon.com/cmsis_packs/CAT2_DFP/Infineon.CAT2_DFP.pdsc
Infineon,PSOC 4000T,PSOC 4000T (CY8C40x5xxx-Txxx),CY8C4025LQI-T442,cmsis_device_name,tcl/target/psoc4.cfg,not_validated,CAT2_DFP,1.6.0,https://itools.infineon.com/cmsis_packs/CAT2_DFP/Infineon.CAT2_DFP.pdsc
Infineon,PSOC 4000T,PSOC 4000T (CY8C40x5xxx-Txxx),CY8C4025LQI-T451,cmsis_device_name,tcl/target/psoc4.cfg,not_validated,CAT2_DFP,1.6.0,https://itools.infineon.com/cmsis_packs/CAT2_DFP/Infineon.CAT2_DFP.pdsc
Infineon,PSOC 4000T,PSOC 4000T (CY8C40x5xxx-Txxx),CY8C4025LQI-T452,cmsis_device_name,tcl/target/psoc4.cfg,not_validated,CAT2_DFP,1.6.0,https://itools.infineon.com/cmsis_packs/CAT2_DFP/Infineon.CAT2_DFP.pdsc
Infineon,PSOC 4000T,PSOC 4000T (CY8C40x5xxx-Txxx),CY8C4045FNI-T412,cmsis_device_name,tcl/target/psoc4.cfg,not_validated,CAT2_DFP,1.6.0,https://itools.infineon.com/cmsis_packs/CAT2_DFP/Infineon.CAT2_DFP.pdsc
Infineon,PSOC 4000T,PSOC 4000T (CY8C40x5xxx-Txxx),CY8C4045FNI-T442,cmsis_device_name,tcl/target/psoc4.cfg,not_validated,CAT2_DFP,1.6.0,https://itools.infineon.com/cmsis_packs/CAT2_DFP/Infineon.CAT2_DFP.pdsc
Infineon,PSOC 4000T,PSOC 4000T (CY8C40x5xxx-Txxx),CY8C4045FNI-T452,cmsis_device_name,tcl/target/psoc4.cfg,not_validated,CAT2_DFP,1.6.0,https://itools.infineon.com/cmsis_packs/CAT2_DFP/Infineon.CAT2_DFP.pdsc
Infineon,PSOC 4000T,PSOC 4000T (CY8C40x5xxx-Txxx),CY8C4045LQE-T1,cmsis_device_name,tcl/target/psoc4.cfg,not_validated,CAT2_DFP,1.6.0,https://itools.infineon.com/cmsis_packs/CAT2_DFP/Infineon.CAT2_DFP.pdsc
Infineon,PSOC 4000T,PSOC 4000T (CY8C40x5xxx-Txxx),CY8C4045LQI-T411,cmsis_device_name,tcl/target/psoc4.cfg,not_validated,CAT2_DFP,1.6.0,https://itools.infineon.com/cmsis_packs/CAT2_DFP/Infineon.CAT2_DFP.pdsc
Infineon,PSOC 4000T,PSOC 4000T (CY8C40x5xxx-Txxx),CY8C4045LQI-T412,cmsis_device_name,tcl/target/psoc4.cfg,not_validated,CAT2_DFP,1.6.0,https://itools.infineon.com/cmsis_packs/CAT2_DFP/Infineon.CAT2_DFP.pdsc
Infineon,PSOC 4000T,PSOC 4000T (CY8C40x5xxx-Txxx),CY8C4045LQI-T441,cmsis_device_name,tcl/target/psoc4.cfg,not_validated,CAT2_DFP,1.6.0,https://itools.infineon.com/cmsis_packs/CAT2_DFP/Infineon.CAT2_DFP.pdsc
Infineon,PSOC 4000T,PSOC 4000T (CY8C40x5xxx-Txxx),CY8C4045LQI-T442,cmsis_device_name,tcl/target/psoc4.cfg,not_validated,CAT2_DFP,1.6.0,https://itools.infineon.com/cmsis_packs/CAT2_DFP/Infineon.CAT2_DFP.pdsc
Infineon,PSOC 4000T,PSOC 4000T (CY8C40x5xxx-Txxx),CY8C4045LQI-T451,cmsis_device_name,tcl/target/psoc4.cfg,not_validated,CAT2_DFP,1.6.0,https://itools.infineon.com/cmsis_packs/CAT2_DFP/Infineon.CAT2_DFP.pdsc
Infineon,PSOC 4000T,PSOC 4000T (CY8C40x5xxx-Txxx),CY8C4045LQI-T452,cmsis_device_name,tcl/target/psoc4.cfg,not_validated,CAT2_DFP,1.6.0,https://itools.infineon.com/cmsis_packs/CAT2_DFP/Infineon.CAT2_DFP.pdsc
Infineon,PSOC 4000T,PSOC 4000T (CY8C40x5xxx-Txxx),CY8C4045LQS-T1,cmsis_device_name,tcl/target/psoc4.cfg,not_validated,CAT2_DFP,1.6.0,https://itools.infineon.com/cmsis_packs/CAT2_DFP/Infineon.CAT2_DFP.pdsc
Infineon,PSOC 4000T,PSOC 4000T (CY8C40x6xxx-Txxx),CY8C4026FNI-T412,cmsis_device_name,tcl/target/psoc4.cfg,not_validated,CAT2_DFP,1.6.0,https://itools.infineon.com/cmsis_packs/CAT2_DFP/Infineon.CAT2_DFP.pdsc
Infineon,PSOC 4000T,PSOC 4000T (CY8C40x6xxx-Txxx),CY8C4026FNI-T442,cmsis_device_name,tcl/target/psoc4.cfg,not_validated,CAT2_DFP,1.6.0,https://itools.infineon.com/cmsis_packs/CAT2_DFP/Infineon.CAT2_DFP.pdsc
Infineon,PSOC 4000T,PSOC 4000T (CY8C40x6xxx-Txxx),CY8C4026LQI-T411,cmsis_device_name,tcl/target/psoc4.cfg,not_validated,CAT2_DFP,1.6.0,https://itools.infineon.com/cmsis_packs/CAT2_DFP/Infineon.CAT2_DFP.pdsc
Infineon,PSOC 4000T,PSOC 4000T (CY8C40x6xxx-Txxx),CY8C4026LQI-T412,cmsis_device_name,tcl/target/psoc4.cfg,not_validated,CAT2_DFP,1.6.0,https://itools.infineon.com/cmsis_packs/CAT2_DFP/Infineon.CAT2_DFP.pdsc
Infineon,PSOC 4000T,PSOC 4000T (CY8C40x6xxx-Txxx),CY8C4026LQI-T441,cmsis_device_name,tcl/target/psoc4.cfg,not_validated,CAT2_DFP,1.6.0,https://itools.infineon.com/cmsis_packs/CAT2_DFP/Infineon.CAT2_DFP.pdsc
Infineon,PSOC 4000T,PSOC 4000T (CY8C40x6xxx-Txxx),CY8C4026LQI-T442,cmsis_device_name,tcl/target/psoc4.cfg,not_validated,CAT2_DFP,1.6.0,https://itools.infineon.com/cmsis_packs/CAT2_DFP/Infineon.CAT2_DFP.pdsc
Infineon,PSOC 4000T,PSOC 4000T (CY8C40x6xxx-Txxx),CY8C4046FNI-T412,cmsis_device_name,tcl/target/psoc4.cfg,not_validated,CAT2_DFP,1.6.0,https://itools.infineon.com/cmsis_packs/CAT2_DFP/Infineon.CAT2_DFP.pdsc
Infineon,PSOC 4000T,PSOC 4000T (CY8C40x6xxx-Txxx),CY8C4046FNI-T412B,cmsis_device_name,tcl/target/psoc4.cfg,not_validated,CAT2_DFP,1.6.0,https://itools.infineon.com/cmsis_packs/CAT2_DFP/Infineon.CAT2_DFP.pdsc
Infineon,PSOC 4000T,PSOC 4000T (CY8C40x6xxx-Txxx),CY8C4046FNI-T442,cmsis_device_name,tcl/target/psoc4.cfg,not_validated,CAT2_DFP,1.6.0,https://itools.infineon.com/cmsis_packs/CAT2_DFP/Infineon.CAT2_DFP.pdsc
Infineon,PSOC 4000T,PSOC 4000T (CY8C40x6xxx-Txxx),CY8C4046FNI-T452,cmsis_device_name,tcl/target/psoc4.cfg,not_validated,CAT2_DFP,1.6.0,https://itools.infineon.com/cmsis_packs/CAT2_DFP/Infineon.CAT2_DFP.pdsc
Infineon,PSOC 4000T,PSOC 4000T (CY8C40x6xxx-Txxx),CY8C4046LQE-T1,cmsis_device_name,tcl/target/psoc4.cfg,not_validated,CAT2_DFP,1.6.0,https://itools.infineon.com/cmsis_packs/CAT2_DFP/Infineon.CAT2_DFP.pdsc
Infineon,PSOC 4000T,PSOC 4000T (CY8C40x6xxx-Txxx),CY8C4046LQI-T411,cmsis_device_name,tcl/target/psoc4.cfg,not_validated,CAT2_DFP,1.6.0,https://itools.infineon.com/cmsis_packs/CAT2_DFP/Infineon.CAT2_DFP.pdsc
Infineon,PSOC 4000T,PSOC 4000T (CY8C40x6xxx-Txxx),CY8C4046LQI-T412,cmsis_device_name,tcl/target/psoc4.cfg,not_validated,CAT2_DFP,1.6.0,https://itools.infineon.com/cmsis_packs/CAT2_DFP/Infineon.CAT2_DFP.pdsc
Infineon,PSOC 4000T,PSOC 4000T (CY8C40x6xxx-Txxx),CY8C4046LQI-T441,cmsis_device_name,tcl/target/psoc4.cfg,not_validated,CAT2_DFP,1.6.0,https://itools.infineon.com/cmsis_packs/CAT2_DFP/Infineon.CAT2_DFP.pdsc
Infineon,PSOC 4000T,PSOC 4000T (CY8C40x6xxx-Txxx),CY8C4046LQI-T442,cmsis_device_name,tcl/target/psoc4.cfg,not_validated,CAT2_DFP,1.6.0,https://itools.infineon.com/cmsis_packs/CAT2_DFP/Infineon.CAT2_DFP.pdsc
Infineon,PSOC 4000T,PSOC 4000T (CY8C40x6xxx-Txxx),CY8C4046LQI-T451,cmsis_device_name,tcl/target/psoc4.cfg,not_validated,CAT2_DFP,1.6.0,https://itools.infineon.com/cmsis_packs/CAT2_DFP/Infineon.CAT2_DFP.pdsc
Infineon,PSOC 4000T,PSOC 4000T (CY8C40x6xxx-Txxx),CY8C4046LQI-T452,cmsis_device_name,tcl/target/psoc4.cfg,not_validated,CAT2_DFP,1.6.0,https://itools.infineon.com/cmsis_packs/CAT2_DFP/Infineon.CAT2_DFP.pdsc
Infineon,PSOC 4000T,PSOC 4000T (CY8C40x6xxx-Txxx),CY8C4046LQQ-T412,cmsis_device_name,tcl/target/psoc4.cfg,not_validated,CAT2_DFP,1.6.0,https://itools.infineon.com/cmsis_packs/CAT2_DFP/Infineon.CAT2_DFP.pdsc
Infineon,PSOC 4000T,PSOC 4000T (CY8C40x6xxx-Txxx),CY8C4046LQS-T1,cmsis_device_name,tcl/target/psoc4.cfg,not_validated,CAT2_DFP,1.6.0,https://itools.infineon.com/cmsis_packs/CAT2_DFP/Infineon.CAT2_DFP.pdsc
Infineon,PSOC 4000T,PSOC 4000T (CY8C40x6xxx-Txxx),CY8C4046ZZI-T411,cmsis_device_name,tcl/target/psoc4.cfg,not_validated,CAT2_DFP,1.6.0,https://itools.infineon.com/cmsis_packs/CAT2_DFP/Infineon.CAT2_DFP.pdsc
Infineon,PSOC 4000T,PSOC 4000T (CY8C40x6xxx-Txxx),CY8C4046ZZI-T451,cmsis_device_name,tcl/target/psoc4.cfg,not_validated,CAT2_DFP,1.6.0,https://itools.infineon.com/cmsis_packs/CAT2_DFP/Infineon.CAT2_DFP.pdsc
Infineon,PSOC 4000T,PSOC 4000T (CY8C40x6xxx-Txxx),CY8C4046ZZQ-T411,cmsis_device_name,tcl/target/psoc4.cfg,not_validated,CAT2_DFP,1.6.0,https://itools.infineon.com/cmsis_packs/CAT2_DFP/Infineon.CAT2_DFP.pdsc
Infineon,PSOC 4000T,PSOC 4000T (CY8C40x6xxx-Txxx),CY8C4046ZZQ-T451,cmsis_device_name,tcl/target/psoc4.cfg,not_validated,CAT2_DFP,1.6.0,https://itools.infineon.com/cmsis_packs/CAT2_DFP/Infineon.CAT2_DFP.pdsc
Infineon,PSOC 4100S,PSOC 4100S (CY8C41x4xxx-Sxxx),CY8C4124AZI-S413,cmsis_device_name,tcl/target/psoc4.cfg,not_validated,CAT2_DFP,1.6.0,https://itools.infineon.com/cmsis_packs/CAT2_DFP/Infineon.CAT2_DFP.pdsc
Infineon,PSOC 4100S,PSOC 4100S (CY8C41x4xxx-Sxxx),CY8C4124AZI-S433,cmsis_device_name,tcl/target/psoc4.cfg,not_validated,CAT2_DFP,1.6.0,https://itools.infineon.com/cmsis_packs/CAT2_DFP/Infineon.CAT2_DFP.pdsc
Infineon,PSOC 4100S,PSOC 4100S (CY8C41x4xxx-Sxxx),CY8C4124FNI-S403,cmsis_device_name,tcl/target/psoc4.cfg,not_validated,CAT2_DFP,1.6.0,https://itools.infineon.com/cmsis_packs/CAT2_DFP/Infineon.CAT2_DFP.pdsc
Infineon,PSOC 4100S,PSOC 4100S (CY8C41x4xxx-Sxxx),CY8C4124FNI-S413,cmsis_device_name,tcl/target/psoc4.cfg,not_validated,CAT2_DFP,1.6.0,https://itools.infineon.com/cmsis_packs/CAT2_DFP/Infineon.CAT2_DFP.pdsc
Infineon,PSOC 4100S,PSOC 4100S (CY8C41x4xxx-Sxxx),CY8C4124FNI-S433,cmsis_device_name,tcl/target/psoc4.cfg,not_validated,CAT2_DFP,1.6.0,https://itools.infineon.com/cmsis_packs/CAT2_DFP/Infineon.CAT2_DFP.pdsc
Infineon,PSOC 4100S,PSOC 4100S (CY8C41x4xxx-Sxxx),CY8C4124FNQ-S433,cmsis_device_name,tcl/target/psoc4.cfg,not_validated,CAT2_DFP,1.6.0,https://itools.infineon.com/cmsis_packs/CAT2_DFP/Infineon.CAT2_DFP.pdsc
Infineon,PSOC 4100S,PSOC 4100S (CY8C41x4xxx-Sxxx),CY8C4124LQA-S413,cmsis_device_name,tcl/target/psoc4.cfg,not_validated,CAT2_DFP,1.6.0,https://itools.infineon.com/cmsis_packs/CAT2_DFP/Infineon.CAT2_DFP.pdsc
Infineon,PSOC 4100S,PSOC 4100S (CY8C41x4xxx-Sxxx),CY8C4124LQA-S423,cmsis_device_name,tcl/target/psoc4.cfg,not_validated,CAT2_DFP,1.6.0,https://itools.infineon.com/cmsis_packs/CAT2_DFP/Infineon.CAT2_DFP.pdsc
Infineon,PSOC 4100S,PSOC 4100S (CY8C41x4xxx-Sxxx),CY8C4124LQA-S433,cmsis_device_name,tcl/target/psoc4.cfg,not_validated,CAT2_DFP,1.6.0,https://itools.infineon.com/cmsis_packs/CAT2_DFP/Infineon.CAT2_DFP.pdsc
Infineon,PSOC 4100S,PSOC 4100S (CY8C41x4xxx-Sxxx),CY8C4124LQE-S413,cmsis_device_name,tcl/target/psoc4.cfg,not_validated,CAT2_DFP,1.6.0,https://itools.infineon.com/cmsis_packs/CAT2_DFP/Infineon.CAT2_DFP.pdsc
Infineon,PSOC 4100S,PSOC 4100S (CY8C41x4xxx-Sxxx),CY8C4124LQE-S423,cmsis_device_name,tcl/target/psoc4.cfg,not_validated,CAT2_DFP,1.6.0,https://itools.infineon.com/cmsis_packs/CAT2_DFP/Infineon.CAT2_DFP.pdsc
Infineon,PSOC 4100S,PSOC 4100S (CY8C41x4xxx-Sxxx),CY8C4124LQE-S433,cmsis_device_name,tcl/target/psoc4.cfg,not_validated,CAT2_DFP,1.6.0,https://itools.infineon.com/cmsis_packs/CAT2_DFP/Infineon.CAT2_DFP.pdsc
Infineon,PSOC 4100S,PSOC 4100S (CY8C41x4xxx-Sxxx),CY8C4124LQI-S412,cmsis_device_name,tcl/target/psoc4.cfg,not_validated,CAT2_DFP,1.6.0,https://itools.infineon.com/cmsis_packs/CAT2_DFP/Infineon.CAT2_DFP.pdsc
Infineon,PSOC 4100S,PSOC 4100S (CY8C41x4xxx-Sxxx),CY8C4124LQI-S413,cmsis_device_name,tcl/target/psoc4.cfg,not_validated,CAT2_DFP,1.6.0,https://itools.infineon.com/cmsis_packs/CAT2_DFP/Infineon.CAT2_DFP.pdsc
Infineon,PSOC 4100S,PSOC 4100S (CY8C41x4xxx-Sxxx),CY8C4124LQI-S432,cmsis_device_name,tcl/target/psoc4.cfg,not_validated,CAT2_DFP,1.6.0,https://itools.infineon.com/cmsis_packs/CAT2_DFP/Infineon.CAT2_DFP.pdsc
Infineon,PSOC 4100S,PSOC 4100S (CY8C41x4xxx-Sxxx),CY8C4124LQI-S433,cmsis_device_name,tcl/target/psoc4.cfg,not_validated,CAT2_DFP,1.6.0,https://itools.infineon.com/cmsis_packs/CAT2_DFP/Infineon.CAT2_DFP.pdsc
Infineon,PSOC 4100S,PSOC 4100S (CY8C41x4xxx-Sxxx),CY8C4124LQS-S413,cmsis_device_name,tcl/target/psoc4.cfg,not_validated,CAT2_DFP,1.6.0,https://itools.infineon.com/cmsis_packs/CAT2_DFP/Infineon.CAT2_DFP.pdsc
Infineon,PSOC 4100S,PSOC 4100S (CY8C41x4xxx-Sxxx),CY8C4124LQS-S423,cmsis_device_name,tcl/target/psoc4.cfg,not_validated,CAT2_DFP,1.6.0,https://itools.infineon.com/cmsis_packs/CAT2_DFP/Infineon.CAT2_DFP.pdsc
Infineon,PSOC 4100S,PSOC 4100S (CY8C41x4xxx-Sxxx),CY8C4124LQS-S433,cmsis_device_name,tcl/target/psoc4.cfg,not_validated,CAT2_DFP,1.6.0,https://itools.infineon.com/cmsis_packs/CAT2_DFP/Infineon.CAT2_DFP.pdsc
Infineon,PSOC 4100S,PSOC 4100S (CY8C41x4xxx-Sxxx),CY8C4124PVA-S412,cmsis_device_name,tcl/target/psoc4.cfg,not_validated,CAT2_DFP,1.6.0,https://itools.infineon.com/cmsis_packs/CAT2_DFP/Infineon.CAT2_DFP.pdsc
Infineon,PSOC 4100S,PSOC 4100S (CY8C41x4xxx-Sxxx),CY8C4124PVA-S422,cmsis_device_name,tcl/target/psoc4.cfg,not_validated,CAT2_DFP,1.6.0,https://itools.infineon.com/cmsis_packs/CAT2_DFP/Infineon.CAT2_DFP.pdsc
Infineon,PSOC 4100S,PSOC 4100S (CY8C41x4xxx-Sxxx),CY8C4124PVA-S432,cmsis_device_name,tcl/target/psoc4.cfg,not_validated,CAT2_DFP,1.6.0,https://itools.infineon.com/cmsis_packs/CAT2_DFP/Infineon.CAT2_DFP.pdsc
Infineon,PSOC 4100S,PSOC 4100S (CY8C41x4xxx-Sxxx),CY8C4124PVE-S412,cmsis_device_name,tcl/target/psoc4.cfg,not_validated,CAT2_DFP,1.6.0,https://itools.infineon.com/cmsis_packs/CAT2_DFP/Infineon.CAT2_DFP.pdsc
Infineon,PSOC 4100S,PSOC 4100S (CY8C41x4xxx-Sxxx),CY8C4124PVE-S422,cmsis_device_name,tcl/target/psoc4.cfg,not_validated,CAT2_DFP,1.6.0,https://itools.infineon.com/cmsis_packs/CAT2_DFP/Infineon.CAT2_DFP.pdsc
Infineon,PSOC 4100S,PSOC 4100S (CY8C41x4xxx-Sxxx),CY8C4124PVE-S432,cmsis_device_name,tcl/target/psoc4.cfg,not_validated,CAT2_DFP,1.6.0,https://itools.infineon.com/cmsis_packs/CAT2_DFP/Infineon.CAT2_DFP.pdsc
Infineon,PSOC 4100S,PSOC 4100S (CY8C41x4xxx-Sxxx),CY8C4124PVS-S412,cmsis_device_name,tcl/target/psoc4.cfg,not_validated,CAT2_DFP,1.6.0,https://itools.infineon.com/cmsis_packs/CAT2_DFP/Infineon.CAT2_DFP.pdsc
Infineon,PSOC 4100S,PSOC 4100S (CY8C41x4xxx-Sxxx),CY8C4124PVS-S422,cmsis_device_name,tcl/target/psoc4.cfg,not_validated,CAT2_DFP,1.6.0,https://itools.infineon.com/cmsis_packs/CAT2_DFP/Infineon.CAT2_DFP.pdsc
Infineon,PSOC 4100S,PSOC 4100S (CY8C41x4xxx-Sxxx),CY8C4124PVS-S432,cmsis_device_name,tcl/target/psoc4.cfg,not_validated,CAT2_DFP,1.6.0,https://itools.infineon.com/cmsis_packs/CAT2_DFP/Infineon.CAT2_DFP.pdsc
Infineon,PSOC 4100S,PSOC 4100S (CY8C41x5xxx-Sxxx),CY8C4125AXI-S423,cmsis_device_name,tcl/target/psoc4.cfg,not_validated,CAT2_DFP,1.6.0,https://itools.infineon.com/cmsis_packs/CAT2_DFP/Infineon.CAT2_DFP.pdsc
Infineon,PSOC 4100S,PSOC 4100S (CY8C41x5xxx-Sxxx),CY8C4125AXI-S433,cmsis_device_name,tcl/target/psoc4.cfg,not_validated,CAT2_DFP,1.6.0,https://itools.infineon.com/cmsis_packs/CAT2_DFP/Infineon.CAT2_DFP.pdsc
Infineon,PSOC 4100S,PSOC 4100S (CY8C41x5xxx-Sxxx),CY8C4125AZI-S413,cmsis_device_name,tcl/target/psoc4.cfg,not_validated,CAT2_DFP,1.6.0,https://itools.infineon.com/cmsis_packs/CAT2_DFP/Infineon.CAT2_DFP.pdsc
Infineon,PSOC 4100S,PSOC 4100S (CY8C41x5xxx-Sxxx),CY8C4125AZI-S423,cmsis_device_name,tcl/target/psoc4.cfg,not_validated,CAT2_DFP,1.6.0,https://itools.infineon.com/cmsis_packs/CAT2_DFP/Infineon.CAT2_DFP.pdsc
Infineon,PSOC 4100S,PSOC 4100S (CY8C41x5xxx-Sxxx),CY8C4125AZI-S433,cmsis_device_name,tcl/target/psoc4.cfg,not_validated,CAT2_DFP,1.6.0,https://itools.infineon.com/cmsis_packs/CAT2_DFP/Infineon.CAT2_DFP.pdsc
Infineon,PSOC 4100S,PSOC 4100S (CY8C41x5xxx-Sxxx),CY8C4125AZQ-S433,cmsis_device_name,tcl/target/psoc4.cfg,not_validated,CAT2_DFP,1.6.0,https://itools.infineon.com/cmsis_packs/CAT2_DFP/Infineon.CAT2_DFP.pdsc
Infineon,PSOC 4100S,PSOC 4100S (CY8C41x5xxx-Sxxx),CY8C4125FNI-S413,cmsis_device_name,tcl/target/psoc4.cfg,not_validated,CAT2_DFP,1.6.0,https://itools.infineon.com/cmsis_packs/CAT2_DFP/Infineon.CAT2_DFP.pdsc
Infineon,PSOC 4100S,PSOC 4100S (CY8C41x5xxx-Sxxx),CY8C4125FNI-S423,cmsis_device_name,tcl/target/psoc4.cfg,not_validated,CAT2_DFP,1.6.0,https://itools.infineon.com/cmsis_packs/CAT2_DFP/Infineon.CAT2_DFP.pdsc
Infineon,PSOC 4100S,PSOC 4100S (CY8C41x5xxx-Sxxx),CY8C4125FNI-S433,cmsis_device_name,tcl/target/psoc4.cfg,not_validated,CAT2_DFP,1.6.0,https://itools.infineon.com/cmsis_packs/CAT2_DFP/Infineon.CAT2_DFP.pdsc
Infineon,PSOC 4100S,PSOC 4100S (CY8C41x5xxx-Sxxx),CY8C4125FNQ-S433,cmsis_device_name,tcl/target/psoc4.cfg,not_validated,CAT2_DFP,1.6.0,https://itools.infineon.com/cmsis_packs/CAT2_DFP/Infineon.CAT2_DFP.pdsc
Infineon,PSOC 4100S,PSOC 4100S (CY8C41x5xxx-Sxxx),CY8C4125LQA-S413,cmsis_device_name,tcl/target/psoc4.cfg,not_validated,CAT2_DFP,1.6.0,https://itools.infineon.com/cmsis_packs/CAT2_DFP/Infineon.CAT2_DFP.pdsc
Infineon,PSOC 4100S,PSOC 4100S (CY8C41x5xxx-Sxxx),CY8C4125LQA-S423,cmsis_device_name,tcl/target/psoc4.cfg,not_validated,CAT2_DFP,1.6.0,https://itools.infineon.com/cmsis_packs/CAT2_DFP/Infineon.CAT2_DFP.pdsc
Infineon,PSOC 4100S,PSOC 4100S (CY8C41x5xxx-Sxxx),CY8C4125LQA-S433,cmsis_device_name,tcl/target/psoc4.cfg,not_validated,CAT2_DFP,1.6.0,https://itools.infineon.com/cmsis_packs/CAT2_DFP/Infineon.CAT2_DFP.pdsc
Infineon,PSOC 4100S,PSOC 4100S (CY8C41x5xxx-Sxxx),CY8C4125LQE-S413,cmsis_device_name,tcl/target/psoc4.cfg,not_validated,CAT2_DFP,1.6.0,https://itools.infineon.com/cmsis_packs/CAT2_DFP/Infineon.CAT2_DFP.pdsc
Infineon,PSOC 4100S,PSOC 4100S (CY8C41x5xxx-Sxxx),CY8C4125LQE-S423,cmsis_device_name,tcl/target/psoc4.cfg,not_validated,CAT2_DFP,1.6.0,https://itools.infineon.com/cmsis_packs/CAT2_DFP/Infineon.CAT2_DFP.pdsc
Infineon,PSOC 4100S,PSOC 4100S (CY8C41x5xxx-Sxxx),CY8C4125LQE-S433,cmsis_device_name,tcl/target/psoc4.cfg,not_validated,CAT2_DFP,1.6.0,https://itools.infineon.com/cmsis_packs/CAT2_DFP/Infineon.CAT2_DFP.pdsc
Infineon,PSOC 4100S,PSOC 4100S (CY8C41x5xxx-Sxxx),CY8C4125LQI-S412,cmsis_device_name,tcl/target/psoc4.cfg,not_validated,CAT2_DFP,1.6.0,https://itools.infineon.com/cmsis_packs/CAT2_DFP/Infineon.CAT2_DFP.pdsc
Infineon,PSOC 4100S,PSOC 4100S (CY8C41x5xxx-Sxxx),CY8C4125LQI-S413,cmsis_device_name,tcl/target/psoc4.cfg,not_validated,CAT2_DFP,1.6.0,https://itools.infineon.com/cmsis_packs/CAT2_DFP/Infineon.CAT2_DFP.pdsc
Infineon,PSOC 4100S,PSOC 4100S (CY8C41x5xxx-Sxxx),CY8C4125LQI-S422,cmsis_device_name,tcl/target/psoc4.cfg,not_validated,CAT2_DFP,1.6.0,https://itools.infineon.com/cmsis_packs/CAT2_DFP/Infineon.CAT2_DFP.pdsc
Infineon,PSOC 4100S,PSOC 4100S (CY8C41x5xxx-Sxxx),CY8C4125LQI-S423,cmsis_device_name,tcl/target/psoc4.cfg,not_validated,CAT2_DFP,1.6.0,https://itools.infineon.com/cmsis_packs/CAT2_DFP/Infineon.CAT2_DFP.pdsc
Infineon,PSOC 4100S,PSOC 4100S (CY8C41x5xxx-Sxxx),CY8C4125LQI-S432,cmsis_device_name,tcl/target/psoc4.cfg,not_validated,CAT2_DFP,1.6.0,https://itools.infineon.com/cmsis_packs/CAT2_DFP/Infineon.CAT2_DFP.pdsc
Infineon,PSOC 4100S,PSOC 4100S (CY8C41x5xxx-Sxxx),CY8C4125LQI-S433,cmsis_device_name,tcl/target/psoc4.cfg,not_validated,CAT2_DFP,1.6.0,https://itools.infineon.com/cmsis_packs/CAT2_DFP/Infineon.CAT2_DFP.pdsc
Infineon,PSOC 4100S,PSOC 4100S (CY8C41x5xxx-Sxxx),CY8C4125LQQ-S432,cmsis_device_name,tcl/target/psoc4.cfg,not_validated,CAT2_DFP,1.6.0,https://itools.infineon.com/cmsis_packs/CAT2_DFP/Infineon.CAT2_DFP.pdsc
Infineon,PSOC 4100S,PSOC 4100S (CY8C41x5xxx-Sxxx),CY8C4125LQS-S413,cmsis_device_name,tcl/target/psoc4.cfg,not_validated,CAT2_DFP,1.6.0,https://itools.infineon.com/cmsis_packs/CAT2_DFP/Infineon.CAT2_DFP.pdsc
Infineon,PSOC 4100S,PSOC 4100S (CY8C41x5xxx-Sxxx),CY8C4125LQS-S423,cmsis_device_name,tcl/target/psoc4.cfg,not_validated,CAT2_DFP,1.6.0,https://itools.infineon.com/cmsis_packs/CAT2_DFP/Infineon.CAT2_DFP.pdsc
Infineon,PSOC 4100S,PSOC 4100S (CY8C41x5xxx-Sxxx),CY8C4125LQS-S433,cmsis_device_name,tcl/target/psoc4.cfg,not_validated,CAT2_DFP,1.6.0,https://itools.infineon.com/cmsis_packs/CAT2_DFP/Infineon.CAT2_DFP.pdsc
Infineon,PSOC 4100S,PSOC 4100S (CY8C41x5xxx-Sxxx),CY8C4125PVA-S412,cmsis_device_name,tcl/target/psoc4.cfg,not_validated,CAT2_DFP,1.6.0,https://itools.infineon.com/cmsis_packs/CAT2_DFP/Infineon.CAT2_DFP.pdsc
Infineon,PSOC 4100S,PSOC 4100S (CY8C41x5xxx-Sxxx),CY8C4125PVA-S422,cmsis_device_name,tcl/target/psoc4.cfg,not_validated,CAT2_DFP,1.6.0,https://itools.infineon.com/cmsis_packs/CAT2_DFP/Infineon.CAT2_DFP.pdsc
Infineon,PSOC 4100S,PSOC 4100S (CY8C41x5xxx-Sxxx),CY8C4125PVA-S432,cmsis_device_name,tcl/target/psoc4.cfg,not_validated,CAT2_DFP,1.6.0,https://itools.infineon.com/cmsis_packs/CAT2_DFP/Infineon.CAT2_DFP.pdsc
Infineon,PSOC 4100S,PSOC 4100S (CY8C41x5xxx-Sxxx),CY8C4125PVE-S412,cmsis_device_name,tcl/target/psoc4.cfg,not_validated,CAT2_DFP,1.6.0,https://itools.infineon.com/cmsis_packs/CAT2_DFP/Infineon.CAT2_DFP.pdsc
Infineon,PSOC 4100S,PSOC 4100S (CY8C41x5xxx-Sxxx),CY8C4125PVE-S422,cmsis_device_name,tcl/target/psoc4.cfg,not_validated,CAT2_DFP,1.6.0,https://itools.infineon.com/cmsis_packs/CAT2_DFP/Infineon.CAT2_DFP.pdsc
Infineon,PSOC 4100S,PSOC 4100S (CY8C41x5xxx-Sxxx),CY8C4125PVE-S432,cmsis_device_name,tcl/target/psoc4.cfg,not_validated,CAT2_DFP,1.6.0,https://itools.infineon.com/cmsis_packs/CAT2_DFP/Infineon.CAT2_DFP.pdsc
Infineon,PSOC 4100S,PSOC 4100S (CY8C41x5xxx-Sxxx),CY8C4125PVS-S412,cmsis_device_name,tcl/target/psoc4.cfg,not_validated,CAT2_DFP,1.6.0,https://itools.infineon.com/cmsis_packs/CAT2_DFP/Infineon.CAT2_DFP.pdsc
Infineon,PSOC 4100S,PSOC 4100S (CY8C41x5xxx-Sxxx),CY8C4125PVS-S422,cmsis_device_name,tcl/target/psoc4.cfg,not_validated,CAT2_DFP,1.6.0,https://itools.infineon.com/cmsis_packs/CAT2_DFP/Infineon.CAT2_DFP.pdsc
Infineon,PSOC 4100S,PSOC 4100S (CY8C41x5xxx-Sxxx),CY8C4125PVS-S432,cmsis_device_name,tcl/target/psoc4.cfg,not_validated,CAT2_DFP,1.6.0,https://itools.infineon.com/cmsis_packs/CAT2_DFP/Infineon.CAT2_DFP.pdsc
Infineon,PSOC 4100S,PSOC 4100S (CY8C41x5xxx-Sxxx),CY8C4145AXI-S423,cmsis_device_name,tcl/target/psoc4.cfg,not_validated,CAT2_DFP,1.6.0,https://itools.infineon.com/cmsis_packs/CAT2_DFP/Infineon.CAT2_DFP.pdsc
Infineon,PSOC 4100S,PSOC 4100S (CY8C41x5xxx-Sxxx),CY8C4145AXI-S433,cmsis_device_name,tcl/target/psoc4.cfg,not_validated,CAT2_DFP,1.6.0,https://itools.infineon.com/cmsis_packs/CAT2_DFP/Infineon.CAT2_DFP.pdsc
Infineon,PSOC 4100S,PSOC 4100S (CY8C41x5xxx-Sxxx),CY8C4145AXQ-S433,cmsis_device_name,tcl/target/psoc4.cfg,not_validated,CAT2_DFP,1.6.0,https://itools.infineon.com/cmsis_packs/CAT2_DFP/Infineon.CAT2_DFP.pdsc
Infineon,PSOC 4100S,PSOC 4100S (CY8C41x5xxx-Sxxx),CY8C4145AZI-S423,cmsis_device_name,tcl/target/psoc4.cfg,not_validated,CAT2_DFP,1.6.0,https://itools.infineon.com/cmsis_packs/CAT2_DFP/Infineon.CAT2_DFP.pdsc
Infineon,PSOC 4100S,PSOC 4100S (CY8C41x5xxx-Sxxx),CY8C4145AZQ-S433,cmsis_device_name,tcl/target/psoc4.cfg,not_validated,CAT2_DFP,1.6.0,https://itools.infineon.com/cmsis_packs/CAT2_DFP/Infineon.CAT2_DFP.pdsc
Infineon,PSOC 4100S,PSOC 4100S (CY8C41x6xxx-Sxxx),CY8C4126AXI-S423,cmsis_device_name,tcl/target/psoc4.cfg,not_validated,CAT2_DFP,1.6.0,https://itools.infineon.com/cmsis_packs/CAT2_DFP/Infineon.CAT2_DFP.pdsc
Infineon,PSOC 4100S,PSOC 4100S (CY8C41x6xxx-Sxxx),CY8C4126AXI-S433,cmsis_device_name,tcl/target/psoc4.cfg,not_validated,CAT2_DFP,1.6.0,https://itools.infineon.com/cmsis_packs/CAT2_DFP/Infineon.CAT2_DFP.pdsc
Infineon,PSOC 4100S,PSOC 4100S (CY8C41x6xxx-Sxxx),CY8C4126AXQ-S433,cmsis_device_name,tcl/target/psoc4.cfg,not_validated,CAT2_DFP,1.6.0,https://itools.infineon.com/cmsis_packs/CAT2_DFP/Infineon.CAT2_DFP.pdsc
Infineon,PSOC 4100S,PSOC 4100S (CY8C41x6xxx-Sxxx),CY8C4126AZI-S423,cmsis_device_name,tcl/target/psoc4.cfg,not_validated,CAT2_DFP,1.6.0,https://itools.infineon.com/cmsis_packs/CAT2_DFP/Infineon.CAT2_DFP.pdsc
Infineon,PSOC 4100S,PSOC 4100S (CY8C41x6xxx-Sxxx),CY8C4126AZI-S433,cmsis_device_name,tcl/target/psoc4.cfg,not_validated,CAT2_DFP,1.6.0,https://itools.infineon.com/cmsis_packs/CAT2_DFP/Infineon.CAT2_DFP.pdsc
Infineon,PSOC 4100S,PSOC 4100S (CY8C41x6xxx-Sxxx),CY8C4126AZQ-S423,cmsis_device_name,tcl/target/psoc4.cfg,not_validated,CAT2_DFP,1.6.0,https://itools.infineon.com/cmsis_packs/CAT2_DFP/Infineon.CAT2_DFP.pdsc
Infineon,PSOC 4100S,PSOC 4100S (CY8C41x6xxx-Sxxx),CY8C4126AZQ-S433,cmsis_device_name,tcl/target/psoc4.cfg,not_validated,CAT2_DFP,1.6.0,https://itools.infineon.com/cmsis_packs/CAT2_DFP/Infineon.CAT2_DFP.pdsc
Infineon,PSOC 4100S,PSOC 4100S (CY8C41x6xxx-Sxxx),CY8C4146AXI-S423,cmsis_device_name,tcl/target/psoc4.cfg,not_validated,CAT2_DFP,1.6.0,https://itools.infineon.com/cmsis_packs/CAT2_DFP/Infineon.CAT2_DFP.pdsc
Infineon,PSOC 4100S,PSOC 4100S (CY8C41x6xxx-Sxxx),CY8C4146AXI-S433,cmsis_device_name,tcl/target/psoc4.cfg,not_validated,CAT2_DFP,1.6.0,https://itools.infineon.com/cmsis_packs/CAT2_DFP/Infineon.CAT2_DFP.pdsc
Infineon,PSOC 4100S,PSOC 4100S (CY8C41x6xxx-Sxxx),CY8C4146AXQ-S423,cmsis_device_name,tcl/target/psoc4.cfg,not_validated,CAT2_DFP,1.6.0,https://itools.infineon.com/cmsis_packs/CAT2_DFP/Infineon.CAT2_DFP.pdsc
Infineon,PSOC 4100S,PSOC 4100S (CY8C41x6xxx-Sxxx),CY8C4146AXQ-S433,cmsis_device_name,tcl/target/psoc4.cfg,not_validated,CAT2_DFP,1.6.0,https://itools.infineon.com/cmsis_packs/CAT2_DFP/Infineon.CAT2_DFP.pdsc
Infineon,PSOC 4100S,PSOC 4100S (CY8C41x6xxx-Sxxx),CY8C4146AZI-S423,cmsis_device_name,tcl/target/psoc4.cfg,not_validated,CAT2_DFP,1.6.0,https://itools.infineon.com/cmsis_packs/CAT2_DFP/Infineon.CAT2_DFP.pdsc
Infineon,PSOC 4100S,PSOC 4100S (CY8C41x6xxx-Sxxx),CY8C4146AZI-S433,cmsis_device_name,tcl/target/psoc4.cfg,not_validated,CAT2_DFP,1.6.0,https://itools.infineon.com/cmsis_packs/CAT2_DFP/Infineon.CAT2_DFP.pdsc
Infineon,PSOC 4100S,PSOC 4100S (CY8C41x6xxx-Sxxx),CY8C4146AZQ-S423,cmsis_device_name,tcl/target/psoc4.cfg,not_validated,CAT2_DFP,1.6.0,https://itools.infineon.com/cmsis_packs/CAT2_DFP/Infineon.CAT2_DFP.pdsc
Infineon,PSOC 4100S,PSOC 4100S (CY8C41x6xxx-Sxxx),CY8C4146AZQ-S433,cmsis_device_name,tcl/target/psoc4.cfg,not_validated,CAT2_DFP,1.6.0,https://itools.infineon.com/cmsis_packs/CAT2_DFP/Infineon.CAT2_DFP.pdsc
Infineon,PSOC 4100S,PSOC 4100S (CY8C41x6xxx-Sxxx),CY8C4146FNI-S423,cmsis_device_name,tcl/target/psoc4.cfg,not_validated,CAT2_DFP,1.6.0,https://itools.infineon.com/cmsis_packs/CAT2_DFP/Infineon.CAT2_DFP.pdsc
Infineon,PSOC 4100S,PSOC 4100S (CY8C41x6xxx-Sxxx),CY8C4146FNI-S433,cmsis_device_name,tcl/target/psoc4.cfg,not_validated,CAT2_DFP,1.6.0,https://itools.infineon.com/cmsis_packs/CAT2_DFP/Infineon.CAT2_DFP.pdsc
Infineon,PSOC 4100S,PSOC 4100S (CY8C41x6xxx-Sxxx),CY8C4146FNI-S443,cmsis_device_name,tcl/target/psoc4.cfg,not_validated,CAT2_DFP,1.6.0,https://itools.infineon.com/cmsis_packs/CAT2_DFP/Infineon.CAT2_DFP.pdsc
Infineon,PSOC 4100S,PSOC 4100S (CY8C41x6xxx-Sxxx),CY8C4146FNQ-S433,cmsis_device_name,tcl/target/psoc4.cfg,not_validated,CAT2_DFP,1.6.0,https://itools.infineon.com/cmsis_packs/CAT2_DFP/Infineon.CAT2_DFP.pdsc
Infineon,PSOC 4100S,PSOC 4100S (CY8C41x6xxx-Sxxx),CY8C4146LQA-S423,cmsis_device_name,tcl/target/psoc4.cfg,not_validated,CAT2_DFP,1.6.0,https://itools.infineon.com/cmsis_packs/CAT2_DFP/Infineon.CAT2_DFP.pdsc
Infineon,PSOC 4100S,PSOC 4100S (CY8C41x6xxx-Sxxx),CY8C4146LQA-S433,cmsis_device_name,tcl/target/psoc4.cfg,not_validated,CAT2_DFP,1.6.0,https://itools.infineon.com/cmsis_packs/CAT2_DFP/Infineon.CAT2_DFP.pdsc
Infineon,PSOC 4100S,PSOC 4100S (CY8C41x6xxx-Sxxx),CY8C4146LQE-S423,cmsis_device_name,tcl/target/psoc4.cfg,not_validated,CAT2_DFP,1.6.0,https://itools.infineon.com/cmsis_packs/CAT2_DFP/Infineon.CAT2_DFP.pdsc
Infineon,PSOC 4100S,PSOC 4100S (CY8C41x6xxx-Sxxx),CY8C4146LQE-S433,cmsis_device_name,tcl/target/psoc4.cfg,not_validated,CAT2_DFP,1.6.0,https://itools.infineon.com/cmsis_packs/CAT2_DFP/Infineon.CAT2_DFP.pdsc
Infineon,PSOC 4100S,PSOC 4100S (CY8C41x6xxx-Sxxx),CY8C4146LQI-S422,cmsis_device_name,tcl/target/psoc4.cfg,not_validated,CAT2_DFP,1.6.0,https://itools.infineon.com/cmsis_packs/CAT2_DFP/Infineon.CAT2_DFP.pdsc
Infineon,PSOC 4100S,PSOC 4100S (CY8C41x6xxx-Sxxx),CY8C4146LQI-S423,cmsis_device_name,tcl/target/psoc4.cfg,not_validated,CAT2_DFP,1.6.0,https://itools.infineon.com/cmsis_packs/CAT2_DFP/Infineon.CAT2_DFP.pdsc
Infineon,PSOC 4100S,PSOC 4100S (CY8C41x6xxx-Sxxx),CY8C4146LQI-S432,cmsis_device_name,tcl/target/psoc4.cfg,not_validated,CAT2_DFP,1.6.0,https://itools.infineon.com/cmsis_packs/CAT2_DFP/Infineon.CAT2_DFP.pdsc
Infineon,PSOC 4100S,PSOC 4100S (CY8C41x6xxx-Sxxx),CY8C4146LQI-S433,cmsis_device_name,tcl/target/psoc4.cfg,not_validated,CAT2_DFP,1.6.0,https://itools.infineon.com/cmsis_packs/CAT2_DFP/Infineon.CAT2_DFP.pdsc
Infineon,PSOC 4100S,PSOC 4100S (CY8C41x6xxx-Sxxx),CY8C4146LQQ-S422,cmsis_device_name,tcl/target/psoc4.cfg,not_validated,CAT2_DFP,1.6.0,https://itools.infineon.com/cmsis_packs/CAT2_DFP/Infineon.CAT2_DFP.pdsc
Infineon,PSOC 4100S,PSOC 4100S (CY8C41x6xxx-Sxxx),CY8C4146LQQ-S432,cmsis_device_name,tcl/target/psoc4.cfg,not_validated,CAT2_DFP,1.6.0,https://itools.infineon.com/cmsis_packs/CAT2_DFP/Infineon.CAT2_DFP.pdsc
Infineon,PSOC 4100S,PSOC 4100S (CY8C41x6xxx-Sxxx),CY8C4146LQS-S423,cmsis_device_name,tcl/target/psoc4.cfg,not_validated,CAT2_DFP,1.6.0,https://itools.infineon.com/cmsis_packs/CAT2_DFP/Infineon.CAT2_DFP.pdsc
Infineon,PSOC 4100S,PSOC 4100S (CY8C41x6xxx-Sxxx),CY8C4146LQS-S433,cmsis_device_name,tcl/target/psoc4.cfg,not_validated,CAT2_DFP,1.6.0,https://itools.infineon.com/cmsis_packs/CAT2_DFP/Infineon.CAT2_DFP.pdsc
Infineon,PSOC 4100S,PSOC 4100S (CY8C41x6xxx-Sxxx),CY8C4146PVA-S422,cmsis_device_name,tcl/target/psoc4.cfg,not_validated,CAT2_DFP,1.6.0,https://itools.infineon.com/cmsis_packs/CAT2_DFP/Infineon.CAT2_DFP.pdsc
Infineon,PSOC 4100S,PSOC 4100S (CY8C41x6xxx-Sxxx),CY8C4146PVA-S432,cmsis_device_name,tcl/target/psoc4.cfg,not_validated,CAT2_DFP,1.6.0,https://itools.infineon.com/cmsis_packs/CAT2_DFP/Infineon.CAT2_DFP.pdsc
Infineon,PSOC 4100S,PSOC 4100S (CY8C41x6xxx-Sxxx),CY8C4146PVE-S422,cmsis_device_name,tcl/target/psoc4.cfg,not_validated,CAT2_DFP,1.6.0,https://itools.infineon.com/cmsis_packs/CAT2_DFP/Infineon.CAT2_DFP.pdsc
Infineon,PSOC 4100S,PSOC 4100S (CY8C41x6xxx-Sxxx),CY8C4146PVE-S432,cmsis_device_name,tcl/target/psoc4.cfg,not_validated,CAT2_DFP,1.6.0,https://itools.infineon.com/cmsis_packs/CAT2_DFP/Infineon.CAT2_DFP.pdsc
Infineon,PSOC 4100S,PSOC 4100S (CY8C41x6xxx-Sxxx),CY8C4146PVS-S422,cmsis_device_name,tcl/target/psoc4.cfg,not_validated,CAT2_DFP,1.6.0,https://itools.infineon.com/cmsis_packs/CAT2_DFP/Infineon.CAT2_DFP.pdsc
Infineon,PSOC 4100S,PSOC 4100S (CY8C41x6xxx-Sxxx),CY8C4146PVS-S432,cmsis_device_name,tcl/target/psoc4.cfg,not_validated,CAT2_DFP,1.6.0,https://itools.infineon.com/cmsis_packs/CAT2_DFP/Infineon.CAT2_DFP.pdsc
Infineon,PSOC 4100S Max,PSOC 4100S Max (CY8C4147xxx-Sxxx),CY8C4147AZA-S548,cmsis_device_name,tcl/target/psoc4.cfg,not_validated,CAT2_DFP,1.6.0,https://itools.infineon.com/cmsis_packs/CAT2_DFP/Infineon.CAT2_DFP.pdsc
Infineon,PSOC 4100S Max,PSOC 4100S Max (CY8C4147xxx-Sxxx),CY8C4147AZA-S555,cmsis_device_name,tcl/target/psoc4.cfg,not_validated,CAT2_DFP,1.6.0,https://itools.infineon.com/cmsis_packs/CAT2_DFP/Infineon.CAT2_DFP.pdsc
Infineon,PSOC 4100S Max,PSOC 4100S Max (CY8C4147xxx-Sxxx),CY8C4147AZA-S558,cmsis_device_name,tcl/target/psoc4.cfg,not_validated,CAT2_DFP,1.6.0,https://itools.infineon.com/cmsis_packs/CAT2_DFP/Infineon.CAT2_DFP.pdsc
Infineon,PSOC 4100S Max,PSOC 4100S Max (CY8C4147xxx-Sxxx),CY8C4147AZA-S565,cmsis_device_name,tcl/target/psoc4.cfg,not_validated,CAT2_DFP,1.6.0,https://itools.infineon.com/cmsis_packs/CAT2_DFP/Infineon.CAT2_DFP.pdsc
Infineon,PSOC 4100S Max,PSOC 4100S Max (CY8C4147xxx-Sxxx),CY8C4147AZA-S568,cmsis_device_name,tcl/target/psoc4.cfg,not_validated,CAT2_DFP,1.6.0,https://itools.infineon.com/cmsis_packs/CAT2_DFP/Infineon.CAT2_DFP.pdsc
Infineon,PSOC 4100S Max,PSOC 4100S Max (CY8C4147xxx-Sxxx),CY8C4147AZA-S575,cmsis_device_name,tcl/target/psoc4.cfg,not_validated,CAT2_DFP,1.6.0,https://itools.infineon.com/cmsis_packs/CAT2_DFP/Infineon.CAT2_DFP.pdsc
Infineon,PSOC 4100S Max,PSOC 4100S Max (CY8C4147xxx-Sxxx),CY8C4147AZA-S578,cmsis_device_name,tcl/target/psoc4.cfg,not_validated,CAT2_DFP,1.6.0,https://itools.infineon.com/cmsis_packs/CAT2_DFP/Infineon.CAT2_DFP.pdsc
Infineon,PSOC 4100S Max,PSOC 4100S Max (CY8C4147xxx-Sxxx),CY8C4147AZA-S585,cmsis_device_name,tcl/target/psoc4.cfg,not_validated,CAT2_DFP,1.6.0,https://itools.infineon.com/cmsis_packs/CAT2_DFP/Infineon.CAT2_DFP.pdsc
Infineon,PSOC 4100S Max,PSOC 4100S Max (CY8C4147xxx-Sxxx),CY8C4147AZA-S588,cmsis_device_name,tcl/target/psoc4.cfg,not_validated,CAT2_DFP,1.6.0,https://itools.infineon.com/cmsis_packs/CAT2_DFP/Infineon.CAT2_DFP.pdsc
Infineon,PSOC 4100S Max,PSOC 4100S Max (CY8C4147xxx-Sxxx),CY8C4147AZA-S595,cmsis_device_name,tcl/target/psoc4.cfg,not_validated,CAT2_DFP,1.6.0,https://itools.infineon.com/cmsis_packs/CAT2_DFP/Infineon.CAT2_DFP.pdsc
Infineon,PSOC 4100S Max,PSOC 4100S Max (CY8C4147xxx-Sxxx),CY8C4147AZA-S598,cmsis_device_name,tcl/target/psoc4.cfg,not_validated,CAT2_DFP,1.6.0,https://itools.infineon.com/cmsis_packs/CAT2_DFP/Infineon.CAT2_DFP.pdsc
Infineon,PSOC 4100S Max,PSOC 4100S Max (CY8C4147xxx-Sxxx),CY8C4147AZE-S548,cmsis_device_name,tcl/target/psoc4.cfg,not_validated,CAT2_DFP,1.6.0,https://itools.infineon.com/cmsis_packs/CAT2_DFP/Infineon.CAT2_DFP.pdsc
Infineon,PSOC 4100S Max,PSOC 4100S Max (CY8C4147xxx-Sxxx),CY8C4147AZE-S555,cmsis_device_name,tcl/target/psoc4.cfg,not_validated,CAT2_DFP,1.6.0,https://itools.infineon.com/cmsis_packs/CAT2_DFP/Infineon.CAT2_DFP.pdsc
Infineon,PSOC 4100S Max,PSOC 4100S Max (CY8C4147xxx-Sxxx),CY8C4147AZE-S558,cmsis_device_name,tcl/target/psoc4.cfg,not_validated,CAT2_DFP,1.6.0,https://itools.infineon.com/cmsis_packs/CAT2_DFP/Infineon.CAT2_DFP.pdsc
Infineon,PSOC 4100S Max,PSOC 4100S Max (CY8C4147xxx-Sxxx),CY8C4147AZE-S565,cmsis_device_name,tcl/target/psoc4.cfg,not_validated,CAT2_DFP,1.6.0,https://itools.infineon.com/cmsis_packs/CAT2_DFP/Infineon.CAT2_DFP.pdsc
Infineon,PSOC 4100S Max,PSOC 4100S Max (CY8C4147xxx-Sxxx),CY8C4147AZE-S568,cmsis_device_name,tcl/target/psoc4.cfg,not_validated,CAT2_DFP,1.6.0,https://itools.infineon.com/cmsis_packs/CAT2_DFP/Infineon.CAT2_DFP.pdsc
Infineon,PSOC 4100S Max,PSOC 4100S Max (CY8C4147xxx-Sxxx),CY8C4147AZE-S575,cmsis_device_name,tcl/target/psoc4.cfg,not_validated,CAT2_DFP,1.6.0,https://itools.infineon.com/cmsis_packs/CAT2_DFP/Infineon.CAT2_DFP.pdsc
Infineon,PSOC 4100S Max,PSOC 4100S Max (CY8C4147xxx-Sxxx),CY8C4147AZE-S578,cmsis_device_name,tcl/target/psoc4.cfg,not_validated,CAT2_DFP,1.6.0,https://itools.infineon.com/cmsis_packs/CAT2_DFP/Infineon.CAT2_DFP.pdsc
Infineon,PSOC 4100S Max,PSOC 4100S Max (CY8C4147xxx-Sxxx),CY8C4147AZE-S585,cmsis_device_name,tcl/target/psoc4.cfg,not_validated,CAT2_DFP,1.6.0,https://itools.infineon.com/cmsis_packs/CAT2_DFP/Infineon.CAT2_DFP.pdsc
Infineon,PSOC 4100S Max,PSOC 4100S Max (CY8C4147xxx-Sxxx),CY8C4147AZE-S588,cmsis_device_name,tcl/target/psoc4.cfg,not_validated,CAT2_DFP,1.6.0,https://itools.infineon.com/cmsis_packs/CAT2_DFP/Infineon.CAT2_DFP.pdsc
Infineon,PSOC 4100S Max,PSOC 4100S Max (CY8C4147xxx-Sxxx),CY8C4147AZE-S595,cmsis_device_name,tcl/target/psoc4.cfg,not_validated,CAT2_DFP,1.6.0,https://itools.infineon.com/cmsis_packs/CAT2_DFP/Infineon.CAT2_DFP.pdsc
Infineon,PSOC 4100S Max,PSOC 4100S Max (CY8C4147xxx-Sxxx),CY8C4147AZE-S598,cmsis_device_name,tcl/target/psoc4.cfg,not_validated,CAT2_DFP,1.6.0,https://itools.infineon.com/cmsis_packs/CAT2_DFP/Infineon.CAT2_DFP.pdsc
Infineon,PSOC 4100S Max,PSOC 4100S Max (CY8C4147xxx-Sxxx),CY8C4147AZS-S548,cmsis_device_name,tcl/target/psoc4.cfg,not_validated,CAT2_DFP,1.6.0,https://itools.infineon.com/cmsis_packs/CAT2_DFP/Infineon.CAT2_DFP.pdsc
Infineon,PSOC 4100S Max,PSOC 4100S Max (CY8C4147xxx-Sxxx),CY8C4147AZS-S555,cmsis_device_name,tcl/target/psoc4.cfg,not_validated,CAT2_DFP,1.6.0,https://itools.infineon.com/cmsis_packs/CAT2_DFP/Infineon.CAT2_DFP.pdsc
Infineon,PSOC 4100S Max,PSOC 4100S Max (CY8C4147xxx-Sxxx),CY8C4147AZS-S558,cmsis_device_name,tcl/target/psoc4.cfg,not_validated,CAT2_DFP,1.6.0,https://itools.infineon.com/cmsis_packs/CAT2_DFP/Infineon.CAT2_DFP.pdsc
Infineon,PSOC 4100S Max,PSOC 4100S Max (CY8C4147xxx-Sxxx),CY8C4147AZS-S565,cmsis_device_name,tcl/target/psoc4.cfg,not_validated,CAT2_DFP,1.6.0,https://itools.infineon.com/cmsis_packs/CAT2_DFP/Infineon.CAT2_DFP.pdsc
Infineon,PSOC 4100S Max,PSOC 4100S Max (CY8C4147xxx-Sxxx),CY8C4147AZS-S568,cmsis_device_name,tcl/target/psoc4.cfg,not_validated,CAT2_DFP,1.6.0,https://itools.infineon.com/cmsis_packs/CAT2_DFP/Infineon.CAT2_DFP.pdsc
Infineon,PSOC 4100S Max,PSOC 4100S Max (CY8C4147xxx-Sxxx),CY8C4147AZS-S575,cmsis_device_name,tcl/target/psoc4.cfg,not_validated,CAT2_DFP,1.6.0,https://itools.infineon.com/cmsis_packs/CAT2_DFP/Infineon.CAT2_DFP.pdsc
Infineon,PSOC 4100S Max,PSOC 4100S Max (CY8C4147xxx-Sxxx),CY8C4147AZS-S578,cmsis_device_name,tcl/target/psoc4.cfg,not_validated,CAT2_DFP,1.6.0,https://itools.infineon.com/cmsis_packs/CAT2_DFP/Infineon.CAT2_DFP.pdsc
Infineon,PSOC 4100S Max,PSOC 4100S Max (CY8C4147xxx-Sxxx),CY8C4147AZS-S585,cmsis_device_name,tcl/target/psoc4.cfg,not_validated,CAT2_DFP,1.6.0,https://itools.infineon.com/cmsis_packs/CAT2_DFP/Infineon.CAT2_DFP.pdsc
Infineon,PSOC 4100S Max,PSOC 4100S Max (CY8C4147xxx-Sxxx),CY8C4147AZS-S588,cmsis_device_name,tcl/target/psoc4.cfg,not_validated,CAT2_DFP,1.6.0,https://itools.infineon.com/cmsis_packs/CAT2_DFP/Infineon.CAT2_DFP.pdsc
Infineon,PSOC 4100S Max,PSOC 4100S Max (CY8C4147xxx-Sxxx),CY8C4147AZS-S595,cmsis_device_name,tcl/target/psoc4.cfg,not_validated,CAT2_DFP,1.6.0,https://itools.infineon.com/cmsis_packs/CAT2_DFP/Infineon.CAT2_DFP.pdsc
Infineon,PSOC 4100S Max,PSOC 4100S Max (CY8C4147xxx-Sxxx),CY8C4147AZS-S598,cmsis_device_name,tcl/target/psoc4.cfg,not_validated,CAT2_DFP,1.6.0,https://itools.infineon.com/cmsis_packs/CAT2_DFP/Infineon.CAT2_DFP.pdsc
Infineon,PSOC 4100S Max,PSOC 4100S Max (CY8C4147xxx-Sxxx),CY8C4147LDA-S543,cmsis_device_name,tcl/target/psoc4.cfg,not_validated,CAT2_DFP,1.6.0,https://itools.infineon.com/cmsis_packs/CAT2_DFP/Infineon.CAT2_DFP.pdsc
Infineon,PSOC 4100S Max,PSOC 4100S Max (CY8C4147xxx-Sxxx),CY8C4147LDA-S553,cmsis_device_name,tcl/target/psoc4.cfg,not_validated,CAT2_DFP,1.6.0,https://itools.infineon.com/cmsis_packs/CAT2_DFP/Infineon.CAT2_DFP.pdsc
Infineon,PSOC 4100S Max,PSOC 4100S Max (CY8C4147xxx-Sxxx),CY8C4147LDA-S563,cmsis_device_name,tcl/target/psoc4.cfg,not_validated,CAT2_DFP,1.6.0,https://itools.infineon.com/cmsis_packs/CAT2_DFP/Infineon.CAT2_DFP.pdsc
Infineon,PSOC 4100S Max,PSOC 4100S Max (CY8C4147xxx-Sxxx),CY8C4147LDA-S573,cmsis_device_name,tcl/target/psoc4.cfg,not_validated,CAT2_DFP,1.6.0,https://itools.infineon.com/cmsis_packs/CAT2_DFP/Infineon.CAT2_DFP.pdsc
Infineon,PSOC 4100S Max,PSOC 4100S Max (CY8C4147xxx-Sxxx),CY8C4147LDA-S583,cmsis_device_name,tcl/target/psoc4.cfg,not_validated,CAT2_DFP,1.6.0,https://itools.infineon.com/cmsis_packs/CAT2_DFP/Infineon.CAT2_DFP.pdsc
Infineon,PSOC 4100S Max,PSOC 4100S Max (CY8C4147xxx-Sxxx),CY8C4147LDA-S593,cmsis_device_name,tcl/target/psoc4.cfg,not_validated,CAT2_DFP,1.6.0,https://itools.infineon.com/cmsis_packs/CAT2_DFP/Infineon.CAT2_DFP.pdsc
Infineon,PSOC 4100S Max,PSOC 4100S Max (CY8C4147xxx-Sxxx),CY8C4147LDE-S543,cmsis_device_name,tcl/target/psoc4.cfg,not_validated,CAT2_DFP,1.6.0,https://itools.infineon.com/cmsis_packs/CAT2_DFP/Infineon.CAT2_DFP.pdsc
Infineon,PSOC 4100S Max,PSOC 4100S Max (CY8C4147xxx-Sxxx),CY8C4147LDE-S553,cmsis_device_name,tcl/target/psoc4.cfg,not_validated,CAT2_DFP,1.6.0,https://itools.infineon.com/cmsis_packs/CAT2_DFP/Infineon.CAT2_DFP.pdsc
Infineon,PSOC 4100S Max,PSOC 4100S Max (CY8C4147xxx-Sxxx),CY8C4147LDE-S563,cmsis_device_name,tcl/target/psoc4.cfg,not_validated,CAT2_DFP,1.6.0,https://itools.infineon.com/cmsis_packs/CAT2_DFP/Infineon.CAT2_DFP.pdsc
Infineon,PSOC 4100S Max,PSOC 4100S Max (CY8C4147xxx-Sxxx),CY8C4147LDE-S573,cmsis_device_name,tcl/target/psoc4.cfg,not_validated,CAT2_DFP,1.6.0,https://itools.infineon.com/cmsis_packs/CAT2_DFP/Infineon.CAT2_DFP.pdsc
Infineon,PSOC 4100S Max,PSOC 4100S Max (CY8C4147xxx-Sxxx),CY8C4147LDE-S583,cmsis_device_name,tcl/target/psoc4.cfg,not_validated,CAT2_DFP,1.6.0,https://itools.infineon.com/cmsis_packs/CAT2_DFP/Infineon.CAT2_DFP.pdsc
Infineon,PSOC 4100S Max,PSOC 4100S Max (CY8C4147xxx-Sxxx),CY8C4147LDE-S593,cmsis_device_name,tcl/target/psoc4.cfg,not_validated,CAT2_DFP,1.6.0,https://itools.infineon.com/cmsis_packs/CAT2_DFP/Infineon.CAT2_DFP.pdsc
Infineon,PSOC 4100S Max,PSOC 4100S Max (CY8C4147xxx-Sxxx),CY8C4147LDS-S543,cmsis_device_name,tcl/target/psoc4.cfg,not_validated,CAT2_DFP,1.6.0,https://itools.infineon.com/cmsis_packs/CAT2_DFP/Infineon.CAT2_DFP.pdsc
Infineon,PSOC 4100S Max,PSOC 4100S Max (CY8C4147xxx-Sxxx),CY8C4147LDS-S553,cmsis_device_name,tcl/target/psoc4.cfg,not_validated,CAT2_DFP,1.6.0,https://itools.infineon.com/cmsis_packs/CAT2_DFP/Infineon.CAT2_DFP.pdsc
Infineon,PSOC 4100S Max,PSOC 4100S Max (CY8C4147xxx-Sxxx),CY8C4147LDS-S563,cmsis_device_name,tcl/target/psoc4.cfg,not_validated,CAT2_DFP,1.6.0,https://itools.infineon.com/cmsis_packs/CAT2_DFP/Infineon.CAT2_DFP.pdsc
Infineon,PSOC 4100S Max,PSOC 4100S Max (CY8C4147xxx-Sxxx),CY8C4147LDS-S573,cmsis_device_name,tcl/target/psoc4.cfg,not_validated,CAT2_DFP,1.6.0,https://itools.infineon.com/cmsis_packs/CAT2_DFP/Infineon.CAT2_DFP.pdsc
Infineon,PSOC 4100S Max,PSOC 4100S Max (CY8C4147xxx-Sxxx),CY8C4147LDS-S583,cmsis_device_name,tcl/target/psoc4.cfg,not_validated,CAT2_DFP,1.6.0,https://itools.infineon.com/cmsis_packs/CAT2_DFP/Infineon.CAT2_DFP.pdsc
Infineon,PSOC 4100S Max,PSOC 4100S Max (CY8C4147xxx-Sxxx),CY8C4147LDS-S593,cmsis_device_name,tcl/target/psoc4.cfg,not_validated,CAT2_DFP,1.6.0,https://itools.infineon.com/cmsis_packs/CAT2_DFP/Infineon.CAT2_DFP.pdsc
Infineon,PSOC 4100S Max,PSOC 4100S Max (CY8C4148xxx-Sxxx),CY8C4148AZA-S545,cmsis_device_name,tcl/target/psoc4.cfg,not_validated,CAT2_DFP,1.6.0,https://itools.infineon.com/cmsis_packs/CAT2_DFP/Infineon.CAT2_DFP.pdsc
Infineon,PSOC 4100S Max,PSOC 4100S Max (CY8C4148xxx-Sxxx),CY8C4148AZA-S548,cmsis_device_name,tcl/target/psoc4.cfg,not_validated,CAT2_DFP,1.6.0,https://itools.infineon.com/cmsis_packs/CAT2_DFP/Infineon.CAT2_DFP.pdsc
Infineon,PSOC 4100S Max,PSOC 4100S Max (CY8C4148xxx-Sxxx),CY8C4148AZA-S555,cmsis_device_name,tcl/target/psoc4.cfg,not_validated,CAT2_DFP,1.6.0,https://itools.infineon.com/cmsis_packs/CAT2_DFP/Infineon.CAT2_DFP.pdsc
Infineon,PSOC 4100S Max,PSOC 4100S Max (CY8C4148xxx-Sxxx),CY8C4148AZA-S558,cmsis_device_name,tcl/target/psoc4.cfg,not_validated,CAT2_DFP,1.6.0,https://itools.infineon.com/cmsis_packs/CAT2_DFP/Infineon.CAT2_DFP.pdsc
Infineon,PSOC 4100S Max,PSOC 4100S Max (CY8C4148xxx-Sxxx),CY8C4148AZA-S565,cmsis_device_name,tcl/target/psoc4.cfg,not_validated,CAT2_DFP,1.6.0,https://itools.infineon.com/cmsis_packs/CAT2_DFP/Infineon.CAT2_DFP.pdsc
Infineon,PSOC 4100S Max,PSOC 4100S Max (CY8C4148xxx-Sxxx),CY8C4148AZA-S568,cmsis_device_name,tcl/target/psoc4.cfg,not_validated,CAT2_DFP,1.6.0,https://itools.infineon.com/cmsis_packs/CAT2_DFP/Infineon.CAT2_DFP.pdsc
Infineon,PSOC 4100S Max,PSOC 4100S Max (CY8C4148xxx-Sxxx),CY8C4148AZA-S575,cmsis_device_name,tcl/target/psoc4.cfg,not_validated,CAT2_DFP,1.6.0,https://itools.infineon.com/cmsis_packs/CAT2_DFP/Infineon.CAT2_DFP.pdsc
Infineon,PSOC 4100S Max,PSOC 4100S Max (CY8C4148xxx-Sxxx),CY8C4148AZA-S578,cmsis_device_name,tcl/target/psoc4.cfg,not_validated,CAT2_DFP,1.6.0,https://itools.infineon.com/cmsis_packs/CAT2_DFP/Infineon.CAT2_DFP.pdsc
Infineon,PSOC 4100S Max,PSOC 4100S Max (CY8C4148xxx-Sxxx),CY8C4148AZA-S585,cmsis_device_name,tcl/target/psoc4.cfg,not_validated,CAT2_DFP,1.6.0,https://itools.infineon.com/cmsis_packs/CAT2_DFP/Infineon.CAT2_DFP.pdsc
Infineon,PSOC 4100S Max,PSOC 4100S Max (CY8C4148xxx-Sxxx),CY8C4148AZA-S588,cmsis_device_name,tcl/target/psoc4.cfg,not_validated,CAT2_DFP,1.6.0,https://itools.infineon.com/cmsis_packs/CAT2_DFP/Infineon.CAT2_DFP.pdsc
Infineon,PSOC 4100S Max,PSOC 4100S Max (CY8C4148xxx-Sxxx),CY8C4148AZA-S595,cmsis_device_name,tcl/target/psoc4.cfg,not_validated,CAT2_DFP,1.6.0,https://itools.infineon.com/cmsis_packs/CAT2_DFP/Infineon.CAT2_DFP.pdsc
Infineon,PSOC 4100S Max,PSOC 4100S Max (CY8C4148xxx-Sxxx),CY8C4148AZA-S598,cmsis_device_name,tcl/target/psoc4.cfg,not_validated,CAT2_DFP,1.6.0,https://itools.infineon.com/cmsis_packs/CAT2_DFP/Infineon.CAT2_DFP.pdsc
Infineon,PSOC 4100S Max,PSOC 4100S Max (CY8C4148xxx-Sxxx),CY8C4148AZE-S545,cmsis_device_name,tcl/target/psoc4.cfg,not_validated,CAT2_DFP,1.6.0,https://itools.infineon.com/cmsis_packs/CAT2_DFP/Infineon.CAT2_DFP.pdsc
Infineon,PSOC 4100S Max,PSOC 4100S Max (CY8C4148xxx-Sxxx),CY8C4148AZE-S548,cmsis_device_name,tcl/target/psoc4.cfg,not_validated,CAT2_DFP,1.6.0,https://itools.infineon.com/cmsis_packs/CAT2_DFP/Infineon.CAT2_DFP.pdsc
Infineon,PSOC 4100S Max,PSOC 4100S Max (CY8C4148xxx-Sxxx),CY8C4148AZE-S555,cmsis_device_name,tcl/target/psoc4.cfg,not_validated,CAT2_DFP,1.6.0,https://itools.infineon.com/cmsis_packs/CAT2_DFP/Infineon.CAT2_DFP.pdsc
Infineon,PSOC 4100S Max,PSOC 4100S Max (CY8C4148xxx-Sxxx),CY8C4148AZE-S558,cmsis_device_name,tcl/target/psoc4.cfg,not_validated,CAT2_DFP,1.6.0,https://itools.infineon.com/cmsis_packs/CAT2_DFP/Infineon.CAT2_DFP.pdsc
Infineon,PSOC 4100S Max,PSOC 4100S Max (CY8C4148xxx-Sxxx),CY8C4148AZE-S565,cmsis_device_name,tcl/target/psoc4.cfg,not_validated,CAT2_DFP,1.6.0,https://itools.infineon.com/cmsis_packs/CAT2_DFP/Infineon.CAT2_DFP.pdsc
Infineon,PSOC 4100S Max,PSOC 4100S Max (CY8C4148xxx-Sxxx),CY8C4148AZE-S568,cmsis_device_name,tcl/target/psoc4.cfg,not_validated,CAT2_DFP,1.6.0,https://itools.infineon.com/cmsis_packs/CAT2_DFP/Infineon.CAT2_DFP.pdsc
Infineon,PSOC 4100S Max,PSOC 4100S Max (CY8C4148xxx-Sxxx),CY8C4148AZE-S575,cmsis_device_name,tcl/target/psoc4.cfg,not_validated,CAT2_DFP,1.6.0,https://itools.infineon.com/cmsis_packs/CAT2_DFP/Infineon.CAT2_DFP.pdsc
Infineon,PSOC 4100S Max,PSOC 4100S Max (CY8C4148xxx-Sxxx),CY8C4148AZE-S578,cmsis_device_name,tcl/target/psoc4.cfg,not_validated,CAT2_DFP,1.6.0,https://itools.infineon.com/cmsis_packs/CAT2_DFP/Infineon.CAT2_DFP.pdsc
Infineon,PSOC 4100S Max,PSOC 4100S Max (CY8C4148xxx-Sxxx),CY8C4148AZE-S585,cmsis_device_name,tcl/target/psoc4.cfg,not_validated,CAT2_DFP,1.6.0,https://itools.infineon.com/cmsis_packs/CAT2_DFP/Infineon.CAT2_DFP.pdsc
Infineon,PSOC 4100S Max,PSOC 4100S Max (CY8C4148xxx-Sxxx),CY8C4148AZE-S588,cmsis_device_name,tcl/target/psoc4.cfg,not_validated,CAT2_DFP,1.6.0,https://itools.infineon.com/cmsis_packs/CAT2_DFP/Infineon.CAT2_DFP.pdsc
Infineon,PSOC 4100S Max,PSOC 4100S Max (CY8C4148xxx-Sxxx),CY8C4148AZE-S595,cmsis_device_name,tcl/target/psoc4.cfg,not_validated,CAT2_DFP,1.6.0,https://itools.infineon.com/cmsis_packs/CAT2_DFP/Infineon.CAT2_DFP.pdsc
Infineon,PSOC 4100S Max,PSOC 4100S Max (CY8C4148xxx-Sxxx),CY8C4148AZE-S598,cmsis_device_name,tcl/target/psoc4.cfg,not_validated,CAT2_DFP,1.6.0,https://itools.infineon.com/cmsis_packs/CAT2_DFP/Infineon.CAT2_DFP.pdsc
Infineon,PSOC 4100S Max,PSOC 4100S Max (CY8C4148xxx-Sxxx),CY8C4148AZI-S548,cmsis_device_name,tcl/target/psoc4.cfg,not_validated,CAT2_DFP,1.6.0,https://itools.infineon.com/cmsis_packs/CAT2_DFP/Infineon.CAT2_DFP.pdsc
Infineon,PSOC 4100S Max,PSOC 4100S Max (CY8C4148xxx-Sxxx),CY8C4148AZI-S553,cmsis_device_name,tcl/target/psoc4.cfg,not_validated,CAT2_DFP,1.6.0,https://itools.infineon.com/cmsis_packs/CAT2_DFP/Infineon.CAT2_DFP.pdsc
Infineon,PSOC 4100S Max,PSOC 4100S Max (CY8C4148xxx-Sxxx),CY8C4148AZI-S555,cmsis_device_name,tcl/target/psoc4.cfg,not_validated,CAT2_DFP,1.6.0,https://itools.infineon.com/cmsis_packs/CAT2_DFP/Infineon.CAT2_DFP.pdsc
Infineon,PSOC 4100S Max,PSOC 4100S Max (CY8C4148xxx-Sxxx),CY8C4148AZI-S558,cmsis_device_name,tcl/target/psoc4.cfg,not_validated,CAT2_DFP,1.6.0,https://itools.infineon.com/cmsis_packs/CAT2_DFP/Infineon.CAT2_DFP.pdsc
Infineon,PSOC 4100S Max,PSOC 4100S Max (CY8C4148xxx-Sxxx),CY8C4148AZI-S583,cmsis_device_name,tcl/target/psoc4.cfg,not_validated,CAT2_DFP,1.6.0,https://itools.infineon.com/cmsis_packs/CAT2_DFP/Infineon.CAT2_DFP.pdsc
Infineon,PSOC 4100S Max,PSOC 4100S Max (CY8C4148xxx-Sxxx),CY8C4148AZI-S585,cmsis_device_name,tcl/target/psoc4.cfg,not_validated,CAT2_DFP,1.6.0,https://itools.infineon.com/cmsis_packs/CAT2_DFP/Infineon.CAT2_DFP.pdsc
Infineon,PSOC 4100S Max,PSOC 4100S Max (CY8C4148xxx-Sxxx),CY8C4148AZI-S588,cmsis_device_name,tcl/target/psoc4.cfg,not_validated,CAT2_DFP,1.6.0,https://itools.infineon.com/cmsis_packs/CAT2_DFP/Infineon.CAT2_DFP.pdsc
Infineon,PSOC 4100S Max,PSOC 4100S Max (CY8C4148xxx-Sxxx),CY8C4148AZI-S593,cmsis_device_name,tcl/target/psoc4.cfg,not_validated,CAT2_DFP,1.6.0,https://itools.infineon.com/cmsis_packs/CAT2_DFP/Infineon.CAT2_DFP.pdsc
Infineon,PSOC 4100S Max,PSOC 4100S Max (CY8C4148xxx-Sxxx),CY8C4148AZI-S595,cmsis_device_name,tcl/target/psoc4.cfg,not_validated,CAT2_DFP,1.6.0,https://itools.infineon.com/cmsis_packs/CAT2_DFP/Infineon.CAT2_DFP.pdsc
Infineon,PSOC 4100S Max,PSOC 4100S Max (CY8C4148xxx-Sxxx),CY8C4148AZI-S598,cmsis_device_name,tcl/target/psoc4.cfg,not_validated,CAT2_DFP,1.6.0,https://itools.infineon.com/cmsis_packs/CAT2_DFP/Infineon.CAT2_DFP.pdsc
Infineon,PSOC 4100S Max,PSOC 4100S Max (CY8C4148xxx-Sxxx),CY8C4148AZQ-S558,cmsis_device_name,tcl/target/psoc4.cfg,not_validated,CAT2_DFP,1.6.0,https://itools.infineon.com/cmsis_packs/CAT2_DFP/Infineon.CAT2_DFP.pdsc
Infineon,PSOC 4100S Max,PSOC 4100S Max (CY8C4148xxx-Sxxx),CY8C4148AZS-S545,cmsis_device_name,tcl/target/psoc4.cfg,not_validated,CAT2_DFP,1.6.0,https://itools.infineon.com/cmsis_packs/CAT2_DFP/Infineon.CAT2_DFP.pdsc
Infineon,PSOC 4100S Max,PSOC 4100S Max (CY8C4148xxx-Sxxx),CY8C4148AZS-S548,cmsis_device_name,tcl/target/psoc4.cfg,not_validated,CAT2_DFP,1.6.0,https://itools.infineon.com/cmsis_packs/CAT2_DFP/Infineon.CAT2_DFP.pdsc
Infineon,PSOC 4100S Max,PSOC 4100S Max (CY8C4148xxx-Sxxx),CY8C4148AZS-S555,cmsis_device_name,tcl/target/psoc4.cfg,not_validated,CAT2_DFP,1.6.0,https://itools.infineon.com/cmsis_packs/CAT2_DFP/Infineon.CAT2_DFP.pdsc
Infineon,PSOC 4100S Max,PSOC 4100S Max (CY8C4148xxx-Sxxx),CY8C4148AZS-S558,cmsis_device_name,tcl/target/psoc4.cfg,not_validated,CAT2_DFP,1.6.0,https://itools.infineon.com/cmsis_packs/CAT2_DFP/Infineon.CAT2_DFP.pdsc
Infineon,PSOC 4100S Max,PSOC 4100S Max (CY8C4148xxx-Sxxx),CY8C4148AZS-S565,cmsis_device_name,tcl/target/psoc4.cfg,not_validated,CAT2_DFP,1.6.0,https://itools.infineon.com/cmsis_packs/CAT2_DFP/Infineon.CAT2_DFP.pdsc
Infineon,PSOC 4100S Max,PSOC 4100S Max (CY8C4148xxx-Sxxx),CY8C4148AZS-S568,cmsis_device_name,tcl/target/psoc4.cfg,not_validated,CAT2_DFP,1.6.0,https://itools.infineon.com/cmsis_packs/CAT2_DFP/Infineon.CAT2_DFP.pdsc
Infineon,PSOC 4100S Max,PSOC 4100S Max (CY8C4148xxx-Sxxx),CY8C4148AZS-S575,cmsis_device_name,tcl/target/psoc4.cfg,not_validated,CAT2_DFP,1.6.0,https://itools.infineon.com/cmsis_packs/CAT2_DFP/Infineon.CAT2_DFP.pdsc
Infineon,PSOC 4100S Max,PSOC 4100S Max (CY8C4148xxx-Sxxx),CY8C4148AZS-S578,cmsis_device_name,tcl/target/psoc4.cfg,not_validated,CAT2_DFP,1.6.0,https://itools.infineon.com/cmsis_packs/CAT2_DFP/Infineon.CAT2_DFP.pdsc
Infineon,PSOC 4100S Max,PSOC 4100S Max (CY8C4148xxx-Sxxx),CY8C4148AZS-S585,cmsis_device_name,tcl/target/psoc4.cfg,not_validated,CAT2_DFP,1.6.0,https://itools.infineon.com/cmsis_packs/CAT2_DFP/Infineon.CAT2_DFP.pdsc
Infineon,PSOC 4100S Max,PSOC 4100S Max (CY8C4148xxx-Sxxx),CY8C4148AZS-S588,cmsis_device_name,tcl/target/psoc4.cfg,not_validated,CAT2_DFP,1.6.0,https://itools.infineon.com/cmsis_packs/CAT2_DFP/Infineon.CAT2_DFP.pdsc
Infineon,PSOC 4100S Max,PSOC 4100S Max (CY8C4148xxx-Sxxx),CY8C4148AZS-S595,cmsis_device_name,tcl/target/psoc4.cfg,not_validated,CAT2_DFP,1.6.0,https://itools.infineon.com/cmsis_packs/CAT2_DFP/Infineon.CAT2_DFP.pdsc
Infineon,PSOC 4100S Max,PSOC 4100S Max (CY8C4148xxx-Sxxx),CY8C4148AZS-S598,cmsis_device_name,tcl/target/psoc4.cfg,not_validated,CAT2_DFP,1.6.0,https://itools.infineon.com/cmsis_packs/CAT2_DFP/Infineon.CAT2_DFP.pdsc
Infineon,PSOC 4100S Max,PSOC 4100S Max (CY8C4148xxx-Sxxx),CY8C4148LDA-S543,cmsis_device_name,tcl/target/psoc4.cfg,not_validated,CAT2_DFP,1.6.0,https://itools.infineon.com/cmsis_packs/CAT2_DFP/Infineon.CAT2_DFP.pdsc
Infineon,PSOC 4100S Max,PSOC 4100S Max (CY8C4148xxx-Sxxx),CY8C4148LDA-S553,cmsis_device_name,tcl/target/psoc4.cfg,not_validated,CAT2_DFP,1.6.0,https://itools.infineon.com/cmsis_packs/CAT2_DFP/Infineon.CAT2_DFP.pdsc
Infineon,PSOC 4100S Max,PSOC 4100S Max (CY8C4148xxx-Sxxx),CY8C4148LDA-S563,cmsis_device_name,tcl/target/psoc4.cfg,not_validated,CAT2_DFP,1.6.0,https://itools.infineon.com/cmsis_packs/CAT2_DFP/Infineon.CAT2_DFP.pdsc
Infineon,PSOC 4100S Max,PSOC 4100S Max (CY8C4148xxx-Sxxx),CY8C4148LDA-S573,cmsis_device_name,tcl/target/psoc4.cfg,not_validated,CAT2_DFP,1.6.0,https://itools.infineon.com/cmsis_packs/CAT2_DFP/Infineon.CAT2_DFP.pdsc
Infineon,PSOC 4100S Max,PSOC 4100S Max (CY8C4148xxx-Sxxx),CY8C4148LDA-S583,cmsis_device_name,tcl/target/psoc4.cfg,not_validated,CAT2_DFP,1.6.0,https://itools.infineon.com/cmsis_packs/CAT2_DFP/Infineon.CAT2_DFP.pdsc
Infineon,PSOC 4100S Max,PSOC 4100S Max (CY8C4148xxx-Sxxx),CY8C4148LDA-S593,cmsis_device_name,tcl/target/psoc4.cfg,not_validated,CAT2_DFP,1.6.0,https://itools.infineon.com/cmsis_packs/CAT2_DFP/Infineon.CAT2_DFP.pdsc
Infineon,PSOC 4100S Max,PSOC 4100S Max (CY8C4148xxx-Sxxx),CY8C4148LDE-S543,cmsis_device_name,tcl/target/psoc4.cfg,not_validated,CAT2_DFP,1.6.0,https://itools.infineon.com/cmsis_packs/CAT2_DFP/Infineon.CAT2_DFP.pdsc
Infineon,PSOC 4100S Max,PSOC 4100S Max (CY8C4148xxx-Sxxx),CY8C4148LDE-S553,cmsis_device_name,tcl/target/psoc4.cfg,not_validated,CAT2_DFP,1.6.0,https://itools.infineon.com/cmsis_packs/CAT2_DFP/Infineon.CAT2_DFP.pdsc
Infineon,PSOC 4100S Max,PSOC 4100S Max (CY8C4148xxx-Sxxx),CY8C4148LDE-S563,cmsis_device_name,tcl/target/psoc4.cfg,not_validated,CAT2_DFP,1.6.0,https://itools.infineon.com/cmsis_packs/CAT2_DFP/Infineon.CAT2_DFP.pdsc
Infineon,PSOC 4100S Max,PSOC 4100S Max (CY8C4148xxx-Sxxx),CY8C4148LDE-S573,cmsis_device_name,tcl/target/psoc4.cfg,not_validated,CAT2_DFP,1.6.0,https://itools.infineon.com/cmsis_packs/CAT2_DFP/Infineon.CAT2_DFP.pdsc
Infineon,PSOC 4100S Max,PSOC 4100S Max (CY8C4148xxx-Sxxx),CY8C4148LDE-S583,cmsis_device_name,tcl/target/psoc4.cfg,not_validated,CAT2_DFP,1.6.0,https://itools.infineon.com/cmsis_packs/CAT2_DFP/Infineon.CAT2_DFP.pdsc
Infineon,PSOC 4100S Max,PSOC 4100S Max (CY8C4148xxx-Sxxx),CY8C4148LDE-S593,cmsis_device_name,tcl/target/psoc4.cfg,not_validated,CAT2_DFP,1.6.0,https://itools.infineon.com/cmsis_packs/CAT2_DFP/Infineon.CAT2_DFP.pdsc
Infineon,PSOC 4100S Max,PSOC 4100S Max (CY8C4148xxx-Sxxx),CY8C4148LDS-S543,cmsis_device_name,tcl/target/psoc4.cfg,not_validated,CAT2_DFP,1.6.0,https://itools.infineon.com/cmsis_packs/CAT2_DFP/Infineon.CAT2_DFP.pdsc
Infineon,PSOC 4100S Max,PSOC 4100S Max (CY8C4148xxx-Sxxx),CY8C4148LDS-S553,cmsis_device_name,tcl/target/psoc4.cfg,not_validated,CAT2_DFP,1.6.0,https://itools.infineon.com/cmsis_packs/CAT2_DFP/Infineon.CAT2_DFP.pdsc
Infineon,PSOC 4100S Max,PSOC 4100S Max (CY8C4148xxx-Sxxx),CY8C4148LDS-S563,cmsis_device_name,tcl/target/psoc4.cfg,not_validated,CAT2_DFP,1.6.0,https://itools.infineon.com/cmsis_packs/CAT2_DFP/Infineon.CAT2_DFP.pdsc
Infineon,PSOC 4100S Max,PSOC 4100S Max (CY8C4148xxx-Sxxx),CY8C4148LDS-S573,cmsis_device_name,tcl/target/psoc4.cfg,not_validated,CAT2_DFP,1.6.0,https://itools.infineon.com/cmsis_packs/CAT2_DFP/Infineon.CAT2_DFP.pdsc
Infineon,PSOC 4100S Max,PSOC 4100S Max (CY8C4148xxx-Sxxx),CY8C4148LDS-S583,cmsis_device_name,tcl/target/psoc4.cfg,not_validated,CAT2_DFP,1.6.0,https://itools.infineon.com/cmsis_packs/CAT2_DFP/Infineon.CAT2_DFP.pdsc
Infineon,PSOC 4100S Max,PSOC 4100S Max (CY8C4148xxx-Sxxx),CY8C4148LDS-S593,cmsis_device_name,tcl/target/psoc4.cfg,not_validated,CAT2_DFP,1.6.0,https://itools.infineon.com/cmsis_packs/CAT2_DFP/Infineon.CAT2_DFP.pdsc
Infineon,PSOC 4100S Max,PSOC 4100S Max (CY8C4149xxx-Sxxx),CY8C4149AZA-S545,cmsis_device_name,tcl/target/psoc4.cfg,not_validated,CAT2_DFP,1.6.0,https://itools.infineon.com/cmsis_packs/CAT2_DFP/Infineon.CAT2_DFP.pdsc
Infineon,PSOC 4100S Max,PSOC 4100S Max (CY8C4149xxx-Sxxx),CY8C4149AZA-S548,cmsis_device_name,tcl/target/psoc4.cfg,not_validated,CAT2_DFP,1.6.0,https://itools.infineon.com/cmsis_packs/CAT2_DFP/Infineon.CAT2_DFP.pdsc
Infineon,PSOC 4100S Max,PSOC 4100S Max (CY8C4149xxx-Sxxx),CY8C4149AZA-S555,cmsis_device_name,tcl/target/psoc4.cfg,not_validated,CAT2_DFP,1.6.0,https://itools.infineon.com/cmsis_packs/CAT2_DFP/Infineon.CAT2_DFP.pdsc
Infineon,PSOC 4100S Max,PSOC 4100S Max (CY8C4149xxx-Sxxx),CY8C4149AZA-S558,cmsis_device_name,tcl/target/psoc4.cfg,not_validated,CAT2_DFP,1.6.0,https://itools.infineon.com/cmsis_packs/CAT2_DFP/Infineon.CAT2_DFP.pdsc
Infineon,PSOC 4100S Max,PSOC 4100S Max (CY8C4149xxx-Sxxx),CY8C4149AZA-S565,cmsis_device_name,tcl/target/psoc4.cfg,not_validated,CAT2_DFP,1.6.0,https://itools.infineon.com/cmsis_packs/CAT2_DFP/Infineon.CAT2_DFP.pdsc
Infineon,PSOC 4100S Max,PSOC 4100S Max (CY8C4149xxx-Sxxx),CY8C4149AZA-S568,cmsis_device_name,tcl/target/psoc4.cfg,not_validated,CAT2_DFP,1.6.0,https://itools.infineon.com/cmsis_packs/CAT2_DFP/Infineon.CAT2_DFP.pdsc
Infineon,PSOC 4100S Max,PSOC 4100S Max (CY8C4149xxx-Sxxx),CY8C4149AZA-S575,cmsis_device_name,tcl/target/psoc4.cfg,not_validated,CAT2_DFP,1.6.0,https://itools.infineon.com/cmsis_packs/CAT2_DFP/Infineon.CAT2_DFP.pdsc
Infineon,PSOC 4100S Max,PSOC 4100S Max (CY8C4149xxx-Sxxx),CY8C4149AZA-S578,cmsis_device_name,tcl/target/psoc4.cfg,not_validated,CAT2_DFP,1.6.0,https://itools.infineon.com/cmsis_packs/CAT2_DFP/Infineon.CAT2_DFP.pdsc
Infineon,PSOC 4100S Max,PSOC 4100S Max (CY8C4149xxx-Sxxx),CY8C4149AZA-S585,cmsis_device_name,tcl/target/psoc4.cfg,not_validated,CAT2_DFP,1.6.0,https://itools.infineon.com/cmsis_packs/CAT2_DFP/Infineon.CAT2_DFP.pdsc
Infineon,PSOC 4100S Max,PSOC 4100S Max (CY8C4149xxx-Sxxx),CY8C4149AZA-S588,cmsis_device_name,tcl/target/psoc4.cfg,not_validated,CAT2_DFP,1.6.0,https://itools.infineon.com/cmsis_packs/CAT2_DFP/Infineon.CAT2_DFP.pdsc
Infineon,PSOC 4100S Max,PSOC 4100S Max (CY8C4149xxx-Sxxx),CY8C4149AZA-S595,cmsis_device_name,tcl/target/psoc4.cfg,not_validated,CAT2_DFP,1.6.0,https://itools.infineon.com/cmsis_packs/CAT2_DFP/Infineon.CAT2_DFP.pdsc
Infineon,PSOC 4100S Max,PSOC 4100S Max (CY8C4149xxx-Sxxx),CY8C4149AZA-S598,cmsis_device_name,tcl/target/psoc4.cfg,not_validated,CAT2_DFP,1.6.0,https://itools.infineon.com/cmsis_packs/CAT2_DFP/Infineon.CAT2_DFP.pdsc
Infineon,PSOC 4100S Max,PSOC 4100S Max (CY8C4149xxx-Sxxx),CY8C4149AZE-S545,cmsis_device_name,tcl/target/psoc4.cfg,not_validated,CAT2_DFP,1.6.0,https://itools.infineon.com/cmsis_packs/CAT2_DFP/Infineon.CAT2_DFP.pdsc
Infineon,PSOC 4100S Max,PSOC 4100S Max (CY8C4149xxx-Sxxx),CY8C4149AZE-S548,cmsis_device_name,tcl/target/psoc4.cfg,not_validated,CAT2_DFP,1.6.0,https://itools.infineon.com/cmsis_packs/CAT2_DFP/Infineon.CAT2_DFP.pdsc
Infineon,PSOC 4100S Max,PSOC 4100S Max (CY8C4149xxx-Sxxx),CY8C4149AZE-S555,cmsis_device_name,tcl/target/psoc4.cfg,not_validated,CAT2_DFP,1.6.0,https://itools.infineon.com/cmsis_packs/CAT2_DFP/Infineon.CAT2_DFP.pdsc
Infineon,PSOC 4100S Max,PSOC 4100S Max (CY8C4149xxx-Sxxx),CY8C4149AZE-S558,cmsis_device_name,tcl/target/psoc4.cfg,not_validated,CAT2_DFP,1.6.0,https://itools.infineon.com/cmsis_packs/CAT2_DFP/Infineon.CAT2_DFP.pdsc
Infineon,PSOC 4100S Max,PSOC 4100S Max (CY8C4149xxx-Sxxx),CY8C4149AZE-S565,cmsis_device_name,tcl/target/psoc4.cfg,not_validated,CAT2_DFP,1.6.0,https://itools.infineon.com/cmsis_packs/CAT2_DFP/Infineon.CAT2_DFP.pdsc
Infineon,PSOC 4100S Max,PSOC 4100S Max (CY8C4149xxx-Sxxx),CY8C4149AZE-S568,cmsis_device_name,tcl/target/psoc4.cfg,not_validated,CAT2_DFP,1.6.0,https://itools.infineon.com/cmsis_packs/CAT2_DFP/Infineon.CAT2_DFP.pdsc
Infineon,PSOC 4100S Max,PSOC 4100S Max (CY8C4149xxx-Sxxx),CY8C4149AZE-S575,cmsis_device_name,tcl/target/psoc4.cfg,not_validated,CAT2_DFP,1.6.0,https://itools.infineon.com/cmsis_packs/CAT2_DFP/Infineon.CAT2_DFP.pdsc
Infineon,PSOC 4100S Max,PSOC 4100S Max (CY8C4149xxx-Sxxx),CY8C4149AZE-S578,cmsis_device_name,tcl/target/psoc4.cfg,not_validated,CAT2_DFP,1.6.0,https://itools.infineon.com/cmsis_packs/CAT2_DFP/Infineon.CAT2_DFP.pdsc
Infineon,PSOC 4100S Max,PSOC 4100S Max (CY8C4149xxx-Sxxx),CY8C4149AZE-S585,cmsis_device_name,tcl/target/psoc4.cfg,not_validated,CAT2_DFP,1.6.0,https://itools.infineon.com/cmsis_packs/CAT2_DFP/Infineon.CAT2_DFP.pdsc
Infineon,PSOC 4100S Max,PSOC 4100S Max (CY8C4149xxx-Sxxx),CY8C4149AZE-S588,cmsis_device_name,tcl/target/psoc4.cfg,not_validated,CAT2_DFP,1.6.0,https://itools.infineon.com/cmsis_packs/CAT2_DFP/Infineon.CAT2_DFP.pdsc
Infineon,PSOC 4100S Max,PSOC 4100S Max (CY8C4149xxx-Sxxx),CY8C4149AZE-S595,cmsis_device_name,tcl/target/psoc4.cfg,not_validated,CAT2_DFP,1.6.0,https://itools.infineon.com/cmsis_packs/CAT2_DFP/Infineon.CAT2_DFP.pdsc
Infineon,PSOC 4100S Max,PSOC 4100S Max (CY8C4149xxx-Sxxx),CY8C4149AZE-S598,cmsis_device_name,tcl/target/psoc4.cfg,not_validated,CAT2_DFP,1.6.0,https://itools.infineon.com/cmsis_packs/CAT2_DFP/Infineon.CAT2_DFP.pdsc
Infineon,PSOC 4100S Max,PSOC 4100S Max (CY8C4149xxx-Sxxx),CY8C4149AZI-S543,cmsis_device_name,tcl/target/psoc4.cfg,not_validated,CAT2_DFP,1.6.0,https://itools.infineon.com/cmsis_packs/CAT2_DFP/Infineon.CAT2_DFP.pdsc
Infineon,PSOC 4100S Max,PSOC 4100S Max (CY8C4149xxx-Sxxx),CY8C4149AZI-S545,cmsis_device_name,tcl/target/psoc4.cfg,not_validated,CAT2_DFP,1.6.0,https://itools.infineon.com/cmsis_packs/CAT2_DFP/Infineon.CAT2_DFP.pdsc
Infineon,PSOC 4100S Max,PSOC 4100S Max (CY8C4149xxx-Sxxx),CY8C4149AZI-S548,cmsis_device_name,tcl/target/psoc4.cfg,not_validated,CAT2_DFP,1.6.0,https://itools.infineon.com/cmsis_packs/CAT2_DFP/Infineon.CAT2_DFP.pdsc
Infineon,PSOC 4100S Max,PSOC 4100S Max (CY8C4149xxx-Sxxx),CY8C4149AZI-S553,cmsis_device_name,tcl/target/psoc4.cfg,not_validated,CAT2_DFP,1.6.0,https://itools.infineon.com/cmsis_packs/CAT2_DFP/Infineon.CAT2_DFP.pdsc
Infineon,PSOC 4100S Max,PSOC 4100S Max (CY8C4149xxx-Sxxx),CY8C4149AZI-S555,cmsis_device_name,tcl/target/psoc4.cfg,not_validated,CAT2_DFP,1.6.0,https://itools.infineon.com/cmsis_packs/CAT2_DFP/Infineon.CAT2_DFP.pdsc
Infineon,PSOC 4100S Max,PSOC 4100S Max (CY8C4149xxx-Sxxx),CY8C4149AZI-S558,cmsis_device_name,tcl/target/psoc4.cfg,not_validated,CAT2_DFP,1.6.0,https://itools.infineon.com/cmsis_packs/CAT2_DFP/Infineon.CAT2_DFP.pdsc
Infineon,PSOC 4100S Max,PSOC 4100S Max (CY8C4149xxx-Sxxx),CY8C4149AZI-S565,cmsis_device_name,tcl/target/psoc4.cfg,not_validated,CAT2_DFP,1.6.0,https://itools.infineon.com/cmsis_packs/CAT2_DFP/Infineon.CAT2_DFP.pdsc
Infineon,PSOC 4100S Max,PSOC 4100S Max (CY8C4149xxx-Sxxx),CY8C4149AZI-S568,cmsis_device_name,tcl/target/psoc4.cfg,not_validated,CAT2_DFP,1.6.0,https://itools.infineon.com/cmsis_packs/CAT2_DFP/Infineon.CAT2_DFP.pdsc
Infineon,PSOC 4100S Max,PSOC 4100S Max (CY8C4149xxx-Sxxx),CY8C4149AZI-S575,cmsis_device_name,tcl/target/psoc4.cfg,not_validated,CAT2_DFP,1.6.0,https://itools.infineon.com/cmsis_packs/CAT2_DFP/Infineon.CAT2_DFP.pdsc
Infineon,PSOC 4100S Max,PSOC 4100S Max (CY8C4149xxx-Sxxx),CY8C4149AZI-S578,cmsis_device_name,tcl/target/psoc4.cfg,not_validated,CAT2_DFP,1.6.0,https://itools.infineon.com/cmsis_packs/CAT2_DFP/Infineon.CAT2_DFP.pdsc
Infineon,PSOC 4100S Max,PSOC 4100S Max (CY8C4149xxx-Sxxx),CY8C4149AZI-S583,cmsis_device_name,tcl/target/psoc4.cfg,not_validated,CAT2_DFP,1.6.0,https://itools.infineon.com/cmsis_packs/CAT2_DFP/Infineon.CAT2_DFP.pdsc
Infineon,PSOC 4100S Max,PSOC 4100S Max (CY8C4149xxx-Sxxx),CY8C4149AZI-S585,cmsis_device_name,tcl/target/psoc4.cfg,not_validated,CAT2_DFP,1.6.0,https://itools.infineon.com/cmsis_packs/CAT2_DFP/Infineon.CAT2_DFP.pdsc
Infineon,PSOC 4100S Max,PSOC 4100S Max (CY8C4149xxx-Sxxx),CY8C4149AZI-S588,cmsis_device_name,tcl/target/psoc4.cfg,not_validated,CAT2_DFP,1.6.0,https://itools.infineon.com/cmsis_packs/CAT2_DFP/Infineon.CAT2_DFP.pdsc
Infineon,PSOC 4100S Max,PSOC 4100S Max (CY8C4149xxx-Sxxx),CY8C4149AZI-S593,cmsis_device_name,tcl/target/psoc4.cfg,not_validated,CAT2_DFP,1.6.0,https://itools.infineon.com/cmsis_packs/CAT2_DFP/Infineon.CAT2_DFP.pdsc
Infineon,PSOC 4100S Max,PSOC 4100S Max (CY8C4149xxx-Sxxx),CY8C4149AZI-S595,cmsis_device_name,tcl/target/psoc4.cfg,not_validated,CAT2_DFP,1.6.0,https://itools.infineon.com/cmsis_packs/CAT2_DFP/Infineon.CAT2_DFP.pdsc
Infineon,PSOC 4100S Max,PSOC 4100S Max (CY8C4149xxx-Sxxx),CY8C4149AZI-S598,cmsis_device_name,tcl/target/psoc4.cfg,not_validated,CAT2_DFP,1.6.0,https://itools.infineon.com/cmsis_packs/CAT2_DFP/Infineon.CAT2_DFP.pdsc
Infineon,PSOC 4100S Max,PSOC 4100S Max (CY8C4149xxx-Sxxx),CY8C4149AZQ-S545,cmsis_device_name,tcl/target/psoc4.cfg,not_validated,CAT2_DFP,1.6.0,https://itools.infineon.com/cmsis_packs/CAT2_DFP/Infineon.CAT2_DFP.pdsc
Infineon,PSOC 4100S Max,PSOC 4100S Max (CY8C4149xxx-Sxxx),CY8C4149AZQ-S548,cmsis_device_name,tcl/target/psoc4.cfg,not_validated,CAT2_DFP,1.6.0,https://itools.infineon.com/cmsis_packs/CAT2_DFP/Infineon.CAT2_DFP.pdsc
Infineon,PSOC 4100S Max,PSOC 4100S Max (CY8C4149xxx-Sxxx),CY8C4149AZQ-S555,cmsis_device_name,tcl/target/psoc4.cfg,not_validated,CAT2_DFP,1.6.0,https://itools.infineon.com/cmsis_packs/CAT2_DFP/Infineon.CAT2_DFP.pdsc
Infineon,PSOC 4100S Max,PSOC 4100S Max (CY8C4149xxx-Sxxx),CY8C4149AZQ-S558,cmsis_device_name,tcl/target/psoc4.cfg,not_validated,CAT2_DFP,1.6.0,https://itools.infineon.com/cmsis_packs/CAT2_DFP/Infineon.CAT2_DFP.pdsc
Infineon,PSOC 4100S Max,PSOC 4100S Max (CY8C4149xxx-Sxxx),CY8C4149AZQ-S593,cmsis_device_name,tcl/target/psoc4.cfg,not_validated,CAT2_DFP,1.6.0,https://itools.infineon.com/cmsis_packs/CAT2_DFP/Infineon.CAT2_DFP.pdsc
Infineon,PSOC 4100S Max,PSOC 4100S Max (CY8C4149xxx-Sxxx),CY8C4149AZQ-S595,cmsis_device_name,tcl/target/psoc4.cfg,not_validated,CAT2_DFP,1.6.0,https://itools.infineon.com/cmsis_packs/CAT2_DFP/Infineon.CAT2_DFP.pdsc
Infineon,PSOC 4100S Max,PSOC 4100S Max (CY8C4149xxx-Sxxx),CY8C4149AZQ-S598,cmsis_device_name,tcl/target/psoc4.cfg,not_validated,CAT2_DFP,1.6.0,https://itools.infineon.com/cmsis_packs/CAT2_DFP/Infineon.CAT2_DFP.pdsc
Infineon,PSOC 4100S Max,PSOC 4100S Max (CY8C4149xxx-Sxxx),CY8C4149AZS-S545,cmsis_device_name,tcl/target/psoc4.cfg,not_validated,CAT2_DFP,1.6.0,https://itools.infineon.com/cmsis_packs/CAT2_DFP/Infineon.CAT2_DFP.pdsc
Infineon,PSOC 4100S Max,PSOC 4100S Max (CY8C4149xxx-Sxxx),CY8C4149AZS-S548,cmsis_device_name,tcl/target/psoc4.cfg,not_validated,CAT2_DFP,1.6.0,https://itools.infineon.com/cmsis_packs/CAT2_DFP/Infineon.CAT2_DFP.pdsc
Infineon,PSOC 4100S Max,PSOC 4100S Max (CY8C4149xxx-Sxxx),CY8C4149AZS-S555,cmsis_device_name,tcl/target/psoc4.cfg,not_validated,CAT2_DFP,1.6.0,https://itools.infineon.com/cmsis_packs/CAT2_DFP/Infineon.CAT2_DFP.pdsc
Infineon,PSOC 4100S Max,PSOC 4100S Max (CY8C4149xxx-Sxxx),CY8C4149AZS-S558,cmsis_device_name,tcl/target/psoc4.cfg,not_validated,CAT2_DFP,1.6.0,https://itools.infineon.com/cmsis_packs/CAT2_DFP/Infineon.CAT2_DFP.pdsc
Infineon,PSOC 4100S Max,PSOC 4100S Max (CY8C4149xxx-Sxxx),CY8C4149AZS-S565,cmsis_device_name,tcl/target/psoc4.cfg,not_validated,CAT2_DFP,1.6.0,https://itools.infineon.com/cmsis_packs/CAT2_DFP/Infineon.CAT2_DFP.pdsc
Infineon,PSOC 4100S Max,PSOC 4100S Max (CY8C4149xxx-Sxxx),CY8C4149AZS-S568,cmsis_device_name,tcl/target/psoc4.cfg,not_validated,CAT2_DFP,1.6.0,https://itools.infineon.com/cmsis_packs/CAT2_DFP/Infineon.CAT2_DFP.pdsc
Infineon,PSOC 4100S Max,PSOC 4100S Max (CY8C4149xxx-Sxxx),CY8C4149AZS-S575,cmsis_device_name,tcl/target/psoc4.cfg,not_validated,CAT2_DFP,1.6.0,https://itools.infineon.com/cmsis_packs/CAT2_DFP/Infineon.CAT2_DFP.pdsc
Infineon,PSOC 4100S Max,PSOC 4100S Max (CY8C4149xxx-Sxxx),CY8C4149AZS-S578,cmsis_device_name,tcl/target/psoc4.cfg,not_validated,CAT2_DFP,1.6.0,https://itools.infineon.com/cmsis_packs/CAT2_DFP/Infineon.CAT2_DFP.pdsc
Infineon,PSOC 4100S Max,PSOC 4100S Max (CY8C4149xxx-Sxxx),CY8C4149AZS-S585,cmsis_device_name,tcl/target/psoc4.cfg,not_validated,CAT2_DFP,1.6.0,https://itools.infineon.com/cmsis_packs/CAT2_DFP/Infineon.CAT2_DFP.pdsc
Infineon,PSOC 4100S Max,PSOC 4100S Max (CY8C4149xxx-Sxxx),CY8C4149AZS-S588,cmsis_device_name,tcl/target/psoc4.cfg,not_validated,CAT2_DFP,1.6.0,https://itools.infineon.com/cmsis_packs/CAT2_DFP/Infineon.CAT2_DFP.pdsc
Infineon,PSOC 4100S Max,PSOC 4100S Max (CY8C4149xxx-Sxxx),CY8C4149AZS-S595,cmsis_device_name,tcl/target/psoc4.cfg,not_validated,CAT2_DFP,1.6.0,https://itools.infineon.com/cmsis_packs/CAT2_DFP/Infineon.CAT2_DFP.pdsc
Infineon,PSOC 4100S Max,PSOC 4100S Max (CY8C4149xxx-Sxxx),CY8C4149AZS-S598,cmsis_device_name,tcl/target/psoc4.cfg,not_validated,CAT2_DFP,1.6.0,https://itools.infineon.com/cmsis_packs/CAT2_DFP/Infineon.CAT2_DFP.pdsc
Infineon,PSOC 4100S Max,PSOC 4100S Max (CY8C4149xxx-Sxxx),CY8C4149LDA-S543,cmsis_device_name,tcl/target/psoc4.cfg,not_validated,CAT2_DFP,1.6.0,https://itools.infineon.com/cmsis_packs/CAT2_DFP/Infineon.CAT2_DFP.pdsc
Infineon,PSOC 4100S Max,PSOC 4100S Max (CY8C4149xxx-Sxxx),CY8C4149LDA-S553,cmsis_device_name,tcl/target/psoc4.cfg,not_validated,CAT2_DFP,1.6.0,https://itools.infineon.com/cmsis_packs/CAT2_DFP/Infineon.CAT2_DFP.pdsc
Infineon,PSOC 4100S Max,PSOC 4100S Max (CY8C4149xxx-Sxxx),CY8C4149LDA-S563,cmsis_device_name,tcl/target/psoc4.cfg,not_validated,CAT2_DFP,1.6.0,https://itools.infineon.com/cmsis_packs/CAT2_DFP/Infineon.CAT2_DFP.pdsc
Infineon,PSOC 4100S Max,PSOC 4100S Max (CY8C4149xxx-Sxxx),CY8C4149LDA-S573,cmsis_device_name,tcl/target/psoc4.cfg,not_validated,CAT2_DFP,1.6.0,https://itools.infineon.com/cmsis_packs/CAT2_DFP/Infineon.CAT2_DFP.pdsc
Infineon,PSOC 4100S Max,PSOC 4100S Max (CY8C4149xxx-Sxxx),CY8C4149LDA-S583,cmsis_device_name,tcl/target/psoc4.cfg,not_validated,CAT2_DFP,1.6.0,https://itools.infineon.com/cmsis_packs/CAT2_DFP/Infineon.CAT2_DFP.pdsc
Infineon,PSOC 4100S Max,PSOC 4100S Max (CY8C4149xxx-Sxxx),CY8C4149LDA-S593,cmsis_device_name,tcl/target/psoc4.cfg,not_validated,CAT2_DFP,1.6.0,https://itools.infineon.com/cmsis_packs/CAT2_DFP/Infineon.CAT2_DFP.pdsc
Infineon,PSOC 4100S Max,PSOC 4100S Max (CY8C4149xxx-Sxxx),CY8C4149LDE-S543,cmsis_device_name,tcl/target/psoc4.cfg,not_validated,CAT2_DFP,1.6.0,https://itools.infineon.com/cmsis_packs/CAT2_DFP/Infineon.CAT2_DFP.pdsc
Infineon,PSOC 4100S Max,PSOC 4100S Max (CY8C4149xxx-Sxxx),CY8C4149LDE-S553,cmsis_device_name,tcl/target/psoc4.cfg,not_validated,CAT2_DFP,1.6.0,https://itools.infineon.com/cmsis_packs/CAT2_DFP/Infineon.CAT2_DFP.pdsc
Infineon,PSOC 4100S Max,PSOC 4100S Max (CY8C4149xxx-Sxxx),CY8C4149LDE-S563,cmsis_device_name,tcl/target/psoc4.cfg,not_validated,CAT2_DFP,1.6.0,https://itools.infineon.com/cmsis_packs/CAT2_DFP/Infineon.CAT2_DFP.pdsc
Infineon,PSOC 4100S Max,PSOC 4100S Max (CY8C4149xxx-Sxxx),CY8C4149LDE-S573,cmsis_device_name,tcl/target/psoc4.cfg,not_validated,CAT2_DFP,1.6.0,https://itools.infineon.com/cmsis_packs/CAT2_DFP/Infineon.CAT2_DFP.pdsc
Infineon,PSOC 4100S Max,PSOC 4100S Max (CY8C4149xxx-Sxxx),CY8C4149LDE-S583,cmsis_device_name,tcl/target/psoc4.cfg,not_validated,CAT2_DFP,1.6.0,https://itools.infineon.com/cmsis_packs/CAT2_DFP/Infineon.CAT2_DFP.pdsc
Infineon,PSOC 4100S Max,PSOC 4100S Max (CY8C4149xxx-Sxxx),CY8C4149LDE-S593,cmsis_device_name,tcl/target/psoc4.cfg,not_validated,CAT2_DFP,1.6.0,https://itools.infineon.com/cmsis_packs/CAT2_DFP/Infineon.CAT2_DFP.pdsc
Infineon,PSOC 4100S Max,PSOC 4100S Max (CY8C4149xxx-Sxxx),CY8C4149LDS-S543,cmsis_device_name,tcl/target/psoc4.cfg,not_validated,CAT2_DFP,1.6.0,https://itools.infineon.com/cmsis_packs/CAT2_DFP/Infineon.CAT2_DFP.pdsc
Infineon,PSOC 4100S Max,PSOC 4100S Max (CY8C4149xxx-Sxxx),CY8C4149LDS-S553,cmsis_device_name,tcl/target/psoc4.cfg,not_validated,CAT2_DFP,1.6.0,https://itools.infineon.com/cmsis_packs/CAT2_DFP/Infineon.CAT2_DFP.pdsc
Infineon,PSOC 4100S Max,PSOC 4100S Max (CY8C4149xxx-Sxxx),CY8C4149LDS-S563,cmsis_device_name,tcl/target/psoc4.cfg,not_validated,CAT2_DFP,1.6.0,https://itools.infineon.com/cmsis_packs/CAT2_DFP/Infineon.CAT2_DFP.pdsc
Infineon,PSOC 4100S Max,PSOC 4100S Max (CY8C4149xxx-Sxxx),CY8C4149LDS-S573,cmsis_device_name,tcl/target/psoc4.cfg,not_validated,CAT2_DFP,1.6.0,https://itools.infineon.com/cmsis_packs/CAT2_DFP/Infineon.CAT2_DFP.pdsc
Infineon,PSOC 4100S Max,PSOC 4100S Max (CY8C4149xxx-Sxxx),CY8C4149LDS-S583,cmsis_device_name,tcl/target/psoc4.cfg,not_validated,CAT2_DFP,1.6.0,https://itools.infineon.com/cmsis_packs/CAT2_DFP/Infineon.CAT2_DFP.pdsc
Infineon,PSOC 4100S Max,PSOC 4100S Max (CY8C4149xxx-Sxxx),CY8C4149LDS-S593,cmsis_device_name,tcl/target/psoc4.cfg,not_validated,CAT2_DFP,1.6.0,https://itools.infineon.com/cmsis_packs/CAT2_DFP/Infineon.CAT2_DFP.pdsc
Infineon,PSOC 4100S Plus,PSOC 4100S Plus (CY8C41x6xxx-Sxxx),CY8C4126AXI-S443,cmsis_device_name,tcl/target/psoc4.cfg,not_validated,CAT2_DFP,1.6.0,https://itools.infineon.com/cmsis_packs/CAT2_DFP/Infineon.CAT2_DFP.pdsc
Infineon,PSOC 4100S Plus,PSOC 4100S Plus (CY8C41x6xxx-Sxxx),CY8C4126AXI-S445,cmsis_device_name,tcl/target/psoc4.cfg,not_validated,CAT2_DFP,1.6.0,https://itools.infineon.com/cmsis_packs/CAT2_DFP/Infineon.CAT2_DFP.pdsc
Infineon,PSOC 4100S Plus,PSOC 4100S Plus (CY8C41x6xxx-Sxxx),CY8C4126AXI-S455,cmsis_device_name,tcl/target/psoc4.cfg,not_validated,CAT2_DFP,1.6.0,https://itools.infineon.com/cmsis_packs/CAT2_DFP/Infineon.CAT2_DFP.pdsc
Infineon,PSOC 4100S Plus,PSOC 4100S Plus (CY8C41x6xxx-Sxxx),CY8C4126AZA-S455,cmsis_device_name,tcl/target/psoc4.cfg,not_validated,CAT2_DFP,1.6.0,https://itools.infineon.com/cmsis_packs/CAT2_DFP/Infineon.CAT2_DFP.pdsc
Infineon,PSOC 4100S Plus,PSOC 4100S Plus (CY8C41x6xxx-Sxxx),CY8C4126AZE-S455,cmsis_device_name,tcl/target/psoc4.cfg,not_validated,CAT2_DFP,1.6.0,https://itools.infineon.com/cmsis_packs/CAT2_DFP/Infineon.CAT2_DFP.pdsc
Infineon,PSOC 4100S Plus,PSOC 4100S Plus (CY8C41x6xxx-Sxxx),CY8C4126AZI-S445,cmsis_device_name,tcl/target/psoc4.cfg,not_validated,CAT2_DFP,1.6.0,https://itools.infineon.com/cmsis_packs/CAT2_DFP/Infineon.CAT2_DFP.pdsc
Infineon,PSOC 4100S Plus,PSOC 4100S Plus (CY8C41x6xxx-Sxxx),CY8C4126AZI-S455,cmsis_device_name,tcl/target/psoc4.cfg,not_validated,CAT2_DFP,1.6.0,https://itools.infineon.com/cmsis_packs/CAT2_DFP/Infineon.CAT2_DFP.pdsc
Infineon,PSOC 4100S Plus,PSOC 4100S Plus (CY8C41x6xxx-Sxxx),CY8C4126AZS-S455,cmsis_device_name,tcl/target/psoc4.cfg,not_validated,CAT2_DFP,1.6.0,https://itools.infineon.com/cmsis_packs/CAT2_DFP/Infineon.CAT2_DFP.pdsc
Infineon,PSOC 4100S Plus,PSOC 4100S Plus (CY8C41x6xxx-Sxxx),CY8C4126LDA-S453,cmsis_device_name,tcl/target/psoc4.cfg,not_validated,CAT2_DFP,1.6.0,https://itools.infineon.com/cmsis_packs/CAT2_DFP/Infineon.CAT2_DFP.pdsc
Infineon,PSOC 4100S Plus,PSOC 4100S Plus (CY8C41x6xxx-Sxxx),CY8C4126LDE-S453,cmsis_device_name,tcl/target/psoc4.cfg,not_validated,CAT2_DFP,1.6.0,https://itools.infineon.com/cmsis_packs/CAT2_DFP/Infineon.CAT2_DFP.pdsc
Infineon,PSOC 4100S Plus,PSOC 4100S Plus (CY8C41x6xxx-Sxxx),CY8C4126LDS-S453,cmsis_device_name,tcl/target/psoc4.cfg,not_validated,CAT2_DFP,1.6.0,https://itools.infineon.com/cmsis_packs/CAT2_DFP/Infineon.CAT2_DFP.pdsc
Infineon,PSOC 4100S Plus,PSOC 4100S Plus (CY8C41x6xxx-Sxxx),CY8C4126LQA-S453,cmsis_device_name,tcl/target/psoc4.cfg,not_validated,CAT2_DFP,1.6.0,https://itools.infineon.com/cmsis_packs/CAT2_DFP/Infineon.CAT2_DFP.pdsc
Infineon,PSOC 4100S Plus,PSOC 4100S Plus (CY8C41x6xxx-Sxxx),CY8C4126LQA-S455,cmsis_device_name,tcl/target/psoc4.cfg,not_validated,CAT2_DFP,1.6.0,https://itools.infineon.com/cmsis_packs/CAT2_DFP/Infineon.CAT2_DFP.pdsc
Infineon,PSOC 4100S Plus,PSOC 4100S Plus (CY8C41x6xxx-Sxxx),CY8C4126LQE-S453,cmsis_device_name,tcl/target/psoc4.cfg,not_validated,CAT2_DFP,1.6.0,https://itools.infineon.com/cmsis_packs/CAT2_DFP/Infineon.CAT2_DFP.pdsc
Infineon,PSOC 4100S Plus,PSOC 4100S Plus (CY8C41x6xxx-Sxxx),CY8C4126LQE-S455,cmsis_device_name,tcl/target/psoc4.cfg,not_validated,CAT2_DFP,1.6.0,https://itools.infineon.com/cmsis_packs/CAT2_DFP/Infineon.CAT2_DFP.pdsc
Infineon,PSOC 4100S Plus,PSOC 4100S Plus (CY8C41x6xxx-Sxxx),CY8C4126LQS-S453,cmsis_device_name,tcl/target/psoc4.cfg,not_validated,CAT2_DFP,1.6.0,https://itools.infineon.com/cmsis_packs/CAT2_DFP/Infineon.CAT2_DFP.pdsc
Infineon,PSOC 4100S Plus,PSOC 4100S Plus (CY8C41x6xxx-Sxxx),CY8C4126LQS-S455,cmsis_device_name,tcl/target/psoc4.cfg,not_validated,CAT2_DFP,1.6.0,https://itools.infineon.com/cmsis_packs/CAT2_DFP/Infineon.CAT2_DFP.pdsc
Infineon,PSOC 4100S Plus,PSOC 4100S Plus (CY8C41x6xxx-Sxxx),CY8C4146AXI-S443,cmsis_device_name,tcl/target/psoc4.cfg,not_validated,CAT2_DFP,1.6.0,https://itools.infineon.com/cmsis_packs/CAT2_DFP/Infineon.CAT2_DFP.pdsc
Infineon,PSOC 4100S Plus,PSOC 4100S Plus (CY8C41x6xxx-Sxxx),CY8C4146AXI-S445,cmsis_device_name,tcl/target/psoc4.cfg,not_validated,CAT2_DFP,1.6.0,https://itools.infineon.com/cmsis_packs/CAT2_DFP/Infineon.CAT2_DFP.pdsc
Infineon,PSOC 4100S Plus,PSOC 4100S Plus (CY8C41x6xxx-Sxxx),CY8C4146AXI-S453,cmsis_device_name,tcl/target/psoc4.cfg,not_validated,CAT2_DFP,1.6.0,https://itools.infineon.com/cmsis_packs/CAT2_DFP/Infineon.CAT2_DFP.pdsc
Infineon,PSOC 4100S Plus,PSOC 4100S Plus (CY8C41x6xxx-Sxxx),CY8C4146AXI-S455,cmsis_device_name,tcl/target/psoc4.cfg,not_validated,CAT2_DFP,1.6.0,https://itools.infineon.com/cmsis_packs/CAT2_DFP/Infineon.CAT2_DFP.pdsc
Infineon,PSOC 4100S Plus,PSOC 4100S Plus (CY8C41x6xxx-Sxxx),CY8C4146AZA-S245,cmsis_device_name,tcl/target/psoc4.cfg,not_validated,CAT2_DFP,1.6.0,https://itools.infineon.com/cmsis_packs/CAT2_DFP/Infineon.CAT2_DFP.pdsc
Infineon,PSOC 4100S Plus,PSOC 4100S Plus (CY8C41x6xxx-Sxxx),CY8C4146AZA-S255,cmsis_device_name,tcl/target/psoc4.cfg,not_validated,CAT2_DFP,1.6.0,https://itools.infineon.com/cmsis_packs/CAT2_DFP/Infineon.CAT2_DFP.pdsc
Infineon,PSOC 4100S Plus,PSOC 4100S Plus (CY8C41x6xxx-Sxxx),CY8C4146AZA-S265,cmsis_device_name,tcl/target/psoc4.cfg,not_validated,CAT2_DFP,1.6.0,https://itools.infineon.com/cmsis_packs/CAT2_DFP/Infineon.CAT2_DFP.pdsc
Infineon,PSOC 4100S Plus,PSOC 4100S Plus (CY8C41x6xxx-Sxxx),CY8C4146AZA-S275,cmsis_device_name,tcl/target/psoc4.cfg,not_validated,CAT2_DFP,1.6.0,https://itools.infineon.com/cmsis_packs/CAT2_DFP/Infineon.CAT2_DFP.pdsc
Infineon,PSOC 4100S Plus,PSOC 4100S Plus (CY8C41x6xxx-Sxxx),CY8C4146AZA-S455,cmsis_device_name,tcl/target/psoc4.cfg,not_validated,CAT2_DFP,1.6.0,https://itools.infineon.com/cmsis_packs/CAT2_DFP/Infineon.CAT2_DFP.pdsc
Infineon,PSOC 4100S Plus,PSOC 4100S Plus (CY8C41x6xxx-Sxxx),CY8C4146AZE-S245,cmsis_device_name,tcl/target/psoc4.cfg,not_validated,CAT2_DFP,1.6.0,https://itools.infineon.com/cmsis_packs/CAT2_DFP/Infineon.CAT2_DFP.pdsc
Infineon,PSOC 4100S Plus,PSOC 4100S Plus (CY8C41x6xxx-Sxxx),CY8C4146AZE-S255,cmsis_device_name,tcl/target/psoc4.cfg,not_validated,CAT2_DFP,1.6.0,https://itools.infineon.com/cmsis_packs/CAT2_DFP/Infineon.CAT2_DFP.pdsc
Infineon,PSOC 4100S Plus,PSOC 4100S Plus (CY8C41x6xxx-Sxxx),CY8C4146AZE-S265,cmsis_device_name,tcl/target/psoc4.cfg,not_validated,CAT2_DFP,1.6.0,https://itools.infineon.com/cmsis_packs/CAT2_DFP/Infineon.CAT2_DFP.pdsc
Infineon,PSOC 4100S Plus,PSOC 4100S Plus (CY8C41x6xxx-Sxxx),CY8C4146AZE-S275,cmsis_device_name,tcl/target/psoc4.cfg,not_validated,CAT2_DFP,1.6.0,https://itools.infineon.com/cmsis_packs/CAT2_DFP/Infineon.CAT2_DFP.pdsc
Infineon,PSOC 4100S Plus,PSOC 4100S Plus (CY8C41x6xxx-Sxxx),CY8C4146AZE-S455,cmsis_device_name,tcl/target/psoc4.cfg,not_validated,CAT2_DFP,1.6.0,https://itools.infineon.com/cmsis_packs/CAT2_DFP/Infineon.CAT2_DFP.pdsc
Infineon,PSOC 4100S Plus,PSOC 4100S Plus (CY8C41x6xxx-Sxxx),CY8C4146AZI-S443,cmsis_device_name,tcl/target/psoc4.cfg,not_validated,CAT2_DFP,1.6.0,https://itools.infineon.com/cmsis_packs/CAT2_DFP/Infineon.CAT2_DFP.pdsc
Infineon,PSOC 4100S Plus,PSOC 4100S Plus (CY8C41x6xxx-Sxxx),CY8C4146AZI-S445,cmsis_device_name,tcl/target/psoc4.cfg,not_validated,CAT2_DFP,1.6.0,https://itools.infineon.com/cmsis_packs/CAT2_DFP/Infineon.CAT2_DFP.pdsc
Infineon,PSOC 4100S Plus,PSOC 4100S Plus (CY8C41x6xxx-Sxxx),CY8C4146AZI-S453,cmsis_device_name,tcl/target/psoc4.cfg,not_validated,CAT2_DFP,1.6.0,https://itools.infineon.com/cmsis_packs/CAT2_DFP/Infineon.CAT2_DFP.pdsc
Infineon,PSOC 4100S Plus,PSOC 4100S Plus (CY8C41x6xxx-Sxxx),CY8C4146AZI-S455,cmsis_device_name,tcl/target/psoc4.cfg,not_validated,CAT2_DFP,1.6.0,https://itools.infineon.com/cmsis_packs/CAT2_DFP/Infineon.CAT2_DFP.pdsc
Infineon,PSOC 4100S Plus,PSOC 4100S Plus (CY8C41x6xxx-Sxxx),CY8C4146AZI-S463,cmsis_device_name,tcl/target/psoc4.cfg,not_validated,CAT2_DFP,1.6.0,https://itools.infineon.com/cmsis_packs/CAT2_DFP/Infineon.CAT2_DFP.pdsc
Infineon,PSOC 4100S Plus,PSOC 4100S Plus (CY8C41x6xxx-Sxxx),CY8C4146AZQ-S445,cmsis_device_name,tcl/target/psoc4.cfg,not_validated,CAT2_DFP,1.6.0,https://itools.infineon.com/cmsis_packs/CAT2_DFP/Infineon.CAT2_DFP.pdsc
Infineon,PSOC 4100S Plus,PSOC 4100S Plus (CY8C41x6xxx-Sxxx),CY8C4146AZQ-S455,cmsis_device_name,tcl/target/psoc4.cfg,not_validated,CAT2_DFP,1.6.0,https://itools.infineon.com/cmsis_packs/CAT2_DFP/Infineon.CAT2_DFP.pdsc
Infineon,PSOC 4100S Plus,PSOC 4100S Plus (CY8C41x6xxx-Sxxx),CY8C4146AZS-S245,cmsis_device_name,tcl/target/psoc4.cfg,not_validated,CAT2_DFP,1.6.0,https://itools.infineon.com/cmsis_packs/CAT2_DFP/Infineon.CAT2_DFP.pdsc
Infineon,PSOC 4100S Plus,PSOC 4100S Plus (CY8C41x6xxx-Sxxx),CY8C4146AZS-S255,cmsis_device_name,tcl/target/psoc4.cfg,not_validated,CAT2_DFP,1.6.0,https://itools.infineon.com/cmsis_packs/CAT2_DFP/Infineon.CAT2_DFP.pdsc
Infineon,PSOC 4100S Plus,PSOC 4100S Plus (CY8C41x6xxx-Sxxx),CY8C4146AZS-S265,cmsis_device_name,tcl/target/psoc4.cfg,not_validated,CAT2_DFP,1.6.0,https://itools.infineon.com/cmsis_packs/CAT2_DFP/Infineon.CAT2_DFP.pdsc
Infineon,PSOC 4100S Plus,PSOC 4100S Plus (CY8C41x6xxx-Sxxx),CY8C4146AZS-S275,cmsis_device_name,tcl/target/psoc4.cfg,not_validated,CAT2_DFP,1.6.0,https://itools.infineon.com/cmsis_packs/CAT2_DFP/Infineon.CAT2_DFP.pdsc
Infineon,PSOC 4100S Plus,PSOC 4100S Plus (CY8C41x6xxx-Sxxx),CY8C4146AZS-S455,cmsis_device_name,tcl/target/psoc4.cfg,not_validated,CAT2_DFP,1.6.0,https://itools.infineon.com/cmsis_packs/CAT2_DFP/Infineon.CAT2_DFP.pdsc
Infineon,PSOC 4100S Plus,PSOC 4100S Plus (CY8C41x6xxx-Sxxx),CY8C4146LDA-S243,cmsis_device_name,tcl/target/psoc4.cfg,not_validated,CAT2_DFP,1.6.0,https://itools.infineon.com/cmsis_packs/CAT2_DFP/Infineon.CAT2_DFP.pdsc
Infineon,PSOC 4100S Plus,PSOC 4100S Plus (CY8C41x6xxx-Sxxx),CY8C4146LDA-S253,cmsis_device_name,tcl/target/psoc4.cfg,not_validated,CAT2_DFP,1.6.0,https://itools.infineon.com/cmsis_packs/CAT2_DFP/Infineon.CAT2_DFP.pdsc
Infineon,PSOC 4100S Plus,PSOC 4100S Plus (CY8C41x6xxx-Sxxx),CY8C4146LDA-S263,cmsis_device_name,tcl/target/psoc4.cfg,not_validated,CAT2_DFP,1.6.0,https://itools.infineon.com/cmsis_packs/CAT2_DFP/Infineon.CAT2_DFP.pdsc
Infineon,PSOC 4100S Plus,PSOC 4100S Plus (CY8C41x6xxx-Sxxx),CY8C4146LDA-S273,cmsis_device_name,tcl/target/psoc4.cfg,not_validated,CAT2_DFP,1.6.0,https://itools.infineon.com/cmsis_packs/CAT2_DFP/Infineon.CAT2_DFP.pdsc
Infineon,PSOC 4100S Plus,PSOC 4100S Plus (CY8C41x6xxx-Sxxx),CY8C4146LDA-S453,cmsis_device_name,tcl/target/psoc4.cfg,not_validated,CAT2_DFP,1.6.0,https://itools.infineon.com/cmsis_packs/CAT2_DFP/Infineon.CAT2_DFP.pdsc
Infineon,PSOC 4100S Plus,PSOC 4100S Plus (CY8C41x6xxx-Sxxx),CY8C4146LDE-S243,cmsis_device_name,tcl/target/psoc4.cfg,not_validated,CAT2_DFP,1.6.0,https://itools.infineon.com/cmsis_packs/CAT2_DFP/Infineon.CAT2_DFP.pdsc
Infineon,PSOC 4100S Plus,PSOC 4100S Plus (CY8C41x6xxx-Sxxx),CY8C4146LDE-S253,cmsis_device_name,tcl/target/psoc4.cfg,not_validated,CAT2_DFP,1.6.0,https://itools.infineon.com/cmsis_packs/CAT2_DFP/Infineon.CAT2_DFP.pdsc
Infineon,PSOC 4100S Plus,PSOC 4100S Plus (CY8C41x6xxx-Sxxx),CY8C4146LDE-S263,cmsis_device_name,tcl/target/psoc4.cfg,not_validated,CAT2_DFP,1.6.0,https://itools.infineon.com/cmsis_packs/CAT2_DFP/Infineon.CAT2_DFP.pdsc
Infineon,PSOC 4100S Plus,PSOC 4100S Plus (CY8C41x6xxx-Sxxx),CY8C4146LDE-S273,cmsis_device_name,tcl/target/psoc4.cfg,not_validated,CAT2_DFP,1.6.0,https://itools.infineon.com/cmsis_packs/CAT2_DFP/Infineon.CAT2_DFP.pdsc
Infineon,PSOC 4100S Plus,PSOC 4100S Plus (CY8C41x6xxx-Sxxx),CY8C4146LDE-S453,cmsis_device_name,tcl/target/psoc4.cfg,not_validated,CAT2_DFP,1.6.0,https://itools.infineon.com/cmsis_packs/CAT2_DFP/Infineon.CAT2_DFP.pdsc
Infineon,PSOC 4100S Plus,PSOC 4100S Plus (CY8C41x6xxx-Sxxx),CY8C4146LDS-S243,cmsis_device_name,tcl/target/psoc4.cfg,not_validated,CAT2_DFP,1.6.0,https://itools.infineon.com/cmsis_packs/CAT2_DFP/Infineon.CAT2_DFP.pdsc
Infineon,PSOC 4100S Plus,PSOC 4100S Plus (CY8C41x6xxx-Sxxx),CY8C4146LDS-S253,cmsis_device_name,tcl/target/psoc4.cfg,not_validated,CAT2_DFP,1.6.0,https://itools.infineon.com/cmsis_packs/CAT2_DFP/Infineon.CAT2_DFP.pdsc
Infineon,PSOC 4100S Plus,PSOC 4100S Plus (CY8C41x6xxx-Sxxx),CY8C4146LDS-S263,cmsis_device_name,tcl/target/psoc4.cfg,not_validated,CAT2_DFP,1.6.0,https://itools.infineon.com/cmsis_packs/CAT2_DFP/Infineon.CAT2_DFP.pdsc
Infineon,PSOC 4100S Plus,PSOC 4100S Plus (CY8C41x6xxx-Sxxx),CY8C4146LDS-S273,cmsis_device_name,tcl/target/psoc4.cfg,not_validated,CAT2_DFP,1.6.0,https://itools.infineon.com/cmsis_packs/CAT2_DFP/Infineon.CAT2_DFP.pdsc
Infineon,PSOC 4100S Plus,PSOC 4100S Plus (CY8C41x6xxx-Sxxx),CY8C4146LDS-S453,cmsis_device_name,tcl/target/psoc4.cfg,not_validated,CAT2_DFP,1.6.0,https://itools.infineon.com/cmsis_packs/CAT2_DFP/Infineon.CAT2_DFP.pdsc
Infineon,PSOC 4100S Plus,PSOC 4100S Plus (CY8C41x6xxx-Sxxx),CY8C4146LQA-S243,cmsis_device_name,tcl/target/psoc4.cfg,not_validated,CAT2_DFP,1.6.0,https://itools.infineon.com/cmsis_packs/CAT2_DFP/Infineon.CAT2_DFP.pdsc
Infineon,PSOC 4100S Plus,PSOC 4100S Plus (CY8C41x6xxx-Sxxx),CY8C4146LQA-S245,cmsis_device_name,tcl/target/psoc4.cfg,not_validated,CAT2_DFP,1.6.0,https://itools.infineon.com/cmsis_packs/CAT2_DFP/Infineon.CAT2_DFP.pdsc
Infineon,PSOC 4100S Plus,PSOC 4100S Plus (CY8C41x6xxx-Sxxx),CY8C4146LQA-S253,cmsis_device_name,tcl/target/psoc4.cfg,not_validated,CAT2_DFP,1.6.0,https://itools.infineon.com/cmsis_packs/CAT2_DFP/Infineon.CAT2_DFP.pdsc
Infineon,PSOC 4100S Plus,PSOC 4100S Plus (CY8C41x6xxx-Sxxx),CY8C4146LQA-S255,cmsis_device_name,tcl/target/psoc4.cfg,not_validated,CAT2_DFP,1.6.0,https://itools.infineon.com/cmsis_packs/CAT2_DFP/Infineon.CAT2_DFP.pdsc
Infineon,PSOC 4100S Plus,PSOC 4100S Plus (CY8C41x6xxx-Sxxx),CY8C4146LQA-S263,cmsis_device_name,tcl/target/psoc4.cfg,not_validated,CAT2_DFP,1.6.0,https://itools.infineon.com/cmsis_packs/CAT2_DFP/Infineon.CAT2_DFP.pdsc
Infineon,PSOC 4100S Plus,PSOC 4100S Plus (CY8C41x6xxx-Sxxx),CY8C4146LQA-S265,cmsis_device_name,tcl/target/psoc4.cfg,not_validated,CAT2_DFP,1.6.0,https://itools.infineon.com/cmsis_packs/CAT2_DFP/Infineon.CAT2_DFP.pdsc
Infineon,PSOC 4100S Plus,PSOC 4100S Plus (CY8C41x6xxx-Sxxx),CY8C4146LQA-S273,cmsis_device_name,tcl/target/psoc4.cfg,not_validated,CAT2_DFP,1.6.0,https://itools.infineon.com/cmsis_packs/CAT2_DFP/Infineon.CAT2_DFP.pdsc
Infineon,PSOC 4100S Plus,PSOC 4100S Plus (CY8C41x6xxx-Sxxx),CY8C4146LQA-S275,cmsis_device_name,tcl/target/psoc4.cfg,not_validated,CAT2_DFP,1.6.0,https://itools.infineon.com/cmsis_packs/CAT2_DFP/Infineon.CAT2_DFP.pdsc
Infineon,PSOC 4100S Plus,PSOC 4100S Plus (CY8C41x6xxx-Sxxx),CY8C4146LQA-S453,cmsis_device_name,tcl/target/psoc4.cfg,not_validated,CAT2_DFP,1.6.0,https://itools.infineon.com/cmsis_packs/CAT2_DFP/Infineon.CAT2_DFP.pdsc
Infineon,PSOC 4100S Plus,PSOC 4100S Plus (CY8C41x6xxx-Sxxx),CY8C4146LQA-S455,cmsis_device_name,tcl/target/psoc4.cfg,not_validated,CAT2_DFP,1.6.0,https://itools.infineon.com/cmsis_packs/CAT2_DFP/Infineon.CAT2_DFP.pdsc
Infineon,PSOC 4100S Plus,PSOC 4100S Plus (CY8C41x6xxx-Sxxx),CY8C4146LQE-S243,cmsis_device_name,tcl/target/psoc4.cfg,not_validated,CAT2_DFP,1.6.0,https://itools.infineon.com/cmsis_packs/CAT2_DFP/Infineon.CAT2_DFP.pdsc
Infineon,PSOC 4100S Plus,PSOC 4100S Plus (CY8C41x6xxx-Sxxx),CY8C4146LQE-S245,cmsis_device_name,tcl/target/psoc4.cfg,not_validated,CAT2_DFP,1.6.0,https://itools.infineon.com/cmsis_packs/CAT2_DFP/Infineon.CAT2_DFP.pdsc
Infineon,PSOC 4100S Plus,PSOC 4100S Plus (CY8C41x6xxx-Sxxx),CY8C4146LQE-S253,cmsis_device_name,tcl/target/psoc4.cfg,not_validated,CAT2_DFP,1.6.0,https://itools.infineon.com/cmsis_packs/CAT2_DFP/Infineon.CAT2_DFP.pdsc
Infineon,PSOC 4100S Plus,PSOC 4100S Plus (CY8C41x6xxx-Sxxx),CY8C4146LQE-S255,cmsis_device_name,tcl/target/psoc4.cfg,not_validated,CAT2_DFP,1.6.0,https://itools.infineon.com/cmsis_packs/CAT2_DFP/Infineon.CAT2_DFP.pdsc
Infineon,PSOC 4100S Plus,PSOC 4100S Plus (CY8C41x6xxx-Sxxx),CY8C4146LQE-S263,cmsis_device_name,tcl/target/psoc4.cfg,not_validated,CAT2_DFP,1.6.0,https://itools.infineon.com/cmsis_packs/CAT2_DFP/Infineon.CAT2_DFP.pdsc
Infineon,PSOC 4100S Plus,PSOC 4100S Plus (CY8C41x6xxx-Sxxx),CY8C4146LQE-S265,cmsis_device_name,tcl/target/psoc4.cfg,not_validated,CAT2_DFP,1.6.0,https://itools.infineon.com/cmsis_packs/CAT2_DFP/Infineon.CAT2_DFP.pdsc
Infineon,PSOC 4100S Plus,PSOC 4100S Plus (CY8C41x6xxx-Sxxx),CY8C4146LQE-S273,cmsis_device_name,tcl/target/psoc4.cfg,not_validated,CAT2_DFP,1.6.0,https://itools.infineon.com/cmsis_packs/CAT2_DFP/Infineon.CAT2_DFP.pdsc
Infineon,PSOC 4100S Plus,PSOC 4100S Plus (CY8C41x6xxx-Sxxx),CY8C4146LQE-S275,cmsis_device_name,tcl/target/psoc4.cfg,not_validated,CAT2_DFP,1.6.0,https://itools.infineon.com/cmsis_packs/CAT2_DFP/Infineon.CAT2_DFP.pdsc
Infineon,PSOC 4100S Plus,PSOC 4100S Plus (CY8C41x6xxx-Sxxx),CY8C4146LQE-S453,cmsis_device_name,tcl/target/psoc4.cfg,not_validated,CAT2_DFP,1.6.0,https://itools.infineon.com/cmsis_packs/CAT2_DFP/Infineon.CAT2_DFP.pdsc
Infineon,PSOC 4100S Plus,PSOC 4100S Plus (CY8C41x6xxx-Sxxx),CY8C4146LQE-S455,cmsis_device_name,tcl/target/psoc4.cfg,not_validated,CAT2_DFP,1.6.0,https://itools.infineon.com/cmsis_packs/CAT2_DFP/Infineon.CAT2_DFP.pdsc
Infineon,PSOC 4100S Plus,PSOC 4100S Plus (CY8C41x6xxx-Sxxx),CY8C4146LQS-S243,cmsis_device_name,tcl/target/psoc4.cfg,not_validated,CAT2_DFP,1.6.0,https://itools.infineon.com/cmsis_packs/CAT2_DFP/Infineon.CAT2_DFP.pdsc
Infineon,PSOC 4100S Plus,PSOC 4100S Plus (CY8C41x6xxx-Sxxx),CY8C4146LQS-S245,cmsis_device_name,tcl/target/psoc4.cfg,not_validated,CAT2_DFP,1.6.0,https://itools.infineon.com/cmsis_packs/CAT2_DFP/Infineon.CAT2_DFP.pdsc
Infineon,PSOC 4100S Plus,PSOC 4100S Plus (CY8C41x6xxx-Sxxx),CY8C4146LQS-S253,cmsis_device_name,tcl/target/psoc4.cfg,not_validated,CAT2_DFP,1.6.0,https://itools.infineon.com/cmsis_packs/CAT2_DFP/Infineon.CAT2_DFP.pdsc
Infineon,PSOC 4100S Plus,PSOC 4100S Plus (CY8C41x6xxx-Sxxx),CY8C4146LQS-S255,cmsis_device_name,tcl/target/psoc4.cfg,not_validated,CAT2_DFP,1.6.0,https://itools.infineon.com/cmsis_packs/CAT2_DFP/Infineon.CAT2_DFP.pdsc
Infineon,PSOC 4100S Plus,PSOC 4100S Plus (CY8C41x6xxx-Sxxx),CY8C4146LQS-S263,cmsis_device_name,tcl/target/psoc4.cfg,not_validated,CAT2_DFP,1.6.0,https://itools.infineon.com/cmsis_packs/CAT2_DFP/Infineon.CAT2_DFP.pdsc
Infineon,PSOC 4100S Plus,PSOC 4100S Plus (CY8C41x6xxx-Sxxx),CY8C4146LQS-S265,cmsis_device_name,tcl/target/psoc4.cfg,not_validated,CAT2_DFP,1.6.0,https://itools.infineon.com/cmsis_packs/CAT2_DFP/Infineon.CAT2_DFP.pdsc
Infineon,PSOC 4100S Plus,PSOC 4100S Plus (CY8C41x6xxx-Sxxx),CY8C4146LQS-S273,cmsis_device_name,tcl/target/psoc4.cfg,not_validated,CAT2_DFP,1.6.0,https://itools.infineon.com/cmsis_packs/CAT2_DFP/Infineon.CAT2_DFP.pdsc
Infineon,PSOC 4100S Plus,PSOC 4100S Plus (CY8C41x6xxx-Sxxx),CY8C4146LQS-S275,cmsis_device_name,tcl/target/psoc4.cfg,not_validated,CAT2_DFP,1.6.0,https://itools.infineon.com/cmsis_packs/CAT2_DFP/Infineon.CAT2_DFP.pdsc
Infineon,PSOC 4100S Plus,PSOC 4100S Plus (CY8C41x6xxx-Sxxx),CY8C4146LQS-S453,cmsis_device_name,tcl/target/psoc4.cfg,not_validated,CAT2_DFP,1.6.0,https://itools.infineon.com/cmsis_packs/CAT2_DFP/Infineon.CAT2_DFP.pdsc
Infineon,PSOC 4100S Plus,PSOC 4100S Plus (CY8C41x6xxx-Sxxx),CY8C4146LQS-S455,cmsis_device_name,tcl/target/psoc4.cfg,not_validated,CAT2_DFP,1.6.0,https://itools.infineon.com/cmsis_packs/CAT2_DFP/Infineon.CAT2_DFP.pdsc
Infineon,PSOC 4100S Plus,PSOC 4100S Plus (CY8C41x7xxx-Sxxx),CY8C4127AXI-S443,cmsis_device_name,tcl/target/psoc4.cfg,not_validated,CAT2_DFP,1.6.0,https://itools.infineon.com/cmsis_packs/CAT2_DFP/Infineon.CAT2_DFP.pdsc
Infineon,PSOC 4100S Plus,PSOC 4100S Plus (CY8C41x7xxx-Sxxx),CY8C4127AXI-S445,cmsis_device_name,tcl/target/psoc4.cfg,not_validated,CAT2_DFP,1.6.0,https://itools.infineon.com/cmsis_packs/CAT2_DFP/Infineon.CAT2_DFP.pdsc
Infineon,PSOC 4100S Plus,PSOC 4100S Plus (CY8C41x7xxx-Sxxx),CY8C4127AXI-S453,cmsis_device_name,tcl/target/psoc4.cfg,not_validated,CAT2_DFP,1.6.0,https://itools.infineon.com/cmsis_packs/CAT2_DFP/Infineon.CAT2_DFP.pdsc
Infineon,PSOC 4100S Plus,PSOC 4100S Plus (CY8C41x7xxx-Sxxx),CY8C4127AXI-S455,cmsis_device_name,tcl/target/psoc4.cfg,not_validated,CAT2_DFP,1.6.0,https://itools.infineon.com/cmsis_packs/CAT2_DFP/Infineon.CAT2_DFP.pdsc
Infineon,PSOC 4100S Plus,PSOC 4100S Plus (CY8C41x7xxx-Sxxx),CY8C4127AZA-S445,cmsis_device_name,tcl/target/psoc4.cfg,not_validated,CAT2_DFP,1.6.0,https://itools.infineon.com/cmsis_packs/CAT2_DFP/Infineon.CAT2_DFP.pdsc
Infineon,PSOC 4100S Plus,PSOC 4100S Plus (CY8C41x7xxx-Sxxx),CY8C4127AZA-S455,cmsis_device_name,tcl/target/psoc4.cfg,not_validated,CAT2_DFP,1.6.0,https://itools.infineon.com/cmsis_packs/CAT2_DFP/Infineon.CAT2_DFP.pdsc
Infineon,PSOC 4100S Plus,PSOC 4100S Plus (CY8C41x7xxx-Sxxx),CY8C4127AZE-S445,cmsis_device_name,tcl/target/psoc4.cfg,not_validated,CAT2_DFP,1.6.0,https://itools.infineon.com/cmsis_packs/CAT2_DFP/Infineon.CAT2_DFP.pdsc
Infineon,PSOC 4100S Plus,PSOC 4100S Plus (CY8C41x7xxx-Sxxx),CY8C4127AZE-S455,cmsis_device_name,tcl/target/psoc4.cfg,not_validated,CAT2_DFP,1.6.0,https://itools.infineon.com/cmsis_packs/CAT2_DFP/Infineon.CAT2_DFP.pdsc
Infineon,PSOC 4100S Plus,PSOC 4100S Plus (CY8C41x7xxx-Sxxx),CY8C4127AZI-S443,cmsis_device_name,tcl/target/psoc4.cfg,not_validated,CAT2_DFP,1.6.0,https://itools.infineon.com/cmsis_packs/CAT2_DFP/Infineon.CAT2_DFP.pdsc
Infineon,PSOC 4100S Plus,PSOC 4100S Plus (CY8C41x7xxx-Sxxx),CY8C4127AZI-S445,cmsis_device_name,tcl/target/psoc4.cfg,not_validated,CAT2_DFP,1.6.0,https://itools.infineon.com/cmsis_packs/CAT2_DFP/Infineon.CAT2_DFP.pdsc
Infineon,PSOC 4100S Plus,PSOC 4100S Plus (CY8C41x7xxx-Sxxx),CY8C4127AZI-S453,cmsis_device_name,tcl/target/psoc4.cfg,not_validated,CAT2_DFP,1.6.0,https://itools.infineon.com/cmsis_packs/CAT2_DFP/Infineon.CAT2_DFP.pdsc
Infineon,PSOC 4100S Plus,PSOC 4100S Plus (CY8C41x7xxx-Sxxx),CY8C4127AZI-S455,cmsis_device_name,tcl/target/psoc4.cfg,not_validated,CAT2_DFP,1.6.0,https://itools.infineon.com/cmsis_packs/CAT2_DFP/Infineon.CAT2_DFP.pdsc
Infineon,PSOC 4100S Plus,PSOC 4100S Plus (CY8C41x7xxx-Sxxx),CY8C4127AZQ-S445,cmsis_device_name,tcl/target/psoc4.cfg,not_validated,CAT2_DFP,1.6.0,https://itools.infineon.com/cmsis_packs/CAT2_DFP/Infineon.CAT2_DFP.pdsc
Infineon,PSOC 4100S Plus,PSOC 4100S Plus (CY8C41x7xxx-Sxxx),CY8C4127AZQ-S455,cmsis_device_name,tcl/target/psoc4.cfg,not_validated,CAT2_DFP,1.6.0,https://itools.infineon.com/cmsis_packs/CAT2_DFP/Infineon.CAT2_DFP.pdsc
Infineon,PSOC 4100S Plus,PSOC 4100S Plus (CY8C41x7xxx-Sxxx),CY8C4127AZS-S445,cmsis_device_name,tcl/target/psoc4.cfg,not_validated,CAT2_DFP,1.6.0,https://itools.infineon.com/cmsis_packs/CAT2_DFP/Infineon.CAT2_DFP.pdsc
Infineon,PSOC 4100S Plus,PSOC 4100S Plus (CY8C41x7xxx-Sxxx),CY8C4127AZS-S455,cmsis_device_name,tcl/target/psoc4.cfg,not_validated,CAT2_DFP,1.6.0,https://itools.infineon.com/cmsis_packs/CAT2_DFP/Infineon.CAT2_DFP.pdsc
Infineon,PSOC 4100S Plus,PSOC 4100S Plus (CY8C41x7xxx-Sxxx),CY8C4127LDA-S443,cmsis_device_name,tcl/target/psoc4.cfg,not_validated,CAT2_DFP,1.6.0,https://itools.infineon.com/cmsis_packs/CAT2_DFP/Infineon.CAT2_DFP.pdsc
Infineon,PSOC 4100S Plus,PSOC 4100S Plus (CY8C41x7xxx-Sxxx),CY8C4127LDA-S453,cmsis_device_name,tcl/target/psoc4.cfg,not_validated,CAT2_DFP,1.6.0,https://itools.infineon.com/cmsis_packs/CAT2_DFP/Infineon.CAT2_DFP.pdsc
Infineon,PSOC 4100S Plus,PSOC 4100S Plus (CY8C41x7xxx-Sxxx),CY8C4127LDE-S443,cmsis_device_name,tcl/target/psoc4.cfg,not_validated,CAT2_DFP,1.6.0,https://itools.infineon.com/cmsis_packs/CAT2_DFP/Infineon.CAT2_DFP.pdsc
Infineon,PSOC 4100S Plus,PSOC 4100S Plus (CY8C41x7xxx-Sxxx),CY8C4127LDE-S453,cmsis_device_name,tcl/target/psoc4.cfg,not_validated,CAT2_DFP,1.6.0,https://itools.infineon.com/cmsis_packs/CAT2_DFP/Infineon.CAT2_DFP.pdsc
Infineon,PSOC 4100S Plus,PSOC 4100S Plus (CY8C41x7xxx-Sxxx),CY8C4127LDS-S443,cmsis_device_name,tcl/target/psoc4.cfg,not_validated,CAT2_DFP,1.6.0,https://itools.infineon.com/cmsis_packs/CAT2_DFP/Infineon.CAT2_DFP.pdsc
Infineon,PSOC 4100S Plus,PSOC 4100S Plus (CY8C41x7xxx-Sxxx),CY8C4127LDS-S453,cmsis_device_name,tcl/target/psoc4.cfg,not_validated,CAT2_DFP,1.6.0,https://itools.infineon.com/cmsis_packs/CAT2_DFP/Infineon.CAT2_DFP.pdsc
Infineon,PSOC 4100S Plus,PSOC 4100S Plus (CY8C41x7xxx-Sxxx),CY8C4127LQA-S443,cmsis_device_name,tcl/target/psoc4.cfg,not_validated,CAT2_DFP,1.6.0,https://itools.infineon.com/cmsis_packs/CAT2_DFP/Infineon.CAT2_DFP.pdsc
Infineon,PSOC 4100S Plus,PSOC 4100S Plus (CY8C41x7xxx-Sxxx),CY8C4127LQA-S445,cmsis_device_name,tcl/target/psoc4.cfg,not_validated,CAT2_DFP,1.6.0,https://itools.infineon.com/cmsis_packs/CAT2_DFP/Infineon.CAT2_DFP.pdsc
Infineon,PSOC 4100S Plus,PSOC 4100S Plus (CY8C41x7xxx-Sxxx),CY8C4127LQA-S453,cmsis_device_name,tcl/target/psoc4.cfg,not_validated,CAT2_DFP,1.6.0,https://itools.infineon.com/cmsis_packs/CAT2_DFP/Infineon.CAT2_DFP.pdsc
Infineon,PSOC 4100S Plus,PSOC 4100S Plus (CY8C41x7xxx-Sxxx),CY8C4127LQA-S455,cmsis_device_name,tcl/target/psoc4.cfg,not_validated,CAT2_DFP,1.6.0,https://itools.infineon.com/cmsis_packs/CAT2_DFP/Infineon.CAT2_DFP.pdsc
Infineon,PSOC 4100S Plus,PSOC 4100S Plus (CY8C41x7xxx-Sxxx),CY8C4127LQE-S443,cmsis_device_name,tcl/target/psoc4.cfg,not_validated,CAT2_DFP,1.6.0,https://itools.infineon.com/cmsis_packs/CAT2_DFP/Infineon.CAT2_DFP.pdsc
Infineon,PSOC 4100S Plus,PSOC 4100S Plus (CY8C41x7xxx-Sxxx),CY8C4127LQE-S445,cmsis_device_name,tcl/target/psoc4.cfg,not_validated,CAT2_DFP,1.6.0,https://itools.infineon.com/cmsis_packs/CAT2_DFP/Infineon.CAT2_DFP.pdsc
Infineon,PSOC 4100S Plus,PSOC 4100S Plus (CY8C41x7xxx-Sxxx),CY8C4127LQE-S453,cmsis_device_name,tcl/target/psoc4.cfg,not_validated,CAT2_DFP,1.6.0,https://itools.infineon.com/cmsis_packs/CAT2_DFP/Infineon.CAT2_DFP.pdsc
Infineon,PSOC 4100S Plus,PSOC 4100S Plus (CY8C41x7xxx-Sxxx),CY8C4127LQE-S455,cmsis_device_name,tcl/target/psoc4.cfg,not_validated,CAT2_DFP,1.6.0,https://itools.infineon.com/cmsis_packs/CAT2_DFP/Infineon.CAT2_DFP.pdsc
Infineon,PSOC 4100S Plus,PSOC 4100S Plus (CY8C41x7xxx-Sxxx),CY8C4127LQS-S443,cmsis_device_name,tcl/target/psoc4.cfg,not_validated,CAT2_DFP,1.6.0,https://itools.infineon.com/cmsis_packs/CAT2_DFP/Infineon.CAT2_DFP.pdsc
Infineon,PSOC 4100S Plus,PSOC 4100S Plus (CY8C41x7xxx-Sxxx),CY8C4127LQS-S445,cmsis_device_name,tcl/target/psoc4.cfg,not_validated,CAT2_DFP,1.6.0,https://itools.infineon.com/cmsis_packs/CAT2_DFP/Infineon.CAT2_DFP.pdsc
Infineon,PSOC 4100S Plus,PSOC 4100S Plus (CY8C41x7xxx-Sxxx),CY8C4127LQS-S453,cmsis_device_name,tcl/target/psoc4.cfg,not_validated,CAT2_DFP,1.6.0,https://itools.infineon.com/cmsis_packs/CAT2_DFP/Infineon.CAT2_DFP.pdsc
Infineon,PSOC 4100S Plus,PSOC 4100S Plus (CY8C41x7xxx-Sxxx),CY8C4127LQS-S455,cmsis_device_name,tcl/target/psoc4.cfg,not_validated,CAT2_DFP,1.6.0,https://itools.infineon.com/cmsis_packs/CAT2_DFP/Infineon.CAT2_DFP.pdsc
Infineon,PSOC 4100S Plus,PSOC 4100S Plus (CY8C41x7xxx-Sxxx),CY8C4147AXI-S443,cmsis_device_name,tcl/target/psoc4.cfg,not_validated,CAT2_DFP,1.6.0,https://itools.infineon.com/cmsis_packs/CAT2_DFP/Infineon.CAT2_DFP.pdsc
Infineon,PSOC 4100S Plus,PSOC 4100S Plus (CY8C41x7xxx-Sxxx),CY8C4147AXI-S445,cmsis_device_name,tcl/target/psoc4.cfg,not_validated,CAT2_DFP,1.6.0,https://itools.infineon.com/cmsis_packs/CAT2_DFP/Infineon.CAT2_DFP.pdsc
Infineon,PSOC 4100S Plus,PSOC 4100S Plus (CY8C41x7xxx-Sxxx),CY8C4147AXI-S453,cmsis_device_name,tcl/target/psoc4.cfg,not_validated,CAT2_DFP,1.6.0,https://itools.infineon.com/cmsis_packs/CAT2_DFP/Infineon.CAT2_DFP.pdsc
Infineon,PSOC 4100S Plus,PSOC 4100S Plus (CY8C41x7xxx-Sxxx),CY8C4147AXI-S455,cmsis_device_name,tcl/target/psoc4.cfg,not_validated,CAT2_DFP,1.6.0,https://itools.infineon.com/cmsis_packs/CAT2_DFP/Infineon.CAT2_DFP.pdsc
Infineon,PSOC 4100S Plus,PSOC 4100S Plus (CY8C41x7xxx-Sxxx),CY8C4147AXI-S465,cmsis_device_name,tcl/target/psoc4.cfg,not_validated,CAT2_DFP,1.6.0,https://itools.infineon.com/cmsis_packs/CAT2_DFP/Infineon.CAT2_DFP.pdsc
Infineon,PSOC 4100S Plus,PSOC 4100S Plus (CY8C41x7xxx-Sxxx),CY8C4147AXI-S475,cmsis_device_name,tcl/target/psoc4.cfg,not_validated,CAT2_DFP,1.6.0,https://itools.infineon.com/cmsis_packs/CAT2_DFP/Infineon.CAT2_DFP.pdsc
Infineon,PSOC 4100S Plus,PSOC 4100S Plus (CY8C41x7xxx-Sxxx),CY8C4147AZA-S245,cmsis_device_name,tcl/target/psoc4.cfg,not_validated,CAT2_DFP,1.6.0,https://itools.infineon.com/cmsis_packs/CAT2_DFP/Infineon.CAT2_DFP.pdsc
Infineon,PSOC 4100S Plus,PSOC 4100S Plus (CY8C41x7xxx-Sxxx),CY8C4147AZA-S255,cmsis_device_name,tcl/target/psoc4.cfg,not_validated,CAT2_DFP,1.6.0,https://itools.infineon.com/cmsis_packs/CAT2_DFP/Infineon.CAT2_DFP.pdsc
Infineon,PSOC 4100S Plus,PSOC 4100S Plus (CY8C41x7xxx-Sxxx),CY8C4147AZA-S265,cmsis_device_name,tcl/target/psoc4.cfg,not_validated,CAT2_DFP,1.6.0,https://itools.infineon.com/cmsis_packs/CAT2_DFP/Infineon.CAT2_DFP.pdsc
Infineon,PSOC 4100S Plus,PSOC 4100S Plus (CY8C41x7xxx-Sxxx),CY8C4147AZA-S275,cmsis_device_name,tcl/target/psoc4.cfg,not_validated,CAT2_DFP,1.6.0,https://itools.infineon.com/cmsis_packs/CAT2_DFP/Infineon.CAT2_DFP.pdsc
Infineon,PSOC 4100S Plus,PSOC 4100S Plus (CY8C41x7xxx-Sxxx),CY8C4147AZA-S285,cmsis_device_name,tcl/target/psoc4.cfg,not_validated,CAT2_DFP,1.6.0,https://itools.infineon.com/cmsis_packs/CAT2_DFP/Infineon.CAT2_DFP.pdsc
Infineon,PSOC 4100S Plus,PSOC 4100S Plus (CY8C41x7xxx-Sxxx),CY8C4147AZA-S295,cmsis_device_name,tcl/target/psoc4.cfg,not_validated,CAT2_DFP,1.6.0,https://itools.infineon.com/cmsis_packs/CAT2_DFP/Infineon.CAT2_DFP.pdsc
Infineon,PSOC 4100S Plus,PSOC 4100S Plus (CY8C41x7xxx-Sxxx),CY8C4147AZA-S445,cmsis_device_name,tcl/target/psoc4.cfg,not_validated,CAT2_DFP,1.6.0,https://itools.infineon.com/cmsis_packs/CAT2_DFP/Infineon.CAT2_DFP.pdsc
Infineon,PSOC 4100S Plus,PSOC 4100S Plus (CY8C41x7xxx-Sxxx),CY8C4147AZA-S455,cmsis_device_name,tcl/target/psoc4.cfg,not_validated,CAT2_DFP,1.6.0,https://itools.infineon.com/cmsis_packs/CAT2_DFP/Infineon.CAT2_DFP.pdsc
Infineon,PSOC 4100S Plus,PSOC 4100S Plus (CY8C41x7xxx-Sxxx),CY8C4147AZA-S465,cmsis_device_name,tcl/target/psoc4.cfg,not_validated,CAT2_DFP,1.6.0,https://itools.infineon.com/cmsis_packs/CAT2_DFP/Infineon.CAT2_DFP.pdsc
Infineon,PSOC 4100S Plus,PSOC 4100S Plus (CY8C41x7xxx-Sxxx),CY8C4147AZA-S475,cmsis_device_name,tcl/target/psoc4.cfg,not_validated,CAT2_DFP,1.6.0,https://itools.infineon.com/cmsis_packs/CAT2_DFP/Infineon.CAT2_DFP.pdsc
Infineon,PSOC 4100S Plus,PSOC 4100S Plus (CY8C41x7xxx-Sxxx),CY8C4147AZE-S245,cmsis_device_name,tcl/target/psoc4.cfg,not_validated,CAT2_DFP,1.6.0,https://itools.infineon.com/cmsis_packs/CAT2_DFP/Infineon.CAT2_DFP.pdsc
Infineon,PSOC 4100S Plus,PSOC 4100S Plus (CY8C41x7xxx-Sxxx),CY8C4147AZE-S255,cmsis_device_name,tcl/target/psoc4.cfg,not_validated,CAT2_DFP,1.6.0,https://itools.infineon.com/cmsis_packs/CAT2_DFP/Infineon.CAT2_DFP.pdsc
Infineon,PSOC 4100S Plus,PSOC 4100S Plus (CY8C41x7xxx-Sxxx),CY8C4147AZE-S265,cmsis_device_name,tcl/target/psoc4.cfg,not_validated,CAT2_DFP,1.6.0,https://itools.infineon.com/cmsis_packs/CAT2_DFP/Infineon.CAT2_DFP.pdsc
Infineon,PSOC 4100S Plus,PSOC 4100S Plus (CY8C41x7xxx-Sxxx),CY8C4147AZE-S275,cmsis_device_name,tcl/target/psoc4.cfg,not_validated,CAT2_DFP,1.6.0,https://itools.infineon.com/cmsis_packs/CAT2_DFP/Infineon.CAT2_DFP.pdsc
Infineon,PSOC 4100S Plus,PSOC 4100S Plus (CY8C41x7xxx-Sxxx),CY8C4147AZE-S285,cmsis_device_name,tcl/target/psoc4.cfg,not_validated,CAT2_DFP,1.6.0,https://itools.infineon.com/cmsis_packs/CAT2_DFP/Infineon.CAT2_DFP.pdsc
Infineon,PSOC 4100S Plus,PSOC 4100S Plus (CY8C41x7xxx-Sxxx),CY8C4147AZE-S295,cmsis_device_name,tcl/target/psoc4.cfg,not_validated,CAT2_DFP,1.6.0,https://itools.infineon.com/cmsis_packs/CAT2_DFP/Infineon.CAT2_DFP.pdsc
Infineon,PSOC 4100S Plus,PSOC 4100S Plus (CY8C41x7xxx-Sxxx),CY8C4147AZE-S445,cmsis_device_name,tcl/target/psoc4.cfg,not_validated,CAT2_DFP,1.6.0,https://itools.infineon.com/cmsis_packs/CAT2_DFP/Infineon.CAT2_DFP.pdsc
Infineon,PSOC 4100S Plus,PSOC 4100S Plus (CY8C41x7xxx-Sxxx),CY8C4147AZE-S455,cmsis_device_name,tcl/target/psoc4.cfg,not_validated,CAT2_DFP,1.6.0,https://itools.infineon.com/cmsis_packs/CAT2_DFP/Infineon.CAT2_DFP.pdsc
Infineon,PSOC 4100S Plus,PSOC 4100S Plus (CY8C41x7xxx-Sxxx),CY8C4147AZE-S465,cmsis_device_name,tcl/target/psoc4.cfg,not_validated,CAT2_DFP,1.6.0,https://itools.infineon.com/cmsis_packs/CAT2_DFP/Infineon.CAT2_DFP.pdsc
Infineon,PSOC 4100S Plus,PSOC 4100S Plus (CY8C41x7xxx-Sxxx),CY8C4147AZE-S475,cmsis_device_name,tcl/target/psoc4.cfg,not_validated,CAT2_DFP,1.6.0,https://itools.infineon.com/cmsis_packs/CAT2_DFP/Infineon.CAT2_DFP.pdsc
Infineon,PSOC 4100S Plus,PSOC 4100S Plus (CY8C41x7xxx-Sxxx),CY8C4147AZI-S443,cmsis_device_name,tcl/target/psoc4.cfg,not_validated,CAT2_DFP,1.6.0,https://itools.infineon.com/cmsis_packs/CAT2_DFP/Infineon.CAT2_DFP.pdsc
Infineon,PSOC 4100S Plus,PSOC 4100S Plus (CY8C41x7xxx-Sxxx),CY8C4147AZI-S445,cmsis_device_name,tcl/target/psoc4.cfg,not_validated,CAT2_DFP,1.6.0,https://itools.infineon.com/cmsis_packs/CAT2_DFP/Infineon.CAT2_DFP.pdsc
Infineon,PSOC 4100S Plus,PSOC 4100S Plus (CY8C41x7xxx-Sxxx),CY8C4147AZI-S453,cmsis_device_name,tcl/target/psoc4.cfg,not_validated,CAT2_DFP,1.6.0,https://itools.infineon.com/cmsis_packs/CAT2_DFP/Infineon.CAT2_DFP.pdsc
Infineon,PSOC 4100S Plus,PSOC 4100S Plus (CY8C41x7xxx-Sxxx),CY8C4147AZI-S455,cmsis_device_name,tcl/target/psoc4.cfg,not_validated,CAT2_DFP,1.6.0,https://itools.infineon.com/cmsis_packs/CAT2_DFP/Infineon.CAT2_DFP.pdsc
Infineon,PSOC 4100S Plus,PSOC 4100S Plus (CY8C41x7xxx-Sxxx),CY8C4147AZI-S463,cmsis_device_name,tcl/target/psoc4.cfg,not_validated,CAT2_DFP,1.6.0,https://itools.infineon.com/cmsis_packs/CAT2_DFP/Infineon.CAT2_DFP.pdsc
Infineon,PSOC 4100S Plus,PSOC 4100S Plus (CY8C41x7xxx-Sxxx),CY8C4147AZI-S465,cmsis_device_name,tcl/target/psoc4.cfg,not_validated,CAT2_DFP,1.6.0,https://itools.infineon.com/cmsis_packs/CAT2_DFP/Infineon.CAT2_DFP.pdsc
Infineon,PSOC 4100S Plus,PSOC 4100S Plus (CY8C41x7xxx-Sxxx),CY8C4147AZI-S475,cmsis_device_name,tcl/target/psoc4.cfg,not_validated,CAT2_DFP,1.6.0,https://itools.infineon.com/cmsis_packs/CAT2_DFP/Infineon.CAT2_DFP.pdsc
Infineon,PSOC 4100S Plus,PSOC 4100S Plus (CY8C41x7xxx-Sxxx),CY8C4147AZQ-S445,cmsis_device_name,tcl/target/psoc4.cfg,not_validated,CAT2_DFP,1.6.0,https://itools.infineon.com/cmsis_packs/CAT2_DFP/Infineon.CAT2_DFP.pdsc
Infineon,PSOC 4100S Plus,PSOC 4100S Plus (CY8C41x7xxx-Sxxx),CY8C4147AZQ-S445I,cmsis_device_name,tcl/target/psoc4.cfg,not_validated,CAT2_DFP,1.6.0,https://itools.infineon.com/cmsis_packs/CAT2_DFP/Infineon.CAT2_DFP.pdsc
Infineon,PSOC 4100S Plus,PSOC 4100S Plus (CY8C41x7xxx-Sxxx),CY8C4147AZQ-S453,cmsis_device_name,tcl/target/psoc4.cfg,not_validated,CAT2_DFP,1.6.0,https://itools.infineon.com/cmsis_packs/CAT2_DFP/Infineon.CAT2_DFP.pdsc
Infineon,PSOC 4100S Plus,PSOC 4100S Plus (CY8C41x7xxx-Sxxx),CY8C4147AZQ-S455,cmsis_device_name,tcl/target/psoc4.cfg,not_validated,CAT2_DFP,1.6.0,https://itools.infineon.com/cmsis_packs/CAT2_DFP/Infineon.CAT2_DFP.pdsc
Infineon,PSOC 4100S Plus,PSOC 4100S Plus (CY8C41x7xxx-Sxxx),CY8C4147AZQ-S455I,cmsis_device_name,tcl/target/psoc4.cfg,not_validated,CAT2_DFP,1.6.0,https://itools.infineon.com/cmsis_packs/CAT2_DFP/Infineon.CAT2_DFP.pdsc
Infineon,PSOC 4100S Plus,PSOC 4100S Plus (CY8C41x7xxx-Sxxx),CY8C4147AZQ-S465,cmsis_device_name,tcl/target/psoc4.cfg,not_validated,CAT2_DFP,1.6.0,https://itools.infineon.com/cmsis_packs/CAT2_DFP/Infineon.CAT2_DFP.pdsc
Infineon,PSOC 4100S Plus,PSOC 4100S Plus (CY8C41x7xxx-Sxxx),CY8C4147AZQ-S475,cmsis_device_name,tcl/target/psoc4.cfg,not_validated,CAT2_DFP,1.6.0,https://itools.infineon.com/cmsis_packs/CAT2_DFP/Infineon.CAT2_DFP.pdsc
Infineon,PSOC 4100S Plus,PSOC 4100S Plus (CY8C41x7xxx-Sxxx),CY8C4147AZS-S245,cmsis_device_name,tcl/target/psoc4.cfg,not_validated,CAT2_DFP,1.6.0,https://itools.infineon.com/cmsis_packs/CAT2_DFP/Infineon.CAT2_DFP.pdsc
Infineon,PSOC 4100S Plus,PSOC 4100S Plus (CY8C41x7xxx-Sxxx),CY8C4147AZS-S255,cmsis_device_name,tcl/target/psoc4.cfg,not_validated,CAT2_DFP,1.6.0,https://itools.infineon.com/cmsis_packs/CAT2_DFP/Infineon.CAT2_DFP.pdsc
Infineon,PSOC 4100S Plus,PSOC 4100S Plus (CY8C41x7xxx-Sxxx),CY8C4147AZS-S265,cmsis_device_name,tcl/target/psoc4.cfg,not_validated,CAT2_DFP,1.6.0,https://itools.infineon.com/cmsis_packs/CAT2_DFP/Infineon.CAT2_DFP.pdsc
Infineon,PSOC 4100S Plus,PSOC 4100S Plus (CY8C41x7xxx-Sxxx),CY8C4147AZS-S275,cmsis_device_name,tcl/target/psoc4.cfg,not_validated,CAT2_DFP,1.6.0,https://itools.infineon.com/cmsis_packs/CAT2_DFP/Infineon.CAT2_DFP.pdsc
Infineon,PSOC 4100S Plus,PSOC 4100S Plus (CY8C41x7xxx-Sxxx),CY8C4147AZS-S285,cmsis_device_name,tcl/target/psoc4.cfg,not_validated,CAT2_DFP,1.6.0,https://itools.infineon.com/cmsis_packs/CAT2_DFP/Infineon.CAT2_DFP.pdsc
Infineon,PSOC 4100S Plus,PSOC 4100S Plus (CY8C41x7xxx-Sxxx),CY8C4147AZS-S295,cmsis_device_name,tcl/target/psoc4.cfg,not_validated,CAT2_DFP,1.6.0,https://itools.infineon.com/cmsis_packs/CAT2_DFP/Infineon.CAT2_DFP.pdsc
Infineon,PSOC 4100S Plus,PSOC 4100S Plus (CY8C41x7xxx-Sxxx),CY8C4147AZS-S445,cmsis_device_name,tcl/target/psoc4.cfg,not_validated,CAT2_DFP,1.6.0,https://itools.infineon.com/cmsis_packs/CAT2_DFP/Infineon.CAT2_DFP.pdsc
Infineon,PSOC 4100S Plus,PSOC 4100S Plus (CY8C41x7xxx-Sxxx),CY8C4147AZS-S455,cmsis_device_name,tcl/target/psoc4.cfg,not_validated,CAT2_DFP,1.6.0,https://itools.infineon.com/cmsis_packs/CAT2_DFP/Infineon.CAT2_DFP.pdsc
Infineon,PSOC 4100S Plus,PSOC 4100S Plus (CY8C41x7xxx-Sxxx),CY8C4147AZS-S465,cmsis_device_name,tcl/target/psoc4.cfg,not_validated,CAT2_DFP,1.6.0,https://itools.infineon.com/cmsis_packs/CAT2_DFP/Infineon.CAT2_DFP.pdsc
Infineon,PSOC 4100S Plus,PSOC 4100S Plus (CY8C41x7xxx-Sxxx),CY8C4147AZS-S475,cmsis_device_name,tcl/target/psoc4.cfg,not_validated,CAT2_DFP,1.6.0,https://itools.infineon.com/cmsis_packs/CAT2_DFP/Infineon.CAT2_DFP.pdsc
Infineon,PSOC 4100S Plus,PSOC 4100S Plus (CY8C41x7xxx-Sxxx),CY8C4147LDA-S243,cmsis_device_name,tcl/target/psoc4.cfg,not_validated,CAT2_DFP,1.6.0,https://itools.infineon.com/cmsis_packs/CAT2_DFP/Infineon.CAT2_DFP.pdsc
Infineon,PSOC 4100S Plus,PSOC 4100S Plus (CY8C41x7xxx-Sxxx),CY8C4147LDA-S253,cmsis_device_name,tcl/target/psoc4.cfg,not_validated,CAT2_DFP,1.6.0,https://itools.infineon.com/cmsis_packs/CAT2_DFP/Infineon.CAT2_DFP.pdsc
Infineon,PSOC 4100S Plus,PSOC 4100S Plus (CY8C41x7xxx-Sxxx),CY8C4147LDA-S263,cmsis_device_name,tcl/target/psoc4.cfg,not_validated,CAT2_DFP,1.6.0,https://itools.infineon.com/cmsis_packs/CAT2_DFP/Infineon.CAT2_DFP.pdsc
Infineon,PSOC 4100S Plus,PSOC 4100S Plus (CY8C41x7xxx-Sxxx),CY8C4147LDA-S273,cmsis_device_name,tcl/target/psoc4.cfg,not_validated,CAT2_DFP,1.6.0,https://itools.infineon.com/cmsis_packs/CAT2_DFP/Infineon.CAT2_DFP.pdsc
Infineon,PSOC 4100S Plus,PSOC 4100S Plus (CY8C41x7xxx-Sxxx),CY8C4147LDA-S283,cmsis_device_name,tcl/target/psoc4.cfg,not_validated,CAT2_DFP,1.6.0,https://itools.infineon.com/cmsis_packs/CAT2_DFP/Infineon.CAT2_DFP.pdsc
Infineon,PSOC 4100S Plus,PSOC 4100S Plus (CY8C41x7xxx-Sxxx),CY8C4147LDA-S293,cmsis_device_name,tcl/target/psoc4.cfg,not_validated,CAT2_DFP,1.6.0,https://itools.infineon.com/cmsis_packs/CAT2_DFP/Infineon.CAT2_DFP.pdsc
Infineon,PSOC 4100S Plus,PSOC 4100S Plus (CY8C41x7xxx-Sxxx),CY8C4147LDA-S443,cmsis_device_name,tcl/target/psoc4.cfg,not_validated,CAT2_DFP,1.6.0,https://itools.infineon.com/cmsis_packs/CAT2_DFP/Infineon.CAT2_DFP.pdsc
Infineon,PSOC 4100S Plus,PSOC 4100S Plus (CY8C41x7xxx-Sxxx),CY8C4147LDA-S453,cmsis_device_name,tcl/target/psoc4.cfg,not_validated,CAT2_DFP,1.6.0,https://itools.infineon.com/cmsis_packs/CAT2_DFP/Infineon.CAT2_DFP.pdsc
Infineon,PSOC 4100S Plus,PSOC 4100S Plus (CY8C41x7xxx-Sxxx),CY8C4147LDA-S463,cmsis_device_name,tcl/target/psoc4.cfg,not_validated,CAT2_DFP,1.6.0,https://itools.infineon.com/cmsis_packs/CAT2_DFP/Infineon.CAT2_DFP.pdsc
Infineon,PSOC 4100S Plus,PSOC 4100S Plus (CY8C41x7xxx-Sxxx),CY8C4147LDA-S473,cmsis_device_name,tcl/target/psoc4.cfg,not_validated,CAT2_DFP,1.6.0,https://itools.infineon.com/cmsis_packs/CAT2_DFP/Infineon.CAT2_DFP.pdsc
Infineon,PSOC 4100S Plus,PSOC 4100S Plus (CY8C41x7xxx-Sxxx),CY8C4147LDE-S243,cmsis_device_name,tcl/target/psoc4.cfg,not_validated,CAT2_DFP,1.6.0,https://itools.infineon.com/cmsis_packs/CAT2_DFP/Infineon.CAT2_DFP.pdsc
Infineon,PSOC 4100S Plus,PSOC 4100S Plus (CY8C41x7xxx-Sxxx),CY8C4147LDE-S253,cmsis_device_name,tcl/target/psoc4.cfg,not_validated,CAT2_DFP,1.6.0,https://itools.infineon.com/cmsis_packs/CAT2_DFP/Infineon.CAT2_DFP.pdsc
Infineon,PSOC 4100S Plus,PSOC 4100S Plus (CY8C41x7xxx-Sxxx),CY8C4147LDE-S263,cmsis_device_name,tcl/target/psoc4.cfg,not_validated,CAT2_DFP,1.6.0,https://itools.infineon.com/cmsis_packs/CAT2_DFP/Infineon.CAT2_DFP.pdsc
Infineon,PSOC 4100S Plus,PSOC 4100S Plus (CY8C41x7xxx-Sxxx),CY8C4147LDE-S273,cmsis_device_name,tcl/target/psoc4.cfg,not_validated,CAT2_DFP,1.6.0,https://itools.infineon.com/cmsis_packs/CAT2_DFP/Infineon.CAT2_DFP.pdsc
Infineon,PSOC 4100S Plus,PSOC 4100S Plus (CY8C41x7xxx-Sxxx),CY8C4147LDE-S283,cmsis_device_name,tcl/target/psoc4.cfg,not_validated,CAT2_DFP,1.6.0,https://itools.infineon.com/cmsis_packs/CAT2_DFP/Infineon.CAT2_DFP.pdsc
Infineon,PSOC 4100S Plus,PSOC 4100S Plus (CY8C41x7xxx-Sxxx),CY8C4147LDE-S293,cmsis_device_name,tcl/target/psoc4.cfg,not_validated,CAT2_DFP,1.6.0,https://itools.infineon.com/cmsis_packs/CAT2_DFP/Infineon.CAT2_DFP.pdsc
Infineon,PSOC 4100S Plus,PSOC 4100S Plus (CY8C41x7xxx-Sxxx),CY8C4147LDE-S443,cmsis_device_name,tcl/target/psoc4.cfg,not_validated,CAT2_DFP,1.6.0,https://itools.infineon.com/cmsis_packs/CAT2_DFP/Infineon.CAT2_DFP.pdsc
Infineon,PSOC 4100S Plus,PSOC 4100S Plus (CY8C41x7xxx-Sxxx),CY8C4147LDE-S453,cmsis_device_name,tcl/target/psoc4.cfg,not_validated,CAT2_DFP,1.6.0,https://itools.infineon.com/cmsis_packs/CAT2_DFP/Infineon.CAT2_DFP.pdsc
Infineon,PSOC 4100S Plus,PSOC 4100S Plus (CY8C41x7xxx-Sxxx),CY8C4147LDE-S463,cmsis_device_name,tcl/target/psoc4.cfg,not_validated,CAT2_DFP,1.6.0,https://itools.infineon.com/cmsis_packs/CAT2_DFP/Infineon.CAT2_DFP.pdsc
Infineon,PSOC 4100S Plus,PSOC 4100S Plus (CY8C41x7xxx-Sxxx),CY8C4147LDE-S473,cmsis_device_name,tcl/target/psoc4.cfg,not_validated,CAT2_DFP,1.6.0,https://itools.infineon.com/cmsis_packs/CAT2_DFP/Infineon.CAT2_DFP.pdsc
Infineon,PSOC 4100S Plus,PSOC 4100S Plus (CY8C41x7xxx-Sxxx),CY8C4147LDS-S243,cmsis_device_name,tcl/target/psoc4.cfg,not_validated,CAT2_DFP,1.6.0,https://itools.infineon.com/cmsis_packs/CAT2_DFP/Infineon.CAT2_DFP.pdsc
Infineon,PSOC 4100S Plus,PSOC 4100S Plus (CY8C41x7xxx-Sxxx),CY8C4147LDS-S253,cmsis_device_name,tcl/target/psoc4.cfg,not_validated,CAT2_DFP,1.6.0,https://itools.infineon.com/cmsis_packs/CAT2_DFP/Infineon.CAT2_DFP.pdsc
Infineon,PSOC 4100S Plus,PSOC 4100S Plus (CY8C41x7xxx-Sxxx),CY8C4147LDS-S263,cmsis_device_name,tcl/target/psoc4.cfg,not_validated,CAT2_DFP,1.6.0,https://itools.infineon.com/cmsis_packs/CAT2_DFP/Infineon.CAT2_DFP.pdsc
Infineon,PSOC 4100S Plus,PSOC 4100S Plus (CY8C41x7xxx-Sxxx),CY8C4147LDS-S273,cmsis_device_name,tcl/target/psoc4.cfg,not_validated,CAT2_DFP,1.6.0,https://itools.infineon.com/cmsis_packs/CAT2_DFP/Infineon.CAT2_DFP.pdsc
Infineon,PSOC 4100S Plus,PSOC 4100S Plus (CY8C41x7xxx-Sxxx),CY8C4147LDS-S283,cmsis_device_name,tcl/target/psoc4.cfg,not_validated,CAT2_DFP,1.6.0,https://itools.infineon.com/cmsis_packs/CAT2_DFP/Infineon.CAT2_DFP.pdsc
Infineon,PSOC 4100S Plus,PSOC 4100S Plus (CY8C41x7xxx-Sxxx),CY8C4147LDS-S293,cmsis_device_name,tcl/target/psoc4.cfg,not_validated,CAT2_DFP,1.6.0,https://itools.infineon.com/cmsis_packs/CAT2_DFP/Infineon.CAT2_DFP.pdsc
Infineon,PSOC 4100S Plus,PSOC 4100S Plus (CY8C41x7xxx-Sxxx),CY8C4147LDS-S443,cmsis_device_name,tcl/target/psoc4.cfg,not_validated,CAT2_DFP,1.6.0,https://itools.infineon.com/cmsis_packs/CAT2_DFP/Infineon.CAT2_DFP.pdsc
Infineon,PSOC 4100S Plus,PSOC 4100S Plus (CY8C41x7xxx-Sxxx),CY8C4147LDS-S453,cmsis_device_name,tcl/target/psoc4.cfg,not_validated,CAT2_DFP,1.6.0,https://itools.infineon.com/cmsis_packs/CAT2_DFP/Infineon.CAT2_DFP.pdsc
Infineon,PSOC 4100S Plus,PSOC 4100S Plus (CY8C41x7xxx-Sxxx),CY8C4147LDS-S463,cmsis_device_name,tcl/target/psoc4.cfg,not_validated,CAT2_DFP,1.6.0,https://itools.infineon.com/cmsis_packs/CAT2_DFP/Infineon.CAT2_DFP.pdsc
Infineon,PSOC 4100S Plus,PSOC 4100S Plus (CY8C41x7xxx-Sxxx),CY8C4147LDS-S473,cmsis_device_name,tcl/target/psoc4.cfg,not_validated,CAT2_DFP,1.6.0,https://itools.infineon.com/cmsis_packs/CAT2_DFP/Infineon.CAT2_DFP.pdsc
Infineon,PSOC 4100S Plus,PSOC 4100S Plus (CY8C41x7xxx-Sxxx),CY8C4147LQA-S243,cmsis_device_name,tcl/target/psoc4.cfg,not_validated,CAT2_DFP,1.6.0,https://itools.infineon.com/cmsis_packs/CAT2_DFP/Infineon.CAT2_DFP.pdsc
Infineon,PSOC 4100S Plus,PSOC 4100S Plus (CY8C41x7xxx-Sxxx),CY8C4147LQA-S245,cmsis_device_name,tcl/target/psoc4.cfg,not_validated,CAT2_DFP,1.6.0,https://itools.infineon.com/cmsis_packs/CAT2_DFP/Infineon.CAT2_DFP.pdsc
Infineon,PSOC 4100S Plus,PSOC 4100S Plus (CY8C41x7xxx-Sxxx),CY8C4147LQA-S253,cmsis_device_name,tcl/target/psoc4.cfg,not_validated,CAT2_DFP,1.6.0,https://itools.infineon.com/cmsis_packs/CAT2_DFP/Infineon.CAT2_DFP.pdsc
Infineon,PSOC 4100S Plus,PSOC 4100S Plus (CY8C41x7xxx-Sxxx),CY8C4147LQA-S255,cmsis_device_name,tcl/target/psoc4.cfg,not_validated,CAT2_DFP,1.6.0,https://itools.infineon.com/cmsis_packs/CAT2_DFP/Infineon.CAT2_DFP.pdsc
Infineon,PSOC 4100S Plus,PSOC 4100S Plus (CY8C41x7xxx-Sxxx),CY8C4147LQA-S263,cmsis_device_name,tcl/target/psoc4.cfg,not_validated,CAT2_DFP,1.6.0,https://itools.infineon.com/cmsis_packs/CAT2_DFP/Infineon.CAT2_DFP.pdsc
Infineon,PSOC 4100S Plus,PSOC 4100S Plus (CY8C41x7xxx-Sxxx),CY8C4147LQA-S265,cmsis_device_name,tcl/target/psoc4.cfg,not_validated,CAT2_DFP,1.6.0,https://itools.infineon.com/cmsis_packs/CAT2_DFP/Infineon.CAT2_DFP.pdsc
Infineon,PSOC 4100S Plus,PSOC 4100S Plus (CY8C41x7xxx-Sxxx),CY8C4147LQA-S273,cmsis_device_name,tcl/target/psoc4.cfg,not_validated,CAT2_DFP,1.6.0,https://itools.infineon.com/cmsis_packs/CAT2_DFP/Infineon.CAT2_DFP.pdsc
Infineon,PSOC 4100S Plus,PSOC 4100S Plus (CY8C41x7xxx-Sxxx),CY8C4147LQA-S275,cmsis_device_name,tcl/target/psoc4.cfg,not_validated,CAT2_DFP,1.6.0,https://itools.infineon.com/cmsis_packs/CAT2_DFP/Infineon.CAT2_DFP.pdsc
Infineon,PSOC 4100S Plus,PSOC 4100S Plus (CY8C41x7xxx-Sxxx),CY8C4147LQA-S283,cmsis_device_name,tcl/target/psoc4.cfg,not_validated,CAT2_DFP,1.6.0,https://itools.infineon.com/cmsis_packs/CAT2_DFP/Infineon.CAT2_DFP.pdsc
Infineon,PSOC 4100S Plus,PSOC 4100S Plus (CY8C41x7xxx-Sxxx),CY8C4147LQA-S285,cmsis_device_name,tcl/target/psoc4.cfg,not_validated,CAT2_DFP,1.6.0,https://itools.infineon.com/cmsis_packs/CAT2_DFP/Infineon.CAT2_DFP.pdsc
Infineon,PSOC 4100S Plus,PSOC 4100S Plus (CY8C41x7xxx-Sxxx),CY8C4147LQA-S293,cmsis_device_name,tcl/target/psoc4.cfg,not_validated,CAT2_DFP,1.6.0,https://itools.infineon.com/cmsis_packs/CAT2_DFP/Infineon.CAT2_DFP.pdsc
Infineon,PSOC 4100S Plus,PSOC 4100S Plus (CY8C41x7xxx-Sxxx),CY8C4147LQA-S295,cmsis_device_name,tcl/target/psoc4.cfg,not_validated,CAT2_DFP,1.6.0,https://itools.infineon.com/cmsis_packs/CAT2_DFP/Infineon.CAT2_DFP.pdsc
Infineon,PSOC 4100S Plus,PSOC 4100S Plus (CY8C41x7xxx-Sxxx),CY8C4147LQA-S443,cmsis_device_name,tcl/target/psoc4.cfg,not_validated,CAT2_DFP,1.6.0,https://itools.infineon.com/cmsis_packs/CAT2_DFP/Infineon.CAT2_DFP.pdsc
Infineon,PSOC 4100S Plus,PSOC 4100S Plus (CY8C41x7xxx-Sxxx),CY8C4147LQA-S445,cmsis_device_name,tcl/target/psoc4.cfg,not_validated,CAT2_DFP,1.6.0,https://itools.infineon.com/cmsis_packs/CAT2_DFP/Infineon.CAT2_DFP.pdsc
Infineon,PSOC 4100S Plus,PSOC 4100S Plus (CY8C41x7xxx-Sxxx),CY8C4147LQA-S453,cmsis_device_name,tcl/target/psoc4.cfg,not_validated,CAT2_DFP,1.6.0,https://itools.infineon.com/cmsis_packs/CAT2_DFP/Infineon.CAT2_DFP.pdsc
Infineon,PSOC 4100S Plus,PSOC 4100S Plus (CY8C41x7xxx-Sxxx),CY8C4147LQA-S455,cmsis_device_name,tcl/target/psoc4.cfg,not_validated,CAT2_DFP,1.6.0,https://itools.infineon.com/cmsis_packs/CAT2_DFP/Infineon.CAT2_DFP.pdsc
Infineon,PSOC 4100S Plus,PSOC 4100S Plus (CY8C41x7xxx-Sxxx),CY8C4147LQA-S463,cmsis_device_name,tcl/target/psoc4.cfg,not_validated,CAT2_DFP,1.6.0,https://itools.infineon.com/cmsis_packs/CAT2_DFP/Infineon.CAT2_DFP.pdsc
Infineon,PSOC 4100S Plus,PSOC 4100S Plus (CY8C41x7xxx-Sxxx),CY8C4147LQA-S465,cmsis_device_name,tcl/target/psoc4.cfg,not_validated,CAT2_DFP,1.6.0,https://itools.infineon.com/cmsis_packs/CAT2_DFP/Infineon.CAT2_DFP.pdsc
Infineon,PSOC 4100S Plus,PSOC 4100S Plus (CY8C41x7xxx-Sxxx),CY8C4147LQA-S473,cmsis_device_name,tcl/target/psoc4.cfg,not_validated,CAT2_DFP,1.6.0,https://itools.infineon.com/cmsis_packs/CAT2_DFP/Infineon.CAT2_DFP.pdsc
Infineon,PSOC 4100S Plus,PSOC 4100S Plus (CY8C41x7xxx-Sxxx),CY8C4147LQA-S475,cmsis_device_name,tcl/target/psoc4.cfg,not_validated,CAT2_DFP,1.6.0,https://itools.infineon.com/cmsis_packs/CAT2_DFP/Infineon.CAT2_DFP.pdsc
Infineon,PSOC 4100S Plus,PSOC 4100S Plus (CY8C41x7xxx-Sxxx),CY8C4147LQE-S243,cmsis_device_name,tcl/target/psoc4.cfg,not_validated,CAT2_DFP,1.6.0,https://itools.infineon.com/cmsis_packs/CAT2_DFP/Infineon.CAT2_DFP.pdsc
Infineon,PSOC 4100S Plus,PSOC 4100S Plus (CY8C41x7xxx-Sxxx),CY8C4147LQE-S245,cmsis_device_name,tcl/target/psoc4.cfg,not_validated,CAT2_DFP,1.6.0,https://itools.infineon.com/cmsis_packs/CAT2_DFP/Infineon.CAT2_DFP.pdsc
Infineon,PSOC 4100S Plus,PSOC 4100S Plus (CY8C41x7xxx-Sxxx),CY8C4147LQE-S253,cmsis_device_name,tcl/target/psoc4.cfg,not_validated,CAT2_DFP,1.6.0,https://itools.infineon.com/cmsis_packs/CAT2_DFP/Infineon.CAT2_DFP.pdsc
Infineon,PSOC 4100S Plus,PSOC 4100S Plus (CY8C41x7xxx-Sxxx),CY8C4147LQE-S255,cmsis_device_name,tcl/target/psoc4.cfg,not_validated,CAT2_DFP,1.6.0,https://itools.infineon.com/cmsis_packs/CAT2_DFP/Infineon.CAT2_DFP.pdsc
Infineon,PSOC 4100S Plus,PSOC 4100S Plus (CY8C41x7xxx-Sxxx),CY8C4147LQE-S263,cmsis_device_name,tcl/target/psoc4.cfg,not_validated,CAT2_DFP,1.6.0,https://itools.infineon.com/cmsis_packs/CAT2_DFP/Infineon.CAT2_DFP.pdsc
Infineon,PSOC 4100S Plus,PSOC 4100S Plus (CY8C41x7xxx-Sxxx),CY8C4147LQE-S265,cmsis_device_name,tcl/target/psoc4.cfg,not_validated,CAT2_DFP,1.6.0,https://itools.infineon.com/cmsis_packs/CAT2_DFP/Infineon.CAT2_DFP.pdsc
Infineon,PSOC 4100S Plus,PSOC 4100S Plus (CY8C41x7xxx-Sxxx),CY8C4147LQE-S273,cmsis_device_name,tcl/target/psoc4.cfg,not_validated,CAT2_DFP,1.6.0,https://itools.infineon.com/cmsis_packs/CAT2_DFP/Infineon.CAT2_DFP.pdsc
Infineon,PSOC 4100S Plus,PSOC 4100S Plus (CY8C41x7xxx-Sxxx),CY8C4147LQE-S275,cmsis_device_name,tcl/target/psoc4.cfg,not_validated,CAT2_DFP,1.6.0,https://itools.infineon.com/cmsis_packs/CAT2_DFP/Infineon.CAT2_DFP.pdsc
Infineon,PSOC 4100S Plus,PSOC 4100S Plus (CY8C41x7xxx-Sxxx),CY8C4147LQE-S283,cmsis_device_name,tcl/target/psoc4.cfg,not_validated,CAT2_DFP,1.6.0,https://itools.infineon.com/cmsis_packs/CAT2_DFP/Infineon.CAT2_DFP.pdsc
Infineon,PSOC 4100S Plus,PSOC 4100S Plus (CY8C41x7xxx-Sxxx),CY8C4147LQE-S285,cmsis_device_name,tcl/target/psoc4.cfg,not_validated,CAT2_DFP,1.6.0,https://itools.infineon.com/cmsis_packs/CAT2_DFP/Infineon.CAT2_DFP.pdsc
Infineon,PSOC 4100S Plus,PSOC 4100S Plus (CY8C41x7xxx-Sxxx),CY8C4147LQE-S293,cmsis_device_name,tcl/target/psoc4.cfg,not_validated,CAT2_DFP,1.6.0,https://itools.infineon.com/cmsis_packs/CAT2_DFP/Infineon.CAT2_DFP.pdsc
Infineon,PSOC 4100S Plus,PSOC 4100S Plus (CY8C41x7xxx-Sxxx),CY8C4147LQE-S295,cmsis_device_name,tcl/target/psoc4.cfg,not_validated,CAT2_DFP,1.6.0,https://itools.infineon.com/cmsis_packs/CAT2_DFP/Infineon.CAT2_DFP.pdsc
Infineon,PSOC 4100S Plus,PSOC 4100S Plus (CY8C41x7xxx-Sxxx),CY8C4147LQE-S443,cmsis_device_name,tcl/target/psoc4.cfg,not_validated,CAT2_DFP,1.6.0,https://itools.infineon.com/cmsis_packs/CAT2_DFP/Infineon.CAT2_DFP.pdsc
Infineon,PSOC 4100S Plus,PSOC 4100S Plus (CY8C41x7xxx-Sxxx),CY8C4147LQE-S445,cmsis_device_name,tcl/target/psoc4.cfg,not_validated,CAT2_DFP,1.6.0,https://itools.infineon.com/cmsis_packs/CAT2_DFP/Infineon.CAT2_DFP.pdsc
Infineon,PSOC 4100S Plus,PSOC 4100S Plus (CY8C41x7xxx-Sxxx),CY8C4147LQE-S453,cmsis_device_name,tcl/target/psoc4.cfg,not_validated,CAT2_DFP,1.6.0,https://itools.infineon.com/cmsis_packs/CAT2_DFP/Infineon.CAT2_DFP.pdsc
Infineon,PSOC 4100S Plus,PSOC 4100S Plus (CY8C41x7xxx-Sxxx),CY8C4147LQE-S455,cmsis_device_name,tcl/target/psoc4.cfg,not_validated,CAT2_DFP,1.6.0,https://itools.infineon.com/cmsis_packs/CAT2_DFP/Infineon.CAT2_DFP.pdsc
Infineon,PSOC 4100S Plus,PSOC 4100S Plus (CY8C41x7xxx-Sxxx),CY8C4147LQE-S463,cmsis_device_name,tcl/target/psoc4.cfg,not_validated,CAT2_DFP,1.6.0,https://itools.infineon.com/cmsis_packs/CAT2_DFP/Infineon.CAT2_DFP.pdsc
Infineon,PSOC 4100S Plus,PSOC 4100S Plus (CY8C41x7xxx-Sxxx),CY8C4147LQE-S465,cmsis_device_name,tcl/target/psoc4.cfg,not_validated,CAT2_DFP,1.6.0,https://itools.infineon.com/cmsis_packs/CAT2_DFP/Infineon.CAT2_DFP.pdsc
Infineon,PSOC 4100S Plus,PSOC 4100S Plus (CY8C41x7xxx-Sxxx),CY8C4147LQE-S473,cmsis_device_name,tcl/target/psoc4.cfg,not_validated,CAT2_DFP,1.6.0,https://itools.infineon.com/cmsis_packs/CAT2_DFP/Infineon.CAT2_DFP.pdsc
Infineon,PSOC 4100S Plus,PSOC 4100S Plus (CY8C41x7xxx-Sxxx),CY8C4147LQE-S475,cmsis_device_name,tcl/target/psoc4.cfg,not_validated,CAT2_DFP,1.6.0,https://itools.infineon.com/cmsis_packs/CAT2_DFP/Infineon.CAT2_DFP.pdsc
Infineon,PSOC 4100S Plus,PSOC 4100S Plus (CY8C41x7xxx-Sxxx),CY8C4147LQS-S243,cmsis_device_name,tcl/target/psoc4.cfg,not_validated,CAT2_DFP,1.6.0,https://itools.infineon.com/cmsis_packs/CAT2_DFP/Infineon.CAT2_DFP.pdsc
Infineon,PSOC 4100S Plus,PSOC 4100S Plus (CY8C41x7xxx-Sxxx),CY8C4147LQS-S245,cmsis_device_name,tcl/target/psoc4.cfg,not_validated,CAT2_DFP,1.6.0,https://itools.infineon.com/cmsis_packs/CAT2_DFP/Infineon.CAT2_DFP.pdsc
Infineon,PSOC 4100S Plus,PSOC 4100S Plus (CY8C41x7xxx-Sxxx),CY8C4147LQS-S253,cmsis_device_name,tcl/target/psoc4.cfg,not_validated,CAT2_DFP,1.6.0,https://itools.infineon.com/cmsis_packs/CAT2_DFP/Infineon.CAT2_DFP.pdsc
Infineon,PSOC 4100S Plus,PSOC 4100S Plus (CY8C41x7xxx-Sxxx),CY8C4147LQS-S255,cmsis_device_name,tcl/target/psoc4.cfg,not_validated,CAT2_DFP,1.6.0,https://itools.infineon.com/cmsis_packs/CAT2_DFP/Infineon.CAT2_DFP.pdsc
Infineon,PSOC 4100S Plus,PSOC 4100S Plus (CY8C41x7xxx-Sxxx),CY8C4147LQS-S263,cmsis_device_name,tcl/target/psoc4.cfg,not_validated,CAT2_DFP,1.6.0,https://itools.infineon.com/cmsis_packs/CAT2_DFP/Infineon.CAT2_DFP.pdsc
Infineon,PSOC 4100S Plus,PSOC 4100S Plus (CY8C41x7xxx-Sxxx),CY8C4147LQS-S265,cmsis_device_name,tcl/target/psoc4.cfg,not_validated,CAT2_DFP,1.6.0,https://itools.infineon.com/cmsis_packs/CAT2_DFP/Infineon.CAT2_DFP.pdsc
Infineon,PSOC 4100S Plus,PSOC 4100S Plus (CY8C41x7xxx-Sxxx),CY8C4147LQS-S273,cmsis_device_name,tcl/target/psoc4.cfg,not_validated,CAT2_DFP,1.6.0,https://itools.infineon.com/cmsis_packs/CAT2_DFP/Infineon.CAT2_DFP.pdsc
Infineon,PSOC 4100S Plus,PSOC 4100S Plus (CY8C41x7xxx-Sxxx),CY8C4147LQS-S275,cmsis_device_name,tcl/target/psoc4.cfg,not_validated,CAT2_DFP,1.6.0,https://itools.infineon.com/cmsis_packs/CAT2_DFP/Infineon.CAT2_DFP.pdsc
Infineon,PSOC 4100S Plus,PSOC 4100S Plus (CY8C41x7xxx-Sxxx),CY8C4147LQS-S283,cmsis_device_name,tcl/target/psoc4.cfg,not_validated,CAT2_DFP,1.6.0,https://itools.infineon.com/cmsis_packs/CAT2_DFP/Infineon.CAT2_DFP.pdsc
Infineon,PSOC 4100S Plus,PSOC 4100S Plus (CY8C41x7xxx-Sxxx),CY8C4147LQS-S285,cmsis_device_name,tcl/target/psoc4.cfg,not_validated,CAT2_DFP,1.6.0,https://itools.infineon.com/cmsis_packs/CAT2_DFP/Infineon.CAT2_DFP.pdsc
Infineon,PSOC 4100S Plus,PSOC 4100S Plus (CY8C41x7xxx-Sxxx),CY8C4147LQS-S293,cmsis_device_name,tcl/target/psoc4.cfg,not_validated,CAT2_DFP,1.6.0,https://itools.infineon.com/cmsis_packs/CAT2_DFP/Infineon.CAT2_DFP.pdsc
Infineon,PSOC 4100S Plus,PSOC 4100S Plus (CY8C41x7xxx-Sxxx),CY8C4147LQS-S295,cmsis_device_name,tcl/target/psoc4.cfg,not_validated,CAT2_DFP,1.6.0,https://itools.infineon.com/cmsis_packs/CAT2_DFP/Infineon.CAT2_DFP.pdsc
Infineon,PSOC 4100S Plus,PSOC 4100S Plus (CY8C41x7xxx-Sxxx),CY8C4147LQS-S443,cmsis_device_name,tcl/target/psoc4.cfg,not_validated,CAT2_DFP,1.6.0,https://itools.infineon.com/cmsis_packs/CAT2_DFP/Infineon.CAT2_DFP.pdsc
Infineon,PSOC 4100S Plus,PSOC 4100S Plus (CY8C41x7xxx-Sxxx),CY8C4147LQS-S445,cmsis_device_name,tcl/target/psoc4.cfg,not_validated,CAT2_DFP,1.6.0,https://itools.infineon.com/cmsis_packs/CAT2_DFP/Infineon.CAT2_DFP.pdsc
Infineon,PSOC 4100S Plus,PSOC 4100S Plus (CY8C41x7xxx-Sxxx),CY8C4147LQS-S453,cmsis_device_name,tcl/target/psoc4.cfg,not_validated,CAT2_DFP,1.6.0,https://itools.infineon.com/cmsis_packs/CAT2_DFP/Infineon.CAT2_DFP.pdsc
Infineon,PSOC 4100S Plus,PSOC 4100S Plus (CY8C41x7xxx-Sxxx),CY8C4147LQS-S455,cmsis_device_name,tcl/target/psoc4.cfg,not_validated,CAT2_DFP,1.6.0,https://itools.infineon.com/cmsis_packs/CAT2_DFP/Infineon.CAT2_DFP.pdsc
Infineon,PSOC 4100S Plus,PSOC 4100S Plus (CY8C41x7xxx-Sxxx),CY8C4147LQS-S463,cmsis_device_name,tcl/target/psoc4.cfg,not_validated,CAT2_DFP,1.6.0,https://itools.infineon.com/cmsis_packs/CAT2_DFP/Infineon.CAT2_DFP.pdsc
Infineon,PSOC 4100S Plus,PSOC 4100S Plus (CY8C41x7xxx-Sxxx),CY8C4147LQS-S465,cmsis_device_name,tcl/target/psoc4.cfg,not_validated,CAT2_DFP,1.6.0,https://itools.infineon.com/cmsis_packs/CAT2_DFP/Infineon.CAT2_DFP.pdsc
Infineon,PSOC 4100S Plus,PSOC 4100S Plus (CY8C41x7xxx-Sxxx),CY8C4147LQS-S473,cmsis_device_name,tcl/target/psoc4.cfg,not_validated,CAT2_DFP,1.6.0,https://itools.infineon.com/cmsis_packs/CAT2_DFP/Infineon.CAT2_DFP.pdsc
Infineon,PSOC 4100S Plus,PSOC 4100S Plus (CY8C41x7xxx-Sxxx),CY8C4147LQS-S475,cmsis_device_name,tcl/target/psoc4.cfg,not_validated,CAT2_DFP,1.6.0,https://itools.infineon.com/cmsis_packs/CAT2_DFP/Infineon.CAT2_DFP.pdsc
Infineon,PSOC 4100S Plus,PSOC 4100S Plus (CY8C41x7xxx-Sxxx),CY8C4547AZI-445,cmsis_device_name,tcl/target/psoc4.cfg,not_validated,CAT2_DFP,1.6.0,https://itools.infineon.com/cmsis_packs/CAT2_DFP/Infineon.CAT2_DFP.pdsc
Infineon,PSOC 4100S Plus 256KB,PSOC 4100S Plus (CY8C41x8xxx-Sxxx),CY8C4128AXI-S445,cmsis_device_name,tcl/target/psoc4.cfg,not_validated,CAT2_DFP,1.6.0,https://itools.infineon.com/cmsis_packs/CAT2_DFP/Infineon.CAT2_DFP.pdsc
Infineon,PSOC 4100S Plus 256KB,PSOC 4100S Plus (CY8C41x8xxx-Sxxx),CY8C4128AXI-S455,cmsis_device_name,tcl/target/psoc4.cfg,not_validated,CAT2_DFP,1.6.0,https://itools.infineon.com/cmsis_packs/CAT2_DFP/Infineon.CAT2_DFP.pdsc
Infineon,PSOC 4100S Plus 256KB,PSOC 4100S Plus (CY8C41x8xxx-Sxxx),CY8C4128AZI-S443,cmsis_device_name,tcl/target/psoc4.cfg,not_validated,CAT2_DFP,1.6.0,https://itools.infineon.com/cmsis_packs/CAT2_DFP/Infineon.CAT2_DFP.pdsc
Infineon,PSOC 4100S Plus 256KB,PSOC 4100S Plus (CY8C41x8xxx-Sxxx),CY8C4128AZI-S445,cmsis_device_name,tcl/target/psoc4.cfg,not_validated,CAT2_DFP,1.6.0,https://itools.infineon.com/cmsis_packs/CAT2_DFP/Infineon.CAT2_DFP.pdsc
Infineon,PSOC 4100S Plus 256KB,PSOC 4100S Plus (CY8C41x8xxx-Sxxx),CY8C4128AZI-S453,cmsis_device_name,tcl/target/psoc4.cfg,not_validated,CAT2_DFP,1.6.0,https://itools.infineon.com/cmsis_packs/CAT2_DFP/Infineon.CAT2_DFP.pdsc
Infineon,PSOC 4100S Plus 256KB,PSOC 4100S Plus (CY8C41x8xxx-Sxxx),CY8C4128AZI-S455,cmsis_device_name,tcl/target/psoc4.cfg,not_validated,CAT2_DFP,1.6.0,https://itools.infineon.com/cmsis_packs/CAT2_DFP/Infineon.CAT2_DFP.pdsc
Infineon,PSOC 4100S Plus 256KB,PSOC 4100S Plus (CY8C41x8xxx-Sxxx),CY8C4128LQI-S446,cmsis_device_name,tcl/target/psoc4.cfg,not_validated,CAT2_DFP,1.6.0,https://itools.infineon.com/cmsis_packs/CAT2_DFP/Infineon.CAT2_DFP.pdsc
Infineon,PSOC 4100S Plus 256KB,PSOC 4100S Plus (CY8C41x8xxx-Sxxx),CY8C4128LQQ-S456,cmsis_device_name,tcl/target/psoc4.cfg,not_validated,CAT2_DFP,1.6.0,https://itools.infineon.com/cmsis_packs/CAT2_DFP/Infineon.CAT2_DFP.pdsc
Infineon,PSOC 4100S Plus 256KB,PSOC 4100S Plus (CY8C41x8xxx-Sxxx),CY8C4148AXI-S445,cmsis_device_name,tcl/target/psoc4.cfg,not_validated,CAT2_DFP,1.6.0,https://itools.infineon.com/cmsis_packs/CAT2_DFP/Infineon.CAT2_DFP.pdsc
Infineon,PSOC 4100S Plus 256KB,PSOC 4100S Plus (CY8C41x8xxx-Sxxx),CY8C4148AXI-S455,cmsis_device_name,tcl/target/psoc4.cfg,not_validated,CAT2_DFP,1.6.0,https://itools.infineon.com/cmsis_packs/CAT2_DFP/Infineon.CAT2_DFP.pdsc
Infineon,PSOC 4100S Plus 256KB,PSOC 4100S Plus (CY8C41x8xxx-Sxxx),CY8C4148AXQ-S445,cmsis_device_name,tcl/target/psoc4.cfg,not_validated,CAT2_DFP,1.6.0,https://itools.infineon.com/cmsis_packs/CAT2_DFP/Infineon.CAT2_DFP.pdsc
Infineon,PSOC 4100S Plus 256KB,PSOC 4100S Plus (CY8C41x8xxx-Sxxx),CY8C4148AXQ-S455,cmsis_device_name,tcl/target/psoc4.cfg,not_validated,CAT2_DFP,1.6.0,https://itools.infineon.com/cmsis_packs/CAT2_DFP/Infineon.CAT2_DFP.pdsc
Infineon,PSOC 4100S Plus 256KB,PSOC 4100S Plus (CY8C41x8xxx-Sxxx),CY8C4148AZI-S443,cmsis_device_name,tcl/target/psoc4.cfg,not_validated,CAT2_DFP,1.6.0,https://itools.infineon.com/cmsis_packs/CAT2_DFP/Infineon.CAT2_DFP.pdsc
Infineon,PSOC 4100S Plus 256KB,PSOC 4100S Plus (CY8C41x8xxx-Sxxx),CY8C4148AZI-S445,cmsis_device_name,tcl/target/psoc4.cfg,not_validated,CAT2_DFP,1.6.0,https://itools.infineon.com/cmsis_packs/CAT2_DFP/Infineon.CAT2_DFP.pdsc
Infineon,PSOC 4100S Plus 256KB,PSOC 4100S Plus (CY8C41x8xxx-Sxxx),CY8C4148AZI-S453,cmsis_device_name,tcl/target/psoc4.cfg,not_validated,CAT2_DFP,1.6.0,https://itools.infineon.com/cmsis_packs/CAT2_DFP/Infineon.CAT2_DFP.pdsc
Infineon,PSOC 4100S Plus 256KB,PSOC 4100S Plus (CY8C41x8xxx-Sxxx),CY8C4148AZI-S455,cmsis_device_name,tcl/target/psoc4.cfg,not_validated,CAT2_DFP,1.6.0,https://itools.infineon.com/cmsis_packs/CAT2_DFP/Infineon.CAT2_DFP.pdsc
Infineon,PSOC 4100S Plus 256KB,PSOC 4100S Plus (CY8C41x8xxx-Sxxx),CY8C4148AZQ-S443,cmsis_device_name,tcl/target/psoc4.cfg,not_validated,CAT2_DFP,1.6.0,https://itools.infineon.com/cmsis_packs/CAT2_DFP/Infineon.CAT2_DFP.pdsc
Infineon,PSOC 4100S Plus 256KB,PSOC 4100S Plus (CY8C41x8xxx-Sxxx),CY8C4148AZQ-S445,cmsis_device_name,tcl/target/psoc4.cfg,not_validated,CAT2_DFP,1.6.0,https://itools.infineon.com/cmsis_packs/CAT2_DFP/Infineon.CAT2_DFP.pdsc
Infineon,PSOC 4100S Plus 256KB,PSOC 4100S Plus (CY8C41x8xxx-Sxxx),CY8C4148AZQ-S453,cmsis_device_name,tcl/target/psoc4.cfg,not_validated,CAT2_DFP,1.6.0,https://itools.infineon.com/cmsis_packs/CAT2_DFP/Infineon.CAT2_DFP.pdsc
Infineon,PSOC 4100S Plus 256KB,PSOC 4100S Plus (CY8C41x8xxx-Sxxx),CY8C4148AZQ-S455,cmsis_device_name,tcl/target/psoc4.cfg,not_validated,CAT2_DFP,1.6.0,https://itools.infineon.com/cmsis_packs/CAT2_DFP/Infineon.CAT2_DFP.pdsc
Infineon,PSOC 4100S Plus 256KB,PSOC 4100S Plus (CY8C41x8xxx-Sxxx),CY8C4148LQI-S446,cmsis_device_name,tcl/target/psoc4.cfg,not_validated,CAT2_DFP,1.6.0,https://itools.infineon.com/cmsis_packs/CAT2_DFP/Infineon.CAT2_DFP.pdsc
Infineon,PSOC 4100S Plus 256KB,PSOC 4100S Plus (CY8C41x8xxx-Sxxx),CY8C4148LQQ-S456,cmsis_device_name,tcl/target/psoc4.cfg,not_validated,CAT2_DFP,1.6.0,https://itools.infineon.com/cmsis_packs/CAT2_DFP/Infineon.CAT2_DFP.pdsc
Infineon,PSOC 4100T Plus,PSOC 4100T Plus (CY8C4146xxx-Txxx),CY8C4146AXI-T403,cmsis_device_name,tcl/target/psoc4.cfg,not_validated,CAT2_DFP,1.6.0,https://itools.infineon.com/cmsis_packs/CAT2_DFP/Infineon.CAT2_DFP.pdsc
Infineon,PSOC 4100T Plus,PSOC 4100T Plus (CY8C4146xxx-Txxx),CY8C4146AXI-T413,cmsis_device_name,tcl/target/psoc4.cfg,not_validated,CAT2_DFP,1.6.0,https://itools.infineon.com/cmsis_packs/CAT2_DFP/Infineon.CAT2_DFP.pdsc
Infineon,PSOC 4100T Plus,PSOC 4100T Plus (CY8C4146xxx-Txxx),CY8C4146AXI-T453,cmsis_device_name,tcl/target/psoc4.cfg,not_validated,CAT2_DFP,1.6.0,https://itools.infineon.com/cmsis_packs/CAT2_DFP/Infineon.CAT2_DFP.pdsc
Infineon,PSOC 4100T Plus,PSOC 4100T Plus (CY8C4146xxx-Txxx),CY8C4146AZI-T403,cmsis_device_name,tcl/target/psoc4.cfg,not_validated,CAT2_DFP,1.6.0,https://itools.infineon.com/cmsis_packs/CAT2_DFP/Infineon.CAT2_DFP.pdsc
Infineon,PSOC 4100T Plus,PSOC 4100T Plus (CY8C4146xxx-Txxx),CY8C4146AZI-T405,cmsis_device_name,tcl/target/psoc4.cfg,not_validated,CAT2_DFP,1.6.0,https://itools.infineon.com/cmsis_packs/CAT2_DFP/Infineon.CAT2_DFP.pdsc
Infineon,PSOC 4100T Plus,PSOC 4100T Plus (CY8C4146xxx-Txxx),CY8C4146AZI-T413,cmsis_device_name,tcl/target/psoc4.cfg,not_validated,CAT2_DFP,1.6.0,https://itools.infineon.com/cmsis_packs/CAT2_DFP/Infineon.CAT2_DFP.pdsc
Infineon,PSOC 4100T Plus,PSOC 4100T Plus (CY8C4146xxx-Txxx),CY8C4146AZI-T415,cmsis_device_name,tcl/target/psoc4.cfg,not_validated,CAT2_DFP,1.6.0,https://itools.infineon.com/cmsis_packs/CAT2_DFP/Infineon.CAT2_DFP.pdsc
Infineon,PSOC 4100T Plus,PSOC 4100T Plus (CY8C4146xxx-Txxx),CY8C4146AZI-T453,cmsis_device_name,tcl/target/psoc4.cfg,not_validated,CAT2_DFP,1.6.0,https://itools.infineon.com/cmsis_packs/CAT2_DFP/Infineon.CAT2_DFP.pdsc
Infineon,PSOC 4100T Plus,PSOC 4100T Plus (CY8C4146xxx-Txxx),CY8C4146AZI-T455,cmsis_device_name,tcl/target/psoc4.cfg,not_validated,CAT2_DFP,1.6.0,https://itools.infineon.com/cmsis_packs/CAT2_DFP/Infineon.CAT2_DFP.pdsc
Infineon,PSOC 4100T Plus,PSOC 4100T Plus (CY8C4146xxx-Txxx),CY8C4146AZQ-T413,cmsis_device_name,tcl/target/psoc4.cfg,not_validated,CAT2_DFP,1.6.0,https://itools.infineon.com/cmsis_packs/CAT2_DFP/Infineon.CAT2_DFP.pdsc
Infineon,PSOC 4100T Plus,PSOC 4100T Plus (CY8C4146xxx-Txxx),CY8C4146AZQ-T453,cmsis_device_name,tcl/target/psoc4.cfg,not_validated,CAT2_DFP,1.6.0,https://itools.infineon.com/cmsis_packs/CAT2_DFP/Infineon.CAT2_DFP.pdsc
Infineon,PSOC 4100T Plus,PSOC 4100T Plus (CY8C4146xxx-Txxx),CY8C4146LQI-T403,cmsis_device_name,tcl/target/psoc4.cfg,not_validated,CAT2_DFP,1.6.0,https://itools.infineon.com/cmsis_packs/CAT2_DFP/Infineon.CAT2_DFP.pdsc
Infineon,PSOC 4100T Plus,PSOC 4100T Plus (CY8C4146xxx-Txxx),CY8C4146LQI-T413,cmsis_device_name,tcl/target/psoc4.cfg,not_validated,CAT2_DFP,1.6.0,https://itools.infineon.com/cmsis_packs/CAT2_DFP/Infineon.CAT2_DFP.pdsc
Infineon,PSOC 4100T Plus,PSOC 4100T Plus (CY8C4146xxx-Txxx),CY8C4146LQI-T453,cmsis_device_name,tcl/target/psoc4.cfg,not_validated,CAT2_DFP,1.6.0,https://itools.infineon.com/cmsis_packs/CAT2_DFP/Infineon.CAT2_DFP.pdsc
Infineon,PSOC 4100T Plus,PSOC 4100T Plus (CY8C4147xxx-Txxx) 16KB SRAM,CY8C4147AXI-T403,cmsis_device_name,tcl/target/psoc4.cfg,not_validated,CAT2_DFP,1.6.0,https://itools.infineon.com/cmsis_packs/CAT2_DFP/Infineon.CAT2_DFP.pdsc
Infineon,PSOC 4100T Plus,PSOC 4100T Plus (CY8C4147xxx-Txxx) 16KB SRAM,CY8C4147AXI-T413,cmsis_device_name,tcl/target/psoc4.cfg,not_validated,CAT2_DFP,1.6.0,https://itools.infineon.com/cmsis_packs/CAT2_DFP/Infineon.CAT2_DFP.pdsc
Infineon,PSOC 4100T Plus,PSOC 4100T Plus (CY8C4147xxx-Txxx) 16KB SRAM,CY8C4147AXI-T453,cmsis_device_name,tcl/target/psoc4.cfg,not_validated,CAT2_DFP,1.6.0,https://itools.infineon.com/cmsis_packs/CAT2_DFP/Infineon.CAT2_DFP.pdsc
Infineon,PSOC 4100T Plus,PSOC 4100T Plus (CY8C4147xxx-Txxx) 16KB SRAM,CY8C4147AZI-T403,cmsis_device_name,tcl/target/psoc4.cfg,not_validated,CAT2_DFP,1.6.0,https://itools.infineon.com/cmsis_packs/CAT2_DFP/Infineon.CAT2_DFP.pdsc
Infineon,PSOC 4100T Plus,PSOC 4100T Plus (CY8C4147xxx-Txxx) 16KB SRAM,CY8C4147AZI-T405,cmsis_device_name,tcl/target/psoc4.cfg,not_validated,CAT2_DFP,1.6.0,https://itools.infineon.com/cmsis_packs/CAT2_DFP/Infineon.CAT2_DFP.pdsc
Infineon,PSOC 4100T Plus,PSOC 4100T Plus (CY8C4147xxx-Txxx) 16KB SRAM,CY8C4147AZI-T413,cmsis_device_name,tcl/target/psoc4.cfg,not_validated,CAT2_DFP,1.6.0,https://itools.infineon.com/cmsis_packs/CAT2_DFP/Infineon.CAT2_DFP.pdsc
Infineon,PSOC 4100T Plus,PSOC 4100T Plus (CY8C4147xxx-Txxx) 16KB SRAM,CY8C4147AZI-T415,cmsis_device_name,tcl/target/psoc4.cfg,not_validated,CAT2_DFP,1.6.0,https://itools.infineon.com/cmsis_packs/CAT2_DFP/Infineon.CAT2_DFP.pdsc
Infineon,PSOC 4100T Plus,PSOC 4100T Plus (CY8C4147xxx-Txxx) 16KB SRAM,CY8C4147AZI-T453,cmsis_device_name,tcl/target/psoc4.cfg,not_validated,CAT2_DFP,1.6.0,https://itools.infineon.com/cmsis_packs/CAT2_DFP/Infineon.CAT2_DFP.pdsc
Infineon,PSOC 4100T Plus,PSOC 4100T Plus (CY8C4147xxx-Txxx) 16KB SRAM,CY8C4147AZI-T455,cmsis_device_name,tcl/target/psoc4.cfg,not_validated,CAT2_DFP,1.6.0,https://itools.infineon.com/cmsis_packs/CAT2_DFP/Infineon.CAT2_DFP.pdsc
Infineon,PSOC 4100T Plus,PSOC 4100T Plus (CY8C4147xxx-Txxx) 16KB SRAM,CY8C4147AZQ-T413,cmsis_device_name,tcl/target/psoc4.cfg,not_validated,CAT2_DFP,1.6.0,https://itools.infineon.com/cmsis_packs/CAT2_DFP/Infineon.CAT2_DFP.pdsc
Infineon,PSOC 4100T Plus,PSOC 4100T Plus (CY8C4147xxx-Txxx) 16KB SRAM,CY8C4147AZQ-T415,cmsis_device_name,tcl/target/psoc4.cfg,not_validated,CAT2_DFP,1.6.0,https://itools.infineon.com/cmsis_packs/CAT2_DFP/Infineon.CAT2_DFP.pdsc
Infineon,PSOC 4100T Plus,PSOC 4100T Plus (CY8C4147xxx-Txxx) 16KB SRAM,CY8C4147AZQ-T455,cmsis_device_name,tcl/target/psoc4.cfg,not_validated,CAT2_DFP,1.6.0,https://itools.infineon.com/cmsis_packs/CAT2_DFP/Infineon.CAT2_DFP.pdsc
Infineon,PSOC 4100T Plus,PSOC 4100T Plus (CY8C4147xxx-Txxx) 16KB SRAM,CY8C4147LQI-T403,cmsis_device_name,tcl/target/psoc4.cfg,not_validated,CAT2_DFP,1.6.0,https://itools.infineon.com/cmsis_packs/CAT2_DFP/Infineon.CAT2_DFP.pdsc
Infineon,PSOC 4100T Plus,PSOC 4100T Plus (CY8C4147xxx-Txxx) 16KB SRAM,CY8C4147LQI-T413,cmsis_device_name,tcl/target/psoc4.cfg,not_validated,CAT2_DFP,1.6.0,https://itools.infineon.com/cmsis_packs/CAT2_DFP/Infineon.CAT2_DFP.pdsc
Infineon,PSOC 4100T Plus,PSOC 4100T Plus (CY8C4147xxx-Txxx) 16KB SRAM,CY8C4147LQI-T453,cmsis_device_name,tcl/target/psoc4.cfg,not_validated,CAT2_DFP,1.6.0,https://itools.infineon.com/cmsis_packs/CAT2_DFP/Infineon.CAT2_DFP.pdsc
Infineon,PSOC 4100T Plus,PSOC 4100T Plus (CY8C4147xxx-Txxx) 32KB SRAM,CY8C4147AXI-T463,cmsis_device_name,tcl/target/psoc4.cfg,not_validated,CAT2_DFP,1.6.0,https://itools.infineon.com/cmsis_packs/CAT2_DFP/Infineon.CAT2_DFP.pdsc
Infineon,PSOC 4100T Plus,PSOC 4100T Plus (CY8C4147xxx-Txxx) 32KB SRAM,CY8C4147AXI-T473,cmsis_device_name,tcl/target/psoc4.cfg,not_validated,CAT2_DFP,1.6.0,https://itools.infineon.com/cmsis_packs/CAT2_DFP/Infineon.CAT2_DFP.pdsc
Infineon,PSOC 4100T Plus,PSOC 4100T Plus (CY8C4147xxx-Txxx) 32KB SRAM,CY8C4147AXQ-T493,cmsis_device_name,tcl/target/psoc4.cfg,not_validated,CAT2_DFP,1.6.0,https://itools.infineon.com/cmsis_packs/CAT2_DFP/Infineon.CAT2_DFP.pdsc
Infineon,PSOC 4100T Plus,PSOC 4100T Plus (CY8C4147xxx-Txxx) 32KB SRAM,CY8C4147AZI-T463,cmsis_device_name,tcl/target/psoc4.cfg,not_validated,CAT2_DFP,1.6.0,https://itools.infineon.com/cmsis_packs/CAT2_DFP/Infineon.CAT2_DFP.pdsc
Infineon,PSOC 4100T Plus,PSOC 4100T Plus (CY8C4147xxx-Txxx) 32KB SRAM,CY8C4147AZI-T465,cmsis_device_name,tcl/target/psoc4.cfg,not_validated,CAT2_DFP,1.6.0,https://itools.infineon.com/cmsis_packs/CAT2_DFP/Infineon.CAT2_DFP.pdsc
Infineon,PSOC 4100T Plus,PSOC 4100T Plus (CY8C4147xxx-Txxx) 32KB SRAM,CY8C4147AZI-T473,cmsis_device_name,tcl/target/psoc4.cfg,not_validated,CAT2_DFP,1.6.0,https://itools.infineon.com/cmsis_packs/CAT2_DFP/Infineon.CAT2_DFP.pdsc
Infineon,PSOC 4100T Plus,PSOC 4100T Plus (CY8C4147xxx-Txxx) 32KB SRAM,CY8C4147AZI-T475,cmsis_device_name,tcl/target/psoc4.cfg,not_validated,CAT2_DFP,1.6.0,https://itools.infineon.com/cmsis_packs/CAT2_DFP/Infineon.CAT2_DFP.pdsc
Infineon,PSOC 4100T Plus,PSOC 4100T Plus (CY8C4147xxx-Txxx) 32KB SRAM,CY8C4147AZQ-T493,cmsis_device_name,tcl/target/psoc4.cfg,not_validated,CAT2_DFP,1.6.0,https://itools.infineon.com/cmsis_packs/CAT2_DFP/Infineon.CAT2_DFP.pdsc
Infineon,PSOC 4100T Plus,PSOC 4100T Plus (CY8C4147xxx-Txxx) 32KB SRAM,CY8C4147AZQ-T495,cmsis_device_name,tcl/target/psoc4.cfg,not_validated,CAT2_DFP,1.6.0,https://itools.infineon.com/cmsis_packs/CAT2_DFP/Infineon.CAT2_DFP.pdsc
Infineon,PSOC 4100T Plus,PSOC 4100T Plus (CY8C4147xxx-Txxx) 32KB SRAM,CY8C4147LQI-T463,cmsis_device_name,tcl/target/psoc4.cfg,not_validated,CAT2_DFP,1.6.0,https://itools.infineon.com/cmsis_packs/CAT2_DFP/Infineon.CAT2_DFP.pdsc
Infineon,PSOC 4100T Plus,PSOC 4100T Plus (CY8C4147xxx-Txxx) 32KB SRAM,CY8C4147LQI-T473,cmsis_device_name,tcl/target/psoc4.cfg,not_validated,CAT2_DFP,1.6.0,https://itools.infineon.com/cmsis_packs/CAT2_DFP/Infineon.CAT2_DFP.pdsc
Infineon,PSOC 4100T Plus,PSOC 4100T Plus (CY8C4147xxx-Txxx) 32KB SRAM,CY8C4147LQQ-T493,cmsis_device_name,tcl/target/psoc4.cfg,not_validated,CAT2_DFP,1.6.0,https://itools.infineon.com/cmsis_packs/CAT2_DFP/Infineon.CAT2_DFP.pdsc
Infineon,PSOC 4100T Plus 256KB,PSOC 4100T Plus 256KB (CY8C4148xxx-Txxx),CY8C4148AZQ-T513,cmsis_device_name,tcl/target/psoc4.cfg,not_validated,CAT2_DFP,1.6.0,https://itools.infineon.com/cmsis_packs/CAT2_DFP/Infineon.CAT2_DFP.pdsc
Infineon,PSOC 4100T Plus 256KB,PSOC 4100T Plus 256KB (CY8C4148xxx-Txxx),CY8C4148AZQ-T515,cmsis_device_name,tcl/target/psoc4.cfg,not_validated,CAT2_DFP,1.6.0,https://itools.infineon.com/cmsis_packs/CAT2_DFP/Infineon.CAT2_DFP.pdsc
Infineon,PSOC 4500H,CY8C6xx4,CY8C4588AZI-H675,cmsis_device_name,tcl/target/psoc4.cfg,not_validated,CAT1A_DFP,1.7.0,https://itools.infineon.com/cmsis_packs/CAT1A_DFP/Infineon.CAT1A_DFP.pdsc
Infineon,PSOC 4500H,CY8C6xx4,CY8C4588AZI-H676,cmsis_device_name,tcl/target/psoc4.cfg,not_validated,CAT1A_DFP,1.7.0,https://itools.infineon.com/cmsis_packs/CAT1A_DFP/Infineon.CAT1A_DFP.pdsc
Infineon,PSOC 4500H,CY8C6xx4,CY8C4588AZI-H685,cmsis_device_name,tcl/target/psoc4.cfg,not_validated,CAT1A_DFP,1.7.0,https://itools.infineon.com/cmsis_packs/CAT1A_DFP/Infineon.CAT1A_DFP.pdsc
Infineon,PSOC 4500H,CY8C6xx4,CY8C4588AZI-H686,cmsis_device_name,tcl/target/psoc4.cfg,not_validated,CAT1A_DFP,1.7.0,https://itools.infineon.com/cmsis_packs/CAT1A_DFP/Infineon.CAT1A_DFP.pdsc
Infineon,PSOC 4500H,CY8C6xx4,CY8C4588AZQ-H685,cmsis_device_name,tcl/target/psoc4.cfg,not_validated,CAT1A_DFP,1.7.0,https://itools.infineon.com/cmsis_packs/CAT1A_DFP/Infineon.CAT1A_DFP.pdsc
Infineon,PSOC 4500H,CY8C6xx4,CY8C4588AZQ-H686,cmsis_device_name,tcl/target/psoc4.cfg,not_validated,CAT1A_DFP,1.7.0,https://itools.infineon.com/cmsis_packs/CAT1A_DFP/Infineon.CAT1A_DFP.pdsc
Infineon,PSOC 4500S,PSOC 4500S (CY8C45x6xxx-Sxxx),CY8C4546AXI-S475,cmsis_device_name,tcl/target/psoc4.cfg,not_validated,CAT2_DFP,1.6.0,https://itools.infineon.com/cmsis_packs/CAT2_DFP/Infineon.CAT2_DFP.pdsc
Infineon,PSOC 4500S,PSOC 4500S (CY8C45x6xxx-Sxxx),CY8C4546AZI-S473,cmsis_device_name,tcl/target/psoc4.cfg,not_validated,CAT2_DFP,1.6.0,https://itools.infineon.com/cmsis_packs/CAT2_DFP/Infineon.CAT2_DFP.pdsc
Infineon,PSOC 4500S,PSOC 4500S (CY8C45x6xxx-Sxxx),CY8C4546AZI-S475,cmsis_device_name,tcl/target/psoc4.cfg,not_validated,CAT2_DFP,1.6.0,https://itools.infineon.com/cmsis_packs/CAT2_DFP/Infineon.CAT2_DFP.pdsc
Infineon,PSOC 4500S,PSOC 4500S (CY8C45x6xxx-Sxxx),CY8C4546LQI-S476,cmsis_device_name,tcl/target/psoc4.cfg,not_validated,CAT2_DFP,1.6.0,https://itools.infineon.com/cmsis_packs/CAT2_DFP/Infineon.CAT2_DFP.pdsc
Infineon,PSOC 4500S,PSOC 4500S (CY8C45x6xxx-Sxxx),CY8C4546LQQ-S476,cmsis_device_name,tcl/target/psoc4.cfg,not_validated,CAT2_DFP,1.6.0,https://itools.infineon.com/cmsis_packs/CAT2_DFP/Infineon.CAT2_DFP.pdsc
Infineon,PSOC 4500S,PSOC 4500S (CY8C45x7xxx-Sxxx),CY8C4547AXI-S475,cmsis_device_name,tcl/target/psoc4.cfg,not_validated,CAT2_DFP,1.6.0,https://itools.infineon.com/cmsis_packs/CAT2_DFP/Infineon.CAT2_DFP.pdsc
Infineon,PSOC 4500S,PSOC 4500S (CY8C45x7xxx-Sxxx),CY8C4547AXQ-S475,cmsis_device_name,tcl/target/psoc4.cfg,not_validated,CAT2_DFP,1.6.0,https://itools.infineon.com/cmsis_packs/CAT2_DFP/Infineon.CAT2_DFP.pdsc
Infineon,PSOC 4500S,PSOC 4500S (CY8C45x7xxx-Sxxx),CY8C4547AZI-S453,cmsis_device_name,tcl/target/psoc4.cfg,not_validated,CAT2_DFP,1.6.0,https://itools.infineon.com/cmsis_packs/CAT2_DFP/Infineon.CAT2_DFP.pdsc
Infineon,PSOC 4500S,PSOC 4500S (CY8C45x7xxx-Sxxx),CY8C4547AZI-S455,cmsis_device_name,tcl/target/psoc4.cfg,not_validated,CAT2_DFP,1.6.0,https://itools.infineon.com/cmsis_packs/CAT2_DFP/Infineon.CAT2_DFP.pdsc
Infineon,PSOC 4500S,PSOC 4500S (CY8C45x7xxx-Sxxx),CY8C4547AZI-S463,cmsis_device_name,tcl/target/psoc4.cfg,not_validated,CAT2_DFP,1.6.0,https://itools.infineon.com/cmsis_packs/CAT2_DFP/Infineon.CAT2_DFP.pdsc
Infineon,PSOC 4500S,PSOC 4500S (CY8C45x7xxx-Sxxx),CY8C4547AZI-S465,cmsis_device_name,tcl/target/psoc4.cfg,not_validated,CAT2_DFP,1.6.0,https://itools.infineon.com/cmsis_packs/CAT2_DFP/Infineon.CAT2_DFP.pdsc
Infineon,PSOC 4500S,PSOC 4500S (CY8C45x7xxx-Sxxx),CY8C4547AZI-S473,cmsis_device_name,tcl/target/psoc4.cfg,not_validated,CAT2_DFP,1.6.0,https://itools.infineon.com/cmsis_packs/CAT2_DFP/Infineon.CAT2_DFP.pdsc
Infineon,PSOC 4500S,PSOC 4500S (CY8C45x7xxx-Sxxx),CY8C4547AZI-S475,cmsis_device_name,tcl/target/psoc4.cfg,not_validated,CAT2_DFP,1.6.0,https://itools.infineon.com/cmsis_packs/CAT2_DFP/Infineon.CAT2_DFP.pdsc
Infineon,PSOC 4500S,PSOC 4500S (CY8C45x7xxx-Sxxx),CY8C4547AZQ-S453,cmsis_device_name,tcl/target/psoc4.cfg,not_validated,CAT2_DFP,1.6.0,https://itools.infineon.com/cmsis_packs/CAT2_DFP/Infineon.CAT2_DFP.pdsc
Infineon,PSOC 4500S,PSOC 4500S (CY8C45x7xxx-Sxxx),CY8C4547AZQ-S455,cmsis_device_name,tcl/target/psoc4.cfg,not_validated,CAT2_DFP,1.6.0,https://itools.infineon.com/cmsis_packs/CAT2_DFP/Infineon.CAT2_DFP.pdsc
Infineon,PSOC 4500S,PSOC 4500S (CY8C45x7xxx-Sxxx),CY8C4547AZQ-S473,cmsis_device_name,tcl/target/psoc4.cfg,not_validated,CAT2_DFP,1.6.0,https://itools.infineon.com/cmsis_packs/CAT2_DFP/Infineon.CAT2_DFP.pdsc
Infineon,PSOC 4500S,PSOC 4500S (CY8C45x7xxx-Sxxx),CY8C4547AZQ-S475,cmsis_device_name,tcl/target/psoc4.cfg,not_validated,CAT2_DFP,1.6.0,https://itools.infineon.com/cmsis_packs/CAT2_DFP/Infineon.CAT2_DFP.pdsc
Infineon,PSOC 4500S,PSOC 4500S (CY8C45x7xxx-Sxxx),CY8C4547LQI-S476,cmsis_device_name,tcl/target/psoc4.cfg,not_validated,CAT2_DFP,1.6.0,https://itools.infineon.com/cmsis_packs/CAT2_DFP/Infineon.CAT2_DFP.pdsc
Infineon,PSOC 4500S,PSOC 4500S (CY8C45x7xxx-Sxxx),CY8C4547LQQ-S476,cmsis_device_name,tcl/target/psoc4.cfg,not_validated,CAT2_DFP,1.6.0,https://itools.infineon.com/cmsis_packs/CAT2_DFP/Infineon.CAT2_DFP.pdsc
Infineon,PSOC 4500S,PSOC 4500S (CY8C45x8xxx-Sxxx),CY8C4548AXI-S475,cmsis_device_name,tcl/target/psoc4.cfg,not_validated,CAT2_DFP,1.6.0,https://itools.infineon.com/cmsis_packs/CAT2_DFP/Infineon.CAT2_DFP.pdsc
Infineon,PSOC 4500S,PSOC 4500S (CY8C45x8xxx-Sxxx),CY8C4548AXI-S485,cmsis_device_name,tcl/target/psoc4.cfg,not_validated,CAT2_DFP,1.6.0,https://itools.infineon.com/cmsis_packs/CAT2_DFP/Infineon.CAT2_DFP.pdsc
Infineon,PSOC 4500S,PSOC 4500S (CY8C45x8xxx-Sxxx),CY8C4548AXQ-S485,cmsis_device_name,tcl/target/psoc4.cfg,not_validated,CAT2_DFP,1.6.0,https://itools.infineon.com/cmsis_packs/CAT2_DFP/Infineon.CAT2_DFP.pdsc
Infineon,PSOC 4500S,PSOC 4500S (CY8C45x8xxx-Sxxx),CY8C4548AZI-S475,cmsis_device_name,tcl/target/psoc4.cfg,not_validated,CAT2_DFP,1.6.0,https://itools.infineon.com/cmsis_packs/CAT2_DFP/Infineon.CAT2_DFP.pdsc
Infineon,PSOC 4500S,PSOC 4500S (CY8C45x8xxx-Sxxx),CY8C4548AZI-S483,cmsis_device_name,tcl/target/psoc4.cfg,not_validated,CAT2_DFP,1.6.0,https://itools.infineon.com/cmsis_packs/CAT2_DFP/Infineon.CAT2_DFP.pdsc
Infineon,PSOC 4500S,PSOC 4500S (CY8C45x8xxx-Sxxx),CY8C4548AZI-S485,cmsis_device_name,tcl/target/psoc4.cfg,not_validated,CAT2_DFP,1.6.0,https://itools.infineon.com/cmsis_packs/CAT2_DFP/Infineon.CAT2_DFP.pdsc
Infineon,PSOC 4500S,PSOC 4500S (CY8C45x8xxx-Sxxx),CY8C4548AZQ-S483,cmsis_device_name,tcl/target/psoc4.cfg,not_validated,CAT2_DFP,1.6.0,https://itools.infineon.com/cmsis_packs/CAT2_DFP/Infineon.CAT2_DFP.pdsc
Infineon,PSOC 4500S,PSOC 4500S (CY8C45x8xxx-Sxxx),CY8C4548AZQ-S485,cmsis_device_name,tcl/target/psoc4.cfg,not_validated,CAT2_DFP,1.6.0,https://itools.infineon.com/cmsis_packs/CAT2_DFP/Infineon.CAT2_DFP.pdsc
Infineon,PSOC 4500S,PSOC 4500S (CY8C45x8xxx-Sxxx),CY8C4548LQI-S486,cmsis_device_name,tcl/target/psoc4.cfg,not_validated,CAT2_DFP,1.6.0,https://itools.infineon.com/cmsis_packs/CAT2_DFP/Infineon.CAT2_DFP.pdsc
Infineon,PSOC 4500S,PSOC 4500S (CY8C45x8xxx-Sxxx),CY8C4548LQQ-S486,cmsis_device_name,tcl/target/psoc4.cfg,not_validated,CAT2_DFP,1.6.0,https://itools.infineon.com/cmsis_packs/CAT2_DFP/Infineon.CAT2_DFP.pdsc
Infineon,PSOC 4700S,PSOC 4700S (CY8C47x4xxx-S4xx),CY8C4724FNI-S402,cmsis_device_name,tcl/target/psoc4.cfg,not_validated,CAT2_DFP,1.6.0,https://itools.infineon.com/cmsis_packs/CAT2_DFP/Infineon.CAT2_DFP.pdsc
Infineon,PSOC 4700S,PSOC 4700S (CY8C47x4xxx-S4xx),CY8C4724LQI-S401,cmsis_device_name,tcl/target/psoc4.cfg,not_validated,CAT2_DFP,1.6.0,https://itools.infineon.com/cmsis_packs/CAT2_DFP/Infineon.CAT2_DFP.pdsc
Infineon,PSOC 4700S,PSOC 4700S (CY8C47x4xxx-S4xx),CY8C4744AZI-S403,cmsis_device_name,tcl/target/psoc4.cfg,not_validated,CAT2_DFP,1.6.0,https://itools.infineon.com/cmsis_packs/CAT2_DFP/Infineon.CAT2_DFP.pdsc
Infineon,PSOC 4700S,PSOC 4700S (CY8C47x4xxx-S4xx),CY8C4744FNI-S402,cmsis_device_name,tcl/target/psoc4.cfg,not_validated,CAT2_DFP,1.6.0,https://itools.infineon.com/cmsis_packs/CAT2_DFP/Infineon.CAT2_DFP.pdsc
Infineon,PSOC 4700S,PSOC 4700S (CY8C47x4xxx-S4xx),CY8C4744LQI-S401,cmsis_device_name,tcl/target/psoc4.cfg,not_validated,CAT2_DFP,1.6.0,https://itools.infineon.com/cmsis_packs/CAT2_DFP/Infineon.CAT2_DFP.pdsc
Infineon,PSOC 4700S,PSOC 4700S (CY8C47x5xxx-S4xx),CY8C4725FNI-S402,cmsis_device_name,tcl/target/psoc4.cfg,not_validated,CAT2_DFP,1.6.0,https://itools.infineon.com/cmsis_packs/CAT2_DFP/Infineon.CAT2_DFP.pdsc
Infineon,PSOC 4700S,PSOC 4700S (CY8C47x5xxx-S4xx),CY8C4725LQI-S401,cmsis_device_name,tcl/target/psoc4.cfg,not_validated,CAT2_DFP,1.6.0,https://itools.infineon.com/cmsis_packs/CAT2_DFP/Infineon.CAT2_DFP.pdsc
Infineon,PSOC 4700S,PSOC 4700S (CY8C47x5xxx-S4xx),CY8C4745AZI-S403,cmsis_device_name,tcl/target/psoc4.cfg,not_validated,CAT2_DFP,1.6.0,https://itools.infineon.com/cmsis_packs/CAT2_DFP/Infineon.CAT2_DFP.pdsc
Infineon,PSOC 4700S,PSOC 4700S (CY8C47x5xxx-S4xx),CY8C4745AZI-S413,cmsis_device_name,tcl/target/psoc4.cfg,not_validated,CAT2_DFP,1.6.0,https://itools.infineon.com/cmsis_packs/CAT2_DFP/Infineon.CAT2_DFP.pdsc
Infineon,PSOC 4700S,PSOC 4700S (CY8C47x5xxx-S4xx),CY8C4745FNI-S402,cmsis_device_name,tcl/target/psoc4.cfg,not_validated,CAT2_DFP,1.6.0,https://itools.infineon.com/cmsis_packs/CAT2_DFP/Infineon.CAT2_DFP.pdsc
Infineon,PSOC 4700S,PSOC 4700S (CY8C47x5xxx-S4xx),CY8C4745FNI-S412,cmsis_device_name,tcl/target/psoc4.cfg,not_validated,CAT2_DFP,1.6.0,https://itools.infineon.com/cmsis_packs/CAT2_DFP/Infineon.CAT2_DFP.pdsc
Infineon,PSOC 4700S,PSOC 4700S (CY8C47x5xxx-S4xx),CY8C4745LQI-S401,cmsis_device_name,tcl/target/psoc4.cfg,not_validated,CAT2_DFP,1.6.0,https://itools.infineon.com/cmsis_packs/CAT2_DFP/Infineon.CAT2_DFP.pdsc
Infineon,PSOC 4700S,PSOC 4700S (CY8C47x5xxx-S4xx),CY8C4745LQI-S411,cmsis_device_name,tcl/target/psoc4.cfg,not_validated,CAT2_DFP,1.6.0,https://itools.infineon.com/cmsis_packs/CAT2_DFP/Infineon.CAT2_DFP.pdsc
Infineon,PSOC 4700S,PSOC 4700S (CY8C47x6xxx-Sxxx),CY8C4746LQS-S263,cmsis_device_name,tcl/target/psoc4.cfg,not_validated,CAT2_DFP,1.6.0,https://itools.infineon.com/cmsis_packs/CAT2_DFP/Infineon.CAT2_DFP.pdsc
Infineon,PSOC 4700S,PSOC 4700S (CY8C47x7xxx-Sxxx),CY8C4747LQS-S453,cmsis_device_name,tcl/target/psoc4.cfg,not_validated,CAT2_DFP,1.6.0,https://itools.infineon.com/cmsis_packs/CAT2_DFP/Infineon.CAT2_DFP.pdsc
Infineon,PSOC 60,CY8C6016,CY8C6016BZI-F04,cmsis_device_name,tcl/target/psoc6.cfg,not_validated,CAT1A_DFP,1.7.0,https://itools.infineon.com/cmsis_packs/CAT1A_DFP/Infineon.CAT1A_DFP.pdsc
Infineon,PSOC 60,CY8C6036,CY8C6036BZI-F04,cmsis_device_name,tcl/target/psoc6.cfg,not_validated,CAT1A_DFP,1.7.0,https://itools.infineon.com/cmsis_packs/CAT1A_DFP/Infineon.CAT1A_DFP.pdsc
Infineon,PSOC 61,CY8C6116,CY8C6116BZI-F54,cmsis_device_name,tcl/target/psoc6.cfg,not_validated,CAT1A_DFP,1.7.0,https://itools.infineon.com/cmsis_packs/CAT1A_DFP/Infineon.CAT1A_DFP.pdsc
Infineon,PSOC 61,CY8C6117,CY8C6117BZI-F34,cmsis_device_name,tcl/target/psoc6.cfg,not_validated,CAT1A_DFP,1.7.0,https://itools.infineon.com/cmsis_packs/CAT1A_DFP/Infineon.CAT1A_DFP.pdsc
Infineon,PSOC 61,CY8C6117,CY8C6117FDI-F02,cmsis_device_name,tcl/target/psoc6.cfg,not_validated,CAT1A_DFP,1.7.0,https://itools.infineon.com/cmsis_packs/CAT1A_DFP/Infineon.CAT1A_DFP.pdsc
Infineon,PSOC 61,CY8C6117,CY8C6117WI-F34,cmsis_device_name,tcl/target/psoc6.cfg,not_validated,CAT1A_DFP,1.7.0,https://itools.infineon.com/cmsis_packs/CAT1A_DFP/Infineon.CAT1A_DFP.pdsc
Infineon,PSOC 61,CY8C61x4,CY8C6144AZI-S4F12,cmsis_device_name,tcl/target/psoc6.cfg,not_validated,CAT1A_DFP,1.7.0,https://itools.infineon.com/cmsis_packs/CAT1A_DFP/Infineon.CAT1A_DFP.pdsc
Infineon,PSOC 61,CY8C61x4,CY8C6144AZI-S4F62,cmsis_device_name,tcl/target/psoc6.cfg,not_validated,CAT1A_DFP,1.7.0,https://itools.infineon.com/cmsis_packs/CAT1A_DFP/Infineon.CAT1A_DFP.pdsc
Infineon,PSOC 61,CY8C61x4,CY8C6144AZI-S4F82,cmsis_device_name,tcl/target/psoc6.cfg,not_validated,CAT1A_DFP,1.7.0,https://itools.infineon.com/cmsis_packs/CAT1A_DFP/Infineon.CAT1A_DFP.pdsc
Infineon,PSOC 61,CY8C61x4,CY8C6144AZI-S4F83,cmsis_device_name,tcl/target/psoc6.cfg,not_validated,CAT1A_DFP,1.7.0,https://itools.infineon.com/cmsis_packs/CAT1A_DFP/Infineon.CAT1A_DFP.pdsc
Infineon,PSOC 61,CY8C61x4,CY8C6144AZI-S4F92,cmsis_device_name,tcl/target/psoc6.cfg,not_validated,CAT1A_DFP,1.7.0,https://itools.infineon.com/cmsis_packs/CAT1A_DFP/Infineon.CAT1A_DFP.pdsc
Infineon,PSOC 61,CY8C61x4,CY8C6144AZI-S4F93,cmsis_device_name,tcl/target/psoc6.cfg,not_validated,CAT1A_DFP,1.7.0,https://itools.infineon.com/cmsis_packs/CAT1A_DFP/Infineon.CAT1A_DFP.pdsc
Infineon,PSOC 61,CY8C61x4,CY8C6144AZQ-S4F92,cmsis_device_name,tcl/target/psoc6.cfg,not_validated,CAT1A_DFP,1.7.0,https://itools.infineon.com/cmsis_packs/CAT1A_DFP/Infineon.CAT1A_DFP.pdsc
Infineon,PSOC 61,CY8C61x4,CY8C6144AZQ-S4F93,cmsis_device_name,tcl/target/psoc6.cfg,not_validated,CAT1A_DFP,1.7.0,https://itools.infineon.com/cmsis_packs/CAT1A_DFP/Infineon.CAT1A_DFP.pdsc
Infineon,PSOC 61,CY8C61x4,CY8C6144FMI-S4F03,cmsis_device_name,tcl/target/psoc6.cfg,not_validated,CAT1A_DFP,1.7.0,https://itools.infineon.com/cmsis_packs/CAT1A_DFP/Infineon.CAT1A_DFP.pdsc
Infineon,PSOC 61,CY8C61x4,CY8C6144FMI-S4F53,cmsis_device_name,tcl/target/psoc6.cfg,not_validated,CAT1A_DFP,1.7.0,https://itools.infineon.com/cmsis_packs/CAT1A_DFP/Infineon.CAT1A_DFP.pdsc
Infineon,PSOC 61,CY8C61x4,CY8C6144FMI-S4F73,cmsis_device_name,tcl/target/psoc6.cfg,not_validated,CAT1A_DFP,1.7.0,https://itools.infineon.com/cmsis_packs/CAT1A_DFP/Infineon.CAT1A_DFP.pdsc
Infineon,PSOC 61,CY8C61x4,CY8C6144FMI-S4F93,cmsis_device_name,tcl/target/psoc6.cfg,not_validated,CAT1A_DFP,1.7.0,https://itools.infineon.com/cmsis_packs/CAT1A_DFP/Infineon.CAT1A_DFP.pdsc
Infineon,PSOC 61,CY8C61x4,CY8C6144FMQ-S4F93,cmsis_device_name,tcl/target/psoc6.cfg,not_validated,CAT1A_DFP,1.7.0,https://itools.infineon.com/cmsis_packs/CAT1A_DFP/Infineon.CAT1A_DFP.pdsc
Infineon,PSOC 61,CY8C61x4,CY8C6144LQI-S4F12,cmsis_device_name,tcl/target/psoc6.cfg,not_validated,CAT1A_DFP,1.7.0,https://itools.infineon.com/cmsis_packs/CAT1A_DFP/Infineon.CAT1A_DFP.pdsc
Infineon,PSOC 61,CY8C61x4,CY8C6144LQI-S4F62,cmsis_device_name,tcl/target/psoc6.cfg,not_validated,CAT1A_DFP,1.7.0,https://itools.infineon.com/cmsis_packs/CAT1A_DFP/Infineon.CAT1A_DFP.pdsc
Infineon,PSOC 61,CY8C61x4,CY8C6144LQI-S4F82,cmsis_device_name,tcl/target/psoc6.cfg,not_validated,CAT1A_DFP,1.7.0,https://itools.infineon.com/cmsis_packs/CAT1A_DFP/Infineon.CAT1A_DFP.pdsc
Infineon,PSOC 61,CY8C61x4,CY8C6144LQI-S4F92,cmsis_device_name,tcl/target/psoc6.cfg,not_validated,CAT1A_DFP,1.7.0,https://itools.infineon.com/cmsis_packs/CAT1A_DFP/Infineon.CAT1A_DFP.pdsc
Infineon,PSOC 61,CY8C61x4,CY8C6144LQQ-S4F92,cmsis_device_name,tcl/target/psoc6.cfg,not_validated,CAT1A_DFP,1.7.0,https://itools.infineon.com/cmsis_packs/CAT1A_DFP/Infineon.CAT1A_DFP.pdsc
Infineon,PSOC 61,CY8C61x5,CY8C6145AZI-S3F02,cmsis_device_name,tcl/target/psoc6.cfg,not_validated,CAT1A_DFP,1.7.0,https://itools.infineon.com/cmsis_packs/CAT1A_DFP/Infineon.CAT1A_DFP.pdsc
Infineon,PSOC 61,CY8C61x5,CY8C6145AZI-S3F12,cmsis_device_name,tcl/target/psoc6.cfg,not_validated,CAT1A_DFP,1.7.0,https://itools.infineon.com/cmsis_packs/CAT1A_DFP/Infineon.CAT1A_DFP.pdsc
Infineon,PSOC 61,CY8C61x5,CY8C6145AZI-S3F42,cmsis_device_name,tcl/target/psoc6.cfg,not_validated,CAT1A_DFP,1.7.0,https://itools.infineon.com/cmsis_packs/CAT1A_DFP/Infineon.CAT1A_DFP.pdsc
Infineon,PSOC 61,CY8C61x5,CY8C6145AZI-S3F62,cmsis_device_name,tcl/target/psoc6.cfg,not_validated,CAT1A_DFP,1.7.0,https://itools.infineon.com/cmsis_packs/CAT1A_DFP/Infineon.CAT1A_DFP.pdsc
Infineon,PSOC 61,CY8C61x5,CY8C6145AZI-S3F72,cmsis_device_name,tcl/target/psoc6.cfg,not_validated,CAT1A_DFP,1.7.0,https://itools.infineon.com/cmsis_packs/CAT1A_DFP/Infineon.CAT1A_DFP.pdsc
Infineon,PSOC 61,CY8C61x5,CY8C6145FNI-S3F11,cmsis_device_name,tcl/target/psoc6.cfg,not_validated,CAT1A_DFP,1.7.0,https://itools.infineon.com/cmsis_packs/CAT1A_DFP/Infineon.CAT1A_DFP.pdsc
Infineon,PSOC 61,CY8C61x5,CY8C6145FNI-S3F41,cmsis_device_name,tcl/target/psoc6.cfg,not_validated,CAT1A_DFP,1.7.0,https://itools.infineon.com/cmsis_packs/CAT1A_DFP/Infineon.CAT1A_DFP.pdsc
Infineon,PSOC 61,CY8C61x5,CY8C6145FNI-S3F71,cmsis_device_name,tcl/target/psoc6.cfg,not_validated,CAT1A_DFP,1.7.0,https://itools.infineon.com/cmsis_packs/CAT1A_DFP/Infineon.CAT1A_DFP.pdsc
Infineon,PSOC 61,CY8C61x5,CY8C6145LQI-S3F02,cmsis_device_name,tcl/target/psoc6.cfg,not_validated,CAT1A_DFP,1.7.0,https://itools.infineon.com/cmsis_packs/CAT1A_DFP/Infineon.CAT1A_DFP.pdsc
Infineon,PSOC 61,CY8C61x5,CY8C6145LQI-S3F12,cmsis_device_name,tcl/target/psoc6.cfg,not_validated,CAT1A_DFP,1.7.0,https://itools.infineon.com/cmsis_packs/CAT1A_DFP/Infineon.CAT1A_DFP.pdsc
Infineon,PSOC 61,CY8C61x5,CY8C6145LQI-S3F42,cmsis_device_name,tcl/target/psoc6.cfg,not_validated,CAT1A_DFP,1.7.0,https://itools.infineon.com/cmsis_packs/CAT1A_DFP/Infineon.CAT1A_DFP.pdsc
Infineon,PSOC 61,CY8C61x5,CY8C6145LQI-S3F62,cmsis_device_name,tcl/target/psoc6.cfg,not_validated,CAT1A_DFP,1.7.0,https://itools.infineon.com/cmsis_packs/CAT1A_DFP/Infineon.CAT1A_DFP.pdsc
Infineon,PSOC 61,CY8C61x5,CY8C6145LQI-S3F72,cmsis_device_name,tcl/target/psoc6.cfg,not_validated,CAT1A_DFP,1.7.0,https://itools.infineon.com/cmsis_packs/CAT1A_DFP/Infineon.CAT1A_DFP.pdsc
Infineon,PSOC 61,CY8C61x6,CY8C6136BZI-F14,cmsis_device_name,tcl/target/psoc6.cfg,not_validated,CAT1A_DFP,1.7.0,https://itools.infineon.com/cmsis_packs/CAT1A_DFP/Infineon.CAT1A_DFP.pdsc
Infineon,PSOC 61,CY8C61x6,CY8C6136BZI-F34,cmsis_device_name,tcl/target/psoc6.cfg,not_validated,CAT1A_DFP,1.7.0,https://itools.infineon.com/cmsis_packs/CAT1A_DFP/Infineon.CAT1A_DFP.pdsc
Infineon,PSOC 61,CY8C61x6,CY8C6136FDI-F42,cmsis_device_name,tcl/target/psoc6.cfg,not_validated,CAT1A_DFP,1.7.0,https://itools.infineon.com/cmsis_packs/CAT1A_DFP/Infineon.CAT1A_DFP.pdsc
Infineon,PSOC 61,CY8C61x6,CY8C6136FTI-F42,cmsis_device_name,tcl/target/psoc6.cfg,not_validated,CAT1A_DFP,1.7.0,https://itools.infineon.com/cmsis_packs/CAT1A_DFP/Infineon.CAT1A_DFP.pdsc
Infineon,PSOC 61,CY8C61x6,CY8C6146BTI-F54,cmsis_device_name,tcl/target/psoc6.cfg,not_validated,CAT1A_DFP,1.7.0,https://itools.infineon.com/cmsis_packs/CAT1A_DFP/Infineon.CAT1A_DFP.pdsc
Infineon,PSOC 61,CY8C61x7,CY8C6137BZI-F14,cmsis_device_name,tcl/target/psoc6.cfg,not_validated,CAT1A_DFP,1.7.0,https://itools.infineon.com/cmsis_packs/CAT1A_DFP/Infineon.CAT1A_DFP.pdsc
Infineon,PSOC 61,CY8C61x7,CY8C6137BZI-F34,cmsis_device_name,tcl/target/psoc6.cfg,not_validated,CAT1A_DFP,1.7.0,https://itools.infineon.com/cmsis_packs/CAT1A_DFP/Infineon.CAT1A_DFP.pdsc
Infineon,PSOC 61,CY8C61x7,CY8C6137BZI-F54,cmsis_device_name,tcl/target/psoc6.cfg,not_validated,CAT1A_DFP,1.7.0,https://itools.infineon.com/cmsis_packs/CAT1A_DFP/Infineon.CAT1A_DFP.pdsc
Infineon,PSOC 61,CY8C61x7,CY8C6137FDI-F02,cmsis_device_name,tcl/target/psoc6.cfg,not_validated,CAT1A_DFP,1.7.0,https://itools.infineon.com/cmsis_packs/CAT1A_DFP/Infineon.CAT1A_DFP.pdsc
Infineon,PSOC 61,CY8C61x7,CY8C6137WI-F54,cmsis_device_name,tcl/target/psoc6.cfg,not_validated,CAT1A_DFP,1.7.0,https://itools.infineon.com/cmsis_packs/CAT1A_DFP/Infineon.CAT1A_DFP.pdsc
Infineon,PSOC 61,CY8C61x7,CY8C6147BTI-F54,cmsis_device_name,tcl/target/psoc6.cfg,not_validated,CAT1A_DFP,1.7.0,https://itools.infineon.com/cmsis_packs/CAT1A_DFP/Infineon.CAT1A_DFP.pdsc
Infineon,PSOC 61,CY8C61x8,CY8C6148AZI-S2F44,cmsis_device_name,tcl/target/psoc6.cfg,not_validated,CAT1A_DFP,1.7.0,https://itools.infineon.com/cmsis_packs/CAT1A_DFP/Infineon.CAT1A_DFP.pdsc
Infineon,PSOC 61,CY8C61x8,CY8C6148BZI-S2F44,cmsis_device_name,tcl/target/psoc6.cfg,not_validated,CAT1A_DFP,1.7.0,https://itools.infineon.com/cmsis_packs/CAT1A_DFP/Infineon.CAT1A_DFP.pdsc
Infineon,PSOC 61,CY8C61x8,CY8C6148FNI-S2F43,cmsis_device_name,tcl/target/psoc6.cfg,not_validated,CAT1A_DFP,1.7.0,https://itools.infineon.com/cmsis_packs/CAT1A_DFP/Infineon.CAT1A_DFP.pdsc
Infineon,PSOC 61,CY8C61x8,CY8C6148LQI-S2F02,cmsis_device_name,tcl/target/psoc6.cfg,not_validated,CAT1A_DFP,1.7.0,https://itools.infineon.com/cmsis_packs/CAT1A_DFP/Infineon.CAT1A_DFP.pdsc
Infineon,PSOC 61,CY8C61x8,CY8C6148LQI-S2F42,cmsis_device_name,tcl/target/psoc6.cfg,not_validated,CAT1A_DFP,1.7.0,https://itools.infineon.com/cmsis_packs/CAT1A_DFP/Infineon.CAT1A_DFP.pdsc
Infineon,PSOC 61,CY8C61xA,CY8C614AAZI-S2F04,cmsis_device_name,tcl/target/psoc6.cfg,not_validated,CAT1A_DFP,1.7.0,https://itools.infineon.com/cmsis_packs/CAT1A_DFP/Infineon.CAT1A_DFP.pdsc
Infineon,PSOC 61,CY8C61xA,CY8C614AAZI-S2F14,cmsis_device_name,tcl/target/psoc6.cfg,not_validated,CAT1A_DFP,1.7.0,https://itools.infineon.com/cmsis_packs/CAT1A_DFP/Infineon.CAT1A_DFP.pdsc
Infineon,PSOC 61,CY8C61xA,CY8C614AAZI-S2F44,cmsis_device_name,tcl/target/psoc6.cfg,not_validated,CAT1A_DFP,1.7.0,https://itools.infineon.com/cmsis_packs/CAT1A_DFP/Infineon.CAT1A_DFP.pdsc
Infineon,PSOC 61,CY8C61xA,CY8C614ABZI-S2F04,cmsis_device_name,tcl/target/psoc6.cfg,not_validated,CAT1A_DFP,1.7.0,https://itools.infineon.com/cmsis_packs/CAT1A_DFP/Infineon.CAT1A_DFP.pdsc
Infineon,PSOC 61,CY8C61xA,CY8C614ABZI-S2F44,cmsis_device_name,tcl/target/psoc6.cfg,not_validated,CAT1A_DFP,1.7.0,https://itools.infineon.com/cmsis_packs/CAT1A_DFP/Infineon.CAT1A_DFP.pdsc
Infineon,PSOC 61,CY8C61xA,CY8C614AFNI-S2F03,cmsis_device_name,tcl/target/psoc6.cfg,not_validated,CAT1A_DFP,1.7.0,https://itools.infineon.com/cmsis_packs/CAT1A_DFP/Infineon.CAT1A_DFP.pdsc
Infineon,PSOC 61,CY8C61xA,CY8C614AFNI-S2F43,cmsis_device_name,tcl/target/psoc6.cfg,not_validated,CAT1A_DFP,1.7.0,https://itools.infineon.com/cmsis_packs/CAT1A_DFP/Infineon.CAT1A_DFP.pdsc
Infineon,PSOC 61,CY8C61xA,CY8C614ALQI-S2F02,cmsis_device_name,tcl/target/psoc6.cfg,not_validated,CAT1A_DFP,1.7.0,https://itools.infineon.com/cmsis_packs/CAT1A_DFP/Infineon.CAT1A_DFP.pdsc
Infineon,PSOC 61,CY8C61xA,CY8C614ALQI-S2F42,cmsis_device_name,tcl/target/psoc6.cfg,not_validated,CAT1A_DFP,1.7.0,https://itools.infineon.com/cmsis_packs/CAT1A_DFP/Infineon.CAT1A_DFP.pdsc
Infineon,PSOC 62,CY8C62x4,CY8C6244AZI-S4D12,cmsis_device_name,tcl/target/psoc6.cfg,not_validated,CAT1A_DFP,1.7.0,https://itools.infineon.com/cmsis_packs/CAT1A_DFP/Infineon.CAT1A_DFP.pdsc
Infineon,PSOC 62,CY8C62x4,CY8C6244AZI-S4D62,cmsis_device_name,tcl/target/psoc6.cfg,not_validated,CAT1A_DFP,1.7.0,https://itools.infineon.com/cmsis_packs/CAT1A_DFP/Infineon.CAT1A_DFP.pdsc
Infineon,PSOC 62,CY8C62x4,CY8C6244AZI-S4D82,cmsis_device_name,tcl/target/psoc6.cfg,not_validated,CAT1A_DFP,1.7.0,https://itools.infineon.com/cmsis_packs/CAT1A_DFP/Infineon.CAT1A_DFP.pdsc
Infineon,PSOC 62,CY8C62x4,CY8C6244AZI-S4D83,cmsis_device_name,tcl/target/psoc6.cfg,not_validated,CAT1A_DFP,1.7.0,https://itools.infineon.com/cmsis_packs/CAT1A_DFP/Infineon.CAT1A_DFP.pdsc
Infineon,PSOC 62,CY8C62x4,CY8C6244AZI-S4D92,cmsis_device_name,tcl/target/psoc6.cfg,not_validated,CAT1A_DFP,1.7.0,https://itools.infineon.com/cmsis_packs/CAT1A_DFP/Infineon.CAT1A_DFP.pdsc
Infineon,PSOC 62,CY8C62x4,CY8C6244AZI-S4D93,cmsis_device_name,tcl/target/psoc6.cfg,not_validated,CAT1A_DFP,1.7.0,https://itools.infineon.com/cmsis_packs/CAT1A_DFP/Infineon.CAT1A_DFP.pdsc
Infineon,PSOC 62,CY8C62x4,CY8C6244AZQ-S4D92,cmsis_device_name,tcl/target/psoc6.cfg,not_validated,CAT1A_DFP,1.7.0,https://itools.infineon.com/cmsis_packs/CAT1A_DFP/Infineon.CAT1A_DFP.pdsc
Infineon,PSOC 62,CY8C62x4,CY8C6244AZQ-S4D93,cmsis_device_name,tcl/target/psoc6.cfg,not_validated,CAT1A_DFP,1.7.0,https://itools.infineon.com/cmsis_packs/CAT1A_DFP/Infineon.CAT1A_DFP.pdsc
Infineon,PSOC 62,CY8C62x4,CY8C6244FMI-S4D03,cmsis_device_name,tcl/target/psoc6.cfg,not_validated,CAT1A_DFP,1.7.0,https://itools.infineon.com/cmsis_packs/CAT1A_DFP/Infineon.CAT1A_DFP.pdsc
Infineon,PSOC 62,CY8C62x4,CY8C6244FMI-S4D53,cmsis_device_name,tcl/target/psoc6.cfg,not_validated,CAT1A_DFP,1.7.0,https://itools.infineon.com/cmsis_packs/CAT1A_DFP/Infineon.CAT1A_DFP.pdsc
Infineon,PSOC 62,CY8C62x4,CY8C6244FMI-S4D73,cmsis_device_name,tcl/target/psoc6.cfg,not_validated,CAT1A_DFP,1.7.0,https://itools.infineon.com/cmsis_packs/CAT1A_DFP/Infineon.CAT1A_DFP.pdsc
Infineon,PSOC 62,CY8C62x4,CY8C6244FMI-S4D93,cmsis_device_name,tcl/target/psoc6.cfg,not_validated,CAT1A_DFP,1.7.0,https://itools.infineon.com/cmsis_packs/CAT1A_DFP/Infineon.CAT1A_DFP.pdsc
Infineon,PSOC 62,CY8C62x4,CY8C6244FMQ-S4D93,cmsis_device_name,tcl/target/psoc6.cfg,not_validated,CAT1A_DFP,1.7.0,https://itools.infineon.com/cmsis_packs/CAT1A_DFP/Infineon.CAT1A_DFP.pdsc
Infineon,PSOC 62,CY8C62x4,CY8C6244LQI-S4D12,cmsis_device_name,tcl/target/psoc6.cfg,not_validated,CAT1A_DFP,1.7.0,https://itools.infineon.com/cmsis_packs/CAT1A_DFP/Infineon.CAT1A_DFP.pdsc
Infineon,PSOC 62,CY8C62x4,CY8C6244LQI-S4D62,cmsis_device_name,tcl/target/psoc6.cfg,not_validated,CAT1A_DFP,1.7.0,https://itools.infineon.com/cmsis_packs/CAT1A_DFP/Infineon.CAT1A_DFP.pdsc
Infineon,PSOC 62,CY8C62x4,CY8C6244LQI-S4D82,cmsis_device_name,tcl/target/psoc6.cfg,not_validated,CAT1A_DFP,1.7.0,https://itools.infineon.com/cmsis_packs/CAT1A_DFP/Infineon.CAT1A_DFP.pdsc
Infineon,PSOC 62,CY8C62x4,CY8C6244LQI-S4D92,cmsis_device_name,tcl/target/psoc6.cfg,not_validated,CAT1A_DFP,1.7.0,https://itools.infineon.com/cmsis_packs/CAT1A_DFP/Infineon.CAT1A_DFP.pdsc
Infineon,PSOC 62,CY8C62x4,CY8C6244LQQ-S4D92,cmsis_device_name,tcl/target/psoc6.cfg,not_validated,CAT1A_DFP,1.7.0,https://itools.infineon.com/cmsis_packs/CAT1A_DFP/Infineon.CAT1A_DFP.pdsc
Infineon,PSOC 62,CY8C62x5,CY8C6245AZI-S3D02,cmsis_device_name,tcl/target/psoc6.cfg,not_validated,CAT1A_DFP,1.7.0,https://itools.infineon.com/cmsis_packs/CAT1A_DFP/Infineon.CAT1A_DFP.pdsc
Infineon,PSOC 62,CY8C62x5,CY8C6245AZI-S3D12,cmsis_device_name,tcl/target/psoc6.cfg,not_validated,CAT1A_DFP,1.7.0,https://itools.infineon.com/cmsis_packs/CAT1A_DFP/Infineon.CAT1A_DFP.pdsc
Infineon,PSOC 62,CY8C62x5,CY8C6245AZI-S3D42,cmsis_device_name,tcl/target/psoc6.cfg,not_validated,CAT1A_DFP,1.7.0,https://itools.infineon.com/cmsis_packs/CAT1A_DFP/Infineon.CAT1A_DFP.pdsc
Infineon,PSOC 62,CY8C62x5,CY8C6245AZI-S3D62,cmsis_device_name,tcl/target/psoc6.cfg,not_validated,CAT1A_DFP,1.7.0,https://itools.infineon.com/cmsis_packs/CAT1A_DFP/Infineon.CAT1A_DFP.pdsc
Infineon,PSOC 62,CY8C62x5,CY8C6245AZI-S3D72,cmsis_device_name,tcl/target/psoc6.cfg,not_validated,CAT1A_DFP,1.7.0,https://itools.infineon.com/cmsis_packs/CAT1A_DFP/Infineon.CAT1A_DFP.pdsc
Infineon,PSOC 62,CY8C62x5,CY8C6245AZQ-S3D72,cmsis_device_name,tcl/target/psoc6.cfg,not_validated,CAT1A_DFP,1.7.0,https://itools.infineon.com/cmsis_packs/CAT1A_DFP/Infineon.CAT1A_DFP.pdsc
Infineon,PSOC 62,CY8C62x5,CY8C6245FNI-S3D11,cmsis_device_name,tcl/target/psoc6.cfg,not_validated,CAT1A_DFP,1.7.0,https://itools.infineon.com/cmsis_packs/CAT1A_DFP/Infineon.CAT1A_DFP.pdsc
Infineon,PSOC 62,CY8C62x5,CY8C6245FNI-S3D41,cmsis_device_name,tcl/target/psoc6.cfg,not_validated,CAT1A_DFP,1.7.0,https://itools.infineon.com/cmsis_packs/CAT1A_DFP/Infineon.CAT1A_DFP.pdsc
Infineon,PSOC 62,CY8C62x5,CY8C6245FNI-S3D71,cmsis_device_name,tcl/target/psoc6.cfg,not_validated,CAT1A_DFP,1.7.0,https://itools.infineon.com/cmsis_packs/CAT1A_DFP/Infineon.CAT1A_DFP.pdsc
Infineon,PSOC 62,CY8C62x5,CY8C6245FNQ-S3D41,cmsis_device_name,tcl/target/psoc6.cfg,not_validated,CAT1A_DFP,1.7.0,https://itools.infineon.com/cmsis_packs/CAT1A_DFP/Infineon.CAT1A_DFP.pdsc
Infineon,PSOC 62,CY8C62x5,CY8C6245FNQ-S3D71,cmsis_device_name,tcl/target/psoc6.cfg,not_validated,CAT1A_DFP,1.7.0,https://itools.infineon.com/cmsis_packs/CAT1A_DFP/Infineon.CAT1A_DFP.pdsc
Infineon,PSOC 62,CY8C62x5,CY8C6245LQI-S3D02,cmsis_device_name,tcl/target/psoc6.cfg,not_validated,CAT1A_DFP,1.7.0,https://itools.infineon.com/cmsis_packs/CAT1A_DFP/Infineon.CAT1A_DFP.pdsc
Infineon,PSOC 62,CY8C62x5,CY8C6245LQI-S3D12,cmsis_device_name,tcl/target/psoc6.cfg,not_validated,CAT1A_DFP,1.7.0,https://itools.infineon.com/cmsis_packs/CAT1A_DFP/Infineon.CAT1A_DFP.pdsc
Infineon,PSOC 62,CY8C62x5,CY8C6245LQI-S3D42,cmsis_device_name,tcl/target/psoc6.cfg,not_validated,CAT1A_DFP,1.7.0,https://itools.infineon.com/cmsis_packs/CAT1A_DFP/Infineon.CAT1A_DFP.pdsc
Infineon,PSOC 62,CY8C62x5,CY8C6245LQI-S3D62,cmsis_device_name,tcl/target/psoc6.cfg,not_validated,CAT1A_DFP,1.7.0,https://itools.infineon.com/cmsis_packs/CAT1A_DFP/Infineon.CAT1A_DFP.pdsc
Infineon,PSOC 62,CY8C62x5,CY8C6245LQI-S3D72,cmsis_device_name,tcl/target/psoc6.cfg,not_validated,CAT1A_DFP,1.7.0,https://itools.infineon.com/cmsis_packs/CAT1A_DFP/Infineon.CAT1A_DFP.pdsc
Infineon,PSOC 62,CY8C62x5,CY8C6245LQQ-S3D72,cmsis_device_name,tcl/target/psoc6.cfg,not_validated,CAT1A_DFP,1.7.0,https://itools.infineon.com/cmsis_packs/CAT1A_DFP/Infineon.CAT1A_DFP.pdsc
Infineon,PSOC 62,CY8C62x6,CY8C6246BTI-D54,cmsis_device_name,tcl/target/psoc6.cfg,not_validated,CAT1A_DFP,1.7.0,https://itools.infineon.com/cmsis_packs/CAT1A_DFP/Infineon.CAT1A_DFP.pdsc
Infineon,PSOC 62,CY8C62x6,CY8C6246BZI-D04,cmsis_device_name,tcl/target/psoc6.cfg,not_validated,CAT1A_DFP,1.7.0,https://itools.infineon.com/cmsis_packs/CAT1A_DFP/Infineon.CAT1A_DFP.pdsc
Infineon,PSOC 62,CY8C62x7,CY8C6247BFI-D54,cmsis_device_name,tcl/target/psoc6.cfg,not_validated,CAT1A_DFP,1.7.0,https://itools.infineon.com/cmsis_packs/CAT1A_DFP/Infineon.CAT1A_DFP.pdsc
Infineon,PSOC 62,CY8C62x7,CY8C6247BTI-D54,cmsis_device_name,tcl/target/psoc6.cfg,not_validated,CAT1A_DFP,1.7.0,https://itools.infineon.com/cmsis_packs/CAT1A_DFP/Infineon.CAT1A_DFP.pdsc
Infineon,PSOC 62,CY8C62x7,CY8C6247BZI-AUD54,cmsis_device_name,tcl/target/psoc6.cfg,not_validated,CAT1A_DFP,1.7.0,https://itools.infineon.com/cmsis_packs/CAT1A_DFP/Infineon.CAT1A_DFP.pdsc
Infineon,PSOC 62,CY8C62x7,CY8C6247BZI-D34,cmsis_device_name,tcl/target/psoc6.cfg,not_validated,CAT1A_DFP,1.7.0,https://itools.infineon.com/cmsis_packs/CAT1A_DFP/Infineon.CAT1A_DFP.pdsc
Infineon,PSOC 62,CY8C62x7,CY8C6247BZI-D44,cmsis_device_name,tcl/target/psoc6.cfg,not_validated,CAT1A_DFP,1.7.0,https://itools.infineon.com/cmsis_packs/CAT1A_DFP/Infineon.CAT1A_DFP.pdsc
Infineon,PSOC 62,CY8C62x7,CY8C6247BZI-D54,cmsis_device_name,tcl/target/psoc6.cfg,not_validated,CAT1A_DFP,1.7.0,https://itools.infineon.com/cmsis_packs/CAT1A_DFP/Infineon.CAT1A_DFP.pdsc
Infineon,PSOC 62,CY8C62x7,CY8C6247FDI-D02,cmsis_device_name,tcl/target/psoc6.cfg,not_validated,CAT1A_DFP,1.7.0,https://itools.infineon.com/cmsis_packs/CAT1A_DFP/Infineon.CAT1A_DFP.pdsc
Infineon,PSOC 62,CY8C62x7,CY8C6247FDI-D32,cmsis_device_name,tcl/target/psoc6.cfg,not_validated,CAT1A_DFP,1.7.0,https://itools.infineon.com/cmsis_packs/CAT1A_DFP/Infineon.CAT1A_DFP.pdsc
Infineon,PSOC 62,CY8C62x7,CY8C6247FDI-D52,cmsis_device_name,tcl/target/psoc6.cfg,not_validated,CAT1A_DFP,1.7.0,https://itools.infineon.com/cmsis_packs/CAT1A_DFP/Infineon.CAT1A_DFP.pdsc
Infineon,PSOC 62,CY8C62x7,CY8C6247FTI-D52,cmsis_device_name,tcl/target/psoc6.cfg,not_validated,CAT1A_DFP,1.7.0,https://itools.infineon.com/cmsis_packs/CAT1A_DFP/Infineon.CAT1A_DFP.pdsc
Infineon,PSOC 62,CY8C62x7,CY8C6247WI-D54,cmsis_device_name,tcl/target/psoc6.cfg,not_validated,CAT1A_DFP,1.7.0,https://itools.infineon.com/cmsis_packs/CAT1A_DFP/Infineon.CAT1A_DFP.pdsc
Infineon,PSOC 62,CY8C62x8,CY8C6248AZI-S2D14,cmsis_device_name,tcl/target/psoc6.cfg,not_validated,CAT1A_DFP,1.7.0,https://itools.infineon.com/cmsis_packs/CAT1A_DFP/Infineon.CAT1A_DFP.pdsc
Infineon,PSOC 62,CY8C62x8,CY8C6248AZI-S2D44,cmsis_device_name,tcl/target/psoc6.cfg,not_validated,CAT1A_DFP,1.7.0,https://itools.infineon.com/cmsis_packs/CAT1A_DFP/Infineon.CAT1A_DFP.pdsc
Infineon,PSOC 62,CY8C62x8,CY8C6248BZI-S2D44,cmsis_device_name,tcl/target/psoc6.cfg,not_validated,CAT1A_DFP,1.7.0,https://itools.infineon.com/cmsis_packs/CAT1A_DFP/Infineon.CAT1A_DFP.pdsc
Infineon,PSOC 62,CY8C62x8,CY8C6248FNI-S2D43,cmsis_device_name,tcl/target/psoc6.cfg,not_validated,CAT1A_DFP,1.7.0,https://itools.infineon.com/cmsis_packs/CAT1A_DFP/Infineon.CAT1A_DFP.pdsc
Infineon,PSOC 62,CY8C62x8,CY8C6248LQI-S2D02,cmsis_device_name,tcl/target/psoc6.cfg,not_validated,CAT1A_DFP,1.7.0,https://itools.infineon.com/cmsis_packs/CAT1A_DFP/Infineon.CAT1A_DFP.pdsc
Infineon,PSOC 62,CY8C62x8,CY8C6248LQI-S2D42,cmsis_device_name,tcl/target/psoc6.cfg,not_validated,CAT1A_DFP,1.7.0,https://itools.infineon.com/cmsis_packs/CAT1A_DFP/Infineon.CAT1A_DFP.pdsc
Infineon,PSOC 62,CY8C62xA,CY8C624AAZI-S2D14,cmsis_device_name,tcl/target/psoc6.cfg,not_validated,CAT1A_DFP,1.7.0,https://itools.infineon.com/cmsis_packs/CAT1A_DFP/Infineon.CAT1A_DFP.pdsc
Infineon,PSOC 62,CY8C62xA,CY8C624AAZI-S2D44,cmsis_device_name,tcl/target/psoc6.cfg,not_validated,CAT1A_DFP,1.7.0,https://itools.infineon.com/cmsis_packs/CAT1A_DFP/Infineon.CAT1A_DFP.pdsc
Infineon,PSOC 62,CY8C62xA,CY8C624ABZI-S2D04,cmsis_device_name,tcl/target/psoc6.cfg,not_validated,CAT1A_DFP,1.7.0,https://itools.infineon.com/cmsis_packs/CAT1A_DFP/Infineon.CAT1A_DFP.pdsc
Infineon,PSOC 62,CY8C62xA,CY8C624ABZI-S2D14,cmsis_device_name,tcl/target/psoc6.cfg,not_validated,CAT1A_DFP,1.7.0,https://itools.infineon.com/cmsis_packs/CAT1A_DFP/Infineon.CAT1A_DFP.pdsc
Infineon,PSOC 62,CY8C62xA,CY8C624ABZI-S2D44,cmsis_device_name,tcl/target/psoc6.cfg,not_validated,CAT1A_DFP,1.7.0,https://itools.infineon.com/cmsis_packs/CAT1A_DFP/Infineon.CAT1A_DFP.pdsc
Infineon,PSOC 62,CY8C62xA,CY8C624ABZI-S2D44A0,cmsis_device_name,tcl/target/psoc6.cfg,not_validated,CAT1A_DFP,1.7.0,https://itools.infineon.com/cmsis_packs/CAT1A_DFP/Infineon.CAT1A_DFP.pdsc
Infineon,PSOC 62,CY8C62xA,CY8C624AFNI-S2D43,cmsis_device_name,tcl/target/psoc6.cfg,not_validated,CAT1A_DFP,1.7.0,https://itools.infineon.com/cmsis_packs/CAT1A_DFP/Infineon.CAT1A_DFP.pdsc
Infineon,PSOC 62,CY8C62xA,CY8C624ALQI-S2D02,cmsis_device_name,tcl/target/psoc6.cfg,not_validated,CAT1A_DFP,1.7.0,https://itools.infineon.com/cmsis_packs/CAT1A_DFP/Infineon.CAT1A_DFP.pdsc
Infineon,PSOC 62,CY8C62xA,CY8C624ALQI-S2D42,cmsis_device_name,tcl/target/psoc6.cfg,not_validated,CAT1A_DFP,1.7.0,https://itools.infineon.com/cmsis_packs/CAT1A_DFP/Infineon.CAT1A_DFP.pdsc
Infineon,PSOC 63,CY8C6316,CY8C6316BZI-BLF03,cmsis_device_name,tcl/target/psoc6.cfg,not_validated,CAT1A_DFP,1.7.0,https://itools.infineon.com/cmsis_packs/CAT1A_DFP/Infineon.CAT1A_DFP.pdsc
Infineon,PSOC 63,CY8C6316,CY8C6316BZI-BLF04,cmsis_device_name,tcl/target/psoc6.cfg,not_validated,CAT1A_DFP,1.7.0,https://itools.infineon.com/cmsis_packs/CAT1A_DFP/Infineon.CAT1A_DFP.pdsc
Infineon,PSOC 63,CY8C6316,CY8C6316BZI-BLF53,cmsis_device_name,tcl/target/psoc6.cfg,not_validated,CAT1A_DFP,1.7.0,https://itools.infineon.com/cmsis_packs/CAT1A_DFP/Infineon.CAT1A_DFP.pdsc
Infineon,PSOC 63,CY8C6316,CY8C6316BZI-BLF54,cmsis_device_name,tcl/target/psoc6.cfg,not_validated,CAT1A_DFP,1.7.0,https://itools.infineon.com/cmsis_packs/CAT1A_DFP/Infineon.CAT1A_DFP.pdsc
Infineon,PSOC 63,CY8C6336,CY8C6336BZI-BLF03,cmsis_device_name,tcl/target/psoc6.cfg,not_validated,CAT1A_DFP,1.7.0,https://itools.infineon.com/cmsis_packs/CAT1A_DFP/Infineon.CAT1A_DFP.pdsc
Infineon,PSOC 63,CY8C6336,CY8C6336BZI-BLF04,cmsis_device_name,tcl/target/psoc6.cfg,not_validated,CAT1A_DFP,1.7.0,https://itools.infineon.com/cmsis_packs/CAT1A_DFP/Infineon.CAT1A_DFP.pdsc
Infineon,PSOC 63,CY8C6336,CY8C6336LQI-BLF02,cmsis_device_name,tcl/target/psoc6.cfg,not_validated,CAT1A_DFP,1.7.0,https://itools.infineon.com/cmsis_packs/CAT1A_DFP/Infineon.CAT1A_DFP.pdsc
Infineon,PSOC 63,CY8C6336,CY8C6336LQI-BLF42,cmsis_device_name,tcl/target/psoc6.cfg,not_validated,CAT1A_DFP,1.7.0,https://itools.infineon.com/cmsis_packs/CAT1A_DFP/Infineon.CAT1A_DFP.pdsc
Infineon,PSOC 63,CY8C63x6 Dual,CY8C6336BZI-BLD13,cmsis_device_name,tcl/target/psoc6.cfg,not_validated,CAT1A_DFP,1.7.0,https://itools.infineon.com/cmsis_packs/CAT1A_DFP/Infineon.CAT1A_DFP.pdsc
Infineon,PSOC 63,CY8C63x6 Dual,CY8C6336BZI-BLD14,cmsis_device_name,tcl/target/psoc6.cfg,not_validated,CAT1A_DFP,1.7.0,https://itools.infineon.com/cmsis_packs/CAT1A_DFP/Infineon.CAT1A_DFP.pdsc
Infineon,PSOC 63,CY8C63x7,CY8C6337BZI-BLF13,cmsis_device_name,tcl/target/psoc6.cfg,not_validated,CAT1A_DFP,1.7.0,https://itools.infineon.com/cmsis_packs/CAT1A_DFP/Infineon.CAT1A_DFP.pdsc
Infineon,PSOC 63,CY8C63x7 Dual,CY8C6347BZI-BLD33,cmsis_device_name,tcl/target/psoc6.cfg,not_validated,CAT1A_DFP,1.7.0,https://itools.infineon.com/cmsis_packs/CAT1A_DFP/Infineon.CAT1A_DFP.pdsc
Infineon,PSOC 63,CY8C63x7 Dual,CY8C6347BZI-BLD34,cmsis_device_name,tcl/target/psoc6.cfg,not_validated,CAT1A_DFP,1.7.0,https://itools.infineon.com/cmsis_packs/CAT1A_DFP/Infineon.CAT1A_DFP.pdsc
Infineon,PSOC 63,CY8C63x7 Dual,CY8C6347BZI-BLD43,cmsis_device_name,tcl/target/psoc6.cfg,not_validated,CAT1A_DFP,1.7.0,https://itools.infineon.com/cmsis_packs/CAT1A_DFP/Infineon.CAT1A_DFP.pdsc
Infineon,PSOC 63,CY8C63x7 Dual,CY8C6347BZI-BLD44,cmsis_device_name,tcl/target/psoc6.cfg,not_validated,CAT1A_DFP,1.7.0,https://itools.infineon.com/cmsis_packs/CAT1A_DFP/Infineon.CAT1A_DFP.pdsc
Infineon,PSOC 63,CY8C63x7 Dual,CY8C6347BZI-BLD53,cmsis_device_name,tcl/target/psoc6.cfg,not_validated,CAT1A_DFP,1.7.0,https://itools.infineon.com/cmsis_packs/CAT1A_DFP/Infineon.CAT1A_DFP.pdsc
Infineon,PSOC 63,CY8C63x7 Dual,CY8C6347BZI-BLD54,cmsis_device_name,tcl/target/psoc6.cfg,not_validated,CAT1A_DFP,1.7.0,https://itools.infineon.com/cmsis_packs/CAT1A_DFP/Infineon.CAT1A_DFP.pdsc
Infineon,PSOC 63,CY8C63x7 Dual,CY8C6347FMI-BLD13,cmsis_device_name,tcl/target/psoc6.cfg,not_validated,CAT1A_DFP,1.7.0,https://itools.infineon.com/cmsis_packs/CAT1A_DFP/Infineon.CAT1A_DFP.pdsc
Infineon,PSOC 63,CY8C63x7 Dual,CY8C6347FMI-BLD33,cmsis_device_name,tcl/target/psoc6.cfg,not_validated,CAT1A_DFP,1.7.0,https://itools.infineon.com/cmsis_packs/CAT1A_DFP/Infineon.CAT1A_DFP.pdsc
Infineon,PSOC 63,CY8C63x7 Dual,CY8C6347FMI-BLD43,cmsis_device_name,tcl/target/psoc6.cfg,not_validated,CAT1A_DFP,1.7.0,https://itools.infineon.com/cmsis_packs/CAT1A_DFP/Infineon.CAT1A_DFP.pdsc
Infineon,PSOC 63,CY8C63x7 Dual,CY8C6347FMI-BLD53,cmsis_device_name,tcl/target/psoc6.cfg,not_validated,CAT1A_DFP,1.7.0,https://itools.infineon.com/cmsis_packs/CAT1A_DFP/Infineon.CAT1A_DFP.pdsc
Infineon,PSOC 63,CY8C63x7 Dual,CY8C6347FMI-BUD13,cmsis_device_name,tcl/target/psoc6.cfg,not_validated,CAT1A_DFP,1.7.0,https://itools.infineon.com/cmsis_packs/CAT1A_DFP/Infineon.CAT1A_DFP.pdsc
Infineon,PSOC 63,CY8C63x7 Dual,CY8C6347FMI-BUD33,cmsis_device_name,tcl/target/psoc6.cfg,not_validated,CAT1A_DFP,1.7.0,https://itools.infineon.com/cmsis_packs/CAT1A_DFP/Infineon.CAT1A_DFP.pdsc
Infineon,PSOC 63,CY8C63x7 Dual,CY8C6347FMI-BUD43,cmsis_device_name,tcl/target/psoc6.cfg,not_validated,CAT1A_DFP,1.7.0,https://itools.infineon.com/cmsis_packs/CAT1A_DFP/Infineon.CAT1A_DFP.pdsc
Infineon,PSOC 63,CY8C63x7 Dual,CY8C6347FMI-BUD53,cmsis_device_name,tcl/target/psoc6.cfg,not_validated,CAT1A_DFP,1.7.0,https://itools.infineon.com/cmsis_packs/CAT1A_DFP/Infineon.CAT1A_DFP.pdsc
Infineon,PSOC 63,CY8C63x7 Dual,CY8C6347LQI-BLD52,cmsis_device_name,tcl/target/psoc6.cfg,not_validated,CAT1A_DFP,1.7.0,https://itools.infineon.com/cmsis_packs/CAT1A_DFP/Infineon.CAT1A_DFP.pdsc
Infineon,PSOC 63,CY8C63x7 Dual,CYBLE-416045-02,cmsis_device_name,tcl/target/psoc6.cfg,not_validated,CAT1A_DFP,1.7.0,https://itools.infineon.com/cmsis_packs/CAT1A_DFP/Infineon.CAT1A_DFP.pdsc
Infineon,PSOC 64,CYB06xx5,CYB06445LQI-S3D42,cmsis_device_name,tcl/target/psoc6.cfg,not_validated,CAT1A_DFP,1.7.0,https://itools.infineon.com/cmsis_packs/CAT1A_DFP/Infineon.CAT1A_DFP.pdsc
Infineon,PSOC 64,CYB06xx7,CYB06447BZI-BLD53,cmsis_device_name,tcl/target/psoc6.cfg,not_validated,CAT1A_DFP,1.7.0,https://itools.infineon.com/cmsis_packs/CAT1A_DFP/Infineon.CAT1A_DFP.pdsc
Infineon,PSOC 64,CYB06xx7,CYB06447BZI-BLD54,cmsis_device_name,tcl/target/psoc6.cfg,not_validated,CAT1A_DFP,1.7.0,https://itools.infineon.com/cmsis_packs/CAT1A_DFP/Infineon.CAT1A_DFP.pdsc
Infineon,PSOC 64,CYB06xx7,CYB06447BZI-D54,cmsis_device_name,tcl/target/psoc6.cfg,not_validated,CAT1A_DFP,1.7.0,https://itools.infineon.com/cmsis_packs/CAT1A_DFP/Infineon.CAT1A_DFP.pdsc
Infineon,PSOC 64,CYB06xx7,CYBLE-416070-02,cmsis_device_name,tcl/target/psoc6.cfg,not_validated,CAT1A_DFP,1.7.0,https://itools.infineon.com/cmsis_packs/CAT1A_DFP/Infineon.CAT1A_DFP.pdsc
Infineon,PSOC 64,CYB06xxA,CYB0644ABZI-S2D44,cmsis_device_name,tcl/target/psoc6.cfg,not_validated,CAT1A_DFP,1.7.0,https://itools.infineon.com/cmsis_packs/CAT1A_DFP/Infineon.CAT1A_DFP.pdsc
Infineon,PSOC 64,CYS06xxA,CYS0644ABZI-S2D44,cmsis_device_name,tcl/target/psoc6.cfg,not_validated,CAT1A_DFP,1.7.0,https://itools.infineon.com/cmsis_packs/CAT1A_DFP/Infineon.CAT1A_DFP.pdsc
Infineon,PSOC 64,CYS06xxA,CYS0644AFNI-S2D43,cmsis_device_name,tcl/target/psoc6.cfg,not_validated,CAT1A_DFP,1.7.0,https://itools.infineon.com/cmsis_packs/CAT1A_DFP/Infineon.CAT1A_DFP.pdsc
Infineon,PSoC-HVMS,PSoC_HVMS_128KB_3V3_CY8C41x7LxE-HVS0xx,CY8C4127LDE-HVS004,cmsis_device_name,tcl/target/psoc4.cfg,not_validated,PSoC-HVMS_DFP,1.0.0,https://itools.infineon.com/cmsis_packs/PSoC_HVMS/Infineon.PSoC-HVMS_DFP.pdsc
Infineon,PSoC-HVMS,PSoC_HVMS_128KB_3V3_CY8C41x7LxE-HVS0xx,CY8C4127LDE-HVS014,cmsis_device_name,tcl/target/psoc4.cfg,not_validated,PSoC-HVMS_DFP,1.0.0,https://itools.infineon.com/cmsis_packs/PSoC_HVMS/Infineon.PSoC-HVMS_DFP.pdsc
Infineon,PSoC-HVMS,PSoC_HVMS_128KB_3V3_CY8C41x7LxE-HVS0xx,CY8C4127LQE-HVS006,cmsis_device_name,tcl/target/psoc4.cfg,not_validated,PSoC-HVMS_DFP,1.0.0,https://itools.infineon.com/cmsis_packs/PSoC_HVMS/Infineon.PSoC-HVMS_DFP.pdsc
Infineon,PSoC-HVMS,PSoC_HVMS_128KB_3V3_CY8C41x7LxE-HVS0xx,CY8C4127LQE-HVS016,cmsis_device_name,tcl/target/psoc4.cfg,not_validated,PSoC-HVMS_DFP,1.0.0,https://itools.infineon.com/cmsis_packs/PSoC_HVMS/Infineon.PSoC-HVMS_DFP.pdsc
Infineon,PSoC-HVMS,PSoC_HVMS_128KB_3V3_CY8C41x7LxE-HVS0xx,CY8C4127LWE-HVS005,cmsis_device_name,tcl/target/psoc4.cfg,not_validated,PSoC-HVMS_DFP,1.0.0,https://itools.infineon.com/cmsis_packs/PSoC_HVMS/Infineon.PSoC-HVMS_DFP.pdsc
Infineon,PSoC-HVMS,PSoC_HVMS_128KB_3V3_CY8C41x7LxE-HVS0xx,CY8C4127LWE-HVS015,cmsis_device_name,tcl/target/psoc4.cfg,not_validated,PSoC-HVMS_DFP,1.0.0,https://itools.infineon.com/cmsis_packs/PSoC_HVMS/Infineon.PSoC-HVMS_DFP.pdsc
Infineon,PSoC-HVMS,PSoC_HVMS_128KB_3V3_CY8C41x7LxE-HVS0xx,CY8C4147LDE-HVS004,cmsis_device_name,tcl/target/psoc4.cfg,not_validated,PSoC-HVMS_DFP,1.0.0,https://itools.infineon.com/cmsis_packs/PSoC_HVMS/Infineon.PSoC-HVMS_DFP.pdsc
Infineon,PSoC-HVMS,PSoC_HVMS_128KB_3V3_CY8C41x7LxE-HVS0xx,CY8C4147LDE-HVS014,cmsis_device_name,tcl/target/psoc4.cfg,not_validated,PSoC-HVMS_DFP,1.0.0,https://itools.infineon.com/cmsis_packs/PSoC_HVMS/Infineon.PSoC-HVMS_DFP.pdsc
Infineon,PSoC-HVMS,PSoC_HVMS_128KB_3V3_CY8C41x7LxE-HVS0xx,CY8C4147LDE-HVS024,cmsis_device_name,tcl/target/psoc4.cfg,not_validated,PSoC-HVMS_DFP,1.0.0,https://itools.infineon.com/cmsis_packs/PSoC_HVMS/Infineon.PSoC-HVMS_DFP.pdsc
Infineon,PSoC-HVMS,PSoC_HVMS_128KB_3V3_CY8C41x7LxE-HVS0xx,CY8C4147LDE-HVS024X,cmsis_device_name,tcl/target/psoc4.cfg,not_validated,PSoC-HVMS_DFP,1.0.0,https://itools.infineon.com/cmsis_packs/PSoC_HVMS/Infineon.PSoC-HVMS_DFP.pdsc
Infineon,PSoC-HVMS,PSoC_HVMS_128KB_3V3_CY8C41x7LxE-HVS0xx,CY8C4147LDE-HVS034,cmsis_device_name,tcl/target/psoc4.cfg,not_validated,PSoC-HVMS_DFP,1.0.0,https://itools.infineon.com/cmsis_packs/PSoC_HVMS/Infineon.PSoC-HVMS_DFP.pdsc
Infineon,PSoC-HVMS,PSoC_HVMS_128KB_3V3_CY8C41x7LxE-HVS0xx,CY8C4147LDE-HVS034X,cmsis_device_name,tcl/target/psoc4.cfg,not_validated,PSoC-HVMS_DFP,1.0.0,https://itools.infineon.com/cmsis_packs/PSoC_HVMS/Infineon.PSoC-HVMS_DFP.pdsc
Infineon,PSoC-HVMS,PSoC_HVMS_128KB_3V3_CY8C41x7LxE-HVS0xx,CY8C4147LQE-HVS006,cmsis_device_name,tcl/target/psoc4.cfg,not_validated,PSoC-HVMS_DFP,1.0.0,https://itools.infineon.com/cmsis_packs/PSoC_HVMS/Infineon.PSoC-HVMS_DFP.pdsc
Infineon,PSoC-HVMS,PSoC_HVMS_128KB_3V3_CY8C41x7LxE-HVS0xx,CY8C4147LQE-HVS016,cmsis_device_name,tcl/target/psoc4.cfg,not_validated,PSoC-HVMS_DFP,1.0.0,https://itools.infineon.com/cmsis_packs/PSoC_HVMS/Infineon.PSoC-HVMS_DFP.pdsc
Infineon,PSoC-HVMS,PSoC_HVMS_128KB_3V3_CY8C41x7LxE-HVS0xx,CY8C4147LQE-HVS026,cmsis_device_name,tcl/target/psoc4.cfg,not_validated,PSoC-HVMS_DFP,1.0.0,https://itools.infineon.com/cmsis_packs/PSoC_HVMS/Infineon.PSoC-HVMS_DFP.pdsc
Infineon,PSoC-HVMS,PSoC_HVMS_128KB_3V3_CY8C41x7LxE-HVS0xx,CY8C4147LQE-HVS026X,cmsis_device_name,tcl/target/psoc4.cfg,not_validated,PSoC-HVMS_DFP,1.0.0,https://itools.infineon.com/cmsis_packs/PSoC_HVMS/Infineon.PSoC-HVMS_DFP.pdsc
Infineon,PSoC-HVMS,PSoC_HVMS_128KB_3V3_CY8C41x7LxE-HVS0xx,CY8C4147LQE-HVS036,cmsis_device_name,tcl/target/psoc4.cfg,not_validated,PSoC-HVMS_DFP,1.0.0,https://itools.infineon.com/cmsis_packs/PSoC_HVMS/Infineon.PSoC-HVMS_DFP.pdsc
Infineon,PSoC-HVMS,PSoC_HVMS_128KB_3V3_CY8C41x7LxE-HVS0xx,CY8C4147LQE-HVS036X,cmsis_device_name,tcl/target/psoc4.cfg,not_validated,PSoC-HVMS_DFP,1.0.0,https://itools.infineon.com/cmsis_packs/PSoC_HVMS/Infineon.PSoC-HVMS_DFP.pdsc
Infineon,PSoC-HVMS,PSoC_HVMS_128KB_3V3_CY8C41x7LxE-HVS0xx,CY8C4147LWE-HVS005,cmsis_device_name,tcl/target/psoc4.cfg,not_validated,PSoC-HVMS_DFP,1.0.0,https://itools.infineon.com/cmsis_packs/PSoC_HVMS/Infineon.PSoC-HVMS_DFP.pdsc
Infineon,PSoC-HVMS,PSoC_HVMS_128KB_3V3_CY8C41x7LxE-HVS0xx,CY8C4147LWE-HVS015,cmsis_device_name,tcl/target/psoc4.cfg,not_validated,PSoC-HVMS_DFP,1.0.0,https://itools.infineon.com/cmsis_packs/PSoC_HVMS/Infineon.PSoC-HVMS_DFP.pdsc
Infineon,PSoC-HVMS,PSoC_HVMS_128KB_3V3_CY8C41x7LxE-HVS0xx,CY8C4147LWE-HVS025,cmsis_device_name,tcl/target/psoc4.cfg,not_validated,PSoC-HVMS_DFP,1.0.0,https://itools.infineon.com/cmsis_packs/PSoC_HVMS/Infineon.PSoC-HVMS_DFP.pdsc
Infineon,PSoC-HVMS,PSoC_HVMS_128KB_3V3_CY8C41x7LxE-HVS0xx,CY8C4147LWE-HVS025X,cmsis_device_name,tcl/target/psoc4.cfg,not_validated,PSoC-HVMS_DFP,1.0.0,https://itools.infineon.com/cmsis_packs/PSoC_HVMS/Infineon.PSoC-HVMS_DFP.pdsc
Infineon,PSoC-HVMS,PSoC_HVMS_128KB_3V3_CY8C41x7LxE-HVS0xx,CY8C4147LWE-HVS035,cmsis_device_name,tcl/target/psoc4.cfg,not_validated,PSoC-HVMS_DFP,1.0.0,https://itools.infineon.com/cmsis_packs/PSoC_HVMS/Infineon.PSoC-HVMS_DFP.pdsc
Infineon,PSoC-HVMS,PSoC_HVMS_128KB_3V3_CY8C41x7LxE-HVS0xx,CY8C4147LWE-HVS035X,cmsis_device_name,tcl/target/psoc4.cfg,not_validated,PSoC-HVMS_DFP,1.0.0,https://itools.infineon.com/cmsis_packs/PSoC_HVMS/Infineon.PSoC-HVMS_DFP.pdsc
Infineon,PSoC-HVMS,PSoC_HVMS_128KB_5V_CY8C41x7LxE-HVS1xx,CY8C4127LDE-HVS104,cmsis_device_name,tcl/target/psoc4.cfg,not_validated,PSoC-HVMS_DFP,1.0.0,https://itools.infineon.com/cmsis_packs/PSoC_HVMS/Infineon.PSoC-HVMS_DFP.pdsc
Infineon,PSoC-HVMS,PSoC_HVMS_128KB_5V_CY8C41x7LxE-HVS1xx,CY8C4127LDE-HVS114,cmsis_device_name,tcl/target/psoc4.cfg,not_validated,PSoC-HVMS_DFP,1.0.0,https://itools.infineon.com/cmsis_packs/PSoC_HVMS/Infineon.PSoC-HVMS_DFP.pdsc
Infineon,PSoC-HVMS,PSoC_HVMS_128KB_5V_CY8C41x7LxE-HVS1xx,CY8C4127LQE-HVS106,cmsis_device_name,tcl/target/psoc4.cfg,not_validated,PSoC-HVMS_DFP,1.0.0,https://itools.infineon.com/cmsis_packs/PSoC_HVMS/Infineon.PSoC-HVMS_DFP.pdsc
Infineon,PSoC-HVMS,PSoC_HVMS_128KB_5V_CY8C41x7LxE-HVS1xx,CY8C4127LQE-HVS116,cmsis_device_name,tcl/target/psoc4.cfg,not_validated,PSoC-HVMS_DFP,1.0.0,https://itools.infineon.com/cmsis_packs/PSoC_HVMS/Infineon.PSoC-HVMS_DFP.pdsc
Infineon,PSoC-HVMS,PSoC_HVMS_128KB_5V_CY8C41x7LxE-HVS1xx,CY8C4127LWE-HVS105,cmsis_device_name,tcl/target/psoc4.cfg,not_validated,PSoC-HVMS_DFP,1.0.0,https://itools.infineon.com/cmsis_packs/PSoC_HVMS/Infineon.PSoC-HVMS_DFP.pdsc
Infineon,PSoC-HVMS,PSoC_HVMS_128KB_5V_CY8C41x7LxE-HVS1xx,CY8C4127LWE-HVS115,cmsis_device_name,tcl/target/psoc4.cfg,not_validated,PSoC-HVMS_DFP,1.0.0,https://itools.infineon.com/cmsis_packs/PSoC_HVMS/Infineon.PSoC-HVMS_DFP.pdsc
Infineon,PSoC-HVMS,PSoC_HVMS_128KB_5V_CY8C41x7LxE-HVS1xx,CY8C4147LDE-HVS104,cmsis_device_name,tcl/target/psoc4.cfg,not_validated,PSoC-HVMS_DFP,1.0.0,https://itools.infineon.com/cmsis_packs/PSoC_HVMS/Infineon.PSoC-HVMS_DFP.pdsc
Infineon,PSoC-HVMS,PSoC_HVMS_128KB_5V_CY8C41x7LxE-HVS1xx,CY8C4147LDE-HVS114,cmsis_device_name,tcl/target/psoc4.cfg,not_validated,PSoC-HVMS_DFP,1.0.0,https://itools.infineon.com/cmsis_packs/PSoC_HVMS/Infineon.PSoC-HVMS_DFP.pdsc
Infineon,PSoC-HVMS,PSoC_HVMS_128KB_5V_CY8C41x7LxE-HVS1xx,CY8C4147LDE-HVS124,cmsis_device_name,tcl/target/psoc4.cfg,not_validated,PSoC-HVMS_DFP,1.0.0,https://itools.infineon.com/cmsis_packs/PSoC_HVMS/Infineon.PSoC-HVMS_DFP.pdsc
Infineon,PSoC-HVMS,PSoC_HVMS_128KB_5V_CY8C41x7LxE-HVS1xx,CY8C4147LDE-HVS124X,cmsis_device_name,tcl/target/psoc4.cfg,not_validated,PSoC-HVMS_DFP,1.0.0,https://itools.infineon.com/cmsis_packs/PSoC_HVMS/Infineon.PSoC-HVMS_DFP.pdsc
Infineon,PSoC-HVMS,PSoC_HVMS_128KB_5V_CY8C41x7LxE-HVS1xx,CY8C4147LDE-HVS134,cmsis_device_name,tcl/target/psoc4.cfg,not_validated,PSoC-HVMS_DFP,1.0.0,https://itools.infineon.com/cmsis_packs/PSoC_HVMS/Infineon.PSoC-HVMS_DFP.pdsc
Infineon,PSoC-HVMS,PSoC_HVMS_128KB_5V_CY8C41x7LxE-HVS1xx,CY8C4147LDE-HVS134X,cmsis_device_name,tcl/target/psoc4.cfg,not_validated,PSoC-HVMS_DFP,1.0.0,https://itools.infineon.com/cmsis_packs/PSoC_HVMS/Infineon.PSoC-HVMS_DFP.pdsc
Infineon,PSoC-HVMS,PSoC_HVMS_128KB_5V_CY8C41x7LxE-HVS1xx,CY8C4147LQE-HVS106,cmsis_device_name,tcl/target/psoc4.cfg,not_validated,PSoC-HVMS_DFP,1.0.0,https://itools.infineon.com/cmsis_packs/PSoC_HVMS/Infineon.PSoC-HVMS_DFP.pdsc
Infineon,PSoC-HVMS,PSoC_HVMS_128KB_5V_CY8C41x7LxE-HVS1xx,CY8C4147LQE-HVS116,cmsis_device_name,tcl/target/psoc4.cfg,not_validated,PSoC-HVMS_DFP,1.0.0,https://itools.infineon.com/cmsis_packs/PSoC_HVMS/Infineon.PSoC-HVMS_DFP.pdsc
Infineon,PSoC-HVMS,PSoC_HVMS_128KB_5V_CY8C41x7LxE-HVS1xx,CY8C4147LQE-HVS126,cmsis_device_name,tcl/target/psoc4.cfg,not_validated,PSoC-HVMS_DFP,1.0.0,https://itools.infineon.com/cmsis_packs/PSoC_HVMS/Infineon.PSoC-HVMS_DFP.pdsc
Infineon,PSoC-HVMS,PSoC_HVMS_128KB_5V_CY8C41x7LxE-HVS1xx,CY8C4147LQE-HVS126X,cmsis_device_name,tcl/target/psoc4.cfg,not_validated,PSoC-HVMS_DFP,1.0.0,https://itools.infineon.com/cmsis_packs/PSoC_HVMS/Infineon.PSoC-HVMS_DFP.pdsc
Infineon,PSoC-HVMS,PSoC_HVMS_128KB_5V_CY8C41x7LxE-HVS1xx,CY8C4147LQE-HVS136,cmsis_device_name,tcl/target/psoc4.cfg,not_validated,PSoC-HVMS_DFP,1.0.0,https://itools.infineon.com/cmsis_packs/PSoC_HVMS/Infineon.PSoC-HVMS_DFP.pdsc
Infineon,PSoC-HVMS,PSoC_HVMS_128KB_5V_CY8C41x7LxE-HVS1xx,CY8C4147LQE-HVS136X,cmsis_device_name,tcl/target/psoc4.cfg,not_validated,PSoC-HVMS_DFP,1.0.0,https://itools.infineon.com/cmsis_packs/PSoC_HVMS/Infineon.PSoC-HVMS_DFP.pdsc
Infineon,PSoC-HVMS,PSoC_HVMS_128KB_5V_CY8C41x7LxE-HVS1xx,CY8C4147LWE-HVS105,cmsis_device_name,tcl/target/psoc4.cfg,not_validated,PSoC-HVMS_DFP,1.0.0,https://itools.infineon.com/cmsis_packs/PSoC_HVMS/Infineon.PSoC-HVMS_DFP.pdsc
Infineon,PSoC-HVMS,PSoC_HVMS_128KB_5V_CY8C41x7LxE-HVS1xx,CY8C4147LWE-HVS115,cmsis_device_name,tcl/target/psoc4.cfg,not_validated,PSoC-HVMS_DFP,1.0.0,https://itools.infineon.com/cmsis_packs/PSoC_HVMS/Infineon.PSoC-HVMS_DFP.pdsc
Infineon,PSoC-HVMS,PSoC_HVMS_128KB_5V_CY8C41x7LxE-HVS1xx,CY8C4147LWE-HVS125,cmsis_device_name,tcl/target/psoc4.cfg,not_validated,PSoC-HVMS_DFP,1.0.0,https://itools.infineon.com/cmsis_packs/PSoC_HVMS/Infineon.PSoC-HVMS_DFP.pdsc
Infineon,PSoC-HVMS,PSoC_HVMS_128KB_5V_CY8C41x7LxE-HVS1xx,CY8C4147LWE-HVS125X,cmsis_device_name,tcl/target/psoc4.cfg,not_validated,PSoC-HVMS_DFP,1.0.0,https://itools.infineon.com/cmsis_packs/PSoC_HVMS/Infineon.PSoC-HVMS_DFP.pdsc
Infineon,PSoC-HVMS,PSoC_HVMS_128KB_5V_CY8C41x7LxE-HVS1xx,CY8C4147LWE-HVS135,cmsis_device_name,tcl/target/psoc4.cfg,not_validated,PSoC-HVMS_DFP,1.0.0,https://itools.infineon.com/cmsis_packs/PSoC_HVMS/Infineon.PSoC-HVMS_DFP.pdsc
Infineon,PSoC-HVMS,PSoC_HVMS_128KB_5V_CY8C41x7LxE-HVS1xx,CY8C4147LWE-HVS135X,cmsis_device_name,tcl/target/psoc4.cfg,not_validated,PSoC-HVMS_DFP,1.0.0,https://itools.infineon.com/cmsis_packs/PSoC_HVMS/Infineon.PSoC-HVMS_DFP.pdsc
Infineon,PSoC-HVMS,PSoC_HVMS_64KB_3V3_CY8C41x6LxE-HVS0xx,CY8C4126LCE-HVS003,cmsis_device_name,tcl/target/psoc4.cfg,not_validated,PSoC-HVMS_DFP,1.0.0,https://itools.infineon.com/cmsis_packs/PSoC_HVMS/Infineon.PSoC-HVMS_DFP.pdsc
Infineon,PSoC-HVMS,PSoC_HVMS_64KB_3V3_CY8C41x6LxE-HVS0xx,CY8C4126LCE-HVS013,cmsis_device_name,tcl/target/psoc4.cfg,not_validated,PSoC-HVMS_DFP,1.0.0,https://itools.infineon.com/cmsis_packs/PSoC_HVMS/Infineon.PSoC-HVMS_DFP.pdsc
Infineon,PSoC-HVMS,PSoC_HVMS_64KB_3V3_CY8C41x6LxE-HVS0xx,CY8C4126LDE-HVS004,cmsis_device_name,tcl/target/psoc4.cfg,not_validated,PSoC-HVMS_DFP,1.0.0,https://itools.infineon.com/cmsis_packs/PSoC_HVMS/Infineon.PSoC-HVMS_DFP.pdsc
Infineon,PSoC-HVMS,PSoC_HVMS_64KB_3V3_CY8C41x6LxE-HVS0xx,CY8C4126LDE-HVS014,cmsis_device_name,tcl/target/psoc4.cfg,not_validated,PSoC-HVMS_DFP,1.0.0,https://itools.infineon.com/cmsis_packs/PSoC_HVMS/Infineon.PSoC-HVMS_DFP.pdsc
Infineon,PSoC-HVMS,PSoC_HVMS_64KB_3V3_CY8C41x6LxE-HVS0xx,CY8C4126LWE-HVS005,cmsis_device_name,tcl/target/psoc4.cfg,not_validated,PSoC-HVMS_DFP,1.0.0,https://itools.infineon.com/cmsis_packs/PSoC_HVMS/Infineon.PSoC-HVMS_DFP.pdsc
Infineon,PSoC-HVMS,PSoC_HVMS_64KB_3V3_CY8C41x6LxE-HVS0xx,CY8C4126LWE-HVS015,cmsis_device_name,tcl/target/psoc4.cfg,not_validated,PSoC-HVMS_DFP,1.0.0,https://itools.infineon.com/cmsis_packs/PSoC_HVMS/Infineon.PSoC-HVMS_DFP.pdsc
Infineon,PSoC-HVMS,PSoC_HVMS_64KB_3V3_CY8C41x6LxE-HVS0xx,CY8C4146LCE-HVS003,cmsis_device_name,tcl/target/psoc4.cfg,not_validated,PSoC-HVMS_DFP,1.0.0,https://itools.infineon.com/cmsis_packs/PSoC_HVMS/Infineon.PSoC-HVMS_DFP.pdsc
Infineon,PSoC-HVMS,PSoC_HVMS_64KB_3V3_CY8C41x6LxE-HVS0xx,CY8C4146LCE-HVS003X,cmsis_device_name,tcl/target/psoc4.cfg,not_validated,PSoC-HVMS_DFP,1.0.0,https://itools.infineon.com/cmsis_packs/PSoC_HVMS/Infineon.PSoC-HVMS_DFP.pdsc
Infineon,PSoC-HVMS,PSoC_HVMS_64KB_3V3_CY8C41x6LxE-HVS0xx,CY8C4146LCE-HVS013,cmsis_device_name,tcl/target/psoc4.cfg,not_validated,PSoC-HVMS_DFP,1.0.0,https://itools.infineon.com/cmsis_packs/PSoC_HVMS/Infineon.PSoC-HVMS_DFP.pdsc
Infineon,PSoC-HVMS,PSoC_HVMS_64KB_3V3_CY8C41x6LxE-HVS0xx,CY8C4146LCE-HVS013X,cmsis_device_name,tcl/target/psoc4.cfg,not_validated,PSoC-HVMS_DFP,1.0.0,https://itools.infineon.com/cmsis_packs/PSoC_HVMS/Infineon.PSoC-HVMS_DFP.pdsc
Infineon,PSoC-HVMS,PSoC_HVMS_64KB_3V3_CY8C41x6LxE-HVS0xx,CY8C4146LDE-HVS004,cmsis_device_name,tcl/target/psoc4.cfg,not_validated,PSoC-HVMS_DFP,1.0.0,https://itools.infineon.com/cmsis_packs/PSoC_HVMS/Infineon.PSoC-HVMS_DFP.pdsc
Infineon,PSoC-HVMS,PSoC_HVMS_64KB_3V3_CY8C41x6LxE-HVS0xx,CY8C4146LDE-HVS004X,cmsis_device_name,tcl/target/psoc4.cfg,not_validated,PSoC-HVMS_DFP,1.0.0,https://itools.infineon.com/cmsis_packs/PSoC_HVMS/Infineon.PSoC-HVMS_DFP.pdsc
Infineon,PSoC-HVMS,PSoC_HVMS_64KB_3V3_CY8C41x6LxE-HVS0xx,CY8C4146LDE-HVS014,cmsis_device_name,tcl/target/psoc4.cfg,not_validated,PSoC-HVMS_DFP,1.0.0,https://itools.infineon.com/cmsis_packs/PSoC_HVMS/Infineon.PSoC-HVMS_DFP.pdsc
Infineon,PSoC-HVMS,PSoC_HVMS_64KB_3V3_CY8C41x6LxE-HVS0xx,CY8C4146LDE-HVS014X,cmsis_device_name,tcl/target/psoc4.cfg,not_validated,PSoC-HVMS_DFP,1.0.0,https://itools.infineon.com/cmsis_packs/PSoC_HVMS/Infineon.PSoC-HVMS_DFP.pdsc
Infineon,PSoC-HVMS,PSoC_HVMS_64KB_3V3_CY8C41x6LxE-HVS0xx,CY8C4146LWE-HVS005,cmsis_device_name,tcl/target/psoc4.cfg,not_validated,PSoC-HVMS_DFP,1.0.0,https://itools.infineon.com/cmsis_packs/PSoC_HVMS/Infineon.PSoC-HVMS_DFP.pdsc
Infineon,PSoC-HVMS,PSoC_HVMS_64KB_3V3_CY8C41x6LxE-HVS0xx,CY8C4146LWE-HVS005X,cmsis_device_name,tcl/target/psoc4.cfg,not_validated,PSoC-HVMS_DFP,1.0.0,https://itools.infineon.com/cmsis_packs/PSoC_HVMS/Infineon.PSoC-HVMS_DFP.pdsc
Infineon,PSoC-HVMS,PSoC_HVMS_64KB_3V3_CY8C41x6LxE-HVS0xx,CY8C4146LWE-HVS015,cmsis_device_name,tcl/target/psoc4.cfg,not_validated,PSoC-HVMS_DFP,1.0.0,https://itools.infineon.com/cmsis_packs/PSoC_HVMS/Infineon.PSoC-HVMS_DFP.pdsc
Infineon,PSoC-HVMS,PSoC_HVMS_64KB_3V3_CY8C41x6LxE-HVS0xx,CY8C4146LWE-HVS015X,cmsis_device_name,tcl/target/psoc4.cfg,not_validated,PSoC-HVMS_DFP,1.0.0,https://itools.infineon.com/cmsis_packs/PSoC_HVMS/Infineon.PSoC-HVMS_DFP.pdsc
Infineon,PSoC-HVMS,PSoC_HVMS_64KB_5V_CY8C41x6LxE-HVS1xx,CY8C4126LCE-HVS103,cmsis_device_name,tcl/target/psoc4.cfg,not_validated,PSoC-HVMS_DFP,1.0.0,https://itools.infineon.com/cmsis_packs/PSoC_HVMS/Infineon.PSoC-HVMS_DFP.pdsc
Infineon,PSoC-HVMS,PSoC_HVMS_64KB_5V_CY8C41x6LxE-HVS1xx,CY8C4126LCE-HVS113,cmsis_device_name,tcl/target/psoc4.cfg,not_validated,PSoC-HVMS_DFP,1.0.0,https://itools.infineon.com/cmsis_packs/PSoC_HVMS/Infineon.PSoC-HVMS_DFP.pdsc
Infineon,PSoC-HVMS,PSoC_HVMS_64KB_5V_CY8C41x6LxE-HVS1xx,CY8C4126LDE-HVS104,cmsis_device_name,tcl/target/psoc4.cfg,not_validated,PSoC-HVMS_DFP,1.0.0,https://itools.infineon.com/cmsis_packs/PSoC_HVMS/Infineon.PSoC-HVMS_DFP.pdsc
Infineon,PSoC-HVMS,PSoC_HVMS_64KB_5V_CY8C41x6LxE-HVS1xx,CY8C4126LDE-HVS114,cmsis_device_name,tcl/target/psoc4.cfg,not_validated,PSoC-HVMS_DFP,1.0.0,https://itools.infineon.com/cmsis_packs/PSoC_HVMS/Infineon.PSoC-HVMS_DFP.pdsc
Infineon,PSoC-HVMS,PSoC_HVMS_64KB_5V_CY8C41x6LxE-HVS1xx,CY8C4126LWE-HVS105,cmsis_device_name,tcl/target/psoc4.cfg,not_validated,PSoC-HVMS_DFP,1.0.0,https://itools.infineon.com/cmsis_packs/PSoC_HVMS/Infineon.PSoC-HVMS_DFP.pdsc
Infineon,PSoC-HVMS,PSoC_HVMS_64KB_5V_CY8C41x6LxE-HVS1xx,CY8C4126LWE-HVS115,cmsis_device_name,tcl/target/psoc4.cfg,not_validated,PSoC-HVMS_DFP,1.0.0,https://itools.infineon.com/cmsis_packs/PSoC_HVMS/Infineon.PSoC-HVMS_DFP.pdsc
Infineon,PSoC-HVMS,PSoC_HVMS_64KB_5V_CY8C41x6LxE-HVS1xx,CY8C4146LCE-HVS103,cmsis_device_name,tcl/target/psoc4.cfg,not_validated,PSoC-HVMS_DFP,1.0.0,https://itools.infineon.com/cmsis_packs/PSoC_HVMS/Infineon.PSoC-HVMS_DFP.pdsc
Infineon,PSoC-HVMS,PSoC_HVMS_64KB_5V_CY8C41x6LxE-HVS1xx,CY8C4146LCE-HVS103X,cmsis_device_name,tcl/target/psoc4.cfg,not_validated,PSoC-HVMS_DFP,1.0.0,https://itools.infineon.com/cmsis_packs/PSoC_HVMS/Infineon.PSoC-HVMS_DFP.pdsc
Infineon,PSoC-HVMS,PSoC_HVMS_64KB_5V_CY8C41x6LxE-HVS1xx,CY8C4146LCE-HVS113,cmsis_device_name,tcl/target/psoc4.cfg,not_validated,PSoC-HVMS_DFP,1.0.0,https://itools.infineon.com/cmsis_packs/PSoC_HVMS/Infineon.PSoC-HVMS_DFP.pdsc
Infineon,PSoC-HVMS,PSoC_HVMS_64KB_5V_CY8C41x6LxE-HVS1xx,CY8C4146LCE-HVS113X,cmsis_device_name,tcl/target/psoc4.cfg,not_validated,PSoC-HVMS_DFP,1.0.0,https://itools.infineon.com/cmsis_packs/PSoC_HVMS/Infineon.PSoC-HVMS_DFP.pdsc
Infineon,PSoC-HVMS,PSoC_HVMS_64KB_5V_CY8C41x6LxE-HVS1xx,CY8C4146LDE-HVS104,cmsis_device_name,tcl/target/psoc4.cfg,not_validated,PSoC-HVMS_DFP,1.0.0,https://itools.infineon.com/cmsis_packs/PSoC_HVMS/Infineon.PSoC-HVMS_DFP.pdsc
Infineon,PSoC-HVMS,PSoC_HVMS_64KB_5V_CY8C41x6LxE-HVS1xx,CY8C4146LDE-HVS104X,cmsis_device_name,tcl/target/psoc4.cfg,not_validated,PSoC-HVMS_DFP,1.0.0,https://itools.infineon.com/cmsis_packs/PSoC_HVMS/Infineon.PSoC-HVMS_DFP.pdsc
Infineon,PSoC-HVMS,PSoC_HVMS_64KB_5V_CY8C41x6LxE-HVS1xx,CY8C4146LDE-HVS114,cmsis_device_name,tcl/target/psoc4.cfg,not_validated,PSoC-HVMS_DFP,1.0.0,https://itools.infineon.com/cmsis_packs/PSoC_HVMS/Infineon.PSoC-HVMS_DFP.pdsc
Infineon,PSoC-HVMS,PSoC_HVMS_64KB_5V_CY8C41x6LxE-HVS1xx,CY8C4146LDE-HVS114X,cmsis_device_name,tcl/target/psoc4.cfg,not_validated,PSoC-HVMS_DFP,1.0.0,https://itools.infineon.com/cmsis_packs/PSoC_HVMS/Infineon.PSoC-HVMS_DFP.pdsc
Infineon,PSoC-HVMS,PSoC_HVMS_64KB_5V_CY8C41x6LxE-HVS1xx,CY8C4146LWE-HVS105,cmsis_device_name,tcl/target/psoc4.cfg,not_validated,PSoC-HVMS_DFP,1.0.0,https://itools.infineon.com/cmsis_packs/PSoC_HVMS/Infineon.PSoC-HVMS_DFP.pdsc
Infineon,PSoC-HVMS,PSoC_HVMS_64KB_5V_CY8C41x6LxE-HVS1xx,CY8C4146LWE-HVS105X,cmsis_device_name,tcl/target/psoc4.cfg,not_validated,PSoC-HVMS_DFP,1.0.0,https://itools.infineon.com/cmsis_packs/PSoC_HVMS/Infineon.PSoC-HVMS_DFP.pdsc
Infineon,PSoC-HVMS,PSoC_HVMS_64KB_5V_CY8C41x6LxE-HVS1xx,CY8C4146LWE-HVS115,cmsis_device_name,tcl/target/psoc4.cfg,not_validated,PSoC-HVMS_DFP,1.0.0,https://itools.infineon.com/cmsis_packs/PSoC_HVMS/Infineon.PSoC-HVMS_DFP.pdsc
Infineon,PSoC-HVMS,PSoC_HVMS_64KB_5V_CY8C41x6LxE-HVS1xx,CY8C4146LWE-HVS115X,cmsis_device_name,tcl/target/psoc4.cfg,not_validated,PSoC-HVMS_DFP,1.0.0,https://itools.infineon.com/cmsis_packs/PSoC_HVMS/Infineon.PSoC-HVMS_DFP.pdsc
Infineon,WLC,,WLC1115-68LQXQ,cmsis_device_name,tcl/target/psoc6.cfg,not_validated,CAT2_DFP,1.6.0,https://itools.infineon.com/cmsis_packs/CAT2_DFP/Infineon.CAT2_DFP.pdsc
Infineon,WLC,,WLC1150-68LQXQ,cmsis_device_name,tcl/target/psoc6.cfg,not_validated,CAT2_DFP,1.6.0,https://itools.infineon.com/cmsis_packs/CAT2_DFP/Infineon.CAT2_DFP.pdsc
Infineon,WLC,,WLC1250-68LQXQ,cmsis_device_name,tcl/target/psoc6.cfg,not_validated,CAT2_DFP,1.6.0,https://itools.infineon.com/cmsis_packs/CAT2_DFP/Infineon.CAT2_DFP.pdsc
Infineon,WLC,,WLC1515-68LDXS,cmsis_device_name,tcl/target/psoc6.cfg,not_validated,CAT2_DFP,1.6.0,https://itools.infineon.com/cmsis_packs/CAT2_DFP/Infineon.CAT2_DFP.pdsc
Infineon,XMC1000,XMC1100 Series,XMC1100-Q024x0008,cmsis_device_name,tcl/target/xmc1xxx.cfg,not_validated,XMC1000_DFP,2.12.0,https://itools.infineon.com/cmsis_packs/XMC1000/Infineon.XMC1000_DFP.pdsc
Infineon,XMC1000,XMC1100 Series,XMC1100-Q024x0016,cmsis_device_name,tcl/target/xmc1xxx.cfg,not_validated,XMC1000_DFP,2.12.0,https://itools.infineon.com/cmsis_packs/XMC1000/Infineon.XMC1000_DFP.pdsc
Infineon,XMC1000,XMC1100 Series,XMC1100-Q024x0032,cmsis_device_name,tcl/target/xmc1xxx.cfg,not_validated,XMC1000_DFP,2.12.0,https://itools.infineon.com/cmsis_packs/XMC1000/Infineon.XMC1000_DFP.pdsc
Infineon,XMC1000,XMC1100 Series,XMC1100-Q024x0064,cmsis_device_name,tcl/target/xmc1xxx.cfg,not_validated,XMC1000_DFP,2.12.0,https://itools.infineon.com/cmsis_packs/XMC1000/Infineon.XMC1000_DFP.pdsc
Infineon,XMC1000,XMC1100 Series,XMC1100-Q040x0016,cmsis_device_name,tcl/target/xmc1xxx.cfg,not_validated,XMC1000_DFP,2.12.0,https://itools.infineon.com/cmsis_packs/XMC1000/Infineon.XMC1000_DFP.pdsc
Infineon,XMC1000,XMC1100 Series,XMC1100-Q040x0032,cmsis_device_name,tcl/target/xmc1xxx.cfg,not_validated,XMC1000_DFP,2.12.0,https://itools.infineon.com/cmsis_packs/XMC1000/Infineon.XMC1000_DFP.pdsc
Infineon,XMC1000,XMC1100 Series,XMC1100-Q040x0064,cmsis_device_name,tcl/target/xmc1xxx.cfg,not_validated,XMC1000_DFP,2.12.0,https://itools.infineon.com/cmsis_packs/XMC1000/Infineon.XMC1000_DFP.pdsc
Infineon,XMC1000,XMC1100 Series,XMC1100-T016x0008,cmsis_device_name,tcl/target/xmc1xxx.cfg,not_validated,XMC1000_DFP,2.12.0,https://itools.infineon.com/cmsis_packs/XMC1000/Infineon.XMC1000_DFP.pdsc
Infineon,XMC1000,XMC1100 Series,XMC1100-T016x0016,cmsis_device_name,tcl/target/xmc1xxx.cfg,not_validated,XMC1000_DFP,2.12.0,https://itools.infineon.com/cmsis_packs/XMC1000/Infineon.XMC1000_DFP.pdsc
Infineon,XMC1000,XMC1100 Series,XMC1100-T016x0032,cmsis_device_name,tcl/target/xmc1xxx.cfg,not_validated,XMC1000_DFP,2.12.0,https://itools.infineon.com/cmsis_packs/XMC1000/Infineon.XMC1000_DFP.pdsc
Infineon,XMC1000,XMC1100 Series,XMC1100-T016x0064,cmsis_device_name,tcl/target/xmc1xxx.cfg,not_validated,XMC1000_DFP,2.12.0,https://itools.infineon.com/cmsis_packs/XMC1000/Infineon.XMC1000_DFP.pdsc
Infineon,XMC1000,XMC1100 Series,XMC1100-T038x0016,cmsis_device_name,tcl/target/xmc1xxx.cfg,not_validated,XMC1000_DFP,2.12.0,https://itools.infineon.com/cmsis_packs/XMC1000/Infineon.XMC1000_DFP.pdsc
Infineon,XMC1000,XMC1100 Series,XMC1100-T038x0032,cmsis_device_name,tcl/target/xmc1xxx.cfg,not_validated,XMC1000_DFP,2.12.0,https://itools.infineon.com/cmsis_packs/XMC1000/Infineon.XMC1000_DFP.pdsc
Infineon,XMC1000,XMC1100 Series,XMC1100-T038x0064,cmsis_device_name,tcl/target/xmc1xxx.cfg,not_validated,XMC1000_DFP,2.12.0,https://itools.infineon.com/cmsis_packs/XMC1000/Infineon.XMC1000_DFP.pdsc
Infineon,XMC1000,XMC1200 Series,XMC1200-T038x0200,cmsis_device_name,tcl/target/xmc1xxx.cfg,not_validated,XMC1000_DFP,2.12.0,https://itools.infineon.com/cmsis_packs/XMC1000/Infineon.XMC1000_DFP.pdsc
Infineon,XMC1000,XMC1200 Series,XMC1201-Q040x0016,cmsis_device_name,tcl/target/xmc1xxx.cfg,not_validated,XMC1000_DFP,2.12.0,https://itools.infineon.com/cmsis_packs/XMC1000/Infineon.XMC1000_DFP.pdsc
Infineon,XMC1000,XMC1200 Series,XMC1201-Q040x0032,cmsis_device_name,tcl/target/xmc1xxx.cfg,not_validated,XMC1000_DFP,2.12.0,https://itools.infineon.com/cmsis_packs/XMC1000/Infineon.XMC1000_DFP.pdsc
Infineon,XMC1000,XMC1200 Series,XMC1201-Q040x0064,cmsis_device_name,tcl/target/xmc1xxx.cfg,not_validated,XMC1000_DFP,2.12.0,https://itools.infineon.com/cmsis_packs/XMC1000/Infineon.XMC1000_DFP.pdsc
Infineon,XMC1000,XMC1200 Series,XMC1201-Q040x0128,cmsis_device_name,tcl/target/xmc1xxx.cfg,not_validated,XMC1000_DFP,2.12.0,https://itools.infineon.com/cmsis_packs/XMC1000/Infineon.XMC1000_DFP.pdsc
Infineon,XMC1000,XMC1200 Series,XMC1201-Q040x0200,cmsis_device_name,tcl/target/xmc1xxx.cfg,not_validated,XMC1000_DFP,2.12.0,https://itools.infineon.com/cmsis_packs/XMC1000/Infineon.XMC1000_DFP.pdsc
Infineon,XMC1000,XMC1200 Series,XMC1201-T028x0016,cmsis_device_name,tcl/target/xmc1xxx.cfg,not_validated,XMC1000_DFP,2.12.0,https://itools.infineon.com/cmsis_packs/XMC1000/Infineon.XMC1000_DFP.pdsc
Infineon,XMC1000,XMC1200 Series,XMC1201-T028x0032,cmsis_device_name,tcl/target/xmc1xxx.cfg,not_validated,XMC1000_DFP,2.12.0,https://itools.infineon.com/cmsis_packs/XMC1000/Infineon.XMC1000_DFP.pdsc
Infineon,XMC1000,XMC1200 Series,XMC1201-T038x0016,cmsis_device_name,tcl/target/xmc1xxx.cfg,not_validated,XMC1000_DFP,2.12.0,https://itools.infineon.com/cmsis_packs/XMC1000/Infineon.XMC1000_DFP.pdsc
Infineon,XMC1000,XMC1200 Series,XMC1201-T038x0032,cmsis_device_name,tcl/target/xmc1xxx.cfg,not_validated,XMC1000_DFP,2.12.0,https://itools.infineon.com/cmsis_packs/XMC1000/Infineon.XMC1000_DFP.pdsc
Infineon,XMC1000,XMC1200 Series,XMC1201-T038x0064,cmsis_device_name,tcl/target/xmc1xxx.cfg,not_validated,XMC1000_DFP,2.12.0,https://itools.infineon.com/cmsis_packs/XMC1000/Infineon.XMC1000_DFP.pdsc
Infineon,XMC1000,XMC1200 Series,XMC1201-T038x0128,cmsis_device_name,tcl/target/xmc1xxx.cfg,not_validated,XMC1000_DFP,2.12.0,https://itools.infineon.com/cmsis_packs/XMC1000/Infineon.XMC1000_DFP.pdsc
Infineon,XMC1000,XMC1200 Series,XMC1201-T038x0200,cmsis_device_name,tcl/target/xmc1xxx.cfg,not_validated,XMC1000_DFP,2.12.0,https://itools.infineon.com/cmsis_packs/XMC1000/Infineon.XMC1000_DFP.pdsc
Infineon,XMC1000,XMC1200 Series,XMC1202-Q024x0016,cmsis_device_name,tcl/target/xmc1xxx.cfg,not_validated,XMC1000_DFP,2.12.0,https://itools.infineon.com/cmsis_packs/XMC1000/Infineon.XMC1000_DFP.pdsc
Infineon,XMC1000,XMC1200 Series,XMC1202-Q024x0032,cmsis_device_name,tcl/target/xmc1xxx.cfg,not_validated,XMC1000_DFP,2.12.0,https://itools.infineon.com/cmsis_packs/XMC1000/Infineon.XMC1000_DFP.pdsc
Infineon,XMC1000,XMC1200 Series,XMC1202-Q040x0016,cmsis_device_name,tcl/target/xmc1xxx.cfg,not_validated,XMC1000_DFP,2.12.0,https://itools.infineon.com/cmsis_packs/XMC1000/Infineon.XMC1000_DFP.pdsc
Infineon,XMC1000,XMC1200 Series,XMC1202-Q040x0032,cmsis_device_name,tcl/target/xmc1xxx.cfg,not_validated,XMC1000_DFP,2.12.0,https://itools.infineon.com/cmsis_packs/XMC1000/Infineon.XMC1000_DFP.pdsc
Infineon,XMC1000,XMC1200 Series,XMC1202-T016x0016,cmsis_device_name,tcl/target/xmc1xxx.cfg,not_validated,XMC1000_DFP,2.12.0,https://itools.infineon.com/cmsis_packs/XMC1000/Infineon.XMC1000_DFP.pdsc
Infineon,XMC1000,XMC1200 Series,XMC1202-T016x0032,cmsis_device_name,tcl/target/xmc1xxx.cfg,not_validated,XMC1000_DFP,2.12.0,https://itools.infineon.com/cmsis_packs/XMC1000/Infineon.XMC1000_DFP.pdsc
Infineon,XMC1000,XMC1200 Series,XMC1202-T016x0064,cmsis_device_name,tcl/target/xmc1xxx.cfg,not_validated,XMC1000_DFP,2.12.0,https://itools.infineon.com/cmsis_packs/XMC1000/Infineon.XMC1000_DFP.pdsc
Infineon,XMC1000,XMC1200 Series,XMC1202-T028x0016,cmsis_device_name,tcl/target/xmc1xxx.cfg,not_validated,XMC1000_DFP,2.12.0,https://itools.infineon.com/cmsis_packs/XMC1000/Infineon.XMC1000_DFP.pdsc
Infineon,XMC1000,XMC1200 Series,XMC1202-T028x0032,cmsis_device_name,tcl/target/xmc1xxx.cfg,not_validated,XMC1000_DFP,2.12.0,https://itools.infineon.com/cmsis_packs/XMC1000/Infineon.XMC1000_DFP.pdsc
Infineon,XMC1000,XMC1200 Series,XMC1202-T028x0064,cmsis_device_name,tcl/target/xmc1xxx.cfg,not_validated,XMC1000_DFP,2.12.0,https://itools.infineon.com/cmsis_packs/XMC1000/Infineon.XMC1000_DFP.pdsc
Infineon,XMC1000,XMC1300 Series,XMC1301-Q024x0008,cmsis_device_name,tcl/target/xmc1xxx.cfg,not_validated,XMC1000_DFP,2.12.0,https://itools.infineon.com/cmsis_packs/XMC1000/Infineon.XMC1000_DFP.pdsc
Infineon,XMC1000,XMC1300 Series,XMC1301-Q024x0016,cmsis_device_name,tcl/target/xmc1xxx.cfg,not_validated,XMC1000_DFP,2.12.0,https://itools.infineon.com/cmsis_packs/XMC1000/Infineon.XMC1000_DFP.pdsc
Infineon,XMC1000,XMC1300 Series,XMC1301-Q040x0008,cmsis_device_name,tcl/target/xmc1xxx.cfg,not_validated,XMC1000_DFP,2.12.0,https://itools.infineon.com/cmsis_packs/XMC1000/Infineon.XMC1000_DFP.pdsc
Infineon,XMC1000,XMC1300 Series,XMC1301-Q040x0016,cmsis_device_name,tcl/target/xmc1xxx.cfg,not_validated,XMC1000_DFP,2.12.0,https://itools.infineon.com/cmsis_packs/XMC1000/Infineon.XMC1000_DFP.pdsc
Infineon,XMC1000,XMC1300 Series,XMC1301-Q040x0032,cmsis_device_name,tcl/target/xmc1xxx.cfg,not_validated,XMC1000_DFP,2.12.0,https://itools.infineon.com/cmsis_packs/XMC1000/Infineon.XMC1000_DFP.pdsc
Infineon,XMC1000,XMC1300 Series,XMC1301-T016x0008,cmsis_device_name,tcl/target/xmc1xxx.cfg,not_validated,XMC1000_DFP,2.12.0,https://itools.infineon.com/cmsis_packs/XMC1000/Infineon.XMC1000_DFP.pdsc
Infineon,XMC1000,XMC1300 Series,XMC1301-T016x0016,cmsis_device_name,tcl/target/xmc1xxx.cfg,not_validated,XMC1000_DFP,2.12.0,https://itools.infineon.com/cmsis_packs/XMC1000/Infineon.XMC1000_DFP.pdsc
Infineon,XMC1000,XMC1300 Series,XMC1301-T016x0032,cmsis_device_name,tcl/target/xmc1xxx.cfg,not_validated,XMC1000_DFP,2.12.0,https://itools.infineon.com/cmsis_packs/XMC1000/Infineon.XMC1000_DFP.pdsc
Infineon,XMC1000,XMC1300 Series,XMC1301-T038x0008,cmsis_device_name,tcl/target/xmc1xxx.cfg,not_validated,XMC1000_DFP,2.12.0,https://itools.infineon.com/cmsis_packs/XMC1000/Infineon.XMC1000_DFP.pdsc
Infineon,XMC1000,XMC1300 Series,XMC1301-T038x0016,cmsis_device_name,tcl/target/xmc1xxx.cfg,not_validated,XMC1000_DFP,2.12.0,https://itools.infineon.com/cmsis_packs/XMC1000/Infineon.XMC1000_DFP.pdsc
Infineon,XMC1000,XMC1300 Series,XMC1301-T038x0032,cmsis_device_name,tcl/target/xmc1xxx.cfg,not_validated,XMC1000_DFP,2.12.0,https://itools.infineon.com/cmsis_packs/XMC1000/Infineon.XMC1000_DFP.pdsc
Infineon,XMC1000,XMC1300 Series,XMC1301-T038x0064,cmsis_device_name,tcl/target/xmc1xxx.cfg,not_validated,XMC1000_DFP,2.12.0,https://itools.infineon.com/cmsis_packs/XMC1000/Infineon.XMC1000_DFP.pdsc
Infineon,XMC1000,XMC1300 Series,XMC1302-Q024x0016,cmsis_device_name,tcl/target/xmc1xxx.cfg,not_validated,XMC1000_DFP,2.12.0,https://itools.infineon.com/cmsis_packs/XMC1000/Infineon.XMC1000_DFP.pdsc
Infineon,XMC1000,XMC1300 Series,XMC1302-Q024x0032,cmsis_device_name,tcl/target/xmc1xxx.cfg,not_validated,XMC1000_DFP,2.12.0,https://itools.infineon.com/cmsis_packs/XMC1000/Infineon.XMC1000_DFP.pdsc
Infineon,XMC1000,XMC1300 Series,XMC1302-Q024x0064,cmsis_device_name,tcl/target/xmc1xxx.cfg,not_validated,XMC1000_DFP,2.12.0,https://itools.infineon.com/cmsis_packs/XMC1000/Infineon.XMC1000_DFP.pdsc
Infineon,XMC1000,XMC1300 Series,XMC1302-Q040x0016,cmsis_device_name,tcl/target/xmc1xxx.cfg,not_validated,XMC1000_DFP,2.12.0,https://itools.infineon.com/cmsis_packs/XMC1000/Infineon.XMC1000_DFP.pdsc
Infineon,XMC1000,XMC1300 Series,XMC1302-Q040x0032,cmsis_device_name,tcl/target/xmc1xxx.cfg,not_validated,XMC1000_DFP,2.12.0,https://itools.infineon.com/cmsis_packs/XMC1000/Infineon.XMC1000_DFP.pdsc
Infineon,XMC1000,XMC1300 Series,XMC1302-Q040x0064,cmsis_device_name,tcl/target/xmc1xxx.cfg,not_validated,XMC1000_DFP,2.12.0,https://itools.infineon.com/cmsis_packs/XMC1000/Infineon.XMC1000_DFP.pdsc
Infineon,XMC1000,XMC1300 Series,XMC1302-Q040x0128,cmsis_device_name,tcl/target/xmc1xxx.cfg,not_validated,XMC1000_DFP,2.12.0,https://itools.infineon.com/cmsis_packs/XMC1000/Infineon.XMC1000_DFP.pdsc
Infineon,XMC1000,XMC1300 Series,XMC1302-Q040x0200,cmsis_device_name,tcl/target/xmc1xxx.cfg,not_validated,XMC1000_DFP,2.12.0,https://itools.infineon.com/cmsis_packs/XMC1000/Infineon.XMC1000_DFP.pdsc
Infineon,XMC1000,XMC1300 Series,XMC1302-T016x0008,cmsis_device_name,tcl/target/xmc1xxx.cfg,not_validated,XMC1000_DFP,2.12.0,https://itools.infineon.com/cmsis_packs/XMC1000/Infineon.XMC1000_DFP.pdsc
Infineon,XMC1000,XMC1300 Series,XMC1302-T016x0016,cmsis_device_name,tcl/target/xmc1xxx.cfg,not_validated,XMC1000_DFP,2.12.0,https://itools.infineon.com/cmsis_packs/XMC1000/Infineon.XMC1000_DFP.pdsc
Infineon,XMC1000,XMC1300 Series,XMC1302-T016x0032,cmsis_device_name,tcl/target/xmc1xxx.cfg,not_validated,XMC1000_DFP,2.12.0,https://itools.infineon.com/cmsis_packs/XMC1000/Infineon.XMC1000_DFP.pdsc
Infineon,XMC1000,XMC1300 Series,XMC1302-T028x0016,cmsis_device_name,tcl/target/xmc1xxx.cfg,not_validated,XMC1000_DFP,2.12.0,https://itools.infineon.com/cmsis_packs/XMC1000/Infineon.XMC1000_DFP.pdsc
Infineon,XMC1000,XMC1300 Series,XMC1302-T028x0032,cmsis_device_name,tcl/target/xmc1xxx.cfg,not_validated,XMC1000_DFP,2.12.0,https://itools.infineon.com/cmsis_packs/XMC1000/Infineon.XMC1000_DFP.pdsc
Infineon,XMC1000,XMC1300 Series,XMC1302-T028x0064,cmsis_device_name,tcl/target/xmc1xxx.cfg,not_validated,XMC1000_DFP,2.12.0,https://itools.infineon.com/cmsis_packs/XMC1000/Infineon.XMC1000_DFP.pdsc
Infineon,XMC1000,XMC1300 Series,XMC1302-T028x0128,cmsis_device_name,tcl/target/xmc1xxx.cfg,not_validated,XMC1000_DFP,2.12.0,https://itools.infineon.com/cmsis_packs/XMC1000/Infineon.XMC1000_DFP.pdsc
Infineon,XMC1000,XMC1300 Series,XMC1302-T028x0200,cmsis_device_name,tcl/target/xmc1xxx.cfg,not_validated,XMC1000_DFP,2.12.0,https://itools.infineon.com/cmsis_packs/XMC1000/Infineon.XMC1000_DFP.pdsc
Infineon,XMC1000,XMC1300 Series,XMC1302-T038x0016,cmsis_device_name,tcl/target/xmc1xxx.cfg,not_validated,XMC1000_DFP,2.12.0,https://itools.infineon.com/cmsis_packs/XMC1000/Infineon.XMC1000_DFP.pdsc
Infineon,XMC1000,XMC1300 Series,XMC1302-T038x0032,cmsis_device_name,tcl/target/xmc1xxx.cfg,not_validated,XMC1000_DFP,2.12.0,https://itools.infineon.com/cmsis_packs/XMC1000/Infineon.XMC1000_DFP.pdsc
Infineon,XMC1000,XMC1300 Series,XMC1302-T038x0064,cmsis_device_name,tcl/target/xmc1xxx.cfg,not_validated,XMC1000_DFP,2.12.0,https://itools.infineon.com/cmsis_packs/XMC1000/Infineon.XMC1000_DFP.pdsc
Infineon,XMC1000,XMC1300 Series,XMC1302-T038x0128,cmsis_device_name,tcl/target/xmc1xxx.cfg,not_validated,XMC1000_DFP,2.12.0,https://itools.infineon.com/cmsis_packs/XMC1000/Infineon.XMC1000_DFP.pdsc
Infineon,XMC1000,XMC1300 Series,XMC1302-T038x0200,cmsis_device_name,tcl/target/xmc1xxx.cfg,not_validated,XMC1000_DFP,2.12.0,https://itools.infineon.com/cmsis_packs/XMC1000/Infineon.XMC1000_DFP.pdsc
Infineon,XMC1000,XMC1400 Series,XMC1401-F064x0064,cmsis_device_name,tcl/target/xmc1xxx.cfg,not_validated,XMC1000_DFP,2.12.0,https://itools.infineon.com/cmsis_packs/XMC1000/Infineon.XMC1000_DFP.pdsc
Infineon,XMC1000,XMC1400 Series,XMC1401-F064x0128,cmsis_device_name,tcl/target/xmc1xxx.cfg,not_validated,XMC1000_DFP,2.12.0,https://itools.infineon.com/cmsis_packs/XMC1000/Infineon.XMC1000_DFP.pdsc
Infineon,XMC1000,XMC1400 Series,XMC1401-Q048x0064,cmsis_device_name,tcl/target/xmc1xxx.cfg,not_validated,XMC1000_DFP,2.12.0,https://itools.infineon.com/cmsis_packs/XMC1000/Infineon.XMC1000_DFP.pdsc
Infineon,XMC1000,XMC1400 Series,XMC1401-Q048x0128,cmsis_device_name,tcl/target/xmc1xxx.cfg,not_validated,XMC1000_DFP,2.12.0,https://itools.infineon.com/cmsis_packs/XMC1000/Infineon.XMC1000_DFP.pdsc
Infineon,XMC1000,XMC1400 Series,XMC1402-F064x0064,cmsis_device_name,tcl/target/xmc1xxx.cfg,not_validated,XMC1000_DFP,2.12.0,https://itools.infineon.com/cmsis_packs/XMC1000/Infineon.XMC1000_DFP.pdsc
Infineon,XMC1000,XMC1400 Series,XMC1402-F064x0128,cmsis_device_name,tcl/target/xmc1xxx.cfg,not_validated,XMC1000_DFP,2.12.0,https://itools.infineon.com/cmsis_packs/XMC1000/Infineon.XMC1000_DFP.pdsc
Infineon,XMC1000,XMC1400 Series,XMC1402-F064x0200,cmsis_device_name,tcl/target/xmc1xxx.cfg,not_validated,XMC1000_DFP,2.12.0,https://itools.infineon.com/cmsis_packs/XMC1000/Infineon.XMC1000_DFP.pdsc
Infineon,XMC1000,XMC1400 Series,XMC1402-Q040x0032,cmsis_device_name,tcl/target/xmc1xxx.cfg,not_validated,XMC1000_DFP,2.12.0,https://itools.infineon.com/cmsis_packs/XMC1000/Infineon.XMC1000_DFP.pdsc
Infineon,XMC1000,XMC1400 Series,XMC1402-Q040x0064,cmsis_device_name,tcl/target/xmc1xxx.cfg,not_validated,XMC1000_DFP,2.12.0,https://itools.infineon.com/cmsis_packs/XMC1000/Infineon.XMC1000_DFP.pdsc
Infineon,XMC1000,XMC1400 Series,XMC1402-Q040x0128,cmsis_device_name,tcl/target/xmc1xxx.cfg,not_validated,XMC1000_DFP,2.12.0,https://itools.infineon.com/cmsis_packs/XMC1000/Infineon.XMC1000_DFP.pdsc
Infineon,XMC1000,XMC1400 Series,XMC1402-Q040x0200,cmsis_device_name,tcl/target/xmc1xxx.cfg,not_validated,XMC1000_DFP,2.12.0,https://itools.infineon.com/cmsis_packs/XMC1000/Infineon.XMC1000_DFP.pdsc
Infineon,XMC1000,XMC1400 Series,XMC1402-Q048x0032,cmsis_device_name,tcl/target/xmc1xxx.cfg,not_validated,XMC1000_DFP,2.12.0,https://itools.infineon.com/cmsis_packs/XMC1000/Infineon.XMC1000_DFP.pdsc
Infineon,XMC1000,XMC1400 Series,XMC1402-Q048x0064,cmsis_device_name,tcl/target/xmc1xxx.cfg,not_validated,XMC1000_DFP,2.12.0,https://itools.infineon.com/cmsis_packs/XMC1000/Infineon.XMC1000_DFP.pdsc
Infineon,XMC1000,XMC1400 Series,XMC1402-Q048x0128,cmsis_device_name,tcl/target/xmc1xxx.cfg,not_validated,XMC1000_DFP,2.12.0,https://itools.infineon.com/cmsis_packs/XMC1000/Infineon.XMC1000_DFP.pdsc
Infineon,XMC1000,XMC1400 Series,XMC1402-Q048x0200,cmsis_device_name,tcl/target/xmc1xxx.cfg,not_validated,XMC1000_DFP,2.12.0,https://itools.infineon.com/cmsis_packs/XMC1000/Infineon.XMC1000_DFP.pdsc
Infineon,XMC1000,XMC1400 Series,XMC1402-Q064x0064,cmsis_device_name,tcl/target/xmc1xxx.cfg,not_validated,XMC1000_DFP,2.12.0,https://itools.infineon.com/cmsis_packs/XMC1000/Infineon.XMC1000_DFP.pdsc
Infineon,XMC1000,XMC1400 Series,XMC1402-Q064x0128,cmsis_device_name,tcl/target/xmc1xxx.cfg,not_validated,XMC1000_DFP,2.12.0,https://itools.infineon.com/cmsis_packs/XMC1000/Infineon.XMC1000_DFP.pdsc
Infineon,XMC1000,XMC1400 Series,XMC1402-Q064x0200,cmsis_device_name,tcl/target/xmc1xxx.cfg,not_validated,XMC1000_DFP,2.12.0,https://itools.infineon.com/cmsis_packs/XMC1000/Infineon.XMC1000_DFP.pdsc
Infineon,XMC1000,XMC1400 Series,XMC1402-T038x0032,cmsis_device_name,tcl/target/xmc1xxx.cfg,not_validated,XMC1000_DFP,2.12.0,https://itools.infineon.com/cmsis_packs/XMC1000/Infineon.XMC1000_DFP.pdsc
Infineon,XMC1000,XMC1400 Series,XMC1402-T038x0064,cmsis_device_name,tcl/target/xmc1xxx.cfg,not_validated,XMC1000_DFP,2.12.0,https://itools.infineon.com/cmsis_packs/XMC1000/Infineon.XMC1000_DFP.pdsc
Infineon,XMC1000,XMC1400 Series,XMC1402-T038x0128,cmsis_device_name,tcl/target/xmc1xxx.cfg,not_validated,XMC1000_DFP,2.12.0,https://itools.infineon.com/cmsis_packs/XMC1000/Infineon.XMC1000_DFP.pdsc
Infineon,XMC1000,XMC1400 Series,XMC1402-T038x0200,cmsis_device_name,tcl/target/xmc1xxx.cfg,not_validated,XMC1000_DFP,2.12.0,https://itools.infineon.com/cmsis_packs/XMC1000/Infineon.XMC1000_DFP.pdsc
Infineon,XMC1000,XMC1400 Series,XMC1403-Q040x0064,cmsis_device_name,tcl/target/xmc1xxx.cfg,not_validated,XMC1000_DFP,2.12.0,https://itools.infineon.com/cmsis_packs/XMC1000/Infineon.XMC1000_DFP.pdsc
Infineon,XMC1000,XMC1400 Series,XMC1403-Q040x0128,cmsis_device_name,tcl/target/xmc1xxx.cfg,not_validated,XMC1000_DFP,2.12.0,https://itools.infineon.com/cmsis_packs/XMC1000/Infineon.XMC1000_DFP.pdsc
Infineon,XMC1000,XMC1400 Series,XMC1403-Q040x0200,cmsis_device_name,tcl/target/xmc1xxx.cfg,not_validated,XMC1000_DFP,2.12.0,https://itools.infineon.com/cmsis_packs/XMC1000/Infineon.XMC1000_DFP.pdsc
Infineon,XMC1000,XMC1400 Series,XMC1403-Q048x0064,cmsis_device_name,tcl/target/xmc1xxx.cfg,not_validated,XMC1000_DFP,2.12.0,https://itools.infineon.com/cmsis_packs/XMC1000/Infineon.XMC1000_DFP.pdsc
Infineon,XMC1000,XMC1400 Series,XMC1403-Q048x0128,cmsis_device_name,tcl/target/xmc1xxx.cfg,not_validated,XMC1000_DFP,2.12.0,https://itools.infineon.com/cmsis_packs/XMC1000/Infineon.XMC1000_DFP.pdsc
Infineon,XMC1000,XMC1400 Series,XMC1403-Q048x0200,cmsis_device_name,tcl/target/xmc1xxx.cfg,not_validated,XMC1000_DFP,2.12.0,https://itools.infineon.com/cmsis_packs/XMC1000/Infineon.XMC1000_DFP.pdsc
Infineon,XMC1000,XMC1400 Series,XMC1403-Q064x0064,cmsis_device_name,tcl/target/xmc1xxx.cfg,not_validated,XMC1000_DFP,2.12.0,https://itools.infineon.com/cmsis_packs/XMC1000/Infineon.XMC1000_DFP.pdsc
Infineon,XMC1000,XMC1400 Series,XMC1403-Q064x0128,cmsis_device_name,tcl/target/xmc1xxx.cfg,not_validated,XMC1000_DFP,2.12.0,https://itools.infineon.com/cmsis_packs/XMC1000/Infineon.XMC1000_DFP.pdsc
Infineon,XMC1000,XMC1400 Series,XMC1403-Q064x0200,cmsis_device_name,tcl/target/xmc1xxx.cfg,not_validated,XMC1000_DFP,2.12.0,https://itools.infineon.com/cmsis_packs/XMC1000/Infineon.XMC1000_DFP.pdsc
Infineon,XMC1000,XMC1400 Series,XMC1404-F064x0064,cmsis_device_name,tcl/target/xmc1xxx.cfg,not_validated,XMC1000_DFP,2.12.0,https://itools.infineon.com/cmsis_packs/XMC1000/Infineon.XMC1000_DFP.pdsc
Infineon,XMC1000,XMC1400 Series,XMC1404-F064x0128,cmsis_device_name,tcl/target/xmc1xxx.cfg,not_validated,XMC1000_DFP,2.12.0,https://itools.infineon.com/cmsis_packs/XMC1000/Infineon.XMC1000_DFP.pdsc
Infineon,XMC1000,XMC1400 Series,XMC1404-F064x0200,cmsis_device_name,tcl/target/xmc1xxx.cfg,not_validated,XMC1000_DFP,2.12.0,https://itools.infineon.com/cmsis_packs/XMC1000/Infineon.XMC1000_DFP.pdsc
Infineon,XMC1000,XMC1400 Series,XMC1404-Q040x0064,cmsis_device_name,tcl/target/xmc1xxx.cfg,not_validated,XMC1000_DFP,2.12.0,https://itools.infineon.com/cmsis_packs/XMC1000/Infineon.XMC1000_DFP.pdsc
Infineon,XMC1000,XMC1400 Series,XMC1404-Q040x0128,cmsis_device_name,tcl/target/xmc1xxx.cfg,not_validated,XMC1000_DFP,2.12.0,https://itools.infineon.com/cmsis_packs/XMC1000/Infineon.XMC1000_DFP.pdsc
Infineon,XMC1000,XMC1400 Series,XMC1404-Q040x0200,cmsis_device_name,tcl/target/xmc1xxx.cfg,not_validated,XMC1000_DFP,2.12.0,https://itools.infineon.com/cmsis_packs/XMC1000/Infineon.XMC1000_DFP.pdsc
Infineon,XMC1000,XMC1400 Series,XMC1404-Q048x0064,cmsis_device_name,tcl/target/xmc1xxx.cfg,not_validated,XMC1000_DFP,2.12.0,https://itools.infineon.com/cmsis_packs/XMC1000/Infineon.XMC1000_DFP.pdsc
Infineon,XMC1000,XMC1400 Series,XMC1404-Q048x0128,cmsis_device_name,tcl/target/xmc1xxx.cfg,not_validated,XMC1000_DFP,2.12.0,https://itools.infineon.com/cmsis_packs/XMC1000/Infineon.XMC1000_DFP.pdsc
Infineon,XMC1000,XMC1400 Series,XMC1404-Q048x0200,cmsis_device_name,tcl/target/xmc1xxx.cfg,not_validated,XMC1000_DFP,2.12.0,https://itools.infineon.com/cmsis_packs/XMC1000/Infineon.XMC1000_DFP.pdsc
Infineon,XMC1000,XMC1400 Series,XMC1404-Q064x0064,cmsis_device_name,tcl/target/xmc1xxx.cfg,not_validated,XMC1000_DFP,2.12.0,https://itools.infineon.com/cmsis_packs/XMC1000/Infineon.XMC1000_DFP.pdsc
Infineon,XMC1000,XMC1400 Series,XMC1404-Q064x0128,cmsis_device_name,tcl/target/xmc1xxx.cfg,not_validated,XMC1000_DFP,2.12.0,https://itools.infineon.com/cmsis_packs/XMC1000/Infineon.XMC1000_DFP.pdsc
Infineon,XMC1000,XMC1400 Series,XMC1404-Q064x0200,cmsis_device_name,tcl/target/xmc1xxx.cfg,not_validated,XMC1000_DFP,2.12.0,https://itools.infineon.com/cmsis_packs/XMC1000/Infineon.XMC1000_DFP.pdsc
Infineon,XMC4000,XMC4100 Series,XMC4100-F64x128,cmsis_device_name,tcl/target/xmc4xxx.cfg,not_validated,XMC4000_DFP,2.14.0,https://itools.infineon.com/cmsis_packs/XMC4000/Infineon.XMC4000_DFP.pdsc
Infineon,XMC4000,XMC4100 Series,XMC4100-Q48x128,cmsis_device_name,tcl/target/xmc4xxx.cfg,not_validated,XMC4000_DFP,2.14.0,https://itools.infineon.com/cmsis_packs/XMC4000/Infineon.XMC4000_DFP.pdsc
Infineon,XMC4000,XMC4100 Series,XMC4104-F64x128,cmsis_device_name,tcl/target/xmc4xxx.cfg,not_validated,XMC4000_DFP,2.14.0,https://itools.infineon.com/cmsis_packs/XMC4000/Infineon.XMC4000_DFP.pdsc
Infineon,XMC4000,XMC4100 Series,XMC4104-F64x64,cmsis_device_name,tcl/target/xmc4xxx.cfg,not_validated,XMC4000_DFP,2.14.0,https://itools.infineon.com/cmsis_packs/XMC4000/Infineon.XMC4000_DFP.pdsc
Infineon,XMC4000,XMC4100 Series,XMC4104-Q48x128,cmsis_device_name,tcl/target/xmc4xxx.cfg,not_validated,XMC4000_DFP,2.14.0,https://itools.infineon.com/cmsis_packs/XMC4000/Infineon.XMC4000_DFP.pdsc
Infineon,XMC4000,XMC4100 Series,XMC4104-Q48x64,cmsis_device_name,tcl/target/xmc4xxx.cfg,not_validated,XMC4000_DFP,2.14.0,https://itools.infineon.com/cmsis_packs/XMC4000/Infineon.XMC4000_DFP.pdsc
Infineon,XMC4000,XMC4100 Series,XMC4108-F64x64,cmsis_device_name,tcl/target/xmc4xxx.cfg,not_validated,XMC4000_DFP,2.14.0,https://itools.infineon.com/cmsis_packs/XMC4000/Infineon.XMC4000_DFP.pdsc
Infineon,XMC4000,XMC4100 Series,XMC4108-Q48x64,cmsis_device_name,tcl/target/xmc4xxx.cfg,not_validated,XMC4000_DFP,2.14.0,https://itools.infineon.com/cmsis_packs/XMC4000/Infineon.XMC4000_DFP.pdsc
Infineon,XMC4000,XMC4200 Series,XMC4200-F64x256,cmsis_device_name,tcl/target/xmc4xxx.cfg,not_validated,XMC4000_DFP,2.14.0,https://itools.infineon.com/cmsis_packs/XMC4000/Infineon.XMC4000_DFP.pdsc
Infineon,XMC4000,XMC4200 Series,XMC4200-Q48x256,cmsis_device_name,tcl/target/xmc4xxx.cfg,not_validated,XMC4000_DFP,2.14.0,https://itools.infineon.com/cmsis_packs/XMC4000/Infineon.XMC4000_DFP.pdsc
Infineon,XMC4000,XMC4300 Series,XMC4300-F100x256,cmsis_device_name,tcl/target/xmc4xxx.cfg,not_validated,XMC4000_DFP,2.14.0,https://itools.infineon.com/cmsis_packs/XMC4000/Infineon.XMC4000_DFP.pdsc
Infineon,XMC4000,XMC4400 Series,XMC4400-F100x256,cmsis_device_name,tcl/target/xmc4xxx.cfg,not_validated,XMC4000_DFP,2.14.0,https://itools.infineon.com/cmsis_packs/XMC4000/Infineon.XMC4000_DFP.pdsc
Infineon,XMC4000,XMC4400 Series,XMC4400-F100x512,cmsis_device_name,tcl/target/xmc4xxx.cfg,not_validated,XMC4000_DFP,2.14.0,https://itools.infineon.com/cmsis_packs/XMC4000/Infineon.XMC4000_DFP.pdsc
Infineon,XMC4000,XMC4400 Series,XMC4400-F64x256,cmsis_device_name,tcl/target/xmc4xxx.cfg,not_validated,XMC4000_DFP,2.14.0,https://itools.infineon.com/cmsis_packs/XMC4000/Infineon.XMC4000_DFP.pdsc
Infineon,XMC4000,XMC4400 Series,XMC4400-F64x512,cmsis_device_name,tcl/target/xmc4xxx.cfg,not_validated,XMC4000_DFP,2.14.0,https://itools.infineon.com/cmsis_packs/XMC4000/Infineon.XMC4000_DFP.pdsc
Infineon,XMC4000,XMC4400 Series,XMC4402-F100x256,cmsis_device_name,tcl/target/xmc4xxx.cfg,not_validated,XMC4000_DFP,2.14.0,https://itools.infineon.com/cmsis_packs/XMC4000/Infineon.XMC4000_DFP.pdsc
Infineon,XMC4000,XMC4400 Series,XMC4402-F64x256,cmsis_device_name,tcl/target/xmc4xxx.cfg,not_validated,XMC4000_DFP,2.14.0,https://itools.infineon.com/cmsis_packs/XMC4000/Infineon.XMC4000_DFP.pdsc
Infineon,XMC4000,XMC4500 Series,XMC4500-E144x1024,cmsis_device_name,tcl/target/xmc4xxx.cfg,not_validated,XMC4000_DFP,2.14.0,https://itools.infineon.com/cmsis_packs/XMC4000/Infineon.XMC4000_DFP.pdsc
Infineon,XMC4000,XMC4500 Series,XMC4500-F100x1024,cmsis_device_name,tcl/target/xmc4xxx.cfg,not_validated,XMC4000_DFP,2.14.0,https://itools.infineon.com/cmsis_packs/XMC4000/Infineon.XMC4000_DFP.pdsc
Infineon,XMC4000,XMC4500 Series,XMC4500-F100x768,cmsis_device_name,tcl/target/xmc4xxx.cfg,not_validated,XMC4000_DFP,2.14.0,https://itools.infineon.com/cmsis_packs/XMC4000/Infineon.XMC4000_DFP.pdsc
Infineon,XMC4000,XMC4500 Series,XMC4500-F144x1024,cmsis_device_name,tcl/target/xmc4xxx.cfg,not_validated,XMC4000_DFP,2.14.0,https://itools.infineon.com/cmsis_packs/XMC4000/Infineon.XMC4000_DFP.pdsc
Infineon,XMC4000,XMC4500 Series,XMC4500-F144x768,cmsis_device_name,tcl/target/xmc4xxx.cfg,not_validated,XMC4000_DFP,2.14.0,https://itools.infineon.com/cmsis_packs/XMC4000/Infineon.XMC4000_DFP.pdsc
Infineon,XMC4000,XMC4500 Series,XMC4502-F100x768,cmsis_device_name,tcl/target/xmc4xxx.cfg,not_validated,XMC4000_DFP,2.14.0,https://itools.infineon.com/cmsis_packs/XMC4000/Infineon.XMC4000_DFP.pdsc
Infineon,XMC4000,XMC4500 Series,XMC4504-F100x512,cmsis_device_name,tcl/target/xmc4xxx.cfg,not_validated,XMC4000_DFP,2.14.0,https://itools.infineon.com/cmsis_packs/XMC4000/Infineon.XMC4000_DFP.pdsc
Infineon,XMC4000,XMC4500 Series,XMC4504-F144x512,cmsis_device_name,tcl/target/xmc4xxx.cfg,not_validated,XMC4000_DFP,2.14.0,https://itools.infineon.com/cmsis_packs/XMC4000/Infineon.XMC4000_DFP.pdsc
Infineon,XMC4000,XMC4700 Series,XMC4700-E196x1536,cmsis_device_name,tcl/target/xmc4xxx.cfg,not_validated,XMC4000_DFP,2.14.0,https://itools.infineon.com/cmsis_packs/XMC4000/Infineon.XMC4000_DFP.pdsc
Infineon,XMC4000,XMC4700 Series,XMC4700-E196x2048,cmsis_device_name,tcl/target/xmc4xxx.cfg,not_validated,XMC4000_DFP,2.14.0,https://itools.infineon.com/cmsis_packs/XMC4000/Infineon.XMC4000_DFP.pdsc
Infineon,XMC4000,XMC4700 Series,XMC4700-F100x1536,cmsis_device_name,tcl/target/xmc4xxx.cfg,not_validated,XMC4000_DFP,2.14.0,https://itools.infineon.com/cmsis_packs/XMC4000/Infineon.XMC4000_DFP.pdsc
Infineon,XMC4000,XMC4700 Series,XMC4700-F100x2048,cmsis_device_name,tcl/target/xmc4xxx.cfg,not_validated,XMC4000_DFP,2.14.0,https://itools.infineon.com/cmsis_packs/XMC4000/Infineon.XMC4000_DFP.pdsc
Infineon,XMC4000,XMC4700 Series,XMC4700-F144x1536,cmsis_device_name,tcl/target/xmc4xxx.cfg,not_validated,XMC4000_DFP,2.14.0,https://itools.infineon.com/cmsis_packs/XMC4000/Infineon.XMC4000_DFP.pdsc
Infineon,XMC4000,XMC4700 Series,XMC4700-F144x2048,cmsis_device_name,tcl/target/xmc4xxx.cfg,not_validated,XMC4000_DFP,2.14.0,https://itools.infineon.com/cmsis_packs/XMC4000/Infineon.XMC4000_DFP.pdsc
Infineon,XMC4000,XMC4800 Series,XMC4800-E196x1024,cmsis_device_name,tcl/target/xmc4xxx.cfg,not_validated,XMC4000_DFP,2.14.0,https://itools.infineon.com/cmsis_packs/XMC4000/Infineon.XMC4000_DFP.pdsc
Infineon,XMC4000,XMC4800 Series,XMC4800-E196x1536,cmsis_device_name,tcl/target/xmc4xxx.cfg,not_validated,XMC4000_DFP,2.14.0,https://itools.infineon.com/cmsis_packs/XMC4000/Infineon.XMC4000_DFP.pdsc
Infineon,XMC4000,XMC4800 Series,XMC4800-E196x2048,cmsis_device_name,tcl/target/xmc4xxx.cfg,not_validated,XMC4000_DFP,2.14.0,https://itools.infineon.com/cmsis_packs/XMC4000/Infineon.XMC4000_DFP.pdsc
Infineon,XMC4000,XMC4800 Series,XMC4800-F100x1024,cmsis_device_name,tcl/target/xmc4xxx.cfg,not_validated,XMC4000_DFP,2.14.0,https://itools.infineon.com/cmsis_packs/XMC4000/Infineon.XMC4000_DFP.pdsc
Infineon,XMC4000,XMC4800 Series,XMC4800-F100x1536,cmsis_device_name,tcl/target/xmc4xxx.cfg,not_validated,XMC4000_DFP,2.14.0,https://itools.infineon.com/cmsis_packs/XMC4000/Infineon.XMC4000_DFP.pdsc
Infineon,XMC4000,XMC4800 Series,XMC4800-F100x2048,cmsis_device_name,tcl/target/xmc4xxx.cfg,not_validated,XMC4000_DFP,2.14.0,https://itools.infineon.com/cmsis_packs/XMC4000/Infineon.XMC4000_DFP.pdsc
Infineon,XMC4000,XMC4800 Series,XMC4800-F144x1024,cmsis_device_name,tcl/target/xmc4xxx.cfg,not_validated,XMC4000_DFP,2.14.0,https://itools.infineon.com/cmsis_packs/XMC4000/Infineon.XMC4000_DFP.pdsc
Infineon,XMC4000,XMC4800 Series,XMC4800-F144x1536,cmsis_device_name,tcl/target/xmc4xxx.cfg,not_validated,XMC4000_DFP,2.14.0,https://itools.infineon.com/cmsis_packs/XMC4000/Infineon.XMC4000_DFP.pdsc
Infineon,XMC4000,XMC4800 Series,XMC4800-F144x2048,cmsis_device_name,tcl/target/xmc4xxx.cfg,not_validated,XMC4000_DFP,2.14.0,https://itools.infineon.com/cmsis_packs/XMC4000/Infineon.XMC4000_DFP.pdsc
Infineon,XMC5100,,XMC5100-F100K576AA,cmsis_device_name,tcl/target/psoc6.cfg,not_validated,CAT1A_DFP,1.7.0,https://itools.infineon.com/cmsis_packs/CAT1A_DFP/Infineon.CAT1A_DFP.pdsc
Infineon,XMC5100,,XMC5100-F64K576AA,cmsis_device_name,tcl/target/psoc6.cfg,not_validated,CAT1A_DFP,1.7.0,https://itools.infineon.com/cmsis_packs/CAT1A_DFP/Infineon.CAT1A_DFP.pdsc
Infineon,XMC5200,,XMC5200-F100K1088AA,cmsis_device_name,tcl/target/psoc6.cfg,not_validated,CAT1A_DFP,1.7.0,https://itools.infineon.com/cmsis_packs/CAT1A_DFP/Infineon.CAT1A_DFP.pdsc
Infineon,XMC5200,,XMC5200-F144K1088AA,cmsis_device_name,tcl/target/psoc6.cfg,not_validated,CAT1A_DFP,1.7.0,https://itools.infineon.com/cmsis_packs/CAT1A_DFP/Infineon.CAT1A_DFP.pdsc
Infineon,XMC5200,,XMC5200-F64K1088AA,cmsis_device_name,tcl/target/psoc6.cfg,not_validated,CAT1A_DFP,1.7.0,https://itools.infineon.com/cmsis_packs/CAT1A_DFP/Infineon.CAT1A_DFP.pdsc
Infineon,XMC5300,,XMC5300-F100K2112AA,cmsis_device_name,tcl/target/psoc6.cfg,not_validated,CAT1A_DFP,1.7.0,https://itools.infineon.com/cmsis_packs/CAT1A_DFP/Infineon.CAT1A_DFP.pdsc
Infineon,XMC5300,,XMC5300-F144K2112AA,cmsis_device_name,tcl/target/psoc6.cfg,not_validated,CAT1A_DFP,1.7.0,https://itools.infineon.com/cmsis_packs/CAT1A_DFP/Infineon.CAT1A_DFP.pdsc
Infineon,XMC7100,XMC7100_x1088,XMC7100-F100K1088,cmsis_device_name,tcl/target/psoc6.cfg,not_validated,CAT1C_DFP,1.2.0,https://itools.infineon.com/cmsis_packs/CAT1C_DFP/Infineon.CAT1C_DFP.pdsc
Infineon,XMC7100,XMC7100_x2112,XMC7100-F100K2112,cmsis_device_name,tcl/target/psoc6.cfg,not_validated,CAT1C_DFP,1.2.0,https://itools.infineon.com/cmsis_packs/CAT1C_DFP/Infineon.CAT1C_DFP.pdsc
Infineon,XMC7100,XMC7100_x2112,XMC7100-F144K2112,cmsis_device_name,tcl/target/psoc6.cfg,not_validated,CAT1C_DFP,1.2.0,https://itools.infineon.com/cmsis_packs/CAT1C_DFP/Infineon.CAT1C_DFP.pdsc
Infineon,XMC7100,XMC7100_x4160,XMC7100-E272K4160,cmsis_device_name,tcl/target/psoc6.cfg,not_validated,CAT1C_DFP,1.2.0,https://itools.infineon.com/cmsis_packs/CAT1C_DFP/Infineon.CAT1C_DFP.pdsc
Infineon,XMC7100,XMC7100_x4160,XMC7100-F100K4160,cmsis_device_name,tcl/target/psoc6.cfg,not_validated,CAT1C_DFP,1.2.0,https://itools.infineon.com/cmsis_packs/CAT1C_DFP/Infineon.CAT1C_DFP.pdsc
Infineon,XMC7100,XMC7100_x4160,XMC7100-F144K4160,cmsis_device_name,tcl/target/psoc6.cfg,not_validated,CAT1C_DFP,1.2.0,https://itools.infineon.com/cmsis_packs/CAT1C_DFP/Infineon.CAT1C_DFP.pdsc
Infineon,XMC7100,XMC7100_x4160,XMC7100-F176K4160,cmsis_device_name,tcl/target/psoc6.cfg,not_validated,CAT1C_DFP,1.2.0,https://itools.infineon.com/cmsis_packs/CAT1C_DFP/Infineon.CAT1C_DFP.pdsc
Infineon,XMC7100D,XMC7100d_x2112,XMC7100D-F100K2112,cmsis_device_name,tcl/target/psoc6.cfg,not_validated,CAT1C_DFP,1.2.0,https://itools.infineon.com/cmsis_packs/CAT1C_DFP/Infineon.CAT1C_DFP.pdsc
Infineon,XMC7100D,XMC7100d_x2112,XMC7100D-F144K2112,cmsis_device_name,tcl/target/psoc6.cfg,not_validated,CAT1C_DFP,1.2.0,https://itools.infineon.com/cmsis_packs/CAT1C_DFP/Infineon.CAT1C_DFP.pdsc
Infineon,XMC7100D,XMC7100d_x4160,XMC7100D-E272K4160,cmsis_device_name,tcl/target/psoc6.cfg,not_validated,CAT1C_DFP,1.2.0,https://itools.infineon.com/cmsis_packs/CAT1C_DFP/Infineon.CAT1C_DFP.pdsc
Infineon,XMC7100D,XMC7100d_x4160,XMC7100D-F100K4160,cmsis_device_name,tcl/target/psoc6.cfg,not_validated,CAT1C_DFP,1.2.0,https://itools.infineon.com/cmsis_packs/CAT1C_DFP/Infineon.CAT1C_DFP.pdsc
Infineon,XMC7100D,XMC7100d_x4160,XMC7100D-F144K4160,cmsis_device_name,tcl/target/psoc6.cfg,not_validated,CAT1C_DFP,1.2.0,https://itools.infineon.com/cmsis_packs/CAT1C_DFP/Infineon.CAT1C_DFP.pdsc
Infineon,XMC7100D,XMC7100d_x4160,XMC7100D-F176K4160,cmsis_device_name,tcl/target/psoc6.cfg,not_validated,CAT1C_DFP,1.2.0,https://itools.infineon.com/cmsis_packs/CAT1C_DFP/Infineon.CAT1C_DFP.pdsc
Infineon,XMC7200,XMC7200_x8384,XMC7200-E272K8384,cmsis_device_name,tcl/target/psoc6.cfg,not_validated,CAT1C_DFP,1.2.0,https://itools.infineon.com/cmsis_packs/CAT1C_DFP/Infineon.CAT1C_DFP.pdsc
Infineon,XMC7200,XMC7200_x8384,XMC7200-F176K8384,cmsis_device_name,tcl/target/psoc6.cfg,not_validated,CAT1C_DFP,1.2.0,https://itools.infineon.com/cmsis_packs/CAT1C_DFP/Infineon.CAT1C_DFP.pdsc
Infineon,XMC7200D,XMC7200d_x8384,XMC7200D-E272K8384,cmsis_device_name,tcl/target/psoc6.cfg,not_validated,CAT1C_DFP,1.2.0,https://itools.infineon.com/cmsis_packs/CAT1C_DFP/Infineon.CAT1C_DFP.pdsc
Infineon,XMC7200D,XMC7200d_x8384,XMC7200D-F176K8384,cmsis_device_name,tcl/target/psoc6.cfg,not_validated,CAT1C_DFP,1.2.0,https://itools.infineon.com/cmsis_packs/CAT1C_DFP/Infineon.CAT1C_DFP.pdsc
Nuvoton,NuMicro M0 Family,M030G,M029GGC0AE,cmsis_device_name,tcl/target/numicro.cfg,not_validated,NuMicroM0_DFP,1.0.3,https://github.com/OpenNuvoton/cmsis-packs/raw/master/Nuvoton_DFP/Nuvoton.NuMicroM0_DFP.pdsc
Nuvoton,NuMicro M0 Family,M030G,M030GGC0AE,cmsis_device_name,tcl/target/numicro.cfg,not_validated,NuMicroM0_DFP,1.0.3,https://github.com/OpenNuvoton/cmsis-packs/raw/master/Nuvoton_DFP/Nuvoton.NuMicroM0_DFP.pdsc
Nuvoton,NuMicro M0 Family,M030G,M030GGC1AE,cmsis_device_name,tcl/target/numicro.cfg,not_validated,NuMicroM0_DFP,1.0.3,https://github.com/OpenNuvoton/cmsis-packs/raw/master/Nuvoton_DFP/Nuvoton.NuMicroM0_DFP.pdsc
Nuvoton,NuMicro M0 Family,M030G,M030GGD1AE,cmsis_device_name,tcl/target/numicro.cfg,not_validated,NuMicroM0_DFP,1.0.3,https://github.com/OpenNuvoton/cmsis-packs/raw/master/Nuvoton_DFP/Nuvoton.NuMicroM0_DFP.pdsc
Nuvoton,NuMicro M0 Family,M030G,M030GTC0AE,cmsis_device_name,tcl/target/numicro.cfg,not_validated,NuMicroM0_DFP,1.0.3,https://github.com/OpenNuvoton/cmsis-packs/raw/master/Nuvoton_DFP/Nuvoton.NuMicroM0_DFP.pdsc
Nuvoton,NuMicro M0 Family,M030G,M030GTC1AE,cmsis_device_name,tcl/target/numicro.cfg,not_validated,NuMicroM0_DFP,1.0.3,https://github.com/OpenNuvoton/cmsis-packs/raw/master/Nuvoton_DFP/Nuvoton.NuMicroM0_DFP.pdsc
Nuvoton,NuMicro M0 Family,M030G,M030GTD1AE,cmsis_device_name,tcl/target/numicro.cfg,not_validated,NuMicroM0_DFP,1.0.3,https://github.com/OpenNuvoton/cmsis-packs/raw/master/Nuvoton_DFP/Nuvoton.NuMicroM0_DFP.pdsc
Nuvoton,NuMicro M0 Family,M030G,M031GGC1AE,cmsis_device_name,tcl/target/numicro.cfg,not_validated,NuMicroM0_DFP,1.0.3,https://github.com/OpenNuvoton/cmsis-packs/raw/master/Nuvoton_DFP/Nuvoton.NuMicroM0_DFP.pdsc
Nuvoton,NuMicro M0 Family,M030G,M031GGC2AE,cmsis_device_name,tcl/target/numicro.cfg,not_validated,NuMicroM0_DFP,1.0.3,https://github.com/OpenNuvoton/cmsis-packs/raw/master/Nuvoton_DFP/Nuvoton.NuMicroM0_DFP.pdsc
Nuvoton,NuMicro M0 Family,M030G,M031GGD2AE,cmsis_device_name,tcl/target/numicro.cfg,not_validated,NuMicroM0_DFP,1.0.3,https://github.com/OpenNuvoton/cmsis-packs/raw/master/Nuvoton_DFP/Nuvoton.NuMicroM0_DFP.pdsc
Nuvoton,NuMicro M0 Family,M030G,M031GTC1AE,cmsis_device_name,tcl/target/numicro.cfg,not_validated,NuMicroM0_DFP,1.0.3,https://github.com/OpenNuvoton/cmsis-packs/raw/master/Nuvoton_DFP/Nuvoton.NuMicroM0_DFP.pdsc
Nuvoton,NuMicro M0 Family,M030G,M031GTC2AE,cmsis_device_name,tcl/target/numicro.cfg,not_validated,NuMicroM0_DFP,1.0.3,https://github.com/OpenNuvoton/cmsis-packs/raw/master/Nuvoton_DFP/Nuvoton.NuMicroM0_DFP.pdsc
Nuvoton,NuMicro M0 Family,M030G,M031GTD2AE,cmsis_device_name,tcl/target/numicro.cfg,not_validated,NuMicroM0_DFP,1.0.3,https://github.com/OpenNuvoton/cmsis-packs/raw/master/Nuvoton_DFP/Nuvoton.NuMicroM0_DFP.pdsc
Nuvoton,NuMicro M0 Family,M031,M030FD2AE,cmsis_device_name,tcl/target/numicro.cfg,not_validated,NuMicroM0_DFP,1.0.3,https://github.com/OpenNuvoton/cmsis-packs/raw/master/Nuvoton_DFP/Nuvoton.NuMicroM0_DFP.pdsc
Nuvoton,NuMicro M0 Family,M031,M030LD2AE,cmsis_device_name,tcl/target/numicro.cfg,not_validated,NuMicroM0_DFP,1.0.3,https://github.com/OpenNuvoton/cmsis-packs/raw/master/Nuvoton_DFP/Nuvoton.NuMicroM0_DFP.pdsc
Nuvoton,NuMicro M0 Family,M031,M030TD2AE,cmsis_device_name,tcl/target/numicro.cfg,not_validated,NuMicroM0_DFP,1.0.3,https://github.com/OpenNuvoton/cmsis-packs/raw/master/Nuvoton_DFP/Nuvoton.NuMicroM0_DFP.pdsc
Nuvoton,NuMicro M0 Family,M031,M031BTYD2AN,cmsis_device_name,tcl/target/numicro.cfg,not_validated,NuMicroM0_DFP,1.0.3,https://github.com/OpenNuvoton/cmsis-packs/raw/master/Nuvoton_DFP/Nuvoton.NuMicroM0_DFP.pdsc
Nuvoton,NuMicro M0 Family,M031,M031BTYE3AN,cmsis_device_name,tcl/target/numicro.cfg,not_validated,NuMicroM0_DFP,1.0.3,https://github.com/OpenNuvoton/cmsis-packs/raw/master/Nuvoton_DFP/Nuvoton.NuMicroM0_DFP.pdsc
Nuvoton,NuMicro M0 Family,M031,M031EB0AE,cmsis_device_name,tcl/target/numicro.cfg,not_validated,NuMicroM0_DFP,1.0.3,https://github.com/OpenNuvoton/cmsis-packs/raw/master/Nuvoton_DFP/Nuvoton.NuMicroM0_DFP.pdsc
Nuvoton,NuMicro M0 Family,M031,M031EC1AE,cmsis_device_name,tcl/target/numicro.cfg,not_validated,NuMicroM0_DFP,1.0.3,https://github.com/OpenNuvoton/cmsis-packs/raw/master/Nuvoton_DFP/Nuvoton.NuMicroM0_DFP.pdsc
Nuvoton,NuMicro M0 Family,M031,M031FB0AE,cmsis_device_name,tcl/target/numicro.cfg,not_validated,NuMicroM0_DFP,1.0.3,https://github.com/OpenNuvoton/cmsis-packs/raw/master/Nuvoton_DFP/Nuvoton.NuMicroM0_DFP.pdsc
Nuvoton,NuMicro M0 Family,M031,M031FC1AE,cmsis_device_name,tcl/target/numicro.cfg,not_validated,NuMicroM0_DFP,1.0.3,https://github.com/OpenNuvoton/cmsis-packs/raw/master/Nuvoton_DFP/Nuvoton.NuMicroM0_DFP.pdsc
Nuvoton,NuMicro M0 Family,M031,M031KG6AE,cmsis_device_name,tcl/target/numicro.cfg,not_validated,NuMicroM0_DFP,1.0.3,https://github.com/OpenNuvoton/cmsis-packs/raw/master/Nuvoton_DFP/Nuvoton.NuMicroM0_DFP.pdsc
Nuvoton,NuMicro M0 Family,M031,M031KG8AE,cmsis_device_name,tcl/target/numicro.cfg,not_validated,NuMicroM0_DFP,1.0.3,https://github.com/OpenNuvoton/cmsis-packs/raw/master/Nuvoton_DFP/Nuvoton.NuMicroM0_DFP.pdsc
Nuvoton,NuMicro M0 Family,M031,M031KIAAE,cmsis_device_name,tcl/target/numicro.cfg,not_validated,NuMicroM0_DFP,1.0.3,https://github.com/OpenNuvoton/cmsis-packs/raw/master/Nuvoton_DFP/Nuvoton.NuMicroM0_DFP.pdsc
Nuvoton,NuMicro M0 Family,M031,M031LC2AE,cmsis_device_name,tcl/target/numicro.cfg,not_validated,NuMicroM0_DFP,1.0.3,https://github.com/OpenNuvoton/cmsis-packs/raw/master/Nuvoton_DFP/Nuvoton.NuMicroM0_DFP.pdsc
Nuvoton,NuMicro M0 Family,M031,M031LD2AE,cmsis_device_name,tcl/target/numicro.cfg,not_validated,NuMicroM0_DFP,1.0.3,https://github.com/OpenNuvoton/cmsis-packs/raw/master/Nuvoton_DFP/Nuvoton.NuMicroM0_DFP.pdsc
Nuvoton,NuMicro M0 Family,M031,M031LE3AE,cmsis_device_name,tcl/target/numicro.cfg,not_validated,NuMicroM0_DFP,1.0.3,https://github.com/OpenNuvoton/cmsis-packs/raw/master/Nuvoton_DFP/Nuvoton.NuMicroM0_DFP.pdsc
Nuvoton,NuMicro M0 Family,M031,M031LG6AE,cmsis_device_name,tcl/target/numicro.cfg,not_validated,NuMicroM0_DFP,1.0.3,https://github.com/OpenNuvoton/cmsis-packs/raw/master/Nuvoton_DFP/Nuvoton.NuMicroM0_DFP.pdsc
Nuvoton,NuMicro M0 Family,M031,M031LG8AE,cmsis_device_name,tcl/target/numicro.cfg,not_validated,NuMicroM0_DFP,1.0.3,https://github.com/OpenNuvoton/cmsis-packs/raw/master/Nuvoton_DFP/Nuvoton.NuMicroM0_DFP.pdsc
Nuvoton,NuMicro M0 Family,M031,M031SC2AE,cmsis_device_name,tcl/target/numicro.cfg,not_validated,NuMicroM0_DFP,1.0.3,https://github.com/OpenNuvoton/cmsis-packs/raw/master/Nuvoton_DFP/Nuvoton.NuMicroM0_DFP.pdsc
Nuvoton,NuMicro M0 Family,M031,M031SD2AE,cmsis_device_name,tcl/target/numicro.cfg,not_validated,NuMicroM0_DFP,1.0.3,https://github.com/OpenNuvoton/cmsis-packs/raw/master/Nuvoton_DFP/Nuvoton.NuMicroM0_DFP.pdsc
Nuvoton,NuMicro M0 Family,M031,M031SE3AE,cmsis_device_name,tcl/target/numicro.cfg,not_validated,NuMicroM0_DFP,1.0.3,https://github.com/OpenNuvoton/cmsis-packs/raw/master/Nuvoton_DFP/Nuvoton.NuMicroM0_DFP.pdsc
Nuvoton,NuMicro M0 Family,M031,M031SG6AE,cmsis_device_name,tcl/target/numicro.cfg,not_validated,NuMicroM0_DFP,1.0.3,https://github.com/OpenNuvoton/cmsis-packs/raw/master/Nuvoton_DFP/Nuvoton.NuMicroM0_DFP.pdsc
Nuvoton,NuMicro M0 Family,M031,M031SG8AE,cmsis_device_name,tcl/target/numicro.cfg,not_validated,NuMicroM0_DFP,1.0.3,https://github.com/OpenNuvoton/cmsis-packs/raw/master/Nuvoton_DFP/Nuvoton.NuMicroM0_DFP.pdsc
Nuvoton,NuMicro M0 Family,M031,M031SIAAE,cmsis_device_name,tcl/target/numicro.cfg,not_validated,NuMicroM0_DFP,1.0.3,https://github.com/OpenNuvoton/cmsis-packs/raw/master/Nuvoton_DFP/Nuvoton.NuMicroM0_DFP.pdsc
Nuvoton,NuMicro M0 Family,M031,M031TB0AE,cmsis_device_name,tcl/target/numicro.cfg,not_validated,NuMicroM0_DFP,1.0.3,https://github.com/OpenNuvoton/cmsis-packs/raw/master/Nuvoton_DFP/Nuvoton.NuMicroM0_DFP.pdsc
Nuvoton,NuMicro M0 Family,M031,M031TC1AE,cmsis_device_name,tcl/target/numicro.cfg,not_validated,NuMicroM0_DFP,1.0.3,https://github.com/OpenNuvoton/cmsis-packs/raw/master/Nuvoton_DFP/Nuvoton.NuMicroM0_DFP.pdsc
Nuvoton,NuMicro M0 Family,M031,M031TD2AE,cmsis_device_name,tcl/target/numicro.cfg,not_validated,NuMicroM0_DFP,1.0.3,https://github.com/OpenNuvoton/cmsis-packs/raw/master/Nuvoton_DFP/Nuvoton.NuMicroM0_DFP.pdsc
Nuvoton,NuMicro M0 Family,M031,M031TE3AE,cmsis_device_name,tcl/target/numicro.cfg,not_validated,NuMicroM0_DFP,1.0.3,https://github.com/OpenNuvoton/cmsis-packs/raw/master/Nuvoton_DFP/Nuvoton.NuMicroM0_DFP.pdsc
Nuvoton,NuMicro M0 Family,M031,M032BTAG8AN,cmsis_device_name,tcl/target/numicro.cfg,not_validated,NuMicroM0_DFP,1.0.3,https://github.com/OpenNuvoton/cmsis-packs/raw/master/Nuvoton_DFP/Nuvoton.NuMicroM0_DFP.pdsc
Nuvoton,NuMicro M0 Family,M031,M032BTAIAAN,cmsis_device_name,tcl/target/numicro.cfg,not_validated,NuMicroM0_DFP,1.0.3,https://github.com/OpenNuvoton/cmsis-packs/raw/master/Nuvoton_DFP/Nuvoton.NuMicroM0_DFP.pdsc
Nuvoton,NuMicro M0 Family,M031,M032EC1AE,cmsis_device_name,tcl/target/numicro.cfg,not_validated,NuMicroM0_DFP,1.0.3,https://github.com/OpenNuvoton/cmsis-packs/raw/master/Nuvoton_DFP/Nuvoton.NuMicroM0_DFP.pdsc
Nuvoton,NuMicro M0 Family,M031,M032FC1AE,cmsis_device_name,tcl/target/numicro.cfg,not_validated,NuMicroM0_DFP,1.0.3,https://github.com/OpenNuvoton/cmsis-packs/raw/master/Nuvoton_DFP/Nuvoton.NuMicroM0_DFP.pdsc
Nuvoton,NuMicro M0 Family,M031,M032KG6AE,cmsis_device_name,tcl/target/numicro.cfg,not_validated,NuMicroM0_DFP,1.0.3,https://github.com/OpenNuvoton/cmsis-packs/raw/master/Nuvoton_DFP/Nuvoton.NuMicroM0_DFP.pdsc
Nuvoton,NuMicro M0 Family,M031,M032KG8AE,cmsis_device_name,tcl/target/numicro.cfg,not_validated,NuMicroM0_DFP,1.0.3,https://github.com/OpenNuvoton/cmsis-packs/raw/master/Nuvoton_DFP/Nuvoton.NuMicroM0_DFP.pdsc
Nuvoton,NuMicro M0 Family,M031,M032KIAAE,cmsis_device_name,tcl/target/numicro.cfg,not_validated,NuMicroM0_DFP,1.0.3,https://github.com/OpenNuvoton/cmsis-packs/raw/master/Nuvoton_DFP/Nuvoton.NuMicroM0_DFP.pdsc
Nuvoton,NuMicro M0 Family,M031,M032LC2AE,cmsis_device_name,tcl/target/numicro.cfg,not_validated,NuMicroM0_DFP,1.0.3,https://github.com/OpenNuvoton/cmsis-packs/raw/master/Nuvoton_DFP/Nuvoton.NuMicroM0_DFP.pdsc
Nuvoton,NuMicro M0 Family,M031,M032LD2AE,cmsis_device_name,tcl/target/numicro.cfg,not_validated,NuMicroM0_DFP,1.0.3,https://github.com/OpenNuvoton/cmsis-packs/raw/master/Nuvoton_DFP/Nuvoton.NuMicroM0_DFP.pdsc
Nuvoton,NuMicro M0 Family,M031,M032LE3AE,cmsis_device_name,tcl/target/numicro.cfg,not_validated,NuMicroM0_DFP,1.0.3,https://github.com/OpenNuvoton/cmsis-packs/raw/master/Nuvoton_DFP/Nuvoton.NuMicroM0_DFP.pdsc
Nuvoton,NuMicro M0 Family,M031,M032LG6AE,cmsis_device_name,tcl/target/numicro.cfg,not_validated,NuMicroM0_DFP,1.0.3,https://github.com/OpenNuvoton/cmsis-packs/raw/master/Nuvoton_DFP/Nuvoton.NuMicroM0_DFP.pdsc
Nuvoton,NuMicro M0 Family,M031,M032LG8AE,cmsis_device_name,tcl/target/numicro.cfg,not_validated,NuMicroM0_DFP,1.0.3,https://github.com/OpenNuvoton/cmsis-packs/raw/master/Nuvoton_DFP/Nuvoton.NuMicroM0_DFP.pdsc
Nuvoton,NuMicro M0 Family,M031,M032SE3AE,cmsis_device_name,tcl/target/numicro.cfg,not_validated,NuMicroM0_DFP,1.0.3,https://github.com/OpenNuvoton/cmsis-packs/raw/master/Nuvoton_DFP/Nuvoton.NuMicroM0_DFP.pdsc
Nuvoton,NuMicro M0 Family,M031,M032SG6AE,cmsis_device_name,tcl/target/numicro.cfg,not_validated,NuMicroM0_DFP,1.0.3,https://github.com/OpenNuvoton/cmsis-packs/raw/master/Nuvoton_DFP/Nuvoton.NuMicroM0_DFP.pdsc
Nuvoton,NuMicro M0 Family,M031,M032SG8AE,cmsis_device_name,tcl/target/numicro.cfg,not_validated,NuMicroM0_DFP,1.0.3,https://github.com/OpenNuvoton/cmsis-packs/raw/master/Nuvoton_DFP/Nuvoton.NuMicroM0_DFP.pdsc
Nuvoton,NuMicro M0 Family,M031,M032SIAAE,cmsis_device_name,tcl/target/numicro.cfg,not_validated,NuMicroM0_DFP,1.0.3,https://github.com/OpenNuvoton/cmsis-packs/raw/master/Nuvoton_DFP/Nuvoton.NuMicroM0_DFP.pdsc
Nuvoton,NuMicro M0 Family,M031,M032TC1AE,cmsis_device_name,tcl/target/numicro.cfg,not_validated,NuMicroM0_DFP,1.0.3,https://github.com/OpenNuvoton/cmsis-packs/raw/master/Nuvoton_DFP/Nuvoton.NuMicroM0_DFP.pdsc
Nuvoton,NuMicro M0 Family,M031,M032TD2AE,cmsis_device_name,tcl/target/numicro.cfg,not_validated,NuMicroM0_DFP,1.0.3,https://github.com/OpenNuvoton/cmsis-packs/raw/master/Nuvoton_DFP/Nuvoton.NuMicroM0_DFP.pdsc
Nuvoton,NuMicro M0 Family,M051,M0516LAN,cmsis_device_name,tcl/target/numicro.cfg,not_validated,NuMicroM0_DFP,1.0.3,https://github.com/OpenNuvoton/cmsis-packs/raw/master/Nuvoton_DFP/Nuvoton.NuMicroM0_DFP.pdsc
Nuvoton,NuMicro M0 Family,M051,M0516LBN,cmsis_device_name,tcl/target/numicro.cfg,not_validated,NuMicroM0_DFP,1.0.3,https://github.com/OpenNuvoton/cmsis-packs/raw/master/Nuvoton_DFP/Nuvoton.NuMicroM0_DFP.pdsc
Nuvoton,NuMicro M0 Family,M051,M0516LDE,cmsis_device_name,tcl/target/numicro.cfg,not_validated,NuMicroM0_DFP,1.0.3,https://github.com/OpenNuvoton/cmsis-packs/raw/master/Nuvoton_DFP/Nuvoton.NuMicroM0_DFP.pdsc
Nuvoton,NuMicro M0 Family,M051,M0516LDN,cmsis_device_name,tcl/target/numicro.cfg,not_validated,NuMicroM0_DFP,1.0.3,https://github.com/OpenNuvoton/cmsis-packs/raw/master/Nuvoton_DFP/Nuvoton.NuMicroM0_DFP.pdsc
Nuvoton,NuMicro M0 Family,M051,M0516ZAN,cmsis_device_name,tcl/target/numicro.cfg,not_validated,NuMicroM0_DFP,1.0.3,https://github.com/OpenNuvoton/cmsis-packs/raw/master/Nuvoton_DFP/Nuvoton.NuMicroM0_DFP.pdsc
Nuvoton,NuMicro M0 Family,M051,M0516ZBN,cmsis_device_name,tcl/target/numicro.cfg,not_validated,NuMicroM0_DFP,1.0.3,https://github.com/OpenNuvoton/cmsis-packs/raw/master/Nuvoton_DFP/Nuvoton.NuMicroM0_DFP.pdsc
Nuvoton,NuMicro M0 Family,M051,M0516ZDE,cmsis_device_name,tcl/target/numicro.cfg,not_validated,NuMicroM0_DFP,1.0.3,https://github.com/OpenNuvoton/cmsis-packs/raw/master/Nuvoton_DFP/Nuvoton.NuMicroM0_DFP.pdsc
Nuvoton,NuMicro M0 Family,M051,M0516ZDN,cmsis_device_name,tcl/target/numicro.cfg,not_validated,NuMicroM0_DFP,1.0.3,https://github.com/OpenNuvoton/cmsis-packs/raw/master/Nuvoton_DFP/Nuvoton.NuMicroM0_DFP.pdsc
Nuvoton,NuMicro M0 Family,M051,M052LAN,cmsis_device_name,tcl/target/numicro.cfg,not_validated,NuMicroM0_DFP,1.0.3,https://github.com/OpenNuvoton/cmsis-packs/raw/master/Nuvoton_DFP/Nuvoton.NuMicroM0_DFP.pdsc
Nuvoton,NuMicro M0 Family,M051,M052LBN,cmsis_device_name,tcl/target/numicro.cfg,not_validated,NuMicroM0_DFP,1.0.3,https://github.com/OpenNuvoton/cmsis-packs/raw/master/Nuvoton_DFP/Nuvoton.NuMicroM0_DFP.pdsc
Nuvoton,NuMicro M0 Family,M051,M052LDE,cmsis_device_name,tcl/target/numicro.cfg,not_validated,NuMicroM0_DFP,1.0.3,https://github.com/OpenNuvoton/cmsis-packs/raw/master/Nuvoton_DFP/Nuvoton.NuMicroM0_DFP.pdsc
Nuvoton,NuMicro M0 Family,M051,M052LDN,cmsis_device_name,tcl/target/numicro.cfg,not_validated,NuMicroM0_DFP,1.0.3,https://github.com/OpenNuvoton/cmsis-packs/raw/master/Nuvoton_DFP/Nuvoton.NuMicroM0_DFP.pdsc
Nuvoton,NuMicro M0 Family,M051,M052ZAN,cmsis_device_name,tcl/target/numicro.cfg,not_validated,NuMicroM0_DFP,1.0.3,https://github.com/OpenNuvoton/cmsis-packs/raw/master/Nuvoton_DFP/Nuvoton.NuMicroM0_DFP.pdsc
Nuvoton,NuMicro M0 Family,M051,M052ZBN,cmsis_device_name,tcl/target/numicro.cfg,not_validated,NuMicroM0_DFP,1.0.3,https://github.com/OpenNuvoton/cmsis-packs/raw/master/Nuvoton_DFP/Nuvoton.NuMicroM0_DFP.pdsc
Nuvoton,NuMicro M0 Family,M051,M052ZDE,cmsis_device_name,tcl/target/numicro.cfg,not_validated,NuMicroM0_DFP,1.0.3,https://github.com/OpenNuvoton/cmsis-packs/raw/master/Nuvoton_DFP/Nuvoton.NuMicroM0_DFP.pdsc
Nuvoton,NuMicro M0 Family,M051,M052ZDN,cmsis_device_name,tcl/target/numicro.cfg,not_validated,NuMicroM0_DFP,1.0.3,https://github.com/OpenNuvoton/cmsis-packs/raw/master/Nuvoton_DFP/Nuvoton.NuMicroM0_DFP.pdsc
Nuvoton,NuMicro M0 Family,M051,M054LAN,cmsis_device_name,tcl/target/numicro.cfg,not_validated,NuMicroM0_DFP,1.0.3,https://github.com/OpenNuvoton/cmsis-packs/raw/master/Nuvoton_DFP/Nuvoton.NuMicroM0_DFP.pdsc
Nuvoton,NuMicro M0 Family,M051,M054LBN,cmsis_device_name,tcl/target/numicro.cfg,not_validated,NuMicroM0_DFP,1.0.3,https://github.com/OpenNuvoton/cmsis-packs/raw/master/Nuvoton_DFP/Nuvoton.NuMicroM0_DFP.pdsc
Nuvoton,NuMicro M0 Family,M051,M054LDE,cmsis_device_name,tcl/target/numicro.cfg,not_validated,NuMicroM0_DFP,1.0.3,https://github.com/OpenNuvoton/cmsis-packs/raw/master/Nuvoton_DFP/Nuvoton.NuMicroM0_DFP.pdsc
Nuvoton,NuMicro M0 Family,M051,M054LDN,cmsis_device_name,tcl/target/numicro.cfg,not_validated,NuMicroM0_DFP,1.0.3,https://github.com/OpenNuvoton/cmsis-packs/raw/master/Nuvoton_DFP/Nuvoton.NuMicroM0_DFP.pdsc
Nuvoton,NuMicro M0 Family,M051,M054ZAN,cmsis_device_name,tcl/target/numicro.cfg,not_validated,NuMicroM0_DFP,1.0.3,https://github.com/OpenNuvoton/cmsis-packs/raw/master/Nuvoton_DFP/Nuvoton.NuMicroM0_DFP.pdsc
Nuvoton,NuMicro M0 Family,M051,M054ZBN,cmsis_device_name,tcl/target/numicro.cfg,not_validated,NuMicroM0_DFP,1.0.3,https://github.com/OpenNuvoton/cmsis-packs/raw/master/Nuvoton_DFP/Nuvoton.NuMicroM0_DFP.pdsc
Nuvoton,NuMicro M0 Family,M051,M054ZDE,cmsis_device_name,tcl/target/numicro.cfg,not_validated,NuMicroM0_DFP,1.0.3,https://github.com/OpenNuvoton/cmsis-packs/raw/master/Nuvoton_DFP/Nuvoton.NuMicroM0_DFP.pdsc
Nuvoton,NuMicro M0 Family,M051,M054ZDN,cmsis_device_name,tcl/target/numicro.cfg,not_validated,NuMicroM0_DFP,1.0.3,https://github.com/OpenNuvoton/cmsis-packs/raw/master/Nuvoton_DFP/Nuvoton.NuMicroM0_DFP.pdsc
Nuvoton,NuMicro M0 Family,M051,M058LAN,cmsis_device_name,tcl/target/numicro.cfg,not_validated,NuMicroM0_DFP,1.0.3,https://github.com/OpenNuvoton/cmsis-packs/raw/master/Nuvoton_DFP/Nuvoton.NuMicroM0_DFP.pdsc
Nuvoton,NuMicro M0 Family,M051,M058LBN,cmsis_device_name,tcl/target/numicro.cfg,not_validated,NuMicroM0_DFP,1.0.3,https://github.com/OpenNuvoton/cmsis-packs/raw/master/Nuvoton_DFP/Nuvoton.NuMicroM0_DFP.pdsc
Nuvoton,NuMicro M0 Family,M051,M058LDE,cmsis_device_name,tcl/target/numicro.cfg,not_validated,NuMicroM0_DFP,1.0.3,https://github.com/OpenNuvoton/cmsis-packs/raw/master/Nuvoton_DFP/Nuvoton.NuMicroM0_DFP.pdsc
Nuvoton,NuMicro M0 Family,M051,M058LDN,cmsis_device_name,tcl/target/numicro.cfg,not_validated,NuMicroM0_DFP,1.0.3,https://github.com/OpenNuvoton/cmsis-packs/raw/master/Nuvoton_DFP/Nuvoton.NuMicroM0_DFP.pdsc
Nuvoton,NuMicro M0 Family,M051,M058MDE,cmsis_device_name,tcl/target/numicro.cfg,not_validated,NuMicroM0_DFP,1.0.3,https://github.com/OpenNuvoton/cmsis-packs/raw/master/Nuvoton_DFP/Nuvoton.NuMicroM0_DFP.pdsc
Nuvoton,NuMicro M0 Family,M051,M058ZAN,cmsis_device_name,tcl/target/numicro.cfg,not_validated,NuMicroM0_DFP,1.0.3,https://github.com/OpenNuvoton/cmsis-packs/raw/master/Nuvoton_DFP/Nuvoton.NuMicroM0_DFP.pdsc
Nuvoton,NuMicro M0 Family,M051,M058ZBN,cmsis_device_name,tcl/target/numicro.cfg,not_validated,NuMicroM0_DFP,1.0.3,https://github.com/OpenNuvoton/cmsis-packs/raw/master/Nuvoton_DFP/Nuvoton.NuMicroM0_DFP.pdsc
Nuvoton,NuMicro M0 Family,M051,M058ZDE,cmsis_device_name,tcl/target/numicro.cfg,not_validated,NuMicroM0_DFP,1.0.3,https://github.com/OpenNuvoton/cmsis-packs/raw/master/Nuvoton_DFP/Nuvoton.NuMicroM0_DFP.pdsc
Nuvoton,NuMicro M0 Family,M051,M058ZDN,cmsis_device_name,tcl/target/numicro.cfg,not_validated,NuMicroM0_DFP,1.0.3,https://github.com/OpenNuvoton/cmsis-packs/raw/master/Nuvoton_DFP/Nuvoton.NuMicroM0_DFP.pdsc
Nuvoton,NuMicro M0 Family,M0518,M0518LC2AE,cmsis_device_name,tcl/target/numicro.cfg,not_validated,NuMicroM0_DFP,1.0.3,https://github.com/OpenNuvoton/cmsis-packs/raw/master/Nuvoton_DFP/Nuvoton.NuMicroM0_DFP.pdsc
Nuvoton,NuMicro M0 Family,M0518,M0518LD2AE,cmsis_device_name,tcl/target/numicro.cfg,not_validated,NuMicroM0_DFP,1.0.3,https://github.com/OpenNuvoton/cmsis-packs/raw/master/Nuvoton_DFP/Nuvoton.NuMicroM0_DFP.pdsc
Nuvoton,NuMicro M0 Family,M0518,M0518SC2AE,cmsis_device_name,tcl/target/numicro.cfg,not_validated,NuMicroM0_DFP,1.0.3,https://github.com/OpenNuvoton/cmsis-packs/raw/master/Nuvoton_DFP/Nuvoton.NuMicroM0_DFP.pdsc
Nuvoton,NuMicro M0 Family,M0518,M0518SD2AE,cmsis_device_name,tcl/target/numicro.cfg,not_validated,NuMicroM0_DFP,1.0.3,https://github.com/OpenNuvoton/cmsis-packs/raw/master/Nuvoton_DFP/Nuvoton.NuMicroM0_DFP.pdsc
Nuvoton,NuMicro M0 Family,M0519,M0519LD3AE,cmsis_device_name,tcl/target/numicro.cfg,not_validated,NuMicroM0_DFP,1.0.3,https://github.com/OpenNuvoton/cmsis-packs/raw/master/Nuvoton_DFP/Nuvoton.NuMicroM0_DFP.pdsc
Nuvoton,NuMicro M0 Family,M0519,M0519LE3AE,cmsis_device_name,tcl/target/numicro.cfg,not_validated,NuMicroM0_DFP,1.0.3,https://github.com/OpenNuvoton/cmsis-packs/raw/master/Nuvoton_DFP/Nuvoton.NuMicroM0_DFP.pdsc
Nuvoton,NuMicro M0 Family,M0519,M0519SD3AE,cmsis_device_name,tcl/target/numicro.cfg,not_validated,NuMicroM0_DFP,1.0.3,https://github.com/OpenNuvoton/cmsis-packs/raw/master/Nuvoton_DFP/Nuvoton.NuMicroM0_DFP.pdsc
Nuvoton,NuMicro M0 Family,M0519,M0519SE3AE,cmsis_device_name,tcl/target/numicro.cfg,not_validated,NuMicroM0_DFP,1.0.3,https://github.com/OpenNuvoton/cmsis-packs/raw/master/Nuvoton_DFP/Nuvoton.NuMicroM0_DFP.pdsc
Nuvoton,NuMicro M0 Family,M0519,M0519VE3AE,cmsis_device_name,tcl/target/numicro.cfg,not_validated,NuMicroM0_DFP,1.0.3,https://github.com/OpenNuvoton/cmsis-packs/raw/master/Nuvoton_DFP/Nuvoton.NuMicroM0_DFP.pdsc
Nuvoton,NuMicro M0 Family,M0564,M0564LE4AE,cmsis_device_name,tcl/target/numicro.cfg,not_validated,NuMicroM0_DFP,1.0.3,https://github.com/OpenNuvoton/cmsis-packs/raw/master/Nuvoton_DFP/Nuvoton.NuMicroM0_DFP.pdsc
Nuvoton,NuMicro M0 Family,M0564,M0564LG4AE,cmsis_device_name,tcl/target/numicro.cfg,not_validated,NuMicroM0_DFP,1.0.3,https://github.com/OpenNuvoton/cmsis-packs/raw/master/Nuvoton_DFP/Nuvoton.NuMicroM0_DFP.pdsc
Nuvoton,NuMicro M0 Family,M0564,M0564SE4AE,cmsis_device_name,tcl/target/numicro.cfg,not_validated,NuMicroM0_DFP,1.0.3,https://github.com/OpenNuvoton/cmsis-packs/raw/master/Nuvoton_DFP/Nuvoton.NuMicroM0_DFP.pdsc
Nuvoton,NuMicro M0 Family,M0564,M0564SG4AE,cmsis_device_name,tcl/target/numicro.cfg,not_validated,NuMicroM0_DFP,1.0.3,https://github.com/OpenNuvoton/cmsis-packs/raw/master/Nuvoton_DFP/Nuvoton.NuMicroM0_DFP.pdsc
Nuvoton,NuMicro M0 Family,M0564,M0564SSAE,cmsis_device_name,tcl/target/numicro.cfg,not_validated,NuMicroM0_DFP,1.0.3,https://github.com/OpenNuvoton/cmsis-packs/raw/master/Nuvoton_DFP/Nuvoton.NuMicroM0_DFP.pdsc
Nuvoton,NuMicro M0 Family,M0564,M0564VG4AE,cmsis_device_name,tcl/target/numicro.cfg,not_validated,NuMicroM0_DFP,1.0.3,https://github.com/OpenNuvoton/cmsis-packs/raw/master/Nuvoton_DFP/Nuvoton.NuMicroM0_DFP.pdsc
Nuvoton,NuMicro M0 Family,M058S,M058SFAN,cmsis_device_name,tcl/target/numicro.cfg,not_validated,NuMicroM0_DFP,1.0.3,https://github.com/OpenNuvoton/cmsis-packs/raw/master/Nuvoton_DFP/Nuvoton.NuMicroM0_DFP.pdsc
Nuvoton,NuMicro M0 Family,M058S,M058SLAN,cmsis_device_name,tcl/target/numicro.cfg,not_validated,NuMicroM0_DFP,1.0.3,https://github.com/OpenNuvoton/cmsis-packs/raw/master/Nuvoton_DFP/Nuvoton.NuMicroM0_DFP.pdsc
Nuvoton,NuMicro M0 Family,M058S,M058SSAN,cmsis_device_name,tcl/target/numicro.cfg,not_validated,NuMicroM0_DFP,1.0.3,https://github.com/OpenNuvoton/cmsis-packs/raw/master/Nuvoton_DFP/Nuvoton.NuMicroM0_DFP.pdsc
Nuvoton,NuMicro M0 Family,M058S,M058SZAN,cmsis_device_name,tcl/target/numicro.cfg,not_validated,NuMicroM0_DFP,1.0.3,https://github.com/OpenNuvoton/cmsis-packs/raw/master/Nuvoton_DFP/Nuvoton.NuMicroM0_DFP.pdsc
Nuvoton,NuMicro M0 Family,M071M,M071MC2AE,cmsis_device_name,tcl/target/numicro.cfg,not_validated,NuMicroM0_DFP,1.0.3,https://github.com/OpenNuvoton/cmsis-packs/raw/master/Nuvoton_DFP/Nuvoton.NuMicroM0_DFP.pdsc
Nuvoton,NuMicro M0 Family,M071M,M071MD2AE,cmsis_device_name,tcl/target/numicro.cfg,not_validated,NuMicroM0_DFP,1.0.3,https://github.com/OpenNuvoton/cmsis-packs/raw/master/Nuvoton_DFP/Nuvoton.NuMicroM0_DFP.pdsc
Nuvoton,NuMicro M0 Family,M071Q_V,M071VG4AE,cmsis_device_name,tcl/target/numicro.cfg,not_validated,NuMicroM0_DFP,1.0.3,https://github.com/OpenNuvoton/cmsis-packs/raw/master/Nuvoton_DFP/Nuvoton.NuMicroM0_DFP.pdsc
Nuvoton,NuMicro M0 Family,M071R_S,M071R1D3AE,cmsis_device_name,tcl/target/numicro.cfg,not_validated,NuMicroM0_DFP,1.0.3,https://github.com/OpenNuvoton/cmsis-packs/raw/master/Nuvoton_DFP/Nuvoton.NuMicroM0_DFP.pdsc
Nuvoton,NuMicro M0 Family,M071R_S,M071R1E3AE,cmsis_device_name,tcl/target/numicro.cfg,not_validated,NuMicroM0_DFP,1.0.3,https://github.com/OpenNuvoton/cmsis-packs/raw/master/Nuvoton_DFP/Nuvoton.NuMicroM0_DFP.pdsc
Nuvoton,NuMicro M0 Family,M071R_S,M071SD3AE,cmsis_device_name,tcl/target/numicro.cfg,not_validated,NuMicroM0_DFP,1.0.3,https://github.com/OpenNuvoton/cmsis-packs/raw/master/Nuvoton_DFP/Nuvoton.NuMicroM0_DFP.pdsc
Nuvoton,NuMicro M0 Family,M071R_S,M071SE3AE,cmsis_device_name,tcl/target/numicro.cfg,not_validated,NuMicroM0_DFP,1.0.3,https://github.com/OpenNuvoton/cmsis-packs/raw/master/Nuvoton_DFP/Nuvoton.NuMicroM0_DFP.pdsc
Nuvoton,NuMicro M0 Family,M091,M091TC2AE,cmsis_device_name,tcl/target/numicro.cfg,not_validated,NuMicroM0_DFP,1.0.3,https://github.com/OpenNuvoton/cmsis-packs/raw/master/Nuvoton_DFP/Nuvoton.NuMicroM0_DFP.pdsc
Nuvoton,NuMicro M0 Family,M091,M091TD2AE,cmsis_device_name,tcl/target/numicro.cfg,not_validated,NuMicroM0_DFP,1.0.3,https://github.com/OpenNuvoton/cmsis-packs/raw/master/Nuvoton_DFP/Nuvoton.NuMicroM0_DFP.pdsc
Nuvoton,NuMicro M0 Family,M091,M091YC2AE,cmsis_device_name,tcl/target/numicro.cfg,not_validated,NuMicroM0_DFP,1.0.3,https://github.com/OpenNuvoton/cmsis-packs/raw/master/Nuvoton_DFP/Nuvoton.NuMicroM0_DFP.pdsc
Nuvoton,NuMicro M0 Family,M091,M091YD2AE,cmsis_device_name,tcl/target/numicro.cfg,not_validated,NuMicroM0_DFP,1.0.3,https://github.com/OpenNuvoton/cmsis-packs/raw/master/Nuvoton_DFP/Nuvoton.NuMicroM0_DFP.pdsc
Nuvoton,NuMicro M0 Family,M0A21,M0A21EB1AC,cmsis_device_name,tcl/target/numicro.cfg,not_validated,NuMicroM0_DFP,1.0.3,https://github.com/OpenNuvoton/cmsis-packs/raw/master/Nuvoton_DFP/Nuvoton.NuMicroM0_DFP.pdsc
Nuvoton,NuMicro M0 Family,M0A21,M0A21EC1AC,cmsis_device_name,tcl/target/numicro.cfg,not_validated,NuMicroM0_DFP,1.0.3,https://github.com/OpenNuvoton/cmsis-packs/raw/master/Nuvoton_DFP/Nuvoton.NuMicroM0_DFP.pdsc
Nuvoton,NuMicro M0 Family,M0A21,M0A21OB1AC,cmsis_device_name,tcl/target/numicro.cfg,not_validated,NuMicroM0_DFP,1.0.3,https://github.com/OpenNuvoton/cmsis-packs/raw/master/Nuvoton_DFP/Nuvoton.NuMicroM0_DFP.pdsc
Nuvoton,NuMicro M0 Family,M0A21,M0A21OC1AC,cmsis_device_name,tcl/target/numicro.cfg,not_validated,NuMicroM0_DFP,1.0.3,https://github.com/OpenNuvoton/cmsis-packs/raw/master/Nuvoton_DFP/Nuvoton.NuMicroM0_DFP.pdsc
Nuvoton,NuMicro M0 Family,M0A21,M0A23EC1AC,cmsis_device_name,tcl/target/numicro.cfg,not_validated,NuMicroM0_DFP,1.0.3,https://github.com/OpenNuvoton/cmsis-packs/raw/master/Nuvoton_DFP/Nuvoton.NuMicroM0_DFP.pdsc
Nuvoton,NuMicro M0 Family,M0A21,M0A23EC1ACU,cmsis_device_name,tcl/target/numicro.cfg,not_validated,NuMicroM0_DFP,1.0.3,https://github.com/OpenNuvoton/cmsis-packs/raw/master/Nuvoton_DFP/Nuvoton.NuMicroM0_DFP.pdsc
Nuvoton,NuMicro M0 Family,M0A21,M0A23OC1AC,cmsis_device_name,tcl/target/numicro.cfg,not_validated,NuMicroM0_DFP,1.0.3,https://github.com/OpenNuvoton/cmsis-packs/raw/master/Nuvoton_DFP/Nuvoton.NuMicroM0_DFP.pdsc
Nuvoton,NuMicro M0 Family,M0A21,M0A23OC1ACU,cmsis_device_name,tcl/target/numicro.cfg,not_validated,NuMicroM0_DFP,1.0.3,https://github.com/OpenNuvoton/cmsis-packs/raw/master/Nuvoton_DFP/Nuvoton.NuMicroM0_DFP.pdsc
Nuvoton,NuMicro M0 Family,M0A86,M0A86SD2AE,cmsis_device_name,tcl/target/numicro.cfg,not_validated,NuMicroM0_DFP,1.0.3,https://github.com/OpenNuvoton/cmsis-packs/raw/master/Nuvoton_DFP/Nuvoton.NuMicroM0_DFP.pdsc
Nuvoton,NuMicro M0 Family,Mini51,Mini51FDE,cmsis_device_name,tcl/target/numicro.cfg,not_validated,NuMicroM0_DFP,1.0.3,https://github.com/OpenNuvoton/cmsis-packs/raw/master/Nuvoton_DFP/Nuvoton.NuMicroM0_DFP.pdsc
Nuvoton,NuMicro M0 Family,Mini51,Mini51LAN,cmsis_device_name,tcl/target/numicro.cfg,not_validated,NuMicroM0_DFP,1.0.3,https://github.com/OpenNuvoton/cmsis-packs/raw/master/Nuvoton_DFP/Nuvoton.NuMicroM0_DFP.pdsc
Nuvoton,NuMicro M0 Family,Mini51,Mini51LDE,cmsis_device_name,tcl/target/numicro.cfg,not_validated,NuMicroM0_DFP,1.0.3,https://github.com/OpenNuvoton/cmsis-packs/raw/master/Nuvoton_DFP/Nuvoton.NuMicroM0_DFP.pdsc
Nuvoton,NuMicro M0 Family,Mini51,Mini51TAN,cmsis_device_name,tcl/target/numicro.cfg,not_validated,NuMicroM0_DFP,1.0.3,https://github.com/OpenNuvoton/cmsis-packs/raw/master/Nuvoton_DFP/Nuvoton.NuMicroM0_DFP.pdsc
Nuvoton,NuMicro M0 Family,Mini51,Mini51TDE,cmsis_device_name,tcl/target/numicro.cfg,not_validated,NuMicroM0_DFP,1.0.3,https://github.com/OpenNuvoton/cmsis-packs/raw/master/Nuvoton_DFP/Nuvoton.NuMicroM0_DFP.pdsc
Nuvoton,NuMicro M0 Family,Mini51,Mini51ZAN,cmsis_device_name,tcl/target/numicro.cfg,not_validated,NuMicroM0_DFP,1.0.3,https://github.com/OpenNuvoton/cmsis-packs/raw/master/Nuvoton_DFP/Nuvoton.NuMicroM0_DFP.pdsc
Nuvoton,NuMicro M0 Family,Mini51,Mini51ZDE,cmsis_device_name,tcl/target/numicro.cfg,not_validated,NuMicroM0_DFP,1.0.3,https://github.com/OpenNuvoton/cmsis-packs/raw/master/Nuvoton_DFP/Nuvoton.NuMicroM0_DFP.pdsc
Nuvoton,NuMicro M0 Family,Mini51,Mini52FDE,cmsis_device_name,tcl/target/numicro.cfg,not_validated,NuMicroM0_DFP,1.0.3,https://github.com/OpenNuvoton/cmsis-packs/raw/master/Nuvoton_DFP/Nuvoton.NuMicroM0_DFP.pdsc
Nuvoton,NuMicro M0 Family,Mini51,Mini52LAN,cmsis_device_name,tcl/target/numicro.cfg,not_validated,NuMicroM0_DFP,1.0.3,https://github.com/OpenNuvoton/cmsis-packs/raw/master/Nuvoton_DFP/Nuvoton.NuMicroM0_DFP.pdsc
Nuvoton,NuMicro M0 Family,Mini51,Mini52LDE,cmsis_device_name,tcl/target/numicro.cfg,not_validated,NuMicroM0_DFP,1.0.3,https://github.com/OpenNuvoton/cmsis-packs/raw/master/Nuvoton_DFP/Nuvoton.NuMicroM0_DFP.pdsc
Nuvoton,NuMicro M0 Family,Mini51,Mini52TAN,cmsis_device_name,tcl/target/numicro.cfg,not_validated,NuMicroM0_DFP,1.0.3,https://github.com/OpenNuvoton/cmsis-packs/raw/master/Nuvoton_DFP/Nuvoton.NuMicroM0_DFP.pdsc
Nuvoton,NuMicro M0 Family,Mini51,Mini52TDE,cmsis_device_name,tcl/target/numicro.cfg,not_validated,NuMicroM0_DFP,1.0.3,https://github.com/OpenNuvoton/cmsis-packs/raw/master/Nuvoton_DFP/Nuvoton.NuMicroM0_DFP.pdsc
Nuvoton,NuMicro M0 Family,Mini51,Mini52ZAN,cmsis_device_name,tcl/target/numicro.cfg,not_validated,NuMicroM0_DFP,1.0.3,https://github.com/OpenNuvoton/cmsis-packs/raw/master/Nuvoton_DFP/Nuvoton.NuMicroM0_DFP.pdsc
Nuvoton,NuMicro M0 Family,Mini51,Mini52ZDE,cmsis_device_name,tcl/target/numicro.cfg,not_validated,NuMicroM0_DFP,1.0.3,https://github.com/OpenNuvoton/cmsis-packs/raw/master/Nuvoton_DFP/Nuvoton.NuMicroM0_DFP.pdsc
Nuvoton,NuMicro M0 Family,Mini51,Mini54FDE,cmsis_device_name,tcl/target/numicro.cfg,not_validated,NuMicroM0_DFP,1.0.3,https://github.com/OpenNuvoton/cmsis-packs/raw/master/Nuvoton_DFP/Nuvoton.NuMicroM0_DFP.pdsc
Nuvoton,NuMicro M0 Family,Mini51,Mini54LAN,cmsis_device_name,tcl/target/numicro.cfg,not_validated,NuMicroM0_DFP,1.0.3,https://github.com/OpenNuvoton/cmsis-packs/raw/master/Nuvoton_DFP/Nuvoton.NuMicroM0_DFP.pdsc
Nuvoton,NuMicro M0 Family,Mini51,Mini54LDE,cmsis_device_name,tcl/target/numicro.cfg,not_validated,NuMicroM0_DFP,1.0.3,https://github.com/OpenNuvoton/cmsis-packs/raw/master/Nuvoton_DFP/Nuvoton.NuMicroM0_DFP.pdsc
Nuvoton,NuMicro M0 Family,Mini51,Mini54TAN,cmsis_device_name,tcl/target/numicro.cfg,not_validated,NuMicroM0_DFP,1.0.3,https://github.com/OpenNuvoton/cmsis-packs/raw/master/Nuvoton_DFP/Nuvoton.NuMicroM0_DFP.pdsc
Nuvoton,NuMicro M0 Family,Mini51,Mini54TDE,cmsis_device_name,tcl/target/numicro.cfg,not_validated,NuMicroM0_DFP,1.0.3,https://github.com/OpenNuvoton/cmsis-packs/raw/master/Nuvoton_DFP/Nuvoton.NuMicroM0_DFP.pdsc
Nuvoton,NuMicro M0 Family,Mini51,Mini54ZAN,cmsis_device_name,tcl/target/numicro.cfg,not_validated,NuMicroM0_DFP,1.0.3,https://github.com/OpenNuvoton/cmsis-packs/raw/master/Nuvoton_DFP/Nuvoton.NuMicroM0_DFP.pdsc
Nuvoton,NuMicro M0 Family,Mini51,Mini54ZDE,cmsis_device_name,tcl/target/numicro.cfg,not_validated,NuMicroM0_DFP,1.0.3,https://github.com/OpenNuvoton/cmsis-packs/raw/master/Nuvoton_DFP/Nuvoton.NuMicroM0_DFP.pdsc
Nuvoton,NuMicro M0 Family,Mini55,Mini55LDE,cmsis_device_name,tcl/target/numicro.cfg,not_validated,NuMicroM0_DFP,1.0.3,https://github.com/OpenNuvoton/cmsis-packs/raw/master/Nuvoton_DFP/Nuvoton.NuMicroM0_DFP.pdsc
Nuvoton,NuMicro M0 Family,Mini55,Mini55TDE,cmsis_device_name,tcl/target/numicro.cfg,not_validated,NuMicroM0_DFP,1.0.3,https://github.com/OpenNuvoton/cmsis-packs/raw/master/Nuvoton_DFP/Nuvoton.NuMicroM0_DFP.pdsc
Nuvoton,NuMicro M0 Family,Mini55,Mini55ZDE,cmsis_device_name,tcl/target/numicro.cfg,not_validated,NuMicroM0_DFP,1.0.3,https://github.com/OpenNuvoton/cmsis-packs/raw/master/Nuvoton_DFP/Nuvoton.NuMicroM0_DFP.pdsc
Nuvoton,NuMicro M0 Family,Mini57,Mini57EDE,cmsis_device_name,tcl/target/numicro.cfg,not_validated,NuMicroM0_DFP,1.0.3,https://github.com/OpenNuvoton/cmsis-packs/raw/master/Nuvoton_DFP/Nuvoton.NuMicroM0_DFP.pdsc
Nuvoton,NuMicro M0 Family,Mini57,Mini57FDE,cmsis_device_name,tcl/target/numicro.cfg,not_validated,NuMicroM0_DFP,1.0.3,https://github.com/OpenNuvoton/cmsis-packs/raw/master/Nuvoton_DFP/Nuvoton.NuMicroM0_DFP.pdsc
Nuvoton,NuMicro M0 Family,Mini57,Mini57TDE,cmsis_device_name,tcl/target/numicro.cfg,not_validated,NuMicroM0_DFP,1.0.3,https://github.com/OpenNuvoton/cmsis-packs/raw/master/Nuvoton_DFP/Nuvoton.NuMicroM0_DFP.pdsc
Nuvoton,NuMicro M0 Family,Mini57,Mini57XDE,cmsis_device_name,tcl/target/numicro.cfg,not_validated,NuMicroM0_DFP,1.0.3,https://github.com/OpenNuvoton/cmsis-packs/raw/master/Nuvoton_DFP/Nuvoton.NuMicroM0_DFP.pdsc
Nuvoton,NuMicro M0 Family,Mini58,Mini58FDE,cmsis_device_name,tcl/target/numicro.cfg,not_validated,NuMicroM0_DFP,1.0.3,https://github.com/OpenNuvoton/cmsis-packs/raw/master/Nuvoton_DFP/Nuvoton.NuMicroM0_DFP.pdsc
Nuvoton,NuMicro M0 Family,Mini58,Mini58LDE,cmsis_device_name,tcl/target/numicro.cfg,not_validated,NuMicroM0_DFP,1.0.3,https://github.com/OpenNuvoton/cmsis-packs/raw/master/Nuvoton_DFP/Nuvoton.NuMicroM0_DFP.pdsc
Nuvoton,NuMicro M0 Family,Mini58,Mini58TDE,cmsis_device_name,tcl/target/numicro.cfg,not_validated,NuMicroM0_DFP,1.0.3,https://github.com/OpenNuvoton/cmsis-packs/raw/master/Nuvoton_DFP/Nuvoton.NuMicroM0_DFP.pdsc
Nuvoton,NuMicro M0 Family,Mini58,Mini58ZDE,cmsis_device_name,tcl/target/numicro.cfg,not_validated,NuMicroM0_DFP,1.0.3,https://github.com/OpenNuvoton/cmsis-packs/raw/master/Nuvoton_DFP/Nuvoton.NuMicroM0_DFP.pdsc
Nuvoton,NuMicro M0 Family,N32F030,N32F030D,cmsis_device_name,tcl/target/numicro.cfg,not_validated,NuMicroM0_DFP,1.0.3,https://github.com/OpenNuvoton/cmsis-packs/raw/master/Nuvoton_DFP/Nuvoton.NuMicroM0_DFP.pdsc
Nuvoton,NuMicro M0 Family,N32F030,N32F030X,cmsis_device_name,tcl/target/numicro.cfg,not_validated,NuMicroM0_DFP,1.0.3,https://github.com/OpenNuvoton/cmsis-packs/raw/master/Nuvoton_DFP/Nuvoton.NuMicroM0_DFP.pdsc
Nuvoton,NuMicro M0 Family,N32F030,N32F030Y,cmsis_device_name,tcl/target/numicro.cfg,not_validated,NuMicroM0_DFP,1.0.3,https://github.com/OpenNuvoton/cmsis-packs/raw/master/Nuvoton_DFP/Nuvoton.NuMicroM0_DFP.pdsc
Nuvoton,NuMicro M0 Family,NDA102,NDA102EC1,cmsis_device_name,tcl/target/numicro.cfg,not_validated,NuMicroM0_DFP,1.0.3,https://github.com/OpenNuvoton/cmsis-packs/raw/master/Nuvoton_DFP/Nuvoton.NuMicroM0_DFP.pdsc
Nuvoton,NuMicro M0 Family,NDA102,NDA102FC1,cmsis_device_name,tcl/target/numicro.cfg,not_validated,NuMicroM0_DFP,1.0.3,https://github.com/OpenNuvoton/cmsis-packs/raw/master/Nuvoton_DFP/Nuvoton.NuMicroM0_DFP.pdsc
Nuvoton,NuMicro M0 Family,NM1120,NM1120EC1AE,cmsis_device_name,tcl/target/numicro.cfg,not_validated,NuMicroM0_DFP,1.0.3,https://github.com/OpenNuvoton/cmsis-packs/raw/master/Nuvoton_DFP/Nuvoton.NuMicroM0_DFP.pdsc
Nuvoton,NuMicro M0 Family,NM1120,NM1120FC1AE,cmsis_device_name,tcl/target/numicro.cfg,not_validated,NuMicroM0_DFP,1.0.3,https://github.com/OpenNuvoton/cmsis-packs/raw/master/Nuvoton_DFP/Nuvoton.NuMicroM0_DFP.pdsc
Nuvoton,NuMicro M0 Family,NM1120,NM1120XC1AE,cmsis_device_name,tcl/target/numicro.cfg,not_validated,NuMicroM0_DFP,1.0.3,https://github.com/OpenNuvoton/cmsis-packs/raw/master/Nuvoton_DFP/Nuvoton.NuMicroM0_DFP.pdsc
Nuvoton,NuMicro M0 Family,NM1120,NM1120ZC1AE,cmsis_device_name,tcl/target/numicro.cfg,not_validated,NuMicroM0_DFP,1.0.3,https://github.com/OpenNuvoton/cmsis-packs/raw/master/Nuvoton_DFP/Nuvoton.NuMicroM0_DFP.pdsc
Nuvoton,NuMicro M0 Family,NM1200,NM1100FBAE,cmsis_device_name,tcl/target/numicro.cfg,not_validated,NuMicroM0_DFP,1.0.3,https://github.com/OpenNuvoton/cmsis-packs/raw/master/Nuvoton_DFP/Nuvoton.NuMicroM0_DFP.pdsc
Nuvoton,NuMicro M0 Family,NM1200,NM1100XBAE,cmsis_device_name,tcl/target/numicro.cfg,not_validated,NuMicroM0_DFP,1.0.3,https://github.com/OpenNuvoton/cmsis-packs/raw/master/Nuvoton_DFP/Nuvoton.NuMicroM0_DFP.pdsc
Nuvoton,NuMicro M0 Family,NM1200,NM1200LBAE,cmsis_device_name,tcl/target/numicro.cfg,not_validated,NuMicroM0_DFP,1.0.3,https://github.com/OpenNuvoton/cmsis-packs/raw/master/Nuvoton_DFP/Nuvoton.NuMicroM0_DFP.pdsc
Nuvoton,NuMicro M0 Family,NM1200,NM1200TBAE,cmsis_device_name,tcl/target/numicro.cfg,not_validated,NuMicroM0_DFP,1.0.3,https://github.com/OpenNuvoton/cmsis-packs/raw/master/Nuvoton_DFP/Nuvoton.NuMicroM0_DFP.pdsc
Nuvoton,NuMicro M0 Family,NM1200,NM1200ZBAE,cmsis_device_name,tcl/target/numicro.cfg,not_validated,NuMicroM0_DFP,1.0.3,https://github.com/OpenNuvoton/cmsis-packs/raw/master/Nuvoton_DFP/Nuvoton.NuMicroM0_DFP.pdsc
Nuvoton,NuMicro M0 Family,NM1230,NM1220EBK0,cmsis_device_name,tcl/target/numicro.cfg,not_validated,NuMicroM0_DFP,1.0.3,https://github.com/OpenNuvoton/cmsis-packs/raw/master/Nuvoton_DFP/Nuvoton.NuMicroM0_DFP.pdsc
Nuvoton,NuMicro M0 Family,NM1230,NM1232D,cmsis_device_name,tcl/target/numicro.cfg,not_validated,NuMicroM0_DFP,1.0.3,https://github.com/OpenNuvoton/cmsis-packs/raw/master/Nuvoton_DFP/Nuvoton.NuMicroM0_DFP.pdsc
Nuvoton,NuMicro M0 Family,NM1230,NM1232Y,cmsis_device_name,tcl/target/numicro.cfg,not_validated,NuMicroM0_DFP,1.0.3,https://github.com/OpenNuvoton/cmsis-packs/raw/master/Nuvoton_DFP/Nuvoton.NuMicroM0_DFP.pdsc
Nuvoton,NuMicro M0 Family,NM1230,NM1233D,cmsis_device_name,tcl/target/numicro.cfg,not_validated,NuMicroM0_DFP,1.0.3,https://github.com/OpenNuvoton/cmsis-packs/raw/master/Nuvoton_DFP/Nuvoton.NuMicroM0_DFP.pdsc
Nuvoton,NuMicro M0 Family,NM1230,NM1233Y,cmsis_device_name,tcl/target/numicro.cfg,not_validated,NuMicroM0_DFP,1.0.3,https://github.com/OpenNuvoton/cmsis-packs/raw/master/Nuvoton_DFP/Nuvoton.NuMicroM0_DFP.pdsc
Nuvoton,NuMicro M0 Family,NM1230,NM1234D,cmsis_device_name,tcl/target/numicro.cfg,not_validated,NuMicroM0_DFP,1.0.3,https://github.com/OpenNuvoton/cmsis-packs/raw/master/Nuvoton_DFP/Nuvoton.NuMicroM0_DFP.pdsc
Nuvoton,NuMicro M0 Family,NM1230,NM1234Y,cmsis_device_name,tcl/target/numicro.cfg,not_validated,NuMicroM0_DFP,1.0.3,https://github.com/OpenNuvoton/cmsis-packs/raw/master/Nuvoton_DFP/Nuvoton.NuMicroM0_DFP.pdsc
Nuvoton,NuMicro M0 Family,NM1230,NM18307Y,cmsis_device_name,tcl/target/numicro.cfg,not_validated,NuMicroM0_DFP,1.0.3,https://github.com/OpenNuvoton/cmsis-packs/raw/master/Nuvoton_DFP/Nuvoton.NuMicroM0_DFP.pdsc
Nuvoton,NuMicro M0 Family,NM1240,NM1243D48,cmsis_device_name,tcl/target/numicro.cfg,not_validated,NuMicroM0_DFP,1.0.3,https://github.com/OpenNuvoton/cmsis-packs/raw/master/Nuvoton_DFP/Nuvoton.NuMicroM0_DFP.pdsc
Nuvoton,NuMicro M0 Family,NM1240,NM1243Y,cmsis_device_name,tcl/target/numicro.cfg,not_validated,NuMicroM0_DFP,1.0.3,https://github.com/OpenNuvoton/cmsis-packs/raw/master/Nuvoton_DFP/Nuvoton.NuMicroM0_DFP.pdsc
Nuvoton,NuMicro M0 Family,NM1240,NM1243Y48,cmsis_device_name,tcl/target/numicro.cfg,not_validated,NuMicroM0_DFP,1.0.3,https://github.com/OpenNuvoton/cmsis-packs/raw/master/Nuvoton_DFP/Nuvoton.NuMicroM0_DFP.pdsc
Nuvoton,NuMicro M0 Family,NM1240,NM1244D48,cmsis_device_name,tcl/target/numicro.cfg,not_validated,NuMicroM0_DFP,1.0.3,https://github.com/OpenNuvoton/cmsis-packs/raw/master/Nuvoton_DFP/Nuvoton.NuMicroM0_DFP.pdsc
Nuvoton,NuMicro M0 Family,NM1240,NM1244Y,cmsis_device_name,tcl/target/numicro.cfg,not_validated,NuMicroM0_DFP,1.0.3,https://github.com/OpenNuvoton/cmsis-packs/raw/master/Nuvoton_DFP/Nuvoton.NuMicroM0_DFP.pdsc
Nuvoton,NuMicro M0 Family,NM1240,NM1244Y48,cmsis_device_name,tcl/target/numicro.cfg,not_validated,NuMicroM0_DFP,1.0.3,https://github.com/OpenNuvoton/cmsis-packs/raw/master/Nuvoton_DFP/Nuvoton.NuMicroM0_DFP.pdsc
Nuvoton,NuMicro M0 Family,NM1240,NM18402Y,cmsis_device_name,tcl/target/numicro.cfg,not_validated,NuMicroM0_DFP,1.0.3,https://github.com/OpenNuvoton/cmsis-packs/raw/master/Nuvoton_DFP/Nuvoton.NuMicroM0_DFP.pdsc
Nuvoton,NuMicro M0 Family,NM1240,NM18407SY,cmsis_device_name,tcl/target/numicro.cfg,not_validated,NuMicroM0_DFP,1.0.3,https://github.com/OpenNuvoton/cmsis-packs/raw/master/Nuvoton_DFP/Nuvoton.NuMicroM0_DFP.pdsc
Nuvoton,NuMicro M0 Family,NM1240,NM18407Y,cmsis_device_name,tcl/target/numicro.cfg,not_validated,NuMicroM0_DFP,1.0.3,https://github.com/OpenNuvoton/cmsis-packs/raw/master/Nuvoton_DFP/Nuvoton.NuMicroM0_DFP.pdsc
Nuvoton,NuMicro M0 Family,NM1240,NM18440D,cmsis_device_name,tcl/target/numicro.cfg,not_validated,NuMicroM0_DFP,1.0.3,https://github.com/OpenNuvoton/cmsis-packs/raw/master/Nuvoton_DFP/Nuvoton.NuMicroM0_DFP.pdsc
Nuvoton,NuMicro M0 Family,NM1320,NM1320LC2AE,cmsis_device_name,tcl/target/numicro.cfg,not_validated,NuMicroM0_DFP,1.0.3,https://github.com/OpenNuvoton/cmsis-packs/raw/master/Nuvoton_DFP/Nuvoton.NuMicroM0_DFP.pdsc
Nuvoton,NuMicro M0 Family,NM1330,NM1330LC1AE,cmsis_device_name,tcl/target/numicro.cfg,not_validated,NuMicroM0_DFP,1.0.3,https://github.com/OpenNuvoton/cmsis-packs/raw/master/Nuvoton_DFP/Nuvoton.NuMicroM0_DFP.pdsc
Nuvoton,NuMicro M0 Family,NM1330,NM1330LD2AE,cmsis_device_name,tcl/target/numicro.cfg,not_validated,NuMicroM0_DFP,1.0.3,https://github.com/OpenNuvoton/cmsis-packs/raw/master/Nuvoton_DFP/Nuvoton.NuMicroM0_DFP.pdsc
Nuvoton,NuMicro M0 Family,NM1500,NM1510LC1AE,cmsis_device_name,tcl/target/numicro.cfg,not_validated,NuMicroM0_DFP,1.0.3,https://github.com/OpenNuvoton/cmsis-packs/raw/master/Nuvoton_DFP/Nuvoton.NuMicroM0_DFP.pdsc
Nuvoton,NuMicro M0 Family,NM1500,NM1520LC2AE,cmsis_device_name,tcl/target/numicro.cfg,not_validated,NuMicroM0_DFP,1.0.3,https://github.com/OpenNuvoton/cmsis-packs/raw/master/Nuvoton_DFP/Nuvoton.NuMicroM0_DFP.pdsc
Nuvoton,NuMicro M0 Family,NM1500,NM1520LD2AE,cmsis_device_name,tcl/target/numicro.cfg,not_validated,NuMicroM0_DFP,1.0.3,https://github.com/OpenNuvoton/cmsis-packs/raw/master/Nuvoton_DFP/Nuvoton.NuMicroM0_DFP.pdsc
Nuvoton,NuMicro M0 Family,NM1500,NM1520RC2AE,cmsis_device_name,tcl/target/numicro.cfg,not_validated,NuMicroM0_DFP,1.0.3,https://github.com/OpenNuvoton/cmsis-packs/raw/master/Nuvoton_DFP/Nuvoton.NuMicroM0_DFP.pdsc
Nuvoton,NuMicro M0 Family,NM1500,NM1520RD2AE,cmsis_device_name,tcl/target/numicro.cfg,not_validated,NuMicroM0_DFP,1.0.3,https://github.com/OpenNuvoton/cmsis-packs/raw/master/Nuvoton_DFP/Nuvoton.NuMicroM0_DFP.pdsc
Nuvoton,NuMicro M0 Family,NM1500,NM1530LE3AE,cmsis_device_name,tcl/target/numicro.cfg,not_validated,NuMicroM0_DFP,1.0.3,https://github.com/OpenNuvoton/cmsis-packs/raw/master/Nuvoton_DFP/Nuvoton.NuMicroM0_DFP.pdsc
Nuvoton,NuMicro M0 Family,NM1500,NM1530VD3AE,cmsis_device_name,tcl/target/numicro.cfg,not_validated,NuMicroM0_DFP,1.0.3,https://github.com/OpenNuvoton/cmsis-packs/raw/master/Nuvoton_DFP/Nuvoton.NuMicroM0_DFP.pdsc
Nuvoton,NuMicro M0 Family,NM1500,NM1530VE3AE,cmsis_device_name,tcl/target/numicro.cfg,not_validated,NuMicroM0_DFP,1.0.3,https://github.com/OpenNuvoton/cmsis-packs/raw/master/Nuvoton_DFP/Nuvoton.NuMicroM0_DFP.pdsc
Nuvoton,NuMicro M0 Family,NM1810,NM18100Y,cmsis_device_name,tcl/target/numicro.cfg,not_validated,NuMicroM0_DFP,1.0.3,https://github.com/OpenNuvoton/cmsis-packs/raw/master/Nuvoton_DFP/Nuvoton.NuMicroM0_DFP.pdsc
Nuvoton,NuMicro M0 Family,NM1810,NM18101Y,cmsis_device_name,tcl/target/numicro.cfg,not_validated,NuMicroM0_DFP,1.0.3,https://github.com/OpenNuvoton/cmsis-packs/raw/master/Nuvoton_DFP/Nuvoton.NuMicroM0_DFP.pdsc
Nuvoton,NuMicro M0 Family,NM1810,NM18105Y,cmsis_device_name,tcl/target/numicro.cfg,not_validated,NuMicroM0_DFP,1.0.3,https://github.com/OpenNuvoton/cmsis-packs/raw/master/Nuvoton_DFP/Nuvoton.NuMicroM0_DFP.pdsc
Nuvoton,NuMicro M0 Family,NM1810,NM18107Y,cmsis_device_name,tcl/target/numicro.cfg,not_validated,NuMicroM0_DFP,1.0.3,https://github.com/OpenNuvoton/cmsis-packs/raw/master/Nuvoton_DFP/Nuvoton.NuMicroM0_DFP.pdsc
Nuvoton,NuMicro M0 Family,NM1810,NM1817NT,cmsis_device_name,tcl/target/numicro.cfg,not_validated,NuMicroM0_DFP,1.0.3,https://github.com/OpenNuvoton/cmsis-packs/raw/master/Nuvoton_DFP/Nuvoton.NuMicroM0_DFP.pdsc
Nuvoton,NuMicro M0 Family,NM1820,NM18200D,cmsis_device_name,tcl/target/numicro.cfg,not_validated,NuMicroM0_DFP,1.0.3,https://github.com/OpenNuvoton/cmsis-packs/raw/master/Nuvoton_DFP/Nuvoton.NuMicroM0_DFP.pdsc
Nuvoton,NuMicro M0 Family,NM1820,NM18200S,cmsis_device_name,tcl/target/numicro.cfg,not_validated,NuMicroM0_DFP,1.0.3,https://github.com/OpenNuvoton/cmsis-packs/raw/master/Nuvoton_DFP/Nuvoton.NuMicroM0_DFP.pdsc
Nuvoton,NuMicro M0 Family,NM1820,NM18200Y,cmsis_device_name,tcl/target/numicro.cfg,not_validated,NuMicroM0_DFP,1.0.3,https://github.com/OpenNuvoton/cmsis-packs/raw/master/Nuvoton_DFP/Nuvoton.NuMicroM0_DFP.pdsc
Nuvoton,NuMicro M0 Family,NM1820,NM18201S,cmsis_device_name,tcl/target/numicro.cfg,not_validated,NuMicroM0_DFP,1.0.3,https://github.com/OpenNuvoton/cmsis-packs/raw/master/Nuvoton_DFP/Nuvoton.NuMicroM0_DFP.pdsc
Nuvoton,NuMicro M0 Family,NM1820,NM18201Y,cmsis_device_name,tcl/target/numicro.cfg,not_validated,NuMicroM0_DFP,1.0.3,https://github.com/OpenNuvoton/cmsis-packs/raw/master/Nuvoton_DFP/Nuvoton.NuMicroM0_DFP.pdsc
Nuvoton,NuMicro M0 Family,NM1820,NM18202S,cmsis_device_name,tcl/target/numicro.cfg,not_validated,NuMicroM0_DFP,1.0.3,https://github.com/OpenNuvoton/cmsis-packs/raw/master/Nuvoton_DFP/Nuvoton.NuMicroM0_DFP.pdsc
Nuvoton,NuMicro M0 Family,NM1820,NM18202Y,cmsis_device_name,tcl/target/numicro.cfg,not_validated,NuMicroM0_DFP,1.0.3,https://github.com/OpenNuvoton/cmsis-packs/raw/master/Nuvoton_DFP/Nuvoton.NuMicroM0_DFP.pdsc
Nuvoton,NuMicro M0 Family,NM1820,NM1820ZB0AE,cmsis_device_name,tcl/target/numicro.cfg,not_validated,NuMicroM0_DFP,1.0.3,https://github.com/OpenNuvoton/cmsis-packs/raw/master/Nuvoton_DFP/Nuvoton.NuMicroM0_DFP.pdsc
Nuvoton,NuMicro M0 Family,NUC029AE,NUC029FAE,cmsis_device_name,tcl/target/numicro.cfg,not_validated,NuMicroM0_DFP,1.0.3,https://github.com/OpenNuvoton/cmsis-packs/raw/master/Nuvoton_DFP/Nuvoton.NuMicroM0_DFP.pdsc
Nuvoton,NuMicro M0 Family,NUC029AN,NUC029LAN,cmsis_device_name,tcl/target/numicro.cfg,not_validated,NuMicroM0_DFP,1.0.3,https://github.com/OpenNuvoton/cmsis-packs/raw/master/Nuvoton_DFP/Nuvoton.NuMicroM0_DFP.pdsc
Nuvoton,NuMicro M0 Family,NUC029AN,NUC029NAN,cmsis_device_name,tcl/target/numicro.cfg,not_validated,NuMicroM0_DFP,1.0.3,https://github.com/OpenNuvoton/cmsis-packs/raw/master/Nuvoton_DFP/Nuvoton.NuMicroM0_DFP.pdsc
Nuvoton,NuMicro M0 Family,NUC029AN,NUC029TAE,cmsis_device_name,tcl/target/numicro.cfg,not_validated,NuMicroM0_DFP,1.0.3,https://github.com/OpenNuvoton/cmsis-packs/raw/master/Nuvoton_DFP/Nuvoton.NuMicroM0_DFP.pdsc
Nuvoton,NuMicro M0 Family,NUC029AN,NUC029TAN,cmsis_device_name,tcl/target/numicro.cfg,not_validated,NuMicroM0_DFP,1.0.3,https://github.com/OpenNuvoton/cmsis-packs/raw/master/Nuvoton_DFP/Nuvoton.NuMicroM0_DFP.pdsc
Nuvoton,NuMicro M0 Family,NUC029AN,NUC029ZAN,cmsis_device_name,tcl/target/numicro.cfg,not_validated,NuMicroM0_DFP,1.0.3,https://github.com/OpenNuvoton/cmsis-packs/raw/master/Nuvoton_DFP/Nuvoton.NuMicroM0_DFP.pdsc
Nuvoton,NuMicro M0 Family,NUC029DE,NUC029LDE,cmsis_device_name,tcl/target/numicro.cfg,not_validated,NuMicroM0_DFP,1.0.3,https://github.com/OpenNuvoton/cmsis-packs/raw/master/Nuvoton_DFP/Nuvoton.NuMicroM0_DFP.pdsc
Nuvoton,NuMicro M0 Family,NUC029DE,NUC029SDE,cmsis_device_name,tcl/target/numicro.cfg,not_validated,NuMicroM0_DFP,1.0.3,https://github.com/OpenNuvoton/cmsis-packs/raw/master/Nuvoton_DFP/Nuvoton.NuMicroM0_DFP.pdsc
Nuvoton,NuMicro M0 Family,NUC029EE,NUC029LEE,cmsis_device_name,tcl/target/numicro.cfg,not_validated,NuMicroM0_DFP,1.0.3,https://github.com/OpenNuvoton/cmsis-packs/raw/master/Nuvoton_DFP/Nuvoton.NuMicroM0_DFP.pdsc
Nuvoton,NuMicro M0 Family,NUC029EE,NUC029SEE,cmsis_device_name,tcl/target/numicro.cfg,not_validated,NuMicroM0_DFP,1.0.3,https://github.com/OpenNuvoton/cmsis-packs/raw/master/Nuvoton_DFP/Nuvoton.NuMicroM0_DFP.pdsc
Nuvoton,NuMicro M0 Family,NUC029GE,NUC029KGE,cmsis_device_name,tcl/target/numicro.cfg,not_validated,NuMicroM0_DFP,1.0.3,https://github.com/OpenNuvoton/cmsis-packs/raw/master/Nuvoton_DFP/Nuvoton.NuMicroM0_DFP.pdsc
Nuvoton,NuMicro M0 Family,NUC029GE,NUC029LGE,cmsis_device_name,tcl/target/numicro.cfg,not_validated,NuMicroM0_DFP,1.0.3,https://github.com/OpenNuvoton/cmsis-packs/raw/master/Nuvoton_DFP/Nuvoton.NuMicroM0_DFP.pdsc
Nuvoton,NuMicro M0 Family,NUC029GE,NUC029SGE,cmsis_device_name,tcl/target/numicro.cfg,not_validated,NuMicroM0_DFP,1.0.3,https://github.com/OpenNuvoton/cmsis-packs/raw/master/Nuvoton_DFP/Nuvoton.NuMicroM0_DFP.pdsc
Nuvoton,NuMicro M0 Family,NUC100,NUC100LC1BN,cmsis_device_name,tcl/target/numicro.cfg,not_validated,NuMicroM0_DFP,1.0.3,https://github.com/OpenNuvoton/cmsis-packs/raw/master/Nuvoton_DFP/Nuvoton.NuMicroM0_DFP.pdsc
Nuvoton,NuMicro M0 Family,NUC100,NUC100LC1DN,cmsis_device_name,tcl/target/numicro.cfg,not_validated,NuMicroM0_DFP,1.0.3,https://github.com/OpenNuvoton/cmsis-packs/raw/master/Nuvoton_DFP/Nuvoton.NuMicroM0_DFP.pdsc
Nuvoton,NuMicro M0 Family,NUC100,NUC100LD1BN,cmsis_device_name,tcl/target/numicro.cfg,not_validated,NuMicroM0_DFP,1.0.3,https://github.com/OpenNuvoton/cmsis-packs/raw/master/Nuvoton_DFP/Nuvoton.NuMicroM0_DFP.pdsc
Nuvoton,NuMicro M0 Family,NUC100,NUC100LD1DN,cmsis_device_name,tcl/target/numicro.cfg,not_validated,NuMicroM0_DFP,1.0.3,https://github.com/OpenNuvoton/cmsis-packs/raw/master/Nuvoton_DFP/Nuvoton.NuMicroM0_DFP.pdsc
Nuvoton,NuMicro M0 Family,NUC100,NUC100LD2BN,cmsis_device_name,tcl/target/numicro.cfg,not_validated,NuMicroM0_DFP,1.0.3,https://github.com/OpenNuvoton/cmsis-packs/raw/master/Nuvoton_DFP/Nuvoton.NuMicroM0_DFP.pdsc
Nuvoton,NuMicro M0 Family,NUC100,NUC100LD2DN,cmsis_device_name,tcl/target/numicro.cfg,not_validated,NuMicroM0_DFP,1.0.3,https://github.com/OpenNuvoton/cmsis-packs/raw/master/Nuvoton_DFP/Nuvoton.NuMicroM0_DFP.pdsc
Nuvoton,NuMicro M0 Family,NUC100,NUC100LD3AN,cmsis_device_name,tcl/target/numicro.cfg,not_validated,NuMicroM0_DFP,1.0.3,https://github.com/OpenNuvoton/cmsis-packs/raw/master/Nuvoton_DFP/Nuvoton.NuMicroM0_DFP.pdsc
Nuvoton,NuMicro M0 Family,NUC100,NUC100LD3DN,cmsis_device_name,tcl/target/numicro.cfg,not_validated,NuMicroM0_DFP,1.0.3,https://github.com/OpenNuvoton/cmsis-packs/raw/master/Nuvoton_DFP/Nuvoton.NuMicroM0_DFP.pdsc
Nuvoton,NuMicro M0 Family,NUC100,NUC100LE3AN,cmsis_device_name,tcl/target/numicro.cfg,not_validated,NuMicroM0_DFP,1.0.3,https://github.com/OpenNuvoton/cmsis-packs/raw/master/Nuvoton_DFP/Nuvoton.NuMicroM0_DFP.pdsc
Nuvoton,NuMicro M0 Family,NUC100,NUC100LE3DN,cmsis_device_name,tcl/target/numicro.cfg,not_validated,NuMicroM0_DFP,1.0.3,https://github.com/OpenNuvoton/cmsis-packs/raw/master/Nuvoton_DFP/Nuvoton.NuMicroM0_DFP.pdsc
Nuvoton,NuMicro M0 Family,NUC100,NUC100RC1BN,cmsis_device_name,tcl/target/numicro.cfg,not_validated,NuMicroM0_DFP,1.0.3,https://github.com/OpenNuvoton/cmsis-packs/raw/master/Nuvoton_DFP/Nuvoton.NuMicroM0_DFP.pdsc
Nuvoton,NuMicro M0 Family,NUC100,NUC100RC1DN,cmsis_device_name,tcl/target/numicro.cfg,not_validated,NuMicroM0_DFP,1.0.3,https://github.com/OpenNuvoton/cmsis-packs/raw/master/Nuvoton_DFP/Nuvoton.NuMicroM0_DFP.pdsc
Nuvoton,NuMicro M0 Family,NUC100,NUC100RD1BN,cmsis_device_name,tcl/target/numicro.cfg,not_validated,NuMicroM0_DFP,1.0.3,https://github.com/OpenNuvoton/cmsis-packs/raw/master/Nuvoton_DFP/Nuvoton.NuMicroM0_DFP.pdsc
Nuvoton,NuMicro M0 Family,NUC100,NUC100RD1DN,cmsis_device_name,tcl/target/numicro.cfg,not_validated,NuMicroM0_DFP,1.0.3,https://github.com/OpenNuvoton/cmsis-packs/raw/master/Nuvoton_DFP/Nuvoton.NuMicroM0_DFP.pdsc
Nuvoton,NuMicro M0 Family,NUC100,NUC100RD2BN,cmsis_device_name,tcl/target/numicro.cfg,not_validated,NuMicroM0_DFP,1.0.3,https://github.com/OpenNuvoton/cmsis-packs/raw/master/Nuvoton_DFP/Nuvoton.NuMicroM0_DFP.pdsc
Nuvoton,NuMicro M0 Family,NUC100,NUC100RD2DN,cmsis_device_name,tcl/target/numicro.cfg,not_validated,NuMicroM0_DFP,1.0.3,https://github.com/OpenNuvoton/cmsis-packs/raw/master/Nuvoton_DFP/Nuvoton.NuMicroM0_DFP.pdsc
Nuvoton,NuMicro M0 Family,NUC100,NUC100RD3AN,cmsis_device_name,tcl/target/numicro.cfg,not_validated,NuMicroM0_DFP,1.0.3,https://github.com/OpenNuvoton/cmsis-packs/raw/master/Nuvoton_DFP/Nuvoton.NuMicroM0_DFP.pdsc
Nuvoton,NuMicro M0 Family,NUC100,NUC100RD3DN,cmsis_device_name,tcl/target/numicro.cfg,not_validated,NuMicroM0_DFP,1.0.3,https://github.com/OpenNuvoton/cmsis-packs/raw/master/Nuvoton_DFP/Nuvoton.NuMicroM0_DFP.pdsc
Nuvoton,NuMicro M0 Family,NUC100,NUC100RE3AN,cmsis_device_name,tcl/target/numicro.cfg,not_validated,NuMicroM0_DFP,1.0.3,https://github.com/OpenNuvoton/cmsis-packs/raw/master/Nuvoton_DFP/Nuvoton.NuMicroM0_DFP.pdsc
Nuvoton,NuMicro M0 Family,NUC100,NUC100RE3DN,cmsis_device_name,tcl/target/numicro.cfg,not_validated,NuMicroM0_DFP,1.0.3,https://github.com/OpenNuvoton/cmsis-packs/raw/master/Nuvoton_DFP/Nuvoton.NuMicroM0_DFP.pdsc
Nuvoton,NuMicro M0 Family,NUC100,NUC100VD2AN,cmsis_device_name,tcl/target/numicro.cfg,not_validated,NuMicroM0_DFP,1.0.3,https://github.com/OpenNuvoton/cmsis-packs/raw/master/Nuvoton_DFP/Nuvoton.NuMicroM0_DFP.pdsc
Nuvoton,NuMicro M0 Family,NUC100,NUC100VD2DN,cmsis_device_name,tcl/target/numicro.cfg,not_validated,NuMicroM0_DFP,1.0.3,https://github.com/OpenNuvoton/cmsis-packs/raw/master/Nuvoton_DFP/Nuvoton.NuMicroM0_DFP.pdsc
Nuvoton,NuMicro M0 Family,NUC100,NUC100VD3AN,cmsis_device_name,tcl/target/numicro.cfg,not_validated,NuMicroM0_DFP,1.0.3,https://github.com/OpenNuvoton/cmsis-packs/raw/master/Nuvoton_DFP/Nuvoton.NuMicroM0_DFP.pdsc
Nuvoton,NuMicro M0 Family,NUC100,NUC100VD3DN,cmsis_device_name,tcl/target/numicro.cfg,not_validated,NuMicroM0_DFP,1.0.3,https://github.com/OpenNuvoton/cmsis-packs/raw/master/Nuvoton_DFP/Nuvoton.NuMicroM0_DFP.pdsc
Nuvoton,NuMicro M0 Family,NUC100,NUC100VE3AN,cmsis_device_name,tcl/target/numicro.cfg,not_validated,NuMicroM0_DFP,1.0.3,https://github.com/OpenNuvoton/cmsis-packs/raw/master/Nuvoton_DFP/Nuvoton.NuMicroM0_DFP.pdsc
Nuvoton,NuMicro M0 Family,NUC100,NUC100VE3DE,cmsis_device_name,tcl/target/numicro.cfg,not_validated,NuMicroM0_DFP,1.0.3,https://github.com/OpenNuvoton/cmsis-packs/raw/master/Nuvoton_DFP/Nuvoton.NuMicroM0_DFP.pdsc
Nuvoton,NuMicro M0 Family,NUC100,NUC100VE3DN,cmsis_device_name,tcl/target/numicro.cfg,not_validated,NuMicroM0_DFP,1.0.3,https://github.com/OpenNuvoton/cmsis-packs/raw/master/Nuvoton_DFP/Nuvoton.NuMicroM0_DFP.pdsc
Nuvoton,NuMicro M0 Family,NUC100,NUC120LC1BN,cmsis_device_name,tcl/target/numicro.cfg,not_validated,NuMicroM0_DFP,1.0.3,https://github.com/OpenNuvoton/cmsis-packs/raw/master/Nuvoton_DFP/Nuvoton.NuMicroM0_DFP.pdsc
Nuvoton,NuMicro M0 Family,NUC100,NUC120LC1DN,cmsis_device_name,tcl/target/numicro.cfg,not_validated,NuMicroM0_DFP,1.0.3,https://github.com/OpenNuvoton/cmsis-packs/raw/master/Nuvoton_DFP/Nuvoton.NuMicroM0_DFP.pdsc
Nuvoton,NuMicro M0 Family,NUC100,NUC120LD1BN,cmsis_device_name,tcl/target/numicro.cfg,not_validated,NuMicroM0_DFP,1.0.3,https://github.com/OpenNuvoton/cmsis-packs/raw/master/Nuvoton_DFP/Nuvoton.NuMicroM0_DFP.pdsc
Nuvoton,NuMicro M0 Family,NUC100,NUC120LD1DN,cmsis_device_name,tcl/target/numicro.cfg,not_validated,NuMicroM0_DFP,1.0.3,https://github.com/OpenNuvoton/cmsis-packs/raw/master/Nuvoton_DFP/Nuvoton.NuMicroM0_DFP.pdsc
Nuvoton,NuMicro M0 Family,NUC100,NUC120LD2BN,cmsis_device_name,tcl/target/numicro.cfg,not_validated,NuMicroM0_DFP,1.0.3,https://github.com/OpenNuvoton/cmsis-packs/raw/master/Nuvoton_DFP/Nuvoton.NuMicroM0_DFP.pdsc
Nuvoton,NuMicro M0 Family,NUC100,NUC120LD2DE,cmsis_device_name,tcl/target/numicro.cfg,not_validated,NuMicroM0_DFP,1.0.3,https://github.com/OpenNuvoton/cmsis-packs/raw/master/Nuvoton_DFP/Nuvoton.NuMicroM0_DFP.pdsc
Nuvoton,NuMicro M0 Family,NUC100,NUC120LD2DN,cmsis_device_name,tcl/target/numicro.cfg,not_validated,NuMicroM0_DFP,1.0.3,https://github.com/OpenNuvoton/cmsis-packs/raw/master/Nuvoton_DFP/Nuvoton.NuMicroM0_DFP.pdsc
Nuvoton,NuMicro M0 Family,NUC100,NUC120LD3AN,cmsis_device_name,tcl/target/numicro.cfg,not_validated,NuMicroM0_DFP,1.0.3,https://github.com/OpenNuvoton/cmsis-packs/raw/master/Nuvoton_DFP/Nuvoton.NuMicroM0_DFP.pdsc
Nuvoton,NuMicro M0 Family,NUC100,NUC120LD3DN,cmsis_device_name,tcl/target/numicro.cfg,not_validated,NuMicroM0_DFP,1.0.3,https://github.com/OpenNuvoton/cmsis-packs/raw/master/Nuvoton_DFP/Nuvoton.NuMicroM0_DFP.pdsc
Nuvoton,NuMicro M0 Family,NUC100,NUC120LE3AN,cmsis_device_name,tcl/target/numicro.cfg,not_validated,NuMicroM0_DFP,1.0.3,https://github.com/OpenNuvoton/cmsis-packs/raw/master/Nuvoton_DFP/Nuvoton.NuMicroM0_DFP.pdsc
Nuvoton,NuMicro M0 Family,NUC100,NUC120LE3DN,cmsis_device_name,tcl/target/numicro.cfg,not_validated,NuMicroM0_DFP,1.0.3,https://github.com/OpenNuvoton/cmsis-packs/raw/master/Nuvoton_DFP/Nuvoton.NuMicroM0_DFP.pdsc
Nuvoton,NuMicro M0 Family,NUC100,NUC120RC1BN,cmsis_device_name,tcl/target/numicro.cfg,not_validated,NuMicroM0_DFP,1.0.3,https://github.com/OpenNuvoton/cmsis-packs/raw/master/Nuvoton_DFP/Nuvoton.NuMicroM0_DFP.pdsc
Nuvoton,NuMicro M0 Family,NUC100,NUC120RC1DN,cmsis_device_name,tcl/target/numicro.cfg,not_validated,NuMicroM0_DFP,1.0.3,https://github.com/OpenNuvoton/cmsis-packs/raw/master/Nuvoton_DFP/Nuvoton.NuMicroM0_DFP.pdsc
Nuvoton,NuMicro M0 Family,NUC100,NUC120RD1BN,cmsis_device_name,tcl/target/numicro.cfg,not_validated,NuMicroM0_DFP,1.0.3,https://github.com/OpenNuvoton/cmsis-packs/raw/master/Nuvoton_DFP/Nuvoton.NuMicroM0_DFP.pdsc
Nuvoton,NuMicro M0 Family,NUC100,NUC120RD1DN,cmsis_device_name,tcl/target/numicro.cfg,not_validated,NuMicroM0_DFP,1.0.3,https://github.com/OpenNuvoton/cmsis-packs/raw/master/Nuvoton_DFP/Nuvoton.NuMicroM0_DFP.pdsc
Nuvoton,NuMicro M0 Family,NUC100,NUC120RD2BN,cmsis_device_name,tcl/target/numicro.cfg,not_validated,NuMicroM0_DFP,1.0.3,https://github.com/OpenNuvoton/cmsis-packs/raw/master/Nuvoton_DFP/Nuvoton.NuMicroM0_DFP.pdsc
Nuvoton,NuMicro M0 Family,NUC100,NUC120RD2DN,cmsis_device_name,tcl/target/numicro.cfg,not_validated,NuMicroM0_DFP,1.0.3,https://github.com/OpenNuvoton/cmsis-packs/raw/master/Nuvoton_DFP/Nuvoton.NuMicroM0_DFP.pdsc
Nuvoton,NuMicro M0 Family,NUC100,NUC120RD3AN,cmsis_device_name,tcl/target/numicro.cfg,not_validated,NuMicroM0_DFP,1.0.3,https://github.com/OpenNuvoton/cmsis-packs/raw/master/Nuvoton_DFP/Nuvoton.NuMicroM0_DFP.pdsc
Nuvoton,NuMicro M0 Family,NUC100,NUC120RD3DN,cmsis_device_name,tcl/target/numicro.cfg,not_validated,NuMicroM0_DFP,1.0.3,https://github.com/OpenNuvoton/cmsis-packs/raw/master/Nuvoton_DFP/Nuvoton.NuMicroM0_DFP.pdsc
Nuvoton,NuMicro M0 Family,NUC100,NUC120RE3AN,cmsis_device_name,tcl/target/numicro.cfg,not_validated,NuMicroM0_DFP,1.0.3,https://github.com/OpenNuvoton/cmsis-packs/raw/master/Nuvoton_DFP/Nuvoton.NuMicroM0_DFP.pdsc
Nuvoton,NuMicro M0 Family,NUC100,NUC120RE3DN,cmsis_device_name,tcl/target/numicro.cfg,not_validated,NuMicroM0_DFP,1.0.3,https://github.com/OpenNuvoton/cmsis-packs/raw/master/Nuvoton_DFP/Nuvoton.NuMicroM0_DFP.pdsc
Nuvoton,NuMicro M0 Family,NUC100,NUC120VD2AN,cmsis_device_name,tcl/target/numicro.cfg,not_validated,NuMicroM0_DFP,1.0.3,https://github.com/OpenNuvoton/cmsis-packs/raw/master/Nuvoton_DFP/Nuvoton.NuMicroM0_DFP.pdsc
Nuvoton,NuMicro M0 Family,NUC100,NUC120VD2DN,cmsis_device_name,tcl/target/numicro.cfg,not_validated,NuMicroM0_DFP,1.0.3,https://github.com/OpenNuvoton/cmsis-packs/raw/master/Nuvoton_DFP/Nuvoton.NuMicroM0_DFP.pdsc
Nuvoton,NuMicro M0 Family,NUC100,NUC120VD3AN,cmsis_device_name,tcl/target/numicro.cfg,not_validated,NuMicroM0_DFP,1.0.3,https://github.com/OpenNuvoton/cmsis-packs/raw/master/Nuvoton_DFP/Nuvoton.NuMicroM0_DFP.pdsc
Nuvoton,NuMicro M0 Family,NUC100,NUC120VD3DN,cmsis_device_name,tcl/target/numicro.cfg,not_validated,NuMicroM0_DFP,1.0.3,https://github.com/OpenNuvoton/cmsis-packs/raw/master/Nuvoton_DFP/Nuvoton.NuMicroM0_DFP.pdsc
Nuvoton,NuMicro M0 Family,NUC100,NUC120VE3AN,cmsis_device_name,tcl/target/numicro.cfg,not_validated,NuMicroM0_DFP,1.0.3,https://github.com/OpenNuvoton/cmsis-packs/raw/master/Nuvoton_DFP/Nuvoton.NuMicroM0_DFP.pdsc
Nuvoton,NuMicro M0 Family,NUC100,NUC120VE3DN,cmsis_device_name,tcl/target/numicro.cfg,not_validated,NuMicroM0_DFP,1.0.3,https://github.com/OpenNuvoton/cmsis-packs/raw/master/Nuvoton_DFP/Nuvoton.NuMicroM0_DFP.pdsc
Nuvoton,NuMicro M0 Family,NUC100,NUC130LC1CN,cmsis_device_name,tcl/target/numicro.cfg,not_validated,NuMicroM0_DFP,1.0.3,https://github.com/OpenNuvoton/cmsis-packs/raw/master/Nuvoton_DFP/Nuvoton.NuMicroM0_DFP.pdsc
Nuvoton,NuMicro M0 Family,NUC100,NUC130LD2CN,cmsis_device_name,tcl/target/numicro.cfg,not_validated,NuMicroM0_DFP,1.0.3,https://github.com/OpenNuvoton/cmsis-packs/raw/master/Nuvoton_DFP/Nuvoton.NuMicroM0_DFP.pdsc
Nuvoton,NuMicro M0 Family,NUC100,NUC130LE3CN,cmsis_device_name,tcl/target/numicro.cfg,not_validated,NuMicroM0_DFP,1.0.3,https://github.com/OpenNuvoton/cmsis-packs/raw/master/Nuvoton_DFP/Nuvoton.NuMicroM0_DFP.pdsc
Nuvoton,NuMicro M0 Family,NUC100,NUC130RC1CN,cmsis_device_name,tcl/target/numicro.cfg,not_validated,NuMicroM0_DFP,1.0.3,https://github.com/OpenNuvoton/cmsis-packs/raw/master/Nuvoton_DFP/Nuvoton.NuMicroM0_DFP.pdsc
Nuvoton,NuMicro M0 Family,NUC100,NUC130RD2CN,cmsis_device_name,tcl/target/numicro.cfg,not_validated,NuMicroM0_DFP,1.0.3,https://github.com/OpenNuvoton/cmsis-packs/raw/master/Nuvoton_DFP/Nuvoton.NuMicroM0_DFP.pdsc
Nuvoton,NuMicro M0 Family,NUC100,NUC130RE3CN,cmsis_device_name,tcl/target/numicro.cfg,not_validated,NuMicroM0_DFP,1.0.3,https://github.com/OpenNuvoton/cmsis-packs/raw/master/Nuvoton_DFP/Nuvoton.NuMicroM0_DFP.pdsc
Nuvoton,NuMicro M0 Family,NUC100,NUC130VE3CN,cmsis_device_name,tcl/target/numicro.cfg,not_validated,NuMicroM0_DFP,1.0.3,https://github.com/OpenNuvoton/cmsis-packs/raw/master/Nuvoton_DFP/Nuvoton.NuMicroM0_DFP.pdsc
Nuvoton,NuMicro M0 Family,NUC100,NUC140LC1CN,cmsis_device_name,tcl/target/numicro.cfg,not_validated,NuMicroM0_DFP,1.0.3,https://github.com/OpenNuvoton/cmsis-packs/raw/master/Nuvoton_DFP/Nuvoton.NuMicroM0_DFP.pdsc
Nuvoton,NuMicro M0 Family,NUC100,NUC140LD2CN,cmsis_device_name,tcl/target/numicro.cfg,not_validated,NuMicroM0_DFP,1.0.3,https://github.com/OpenNuvoton/cmsis-packs/raw/master/Nuvoton_DFP/Nuvoton.NuMicroM0_DFP.pdsc
Nuvoton,NuMicro M0 Family,NUC100,NUC140LE3CN,cmsis_device_name,tcl/target/numicro.cfg,not_validated,NuMicroM0_DFP,1.0.3,https://github.com/OpenNuvoton/cmsis-packs/raw/master/Nuvoton_DFP/Nuvoton.NuMicroM0_DFP.pdsc
Nuvoton,NuMicro M0 Family,NUC100,NUC140RC1CN,cmsis_device_name,tcl/target/numicro.cfg,not_validated,NuMicroM0_DFP,1.0.3,https://github.com/OpenNuvoton/cmsis-packs/raw/master/Nuvoton_DFP/Nuvoton.NuMicroM0_DFP.pdsc
Nuvoton,NuMicro M0 Family,NUC100,NUC140RD2CN,cmsis_device_name,tcl/target/numicro.cfg,not_validated,NuMicroM0_DFP,1.0.3,https://github.com/OpenNuvoton/cmsis-packs/raw/master/Nuvoton_DFP/Nuvoton.NuMicroM0_DFP.pdsc
Nuvoton,NuMicro M0 Family,NUC100,NUC140RE3CN,cmsis_device_name,tcl/target/numicro.cfg,not_validated,NuMicroM0_DFP,1.0.3,https://github.com/OpenNuvoton/cmsis-packs/raw/master/Nuvoton_DFP/Nuvoton.NuMicroM0_DFP.pdsc
Nuvoton,NuMicro M0 Family,NUC100,NUC140VE3CN,cmsis_device_name,tcl/target/numicro.cfg,not_validated,NuMicroM0_DFP,1.0.3,https://github.com/OpenNuvoton/cmsis-packs/raw/master/Nuvoton_DFP/Nuvoton.NuMicroM0_DFP.pdsc
Nuvoton,NuMicro M0 Family,NUC121,NUC121LC2AE,cmsis_device_name,tcl/target/numicro.cfg,not_validated,NuMicroM0_DFP,1.0.3,https://github.com/OpenNuvoton/cmsis-packs/raw/master/Nuvoton_DFP/Nuvoton.NuMicroM0_DFP.pdsc
Nuvoton,NuMicro M0 Family,NUC121,NUC121SC2AE,cmsis_device_name,tcl/target/numicro.cfg,not_validated,NuMicroM0_DFP,1.0.3,https://github.com/OpenNuvoton/cmsis-packs/raw/master/Nuvoton_DFP/Nuvoton.NuMicroM0_DFP.pdsc
Nuvoton,NuMicro M0 Family,NUC121,NUC121WC2AE,cmsis_device_name,tcl/target/numicro.cfg,not_validated,NuMicroM0_DFP,1.0.3,https://github.com/OpenNuvoton/cmsis-packs/raw/master/Nuvoton_DFP/Nuvoton.NuMicroM0_DFP.pdsc
Nuvoton,NuMicro M0 Family,NUC121,NUC121Y25CN,cmsis_device_name,tcl/target/numicro.cfg,not_validated,NuMicroM0_DFP,1.0.3,https://github.com/OpenNuvoton/cmsis-packs/raw/master/Nuvoton_DFP/Nuvoton.NuMicroM0_DFP.pdsc
Nuvoton,NuMicro M0 Family,NUC121,NUC121ZC2AE,cmsis_device_name,tcl/target/numicro.cfg,not_validated,NuMicroM0_DFP,1.0.3,https://github.com/OpenNuvoton/cmsis-packs/raw/master/Nuvoton_DFP/Nuvoton.NuMicroM0_DFP.pdsc
Nuvoton,NuMicro M0 Family,NUC121,NUC125LC2AE,cmsis_device_name,tcl/target/numicro.cfg,not_validated,NuMicroM0_DFP,1.0.3,https://github.com/OpenNuvoton/cmsis-packs/raw/master/Nuvoton_DFP/Nuvoton.NuMicroM0_DFP.pdsc
Nuvoton,NuMicro M0 Family,NUC121,NUC125SC2AE,cmsis_device_name,tcl/target/numicro.cfg,not_validated,NuMicroM0_DFP,1.0.3,https://github.com/OpenNuvoton/cmsis-packs/raw/master/Nuvoton_DFP/Nuvoton.NuMicroM0_DFP.pdsc
Nuvoton,NuMicro M0 Family,NUC121,NUC125ZC2AE,cmsis_device_name,tcl/target/numicro.cfg,not_validated,NuMicroM0_DFP,1.0.3,https://github.com/OpenNuvoton/cmsis-packs/raw/master/Nuvoton_DFP/Nuvoton.NuMicroM0_DFP.pdsc
Nuvoton,NuMicro M0 Family,NUC122,NUC122LC1AN,cmsis_device_name,tcl/target/numicro.cfg,not_validated,NuMicroM0_DFP,1.0.3,https://github.com/OpenNuvoton/cmsis-packs/raw/master/Nuvoton_DFP/Nuvoton.NuMicroM0_DFP.pdsc
Nuvoton,NuMicro M0 Family,NUC122,NUC122LD2AN,cmsis_device_name,tcl/target/numicro.cfg,not_validated,NuMicroM0_DFP,1.0.3,https://github.com/OpenNuvoton/cmsis-packs/raw/master/Nuvoton_DFP/Nuvoton.NuMicroM0_DFP.pdsc
Nuvoton,NuMicro M0 Family,NUC122,NUC122SC1AN,cmsis_device_name,tcl/target/numicro.cfg,not_validated,NuMicroM0_DFP,1.0.3,https://github.com/OpenNuvoton/cmsis-packs/raw/master/Nuvoton_DFP/Nuvoton.NuMicroM0_DFP.pdsc
Nuvoton,NuMicro M0 Family,NUC122,NUC122SD2AN,cmsis_device_name,tcl/target/numicro.cfg,not_validated,NuMicroM0_DFP,1.0.3,https://github.com/OpenNuvoton/cmsis-packs/raw/master/Nuvoton_DFP/Nuvoton.NuMicroM0_DFP.pdsc
Nuvoton,NuMicro M0 Family,NUC122,NUC122ZC1AN,cmsis_device_name,tcl/target/numicro.cfg,not_validated,NuMicroM0_DFP,1.0.3,https://github.com/OpenNuvoton/cmsis-packs/raw/master/Nuvoton_DFP/Nuvoton.NuMicroM0_DFP.pdsc
Nuvoton,NuMicro M0 Family,NUC122,NUC122ZD2AN,cmsis_device_name,tcl/target/numicro.cfg,not_validated,NuMicroM0_DFP,1.0.3,https://github.com/OpenNuvoton/cmsis-packs/raw/master/Nuvoton_DFP/Nuvoton.NuMicroM0_DFP.pdsc
Nuvoton,NuMicro M0 Family,NUC123,NUC123LC2AE1,cmsis_device_name,tcl/target/numicro.cfg,not_validated,NuMicroM0_DFP,1.0.3,https://github.com/OpenNuvoton/cmsis-packs/raw/master/Nuvoton_DFP/Nuvoton.NuMicroM0_DFP.pdsc
Nuvoton,NuMicro M0 Family,NUC123,NUC123LC2AN1,cmsis_device_name,tcl/target/numicro.cfg,not_validated,NuMicroM0_DFP,1.0.3,https://github.com/OpenNuvoton/cmsis-packs/raw/master/Nuvoton_DFP/Nuvoton.NuMicroM0_DFP.pdsc
Nuvoton,NuMicro M0 Family,NUC123,NUC123LD4AE0,cmsis_device_name,tcl/target/numicro.cfg,not_validated,NuMicroM0_DFP,1.0.3,https://github.com/OpenNuvoton/cmsis-packs/raw/master/Nuvoton_DFP/Nuvoton.NuMicroM0_DFP.pdsc
Nuvoton,NuMicro M0 Family,NUC123,NUC123LD4AN0,cmsis_device_name,tcl/target/numicro.cfg,not_validated,NuMicroM0_DFP,1.0.3,https://github.com/OpenNuvoton/cmsis-packs/raw/master/Nuvoton_DFP/Nuvoton.NuMicroM0_DFP.pdsc
Nuvoton,NuMicro M0 Family,NUC123,NUC123SC2AE1,cmsis_device_name,tcl/target/numicro.cfg,not_validated,NuMicroM0_DFP,1.0.3,https://github.com/OpenNuvoton/cmsis-packs/raw/master/Nuvoton_DFP/Nuvoton.NuMicroM0_DFP.pdsc
Nuvoton,NuMicro M0 Family,NUC123,NUC123SC2AN1,cmsis_device_name,tcl/target/numicro.cfg,not_validated,NuMicroM0_DFP,1.0.3,https://github.com/OpenNuvoton/cmsis-packs/raw/master/Nuvoton_DFP/Nuvoton.NuMicroM0_DFP.pdsc
Nuvoton,NuMicro M0 Family,NUC123,NUC123SD4AE0,cmsis_device_name,tcl/target/numicro.cfg,not_validated,NuMicroM0_DFP,1.0.3,https://github.com/OpenNuvoton/cmsis-packs/raw/master/Nuvoton_DFP/Nuvoton.NuMicroM0_DFP.pdsc
Nuvoton,NuMicro M0 Family,NUC123,NUC123SD4AN0,cmsis_device_name,tcl/target/numicro.cfg,not_validated,NuMicroM0_DFP,1.0.3,https://github.com/OpenNuvoton/cmsis-packs/raw/master/Nuvoton_DFP/Nuvoton.NuMicroM0_DFP.pdsc
Nuvoton,NuMicro M0 Family,NUC123,NUC123ZC2AE1,cmsis_device_name,tcl/target/numicro.cfg,not_validated,NuMicroM0_DFP,1.0.3,https://github.com/OpenNuvoton/cmsis-packs/raw/master/Nuvoton_DFP/Nuvoton.NuMicroM0_DFP.pdsc
Nuvoton,NuMicro M0 Family,NUC123,NUC123ZC2AN1,cmsis_device_name,tcl/target/numicro.cfg,not_validated,NuMicroM0_DFP,1.0.3,https://github.com/OpenNuvoton/cmsis-packs/raw/master/Nuvoton_DFP/Nuvoton.NuMicroM0_DFP.pdsc
Nuvoton,NuMicro M0 Family,NUC123,NUC123ZD4AE0,cmsis_device_name,tcl/target/numicro.cfg,not_validated,NuMicroM0_DFP,1.0.3,https://github.com/OpenNuvoton/cmsis-packs/raw/master/Nuvoton_DFP/Nuvoton.NuMicroM0_DFP.pdsc
Nuvoton,NuMicro M0 Family,NUC123,NUC123ZD4AN0,cmsis_device_name,tcl/target/numicro.cfg,not_validated,NuMicroM0_DFP,1.0.3,https://github.com/OpenNuvoton/cmsis-packs/raw/master/Nuvoton_DFP/Nuvoton.NuMicroM0_DFP.pdsc
Nuvoton,NuMicro M0 Family,NUC126,NUC126LE4AE,cmsis_device_name,tcl/target/numicro.cfg,not_validated,NuMicroM0_DFP,1.0.3,https://github.com/OpenNuvoton/cmsis-packs/raw/master/Nuvoton_DFP/Nuvoton.NuMicroM0_DFP.pdsc
Nuvoton,NuMicro M0 Family,NUC126,NUC126LG4AE,cmsis_device_name,tcl/target/numicro.cfg,not_validated,NuMicroM0_DFP,1.0.3,https://github.com/OpenNuvoton/cmsis-packs/raw/master/Nuvoton_DFP/Nuvoton.NuMicroM0_DFP.pdsc
Nuvoton,NuMicro M0 Family,NUC126,NUC126NE4AE,cmsis_device_name,tcl/target/numicro.cfg,not_validated,NuMicroM0_DFP,1.0.3,https://github.com/OpenNuvoton/cmsis-packs/raw/master/Nuvoton_DFP/Nuvoton.NuMicroM0_DFP.pdsc
Nuvoton,NuMicro M0 Family,NUC126,NUC126SE4AE,cmsis_device_name,tcl/target/numicro.cfg,not_validated,NuMicroM0_DFP,1.0.3,https://github.com/OpenNuvoton/cmsis-packs/raw/master/Nuvoton_DFP/Nuvoton.NuMicroM0_DFP.pdsc
Nuvoton,NuMicro M0 Family,NUC126,NUC126SG4AE,cmsis_device_name,tcl/target/numicro.cfg,not_validated,NuMicroM0_DFP,1.0.3,https://github.com/OpenNuvoton/cmsis-packs/raw/master/Nuvoton_DFP/Nuvoton.NuMicroM0_DFP.pdsc
Nuvoton,NuMicro M0 Family,NUC126,NUC126VG4AE,cmsis_device_name,tcl/target/numicro.cfg,not_validated,NuMicroM0_DFP,1.0.3,https://github.com/OpenNuvoton/cmsis-packs/raw/master/Nuvoton_DFP/Nuvoton.NuMicroM0_DFP.pdsc
Nuvoton,NuMicro M0 Family,NUC1261,NUC1261LE4AE,cmsis_device_name,tcl/target/numicro.cfg,not_validated,NuMicroM0_DFP,1.0.3,https://github.com/OpenNuvoton/cmsis-packs/raw/master/Nuvoton_DFP/Nuvoton.NuMicroM0_DFP.pdsc
Nuvoton,NuMicro M0 Family,NUC1261,NUC1261LG4AE,cmsis_device_name,tcl/target/numicro.cfg,not_validated,NuMicroM0_DFP,1.0.3,https://github.com/OpenNuvoton/cmsis-packs/raw/master/Nuvoton_DFP/Nuvoton.NuMicroM0_DFP.pdsc
Nuvoton,NuMicro M0 Family,NUC1261,NUC1261NE4AE,cmsis_device_name,tcl/target/numicro.cfg,not_validated,NuMicroM0_DFP,1.0.3,https://github.com/OpenNuvoton/cmsis-packs/raw/master/Nuvoton_DFP/Nuvoton.NuMicroM0_DFP.pdsc
Nuvoton,NuMicro M0 Family,NUC1261,NUC1261SE4AE,cmsis_device_name,tcl/target/numicro.cfg,not_validated,NuMicroM0_DFP,1.0.3,https://github.com/OpenNuvoton/cmsis-packs/raw/master/Nuvoton_DFP/Nuvoton.NuMicroM0_DFP.pdsc
Nuvoton,NuMicro M0 Family,NUC1261,NUC1261SG4AE,cmsis_device_name,tcl/target/numicro.cfg,not_validated,NuMicroM0_DFP,1.0.3,https://github.com/OpenNuvoton/cmsis-packs/raw/master/Nuvoton_DFP/Nuvoton.NuMicroM0_DFP.pdsc
Nuvoton,NuMicro M0 Family,NUC131,NUC131LC2AE,cmsis_device_name,tcl/target/numicro.cfg,not_validated,NuMicroM0_DFP,1.0.3,https://github.com/OpenNuvoton/cmsis-packs/raw/master/Nuvoton_DFP/Nuvoton.NuMicroM0_DFP.pdsc
Nuvoton,NuMicro M0 Family,NUC131,NUC131LC2AEU,cmsis_device_name,tcl/target/numicro.cfg,not_validated,NuMicroM0_DFP,1.0.3,https://github.com/OpenNuvoton/cmsis-packs/raw/master/Nuvoton_DFP/Nuvoton.NuMicroM0_DFP.pdsc
Nuvoton,NuMicro M0 Family,NUC131,NUC131LD2AE,cmsis_device_name,tcl/target/numicro.cfg,not_validated,NuMicroM0_DFP,1.0.3,https://github.com/OpenNuvoton/cmsis-packs/raw/master/Nuvoton_DFP/Nuvoton.NuMicroM0_DFP.pdsc
Nuvoton,NuMicro M0 Family,NUC131,NUC131LD2AEU,cmsis_device_name,tcl/target/numicro.cfg,not_validated,NuMicroM0_DFP,1.0.3,https://github.com/OpenNuvoton/cmsis-packs/raw/master/Nuvoton_DFP/Nuvoton.NuMicroM0_DFP.pdsc
Nuvoton,NuMicro M0 Family,NUC131,NUC131SC2AE,cmsis_device_name,tcl/target/numicro.cfg,not_validated,NuMicroM0_DFP,1.0.3,https://github.com/OpenNuvoton/cmsis-packs/raw/master/Nuvoton_DFP/Nuvoton.NuMicroM0_DFP.pdsc
Nuvoton,NuMicro M0 Family,NUC131,NUC131SC2AEU,cmsis_device_name,tcl/target/numicro.cfg,not_validated,NuMicroM0_DFP,1.0.3,https://github.com/OpenNuvoton/cmsis-packs/raw/master/Nuvoton_DFP/Nuvoton.NuMicroM0_DFP.pdsc
Nuvoton,NuMicro M0 Family,NUC131,NUC131SD2AE,cmsis_device_name,tcl/target/numicro.cfg,not_validated,NuMicroM0_DFP,1.0.3,https://github.com/OpenNuvoton/cmsis-packs/raw/master/Nuvoton_DFP/Nuvoton.NuMicroM0_DFP.pdsc
Nuvoton,NuMicro M0 Family,NUC131,NUC131SD2AEU,cmsis_device_name,tcl/target/numicro.cfg,not_validated,NuMicroM0_DFP,1.0.3,https://github.com/OpenNuvoton/cmsis-packs/raw/master/Nuvoton_DFP/Nuvoton.NuMicroM0_DFP.pdsc
Nuvoton,NuMicro M0 Family,NUC1311,NUC1311LC2AE,cmsis_device_name,tcl/target/numicro.cfg,not_validated,NuMicroM0_DFP,1.0.3,https://github.com/OpenNuvoton/cmsis-packs/raw/master/Nuvoton_DFP/Nuvoton.NuMicroM0_DFP.pdsc
Nuvoton,NuMicro M0 Family,NUC1311,NUC1311LD2AE,cmsis_device_name,tcl/target/numicro.cfg,not_validated,NuMicroM0_DFP,1.0.3,https://github.com/OpenNuvoton/cmsis-packs/raw/master/Nuvoton_DFP/Nuvoton.NuMicroM0_DFP.pdsc
Nuvoton,NuMicro M0 Family,NUC200,NUC200LC2AN,cmsis_device_name,tcl/target/numicro.cfg,not_validated,NuMicroM0_DFP,1.0.3,https://github.com/OpenNuvoton/cmsis-packs/raw/master/Nuvoton_DFP/Nuvoton.NuMicroM0_DFP.pdsc
Nuvoton,NuMicro M0 Family,NUC200,NUC200LD2AN,cmsis_device_name,tcl/target/numicro.cfg,not_validated,NuMicroM0_DFP,1.0.3,https://github.com/OpenNuvoton/cmsis-packs/raw/master/Nuvoton_DFP/Nuvoton.NuMicroM0_DFP.pdsc
Nuvoton,NuMicro M0 Family,NUC200,NUC200LE3AN,cmsis_device_name,tcl/target/numicro.cfg,not_validated,NuMicroM0_DFP,1.0.3,https://github.com/OpenNuvoton/cmsis-packs/raw/master/Nuvoton_DFP/Nuvoton.NuMicroM0_DFP.pdsc
Nuvoton,NuMicro M0 Family,NUC200,NUC200SC2AN,cmsis_device_name,tcl/target/numicro.cfg,not_validated,NuMicroM0_DFP,1.0.3,https://github.com/OpenNuvoton/cmsis-packs/raw/master/Nuvoton_DFP/Nuvoton.NuMicroM0_DFP.pdsc
Nuvoton,NuMicro M0 Family,NUC200,NUC200SD2AN,cmsis_device_name,tcl/target/numicro.cfg,not_validated,NuMicroM0_DFP,1.0.3,https://github.com/OpenNuvoton/cmsis-packs/raw/master/Nuvoton_DFP/Nuvoton.NuMicroM0_DFP.pdsc
Nuvoton,NuMicro M0 Family,NUC200,NUC200SE3AN,cmsis_device_name,tcl/target/numicro.cfg,not_validated,NuMicroM0_DFP,1.0.3,https://github.com/OpenNuvoton/cmsis-packs/raw/master/Nuvoton_DFP/Nuvoton.NuMicroM0_DFP.pdsc
Nuvoton,NuMicro M0 Family,NUC200,NUC200VE3AN,cmsis_device_name,tcl/target/numicro.cfg,not_validated,NuMicroM0_DFP,1.0.3,https://github.com/OpenNuvoton/cmsis-packs/raw/master/Nuvoton_DFP/Nuvoton.NuMicroM0_DFP.pdsc
Nuvoton,NuMicro M0 Family,NUC200,NUC220LC2AN,cmsis_device_name,tcl/target/numicro.cfg,not_validated,NuMicroM0_DFP,1.0.3,https://github.com/OpenNuvoton/cmsis-packs/raw/master/Nuvoton_DFP/Nuvoton.NuMicroM0_DFP.pdsc
Nuvoton,NuMicro M0 Family,NUC200,NUC220LD2AN,cmsis_device_name,tcl/target/numicro.cfg,not_validated,NuMicroM0_DFP,1.0.3,https://github.com/OpenNuvoton/cmsis-packs/raw/master/Nuvoton_DFP/Nuvoton.NuMicroM0_DFP.pdsc
Nuvoton,NuMicro M0 Family,NUC200,NUC220LE3AE,cmsis_device_name,tcl/target/numicro.cfg,not_validated,NuMicroM0_DFP,1.0.3,https://github.com/OpenNuvoton/cmsis-packs/raw/master/Nuvoton_DFP/Nuvoton.NuMicroM0_DFP.pdsc
Nuvoton,NuMicro M0 Family,NUC200,NUC220LE3AN,cmsis_device_name,tcl/target/numicro.cfg,not_validated,NuMicroM0_DFP,1.0.3,https://github.com/OpenNuvoton/cmsis-packs/raw/master/Nuvoton_DFP/Nuvoton.NuMicroM0_DFP.pdsc
Nuvoton,NuMicro M0 Family,NUC200,NUC220SC2AN,cmsis_device_name,tcl/target/numicro.cfg,not_validated,NuMicroM0_DFP,1.0.3,https://github.com/OpenNuvoton/cmsis-packs/raw/master/Nuvoton_DFP/Nuvoton.NuMicroM0_DFP.pdsc
Nuvoton,NuMicro M0 Family,NUC200,NUC220SD2AN,cmsis_device_name,tcl/target/numicro.cfg,not_validated,NuMicroM0_DFP,1.0.3,https://github.com/OpenNuvoton/cmsis-packs/raw/master/Nuvoton_DFP/Nuvoton.NuMicroM0_DFP.pdsc
Nuvoton,NuMicro M0 Family,NUC200,NUC220SE3AN,cmsis_device_name,tcl/target/numicro.cfg,not_validated,NuMicroM0_DFP,1.0.3,https://github.com/OpenNuvoton/cmsis-packs/raw/master/Nuvoton_DFP/Nuvoton.NuMicroM0_DFP.pdsc
Nuvoton,NuMicro M0 Family,NUC200,NUC220VE3AN,cmsis_device_name,tcl/target/numicro.cfg,not_validated,NuMicroM0_DFP,1.0.3,https://github.com/OpenNuvoton/cmsis-packs/raw/master/Nuvoton_DFP/Nuvoton.NuMicroM0_DFP.pdsc
Nuvoton,NuMicro M0 Family,NUC2201,NUC2201LE3AE,cmsis_device_name,tcl/target/numicro.cfg,not_validated,NuMicroM0_DFP,1.0.3,https://github.com/OpenNuvoton/cmsis-packs/raw/master/Nuvoton_DFP/Nuvoton.NuMicroM0_DFP.pdsc
Nuvoton,NuMicro M0 Family,NUC2201,NUC2201SE3AE,cmsis_device_name,tcl/target/numicro.cfg,not_validated,NuMicroM0_DFP,1.0.3,https://github.com/OpenNuvoton/cmsis-packs/raw/master/Nuvoton_DFP/Nuvoton.NuMicroM0_DFP.pdsc
Nuvoton,NuMicro M0 Family,NUC230_240,NUC230LC2AE,cmsis_device_name,tcl/target/numicro.cfg,not_validated,NuMicroM0_DFP,1.0.3,https://github.com/OpenNuvoton/cmsis-packs/raw/master/Nuvoton_DFP/Nuvoton.NuMicroM0_DFP.pdsc
Nuvoton,NuMicro M0 Family,NUC230_240,NUC230LD2AE,cmsis_device_name,tcl/target/numicro.cfg,not_validated,NuMicroM0_DFP,1.0.3,https://github.com/OpenNuvoton/cmsis-packs/raw/master/Nuvoton_DFP/Nuvoton.NuMicroM0_DFP.pdsc
Nuvoton,NuMicro M0 Family,NUC230_240,NUC230LE3AE,cmsis_device_name,tcl/target/numicro.cfg,not_validated,NuMicroM0_DFP,1.0.3,https://github.com/OpenNuvoton/cmsis-packs/raw/master/Nuvoton_DFP/Nuvoton.NuMicroM0_DFP.pdsc
Nuvoton,NuMicro M0 Family,NUC230_240,NUC230RC1AE,cmsis_device_name,tcl/target/numicro.cfg,not_validated,NuMicroM0_DFP,1.0.3,https://github.com/OpenNuvoton/cmsis-packs/raw/master/Nuvoton_DFP/Nuvoton.NuMicroM0_DFP.pdsc
Nuvoton,NuMicro M0 Family,NUC230_240,NUC230SC2AE,cmsis_device_name,tcl/target/numicro.cfg,not_validated,NuMicroM0_DFP,1.0.3,https://github.com/OpenNuvoton/cmsis-packs/raw/master/Nuvoton_DFP/Nuvoton.NuMicroM0_DFP.pdsc
Nuvoton,NuMicro M0 Family,NUC230_240,NUC230SD2AE,cmsis_device_name,tcl/target/numicro.cfg,not_validated,NuMicroM0_DFP,1.0.3,https://github.com/OpenNuvoton/cmsis-packs/raw/master/Nuvoton_DFP/Nuvoton.NuMicroM0_DFP.pdsc
Nuvoton,NuMicro M0 Family,NUC230_240,NUC230SE3AE,cmsis_device_name,tcl/target/numicro.cfg,not_validated,NuMicroM0_DFP,1.0.3,https://github.com/OpenNuvoton/cmsis-packs/raw/master/Nuvoton_DFP/Nuvoton.NuMicroM0_DFP.pdsc
Nuvoton,NuMicro M0 Family,NUC230_240,NUC230VE3AE,cmsis_device_name,tcl/target/numicro.cfg,not_validated,NuMicroM0_DFP,1.0.3,https://github.com/OpenNuvoton/cmsis-packs/raw/master/Nuvoton_DFP/Nuvoton.NuMicroM0_DFP.pdsc
Nuvoton,NuMicro M0 Family,NUC230_240,NUC240LC2AE,cmsis_device_name,tcl/target/numicro.cfg,not_validated,NuMicroM0_DFP,1.0.3,https://github.com/OpenNuvoton/cmsis-packs/raw/master/Nuvoton_DFP/Nuvoton.NuMicroM0_DFP.pdsc
Nuvoton,NuMicro M0 Family,NUC230_240,NUC240LD2AE,cmsis_device_name,tcl/target/numicro.cfg,not_validated,NuMicroM0_DFP,1.0.3,https://github.com/OpenNuvoton/cmsis-packs/raw/master/Nuvoton_DFP/Nuvoton.NuMicroM0_DFP.pdsc
Nuvoton,NuMicro M0 Family,NUC230_240,NUC240LE3AE,cmsis_device_name,tcl/target/numicro.cfg,not_validated,NuMicroM0_DFP,1.0.3,https://github.com/OpenNuvoton/cmsis-packs/raw/master/Nuvoton_DFP/Nuvoton.NuMicroM0_DFP.pdsc
Nuvoton,NuMicro M0 Family,NUC230_240,NUC240SC2AE,cmsis_device_name,tcl/target/numicro.cfg,not_validated,NuMicroM0_DFP,1.0.3,https://github.com/OpenNuvoton/cmsis-packs/raw/master/Nuvoton_DFP/Nuvoton.NuMicroM0_DFP.pdsc
Nuvoton,NuMicro M0 Family,NUC230_240,NUC240SD2AE,cmsis_device_name,tcl/target/numicro.cfg,not_validated,NuMicroM0_DFP,1.0.3,https://github.com/OpenNuvoton/cmsis-packs/raw/master/Nuvoton_DFP/Nuvoton.NuMicroM0_DFP.pdsc
Nuvoton,NuMicro M0 Family,NUC230_240,NUC240SE3AE,cmsis_device_name,tcl/target/numicro.cfg,not_validated,NuMicroM0_DFP,1.0.3,https://github.com/OpenNuvoton/cmsis-packs/raw/master/Nuvoton_DFP/Nuvoton.NuMicroM0_DFP.pdsc
Nuvoton,NuMicro M0 Family,NUC230_240,NUC240VE3AE,cmsis_device_name,tcl/target/numicro.cfg,not_validated,NuMicroM0_DFP,1.0.3,https://github.com/OpenNuvoton/cmsis-packs/raw/master/Nuvoton_DFP/Nuvoton.NuMicroM0_DFP.pdsc
Nuvoton,NuMicro M0 Family,Nano100AN,NANO100LC2AN,cmsis_device_name,tcl/target/numicro.cfg,not_validated,NuMicroM0_DFP,1.0.3,https://github.com/OpenNuvoton/cmsis-packs/raw/master/Nuvoton_DFP/Nuvoton.NuMicroM0_DFP.pdsc
Nuvoton,NuMicro M0 Family,Nano100AN,NANO100LD2AN,cmsis_device_name,tcl/target/numicro.cfg,not_validated,NuMicroM0_DFP,1.0.3,https://github.com/OpenNuvoton/cmsis-packs/raw/master/Nuvoton_DFP/Nuvoton.NuMicroM0_DFP.pdsc
Nuvoton,NuMicro M0 Family,Nano100AN,NANO100LD3AN,cmsis_device_name,tcl/target/numicro.cfg,not_validated,NuMicroM0_DFP,1.0.3,https://github.com/OpenNuvoton/cmsis-packs/raw/master/Nuvoton_DFP/Nuvoton.NuMicroM0_DFP.pdsc
Nuvoton,NuMicro M0 Family,Nano100AN,NANO100SC2AN,cmsis_device_name,tcl/target/numicro.cfg,not_validated,NuMicroM0_DFP,1.0.3,https://github.com/OpenNuvoton/cmsis-packs/raw/master/Nuvoton_DFP/Nuvoton.NuMicroM0_DFP.pdsc
Nuvoton,NuMicro M0 Family,Nano100AN,NANO100SD2AN,cmsis_device_name,tcl/target/numicro.cfg,not_validated,NuMicroM0_DFP,1.0.3,https://github.com/OpenNuvoton/cmsis-packs/raw/master/Nuvoton_DFP/Nuvoton.NuMicroM0_DFP.pdsc
Nuvoton,NuMicro M0 Family,Nano100AN,NANO100SD3AN,cmsis_device_name,tcl/target/numicro.cfg,not_validated,NuMicroM0_DFP,1.0.3,https://github.com/OpenNuvoton/cmsis-packs/raw/master/Nuvoton_DFP/Nuvoton.NuMicroM0_DFP.pdsc
Nuvoton,NuMicro M0 Family,Nano100AN,NANO100VD2AN,cmsis_device_name,tcl/target/numicro.cfg,not_validated,NuMicroM0_DFP,1.0.3,https://github.com/OpenNuvoton/cmsis-packs/raw/master/Nuvoton_DFP/Nuvoton.NuMicroM0_DFP.pdsc
Nuvoton,NuMicro M0 Family,Nano100AN,NANO100VD3AN,cmsis_device_name,tcl/target/numicro.cfg,not_validated,NuMicroM0_DFP,1.0.3,https://github.com/OpenNuvoton/cmsis-packs/raw/master/Nuvoton_DFP/Nuvoton.NuMicroM0_DFP.pdsc
Nuvoton,NuMicro M0 Family,Nano100AN,NANO100ZC2AN,cmsis_device_name,tcl/target/numicro.cfg,not_validated,NuMicroM0_DFP,1.0.3,https://github.com/OpenNuvoton/cmsis-packs/raw/master/Nuvoton_DFP/Nuvoton.NuMicroM0_DFP.pdsc
Nuvoton,NuMicro M0 Family,Nano100AN,NANO100ZD2AN,cmsis_device_name,tcl/target/numicro.cfg,not_validated,NuMicroM0_DFP,1.0.3,https://github.com/OpenNuvoton/cmsis-packs/raw/master/Nuvoton_DFP/Nuvoton.NuMicroM0_DFP.pdsc
Nuvoton,NuMicro M0 Family,Nano100AN,NANO100ZD3AN,cmsis_device_name,tcl/target/numicro.cfg,not_validated,NuMicroM0_DFP,1.0.3,https://github.com/OpenNuvoton/cmsis-packs/raw/master/Nuvoton_DFP/Nuvoton.NuMicroM0_DFP.pdsc
Nuvoton,NuMicro M0 Family,Nano100AN,NANO120LC2AN,cmsis_device_name,tcl/target/numicro.cfg,not_validated,NuMicroM0_DFP,1.0.3,https://github.com/OpenNuvoton/cmsis-packs/raw/master/Nuvoton_DFP/Nuvoton.NuMicroM0_DFP.pdsc
Nuvoton,NuMicro M0 Family,Nano100AN,NANO120LD2AN,cmsis_device_name,tcl/target/numicro.cfg,not_validated,NuMicroM0_DFP,1.0.3,https://github.com/OpenNuvoton/cmsis-packs/raw/master/Nuvoton_DFP/Nuvoton.NuMicroM0_DFP.pdsc
Nuvoton,NuMicro M0 Family,Nano100AN,NANO120LD3AN,cmsis_device_name,tcl/target/numicro.cfg,not_validated,NuMicroM0_DFP,1.0.3,https://github.com/OpenNuvoton/cmsis-packs/raw/master/Nuvoton_DFP/Nuvoton.NuMicroM0_DFP.pdsc
Nuvoton,NuMicro M0 Family,Nano100AN,NANO120SC2AN,cmsis_device_name,tcl/target/numicro.cfg,not_validated,NuMicroM0_DFP,1.0.3,https://github.com/OpenNuvoton/cmsis-packs/raw/master/Nuvoton_DFP/Nuvoton.NuMicroM0_DFP.pdsc
Nuvoton,NuMicro M0 Family,Nano100AN,NANO120SD2AN,cmsis_device_name,tcl/target/numicro.cfg,not_validated,NuMicroM0_DFP,1.0.3,https://github.com/OpenNuvoton/cmsis-packs/raw/master/Nuvoton_DFP/Nuvoton.NuMicroM0_DFP.pdsc
Nuvoton,NuMicro M0 Family,Nano100AN,NANO120SD3AN,cmsis_device_name,tcl/target/numicro.cfg,not_validated,NuMicroM0_DFP,1.0.3,https://github.com/OpenNuvoton/cmsis-packs/raw/master/Nuvoton_DFP/Nuvoton.NuMicroM0_DFP.pdsc
Nuvoton,NuMicro M0 Family,Nano100AN,NANO120VD2AN,cmsis_device_name,tcl/target/numicro.cfg,not_validated,NuMicroM0_DFP,1.0.3,https://github.com/OpenNuvoton/cmsis-packs/raw/master/Nuvoton_DFP/Nuvoton.NuMicroM0_DFP.pdsc
Nuvoton,NuMicro M0 Family,Nano100AN,NANO120VD3AN,cmsis_device_name,tcl/target/numicro.cfg,not_validated,NuMicroM0_DFP,1.0.3,https://github.com/OpenNuvoton/cmsis-packs/raw/master/Nuvoton_DFP/Nuvoton.NuMicroM0_DFP.pdsc
Nuvoton,NuMicro M0 Family,Nano100AN,NANO120ZC2AN,cmsis_device_name,tcl/target/numicro.cfg,not_validated,NuMicroM0_DFP,1.0.3,https://github.com/OpenNuvoton/cmsis-packs/raw/master/Nuvoton_DFP/Nuvoton.NuMicroM0_DFP.pdsc
Nuvoton,NuMicro M0 Family,Nano100AN,NANO120ZD2AN,cmsis_device_name,tcl/target/numicro.cfg,not_validated,NuMicroM0_DFP,1.0.3,https://github.com/OpenNuvoton/cmsis-packs/raw/master/Nuvoton_DFP/Nuvoton.NuMicroM0_DFP.pdsc
Nuvoton,NuMicro M0 Family,Nano100AN,NANO120ZD3AN,cmsis_device_name,tcl/target/numicro.cfg,not_validated,NuMicroM0_DFP,1.0.3,https://github.com/OpenNuvoton/cmsis-packs/raw/master/Nuvoton_DFP/Nuvoton.NuMicroM0_DFP.pdsc
Nuvoton,NuMicro M0 Family,Nano100BN,NANO100KC2BN,cmsis_device_name,tcl/target/numicro.cfg,not_validated,NuMicroM0_DFP,1.0.3,https://github.com/OpenNuvoton/cmsis-packs/raw/master/Nuvoton_DFP/Nuvoton.NuMicroM0_DFP.pdsc
Nuvoton,NuMicro M0 Family,Nano100BN,NANO100KC3BN,cmsis_device_name,tcl/target/numicro.cfg,not_validated,NuMicroM0_DFP,1.0.3,https://github.com/OpenNuvoton/cmsis-packs/raw/master/Nuvoton_DFP/Nuvoton.NuMicroM0_DFP.pdsc
Nuvoton,NuMicro M0 Family,Nano100BN,NANO100KD2BN,cmsis_device_name,tcl/target/numicro.cfg,not_validated,NuMicroM0_DFP,1.0.3,https://github.com/OpenNuvoton/cmsis-packs/raw/master/Nuvoton_DFP/Nuvoton.NuMicroM0_DFP.pdsc
Nuvoton,NuMicro M0 Family,Nano100BN,NANO100KD3BN,cmsis_device_name,tcl/target/numicro.cfg,not_validated,NuMicroM0_DFP,1.0.3,https://github.com/OpenNuvoton/cmsis-packs/raw/master/Nuvoton_DFP/Nuvoton.NuMicroM0_DFP.pdsc
Nuvoton,NuMicro M0 Family,Nano100BN,NANO100KE3BN,cmsis_device_name,tcl/target/numicro.cfg,not_validated,NuMicroM0_DFP,1.0.3,https://github.com/OpenNuvoton/cmsis-packs/raw/master/Nuvoton_DFP/Nuvoton.NuMicroM0_DFP.pdsc
Nuvoton,NuMicro M0 Family,Nano100BN,NANO100LC2BN,cmsis_device_name,tcl/target/numicro.cfg,not_validated,NuMicroM0_DFP,1.0.3,https://github.com/OpenNuvoton/cmsis-packs/raw/master/Nuvoton_DFP/Nuvoton.NuMicroM0_DFP.pdsc
Nuvoton,NuMicro M0 Family,Nano100BN,NANO100LD2BN,cmsis_device_name,tcl/target/numicro.cfg,not_validated,NuMicroM0_DFP,1.0.3,https://github.com/OpenNuvoton/cmsis-packs/raw/master/Nuvoton_DFP/Nuvoton.NuMicroM0_DFP.pdsc
Nuvoton,NuMicro M0 Family,Nano100BN,NANO100LD3BN,cmsis_device_name,tcl/target/numicro.cfg,not_validated,NuMicroM0_DFP,1.0.3,https://github.com/OpenNuvoton/cmsis-packs/raw/master/Nuvoton_DFP/Nuvoton.NuMicroM0_DFP.pdsc
Nuvoton,NuMicro M0 Family,Nano100BN,NANO100LE3BN,cmsis_device_name,tcl/target/numicro.cfg,not_validated,NuMicroM0_DFP,1.0.3,https://github.com/OpenNuvoton/cmsis-packs/raw/master/Nuvoton_DFP/Nuvoton.NuMicroM0_DFP.pdsc
Nuvoton,NuMicro M0 Family,Nano100BN,NANO100NC2BN,cmsis_device_name,tcl/target/numicro.cfg,not_validated,NuMicroM0_DFP,1.0.3,https://github.com/OpenNuvoton/cmsis-packs/raw/master/Nuvoton_DFP/Nuvoton.NuMicroM0_DFP.pdsc
Nuvoton,NuMicro M0 Family,Nano100BN,NANO100ND2BN,cmsis_device_name,tcl/target/numicro.cfg,not_validated,NuMicroM0_DFP,1.0.3,https://github.com/OpenNuvoton/cmsis-packs/raw/master/Nuvoton_DFP/Nuvoton.NuMicroM0_DFP.pdsc
Nuvoton,NuMicro M0 Family,Nano100BN,NANO100ND3BN,cmsis_device_name,tcl/target/numicro.cfg,not_validated,NuMicroM0_DFP,1.0.3,https://github.com/OpenNuvoton/cmsis-packs/raw/master/Nuvoton_DFP/Nuvoton.NuMicroM0_DFP.pdsc
Nuvoton,NuMicro M0 Family,Nano100BN,NANO100NE3BN,cmsis_device_name,tcl/target/numicro.cfg,not_validated,NuMicroM0_DFP,1.0.3,https://github.com/OpenNuvoton/cmsis-packs/raw/master/Nuvoton_DFP/Nuvoton.NuMicroM0_DFP.pdsc
Nuvoton,NuMicro M0 Family,Nano100BN,NANO100SC2BN,cmsis_device_name,tcl/target/numicro.cfg,not_validated,NuMicroM0_DFP,1.0.3,https://github.com/OpenNuvoton/cmsis-packs/raw/master/Nuvoton_DFP/Nuvoton.NuMicroM0_DFP.pdsc
Nuvoton,NuMicro M0 Family,Nano100BN,NANO100SD2BN,cmsis_device_name,tcl/target/numicro.cfg,not_validated,NuMicroM0_DFP,1.0.3,https://github.com/OpenNuvoton/cmsis-packs/raw/master/Nuvoton_DFP/Nuvoton.NuMicroM0_DFP.pdsc
Nuvoton,NuMicro M0 Family,Nano100BN,NANO100SD3BN,cmsis_device_name,tcl/target/numicro.cfg,not_validated,NuMicroM0_DFP,1.0.3,https://github.com/OpenNuvoton/cmsis-packs/raw/master/Nuvoton_DFP/Nuvoton.NuMicroM0_DFP.pdsc
Nuvoton,NuMicro M0 Family,Nano100BN,NANO100SE3BN,cmsis_device_name,tcl/target/numicro.cfg,not_validated,NuMicroM0_DFP,1.0.3,https://github.com/OpenNuvoton/cmsis-packs/raw/master/Nuvoton_DFP/Nuvoton.NuMicroM0_DFP.pdsc
Nuvoton,NuMicro M0 Family,Nano100BN,NANO110KC2BN,cmsis_device_name,tcl/target/numicro.cfg,not_validated,NuMicroM0_DFP,1.0.3,https://github.com/OpenNuvoton/cmsis-packs/raw/master/Nuvoton_DFP/Nuvoton.NuMicroM0_DFP.pdsc
Nuvoton,NuMicro M0 Family,Nano100BN,NANO110KD2BN,cmsis_device_name,tcl/target/numicro.cfg,not_validated,NuMicroM0_DFP,1.0.3,https://github.com/OpenNuvoton/cmsis-packs/raw/master/Nuvoton_DFP/Nuvoton.NuMicroM0_DFP.pdsc
Nuvoton,NuMicro M0 Family,Nano100BN,NANO110KD3BN,cmsis_device_name,tcl/target/numicro.cfg,not_validated,NuMicroM0_DFP,1.0.3,https://github.com/OpenNuvoton/cmsis-packs/raw/master/Nuvoton_DFP/Nuvoton.NuMicroM0_DFP.pdsc
Nuvoton,NuMicro M0 Family,Nano100BN,NANO110KE3BN,cmsis_device_name,tcl/target/numicro.cfg,not_validated,NuMicroM0_DFP,1.0.3,https://github.com/OpenNuvoton/cmsis-packs/raw/master/Nuvoton_DFP/Nuvoton.NuMicroM0_DFP.pdsc
Nuvoton,NuMicro M0 Family,Nano100BN,NANO110RC2BN,cmsis_device_name,tcl/target/numicro.cfg,not_validated,NuMicroM0_DFP,1.0.3,https://github.com/OpenNuvoton/cmsis-packs/raw/master/Nuvoton_DFP/Nuvoton.NuMicroM0_DFP.pdsc
Nuvoton,NuMicro M0 Family,Nano100BN,NANO110RD2BN,cmsis_device_name,tcl/target/numicro.cfg,not_validated,NuMicroM0_DFP,1.0.3,https://github.com/OpenNuvoton/cmsis-packs/raw/master/Nuvoton_DFP/Nuvoton.NuMicroM0_DFP.pdsc
Nuvoton,NuMicro M0 Family,Nano100BN,NANO110RD3BN,cmsis_device_name,tcl/target/numicro.cfg,not_validated,NuMicroM0_DFP,1.0.3,https://github.com/OpenNuvoton/cmsis-packs/raw/master/Nuvoton_DFP/Nuvoton.NuMicroM0_DFP.pdsc
Nuvoton,NuMicro M0 Family,Nano100BN,NANO110RE3BN,cmsis_device_name,tcl/target/numicro.cfg,not_validated,NuMicroM0_DFP,1.0.3,https://github.com/OpenNuvoton/cmsis-packs/raw/master/Nuvoton_DFP/Nuvoton.NuMicroM0_DFP.pdsc
Nuvoton,NuMicro M0 Family,Nano100BN,NANO110SC2BN,cmsis_device_name,tcl/target/numicro.cfg,not_validated,NuMicroM0_DFP,1.0.3,https://github.com/OpenNuvoton/cmsis-packs/raw/master/Nuvoton_DFP/Nuvoton.NuMicroM0_DFP.pdsc
Nuvoton,NuMicro M0 Family,Nano100BN,NANO110SD2BN,cmsis_device_name,tcl/target/numicro.cfg,not_validated,NuMicroM0_DFP,1.0.3,https://github.com/OpenNuvoton/cmsis-packs/raw/master/Nuvoton_DFP/Nuvoton.NuMicroM0_DFP.pdsc
Nuvoton,NuMicro M0 Family,Nano100BN,NANO110SD3BN,cmsis_device_name,tcl/target/numicro.cfg,not_validated,NuMicroM0_DFP,1.0.3,https://github.com/OpenNuvoton/cmsis-packs/raw/master/Nuvoton_DFP/Nuvoton.NuMicroM0_DFP.pdsc
Nuvoton,NuMicro M0 Family,Nano100BN,NANO110SE3BN,cmsis_device_name,tcl/target/numicro.cfg,not_validated,NuMicroM0_DFP,1.0.3,https://github.com/OpenNuvoton/cmsis-packs/raw/master/Nuvoton_DFP/Nuvoton.NuMicroM0_DFP.pdsc
Nuvoton,NuMicro M0 Family,Nano100BN,NANO120KC2BN,cmsis_device_name,tcl/target/numicro.cfg,not_validated,NuMicroM0_DFP,1.0.3,https://github.com/OpenNuvoton/cmsis-packs/raw/master/Nuvoton_DFP/Nuvoton.NuMicroM0_DFP.pdsc
Nuvoton,NuMicro M0 Family,Nano100BN,NANO120KD2BN,cmsis_device_name,tcl/target/numicro.cfg,not_validated,NuMicroM0_DFP,1.0.3,https://github.com/OpenNuvoton/cmsis-packs/raw/master/Nuvoton_DFP/Nuvoton.NuMicroM0_DFP.pdsc
Nuvoton,NuMicro M0 Family,Nano100BN,NANO120KD3BN,cmsis_device_name,tcl/target/numicro.cfg,not_validated,NuMicroM0_DFP,1.0.3,https://github.com/OpenNuvoton/cmsis-packs/raw/master/Nuvoton_DFP/Nuvoton.NuMicroM0_DFP.pdsc
Nuvoton,NuMicro M0 Family,Nano100BN,NANO120KE3BN,cmsis_device_name,tcl/target/numicro.cfg,not_validated,NuMicroM0_DFP,1.0.3,https://github.com/OpenNuvoton/cmsis-packs/raw/master/Nuvoton_DFP/Nuvoton.NuMicroM0_DFP.pdsc
Nuvoton,NuMicro M0 Family,Nano100BN,NANO120LC2BN,cmsis_device_name,tcl/target/numicro.cfg,not_validated,NuMicroM0_DFP,1.0.3,https://github.com/OpenNuvoton/cmsis-packs/raw/master/Nuvoton_DFP/Nuvoton.NuMicroM0_DFP.pdsc
Nuvoton,NuMicro M0 Family,Nano100BN,NANO120LD2BN,cmsis_device_name,tcl/target/numicro.cfg,not_validated,NuMicroM0_DFP,1.0.3,https://github.com/OpenNuvoton/cmsis-packs/raw/master/Nuvoton_DFP/Nuvoton.NuMicroM0_DFP.pdsc
Nuvoton,NuMicro M0 Family,Nano100BN,NANO120LD3BN,cmsis_device_name,tcl/target/numicro.cfg,not_validated,NuMicroM0_DFP,1.0.3,https://github.com/OpenNuvoton/cmsis-packs/raw/master/Nuvoton_DFP/Nuvoton.NuMicroM0_DFP.pdsc
Nuvoton,NuMicro M0 Family,Nano100BN,NANO120LE3BN,cmsis_device_name,tcl/target/numicro.cfg,not_validated,NuMicroM0_DFP,1.0.3,https://github.com/OpenNuvoton/cmsis-packs/raw/master/Nuvoton_DFP/Nuvoton.NuMicroM0_DFP.pdsc
Nuvoton,NuMicro M0 Family,Nano100BN,NANO120SC2BN,cmsis_device_name,tcl/target/numicro.cfg,not_validated,NuMicroM0_DFP,1.0.3,https://github.com/OpenNuvoton/cmsis-packs/raw/master/Nuvoton_DFP/Nuvoton.NuMicroM0_DFP.pdsc
Nuvoton,NuMicro M0 Family,Nano100BN,NANO120SD2BN,cmsis_device_name,tcl/target/numicro.cfg,not_validated,NuMicroM0_DFP,1.0.3,https://github.com/OpenNuvoton/cmsis-packs/raw/master/Nuvoton_DFP/Nuvoton.NuMicroM0_DFP.pdsc
Nuvoton,NuMicro M0 Family,Nano100BN,NANO120SD3BN,cmsis_device_name,tcl/target/numicro.cfg,not_validated,NuMicroM0_DFP,1.0.3,https://github.com/OpenNuvoton/cmsis-packs/raw/master/Nuvoton_DFP/Nuvoton.NuMicroM0_DFP.pdsc
Nuvoton,NuMicro M0 Family,Nano100BN,NANO120SE3BN,cmsis_device_name,tcl/target/numicro.cfg,not_validated,NuMicroM0_DFP,1.0.3,https://github.com/OpenNuvoton/cmsis-packs/raw/master/Nuvoton_DFP/Nuvoton.NuMicroM0_DFP.pdsc
Nuvoton,NuMicro M0 Family,Nano100BN,NANO130KC2BN,cmsis_device_name,tcl/target/numicro.cfg,not_validated,NuMicroM0_DFP,1.0.3,https://github.com/OpenNuvoton/cmsis-packs/raw/master/Nuvoton_DFP/Nuvoton.NuMicroM0_DFP.pdsc
Nuvoton,NuMicro M0 Family,Nano100BN,NANO130KD2BN,cmsis_device_name,tcl/target/numicro.cfg,not_validated,NuMicroM0_DFP,1.0.3,https://github.com/OpenNuvoton/cmsis-packs/raw/master/Nuvoton_DFP/Nuvoton.NuMicroM0_DFP.pdsc
Nuvoton,NuMicro M0 Family,Nano100BN,NANO130KD3BN,cmsis_device_name,tcl/target/numicro.cfg,not_validated,NuMicroM0_DFP,1.0.3,https://github.com/OpenNuvoton/cmsis-packs/raw/master/Nuvoton_DFP/Nuvoton.NuMicroM0_DFP.pdsc
Nuvoton,NuMicro M0 Family,Nano100BN,NANO130KE3BN,cmsis_device_name,tcl/target/numicro.cfg,not_validated,NuMicroM0_DFP,1.0.3,https://github.com/OpenNuvoton/cmsis-packs/raw/master/Nuvoton_DFP/Nuvoton.NuMicroM0_DFP.pdsc
Nuvoton,NuMicro M0 Family,Nano100BN,NANO130SC2BN,cmsis_device_name,tcl/target/numicro.cfg,not_validated,NuMicroM0_DFP,1.0.3,https://github.com/OpenNuvoton/cmsis-packs/raw/master/Nuvoton_DFP/Nuvoton.NuMicroM0_DFP.pdsc
Nuvoton,NuMicro M0 Family,Nano100BN,NANO130SD2BN,cmsis_device_name,tcl/target/numicro.cfg,not_validated,NuMicroM0_DFP,1.0.3,https://github.com/OpenNuvoton/cmsis-packs/raw/master/Nuvoton_DFP/Nuvoton.NuMicroM0_DFP.pdsc
Nuvoton,NuMicro M0 Family,Nano100BN,NANO130SD3BN,cmsis_device_name,tcl/target/numicro.cfg,not_validated,NuMicroM0_DFP,1.0.3,https://github.com/OpenNuvoton/cmsis-packs/raw/master/Nuvoton_DFP/Nuvoton.NuMicroM0_DFP.pdsc
Nuvoton,NuMicro M0 Family,Nano100BN,NANO130SE3BN,cmsis_device_name,tcl/target/numicro.cfg,not_validated,NuMicroM0_DFP,1.0.3,https://github.com/OpenNuvoton/cmsis-packs/raw/master/Nuvoton_DFP/Nuvoton.NuMicroM0_DFP.pdsc
Nuvoton,NuMicro M0 Family,Nano103,NANO103LD3AE,cmsis_device_name,tcl/target/numicro.cfg,not_validated,NuMicroM0_DFP,1.0.3,https://github.com/OpenNuvoton/cmsis-packs/raw/master/Nuvoton_DFP/Nuvoton.NuMicroM0_DFP.pdsc
Nuvoton,NuMicro M0 Family,Nano103,NANO103SD3AE,cmsis_device_name,tcl/target/numicro.cfg,not_validated,NuMicroM0_DFP,1.0.3,https://github.com/OpenNuvoton/cmsis-packs/raw/master/Nuvoton_DFP/Nuvoton.NuMicroM0_DFP.pdsc
Nuvoton,NuMicro M0 Family,Nano103,NANO103ZD3AE,cmsis_device_name,tcl/target/numicro.cfg,not_validated,NuMicroM0_DFP,1.0.3,https://github.com/OpenNuvoton/cmsis-packs/raw/master/Nuvoton_DFP/Nuvoton.NuMicroM0_DFP.pdsc
Nuvoton,NuMicro M0 Family,Nano112,NANO102LB1AN,cmsis_device_name,tcl/target/numicro.cfg,not_validated,NuMicroM0_DFP,1.0.3,https://github.com/OpenNuvoton/cmsis-packs/raw/master/Nuvoton_DFP/Nuvoton.NuMicroM0_DFP.pdsc
Nuvoton,NuMicro M0 Family,Nano112,NANO102LC2AN,cmsis_device_name,tcl/target/numicro.cfg,not_validated,NuMicroM0_DFP,1.0.3,https://github.com/OpenNuvoton/cmsis-packs/raw/master/Nuvoton_DFP/Nuvoton.NuMicroM0_DFP.pdsc
Nuvoton,NuMicro M0 Family,Nano112,NANO102SC2AN,cmsis_device_name,tcl/target/numicro.cfg,not_validated,NuMicroM0_DFP,1.0.3,https://github.com/OpenNuvoton/cmsis-packs/raw/master/Nuvoton_DFP/Nuvoton.NuMicroM0_DFP.pdsc
Nuvoton,NuMicro M0 Family,Nano112,NANO102ZB1AN,cmsis_device_name,tcl/target/numicro.cfg,not_validated,NuMicroM0_DFP,1.0.3,https://github.com/OpenNuvoton/cmsis-packs/raw/master/Nuvoton_DFP/Nuvoton.NuMicroM0_DFP.pdsc
Nuvoton,NuMicro M0 Family,Nano112,NANO102ZC2AN,cmsis_device_name,tcl/target/numicro.cfg,not_validated,NuMicroM0_DFP,1.0.3,https://github.com/OpenNuvoton/cmsis-packs/raw/master/Nuvoton_DFP/Nuvoton.NuMicroM0_DFP.pdsc
Nuvoton,NuMicro M0 Family,Nano112,NANO112LB1AN,cmsis_device_name,tcl/target/numicro.cfg,not_validated,NuMicroM0_DFP,1.0.3,https://github.com/OpenNuvoton/cmsis-packs/raw/master/Nuvoton_DFP/Nuvoton.NuMicroM0_DFP.pdsc
Nuvoton,NuMicro M0 Family,Nano112,NANO112LC2AN,cmsis_device_name,tcl/target/numicro.cfg,not_validated,NuMicroM0_DFP,1.0.3,https://github.com/OpenNuvoton/cmsis-packs/raw/master/Nuvoton_DFP/Nuvoton.NuMicroM0_DFP.pdsc
Nuvoton,NuMicro M0 Family,Nano112,NANO112RB1AN,cmsis_device_name,tcl/target/numicro.cfg,not_validated,NuMicroM0_DFP,1.0.3,https://github.com/OpenNuvoton/cmsis-packs/raw/master/Nuvoton_DFP/Nuvoton.NuMicroM0_DFP.pdsc
Nuvoton,NuMicro M0 Family,Nano112,NANO112RC2AN,cmsis_device_name,tcl/target/numicro.cfg,not_validated,NuMicroM0_DFP,1.0.3,https://github.com/OpenNuvoton/cmsis-packs/raw/master/Nuvoton_DFP/Nuvoton.NuMicroM0_DFP.pdsc
Nuvoton,NuMicro M0 Family,Nano112,NANO112SB1AN,cmsis_device_name,tcl/target/numicro.cfg,not_validated,NuMicroM0_DFP,1.0.3,https://github.com/OpenNuvoton/cmsis-packs/raw/master/Nuvoton_DFP/Nuvoton.NuMicroM0_DFP.pdsc
Nuvoton,NuMicro M0 Family,Nano112,NANO112SC2AN,cmsis_device_name,tcl/target/numicro.cfg,not_validated,NuMicroM0_DFP,1.0.3,https://github.com/OpenNuvoton/cmsis-packs/raw/master/Nuvoton_DFP/Nuvoton.NuMicroM0_DFP.pdsc
Nuvoton,NuMicro M0 Family,Nano112,NANO112VC2AN,cmsis_device_name,tcl/target/numicro.cfg,not_validated,NuMicroM0_DFP,1.0.3,https://github.com/OpenNuvoton/cmsis-packs/raw/master/Nuvoton_DFP/Nuvoton.NuMicroM0_DFP.pdsc
Nuvoton,NuMicro M0 Family,TF5100,TF5102Y,cmsis_device_name,tcl/target/numicro.cfg,not_validated,NuMicroM0_DFP,1.0.3,https://github.com/OpenNuvoton/cmsis-packs/raw/master/Nuvoton_DFP/Nuvoton.NuMicroM0_DFP.pdsc
Nuvoton,NuMicro M0 Family,TF5100,TF5103,cmsis_device_name,tcl/target/numicro.cfg,not_validated,NuMicroM0_DFP,1.0.3,https://github.com/OpenNuvoton/cmsis-packs/raw/master/Nuvoton_DFP/Nuvoton.NuMicroM0_DFP.pdsc
Nuvoton,NuMicro M0 Family,TF5100,TF5103D,cmsis_device_name,tcl/target/numicro.cfg,not_validated,NuMicroM0_DFP,1.0.3,https://github.com/OpenNuvoton/cmsis-packs/raw/master/Nuvoton_DFP/Nuvoton.NuMicroM0_DFP.pdsc
Nuvoton,NuMicro M0 Family,TF5100,TF5103Y,cmsis_device_name,tcl/target/numicro.cfg,not_validated,NuMicroM0_DFP,1.0.3,https://github.com/OpenNuvoton/cmsis-packs/raw/master/Nuvoton_DFP/Nuvoton.NuMicroM0_DFP.pdsc
Nuvoton,NuMicro M0+ Family,KM1M0D,KM1M0DF02N,cmsis_device_name,tcl/target/numicro.cfg,not_validated,NuMicroKM1M0_DFP,1.0.4,https://github.com/OpenNuvoton/cmsis-packs/raw/master/Nuvoton.NuMicroKM1M0_DFP.pdsc
Nuvoton,NuMicro M0+ Family,KM1M0D,KM1M0DF03N,cmsis_device_name,tcl/target/numicro.cfg,not_validated,NuMicroKM1M0_DFP,1.0.4,https://github.com/OpenNuvoton/cmsis-packs/raw/master/Nuvoton.NuMicroKM1M0_DFP.pdsc
Nuvoton,NuMicro M0+ Family,KM1M0D,KM1M0DF04N,cmsis_device_name,tcl/target/numicro.cfg,not_validated,NuMicroKM1M0_DFP,1.0.4,https://github.com/OpenNuvoton/cmsis-packs/raw/master/Nuvoton.NuMicroKM1M0_DFP.pdsc
Nuvoton,NuMicro M0+ Family,KM1M0D,KM1M0DF13N,cmsis_device_name,tcl/target/numicro.cfg,not_validated,NuMicroKM1M0_DFP,1.0.4,https://github.com/OpenNuvoton/cmsis-packs/raw/master/Nuvoton.NuMicroKM1M0_DFP.pdsc
Nuvoton,NuMicro M0+ Family,KM1M0G,KM1M0GF01K,cmsis_device_name,tcl/target/numicro.cfg,not_validated,NuMicroKM1M0_DFP,1.0.4,https://github.com/OpenNuvoton/cmsis-packs/raw/master/Nuvoton.NuMicroKM1M0_DFP.pdsc
Nuvoton,NuMicro M0+ Family,KM1M0G,KM1M0GF01Y,cmsis_device_name,tcl/target/numicro.cfg,not_validated,NuMicroKM1M0_DFP,1.0.4,https://github.com/OpenNuvoton/cmsis-packs/raw/master/Nuvoton.NuMicroKM1M0_DFP.pdsc
Nuvoton,NuMicro M0+ Family,KM1M0G,KM1M0GF01Z,cmsis_device_name,tcl/target/numicro.cfg,not_validated,NuMicroKM1M0_DFP,1.0.4,https://github.com/OpenNuvoton/cmsis-packs/raw/master/Nuvoton.NuMicroKM1M0_DFP.pdsc
Nuvoton,NuMicro M0+ Family,KM1M0G,KM1M0GF02K,cmsis_device_name,tcl/target/numicro.cfg,not_validated,NuMicroKM1M0_DFP,1.0.4,https://github.com/OpenNuvoton/cmsis-packs/raw/master/Nuvoton.NuMicroKM1M0_DFP.pdsc
Nuvoton,NuMicro M0+ Family,KM1M0G,KM1M0GF02Y,cmsis_device_name,tcl/target/numicro.cfg,not_validated,NuMicroKM1M0_DFP,1.0.4,https://github.com/OpenNuvoton/cmsis-packs/raw/master/Nuvoton.NuMicroKM1M0_DFP.pdsc
Nuvoton,NuMicro M0+ Family,KM1M0G,KM1M0GF02Z,cmsis_device_name,tcl/target/numicro.cfg,not_validated,NuMicroKM1M0_DFP,1.0.4,https://github.com/OpenNuvoton/cmsis-packs/raw/master/Nuvoton.NuMicroKM1M0_DFP.pdsc
Nuvoton,NuMicro M0+ Family,KM1M0G,KM1M0GF03K,cmsis_device_name,tcl/target/numicro.cfg,not_validated,NuMicroKM1M0_DFP,1.0.4,https://github.com/OpenNuvoton/cmsis-packs/raw/master/Nuvoton.NuMicroKM1M0_DFP.pdsc
Nuvoton,NuMicro M0+ Family,KM1M0G,KM1M0GF03Y,cmsis_device_name,tcl/target/numicro.cfg,not_validated,NuMicroKM1M0_DFP,1.0.4,https://github.com/OpenNuvoton/cmsis-packs/raw/master/Nuvoton.NuMicroKM1M0_DFP.pdsc
Nuvoton,NuMicro M0+ Family,KM1M0G,KM1M0GF03Z,cmsis_device_name,tcl/target/numicro.cfg,not_validated,NuMicroKM1M0_DFP,1.0.4,https://github.com/OpenNuvoton/cmsis-packs/raw/master/Nuvoton.NuMicroKM1M0_DFP.pdsc
Nuvoton,NuMicro M0+ Family,KM1M0G,KM1M0GF04K,cmsis_device_name,tcl/target/numicro.cfg,not_validated,NuMicroKM1M0_DFP,1.0.4,https://github.com/OpenNuvoton/cmsis-packs/raw/master/Nuvoton.NuMicroKM1M0_DFP.pdsc
Nuvoton,NuMicro M0+ Family,KM1M0G,KM1M0GF04Y,cmsis_device_name,tcl/target/numicro.cfg,not_validated,NuMicroKM1M0_DFP,1.0.4,https://github.com/OpenNuvoton/cmsis-packs/raw/master/Nuvoton.NuMicroKM1M0_DFP.pdsc
Nuvoton,NuMicro M0+ Family,KM1M0G,KM1M0GF04Z,cmsis_device_name,tcl/target/numicro.cfg,not_validated,NuMicroKM1M0_DFP,1.0.4,https://github.com/OpenNuvoton/cmsis-packs/raw/master/Nuvoton.NuMicroKM1M0_DFP.pdsc
Nuvoton,NuMicro M0+ Family,KM1M0G,KM1M0GF11Y,cmsis_device_name,tcl/target/numicro.cfg,not_validated,NuMicroKM1M0_DFP,1.0.4,https://github.com/OpenNuvoton/cmsis-packs/raw/master/Nuvoton.NuMicroKM1M0_DFP.pdsc
Nuvoton,NuMicro M0+ Family,KM1M0G,KM1M0GF11Z,cmsis_device_name,tcl/target/numicro.cfg,not_validated,NuMicroKM1M0_DFP,1.0.4,https://github.com/OpenNuvoton/cmsis-packs/raw/master/Nuvoton.NuMicroKM1M0_DFP.pdsc
Nuvoton,NuMicro M0+ Family,KM1M0G,KM1M0GF12Y,cmsis_device_name,tcl/target/numicro.cfg,not_validated,NuMicroKM1M0_DFP,1.0.4,https://github.com/OpenNuvoton/cmsis-packs/raw/master/Nuvoton.NuMicroKM1M0_DFP.pdsc
Nuvoton,NuMicro M0+ Family,KM1M0G,KM1M0GF12Z,cmsis_device_name,tcl/target/numicro.cfg,not_validated,NuMicroKM1M0_DFP,1.0.4,https://github.com/OpenNuvoton/cmsis-packs/raw/master/Nuvoton.NuMicroKM1M0_DFP.pdsc
Nuvoton,NuMicro M0+ Family,KM1M0G,KM1M0GF13Y,cmsis_device_name,tcl/target/numicro.cfg,not_validated,NuMicroKM1M0_DFP,1.0.4,https://github.com/OpenNuvoton/cmsis-packs/raw/master/Nuvoton.NuMicroKM1M0_DFP.pdsc
Nuvoton,NuMicro M0+ Family,KM1M0G,KM1M0GF13Z,cmsis_device_name,tcl/target/numicro.cfg,not_validated,NuMicroKM1M0_DFP,1.0.4,https://github.com/OpenNuvoton/cmsis-packs/raw/master/Nuvoton.NuMicroKM1M0_DFP.pdsc
Nuvoton,NuMicro M0+ Family,KM1M0G,KM1M0GF14Y,cmsis_device_name,tcl/target/numicro.cfg,not_validated,NuMicroKM1M0_DFP,1.0.4,https://github.com/OpenNuvoton/cmsis-packs/raw/master/Nuvoton.NuMicroKM1M0_DFP.pdsc
Nuvoton,NuMicro M0+ Family,KM1M0G,KM1M0GF14Z,cmsis_device_name,tcl/target/numicro.cfg,not_validated,NuMicroKM1M0_DFP,1.0.4,https://github.com/OpenNuvoton/cmsis-packs/raw/master/Nuvoton.NuMicroKM1M0_DFP.pdsc
Silicon Labs,BGM21 Series,BGM210L,BGM210LA22JIF,cmsis_device_name,tcl/target/silabs/xg21.cfg,not_validated,GeckoPlatform_BGM21_DFP,2025.12.1,https://www.silabs.com/documents/public/cmsis-packs/SiliconLabs.GeckoPlatform_BGM21_DFP.pdsc
Silicon Labs,BGM21 Series,BGM210L,BGM210LA22JNF,cmsis_device_name,tcl/target/silabs/xg21.cfg,not_validated,GeckoPlatform_BGM21_DFP,2025.12.1,https://www.silabs.com/documents/public/cmsis-packs/SiliconLabs.GeckoPlatform_BGM21_DFP.pdsc
Silicon Labs,BGM21 Series,BGM210P,BGM210P022JIA,cmsis_device_name,tcl/target/silabs/xg21.cfg,not_validated,GeckoPlatform_BGM21_DFP,2025.12.1,https://www.silabs.com/documents/public/cmsis-packs/SiliconLabs.GeckoPlatform_BGM21_DFP.pdsc
Silicon Labs,BGM21 Series,BGM210P,BGM210P032JIA,cmsis_device_name,tcl/target/silabs/xg21.cfg,not_validated,GeckoPlatform_BGM21_DFP,2025.12.1,https://www.silabs.com/documents/public/cmsis-packs/SiliconLabs.GeckoPlatform_BGM21_DFP.pdsc
Silicon Labs,BGM21 Series,BGM210P,BGM210PA22JIA,cmsis_device_name,tcl/target/silabs/xg21.cfg,not_validated,GeckoPlatform_BGM21_DFP,2025.12.1,https://www.silabs.com/documents/public/cmsis-packs/SiliconLabs.GeckoPlatform_BGM21_DFP.pdsc
Silicon Labs,BGM21 Series,BGM210P,BGM210PA32JIA,cmsis_device_name,tcl/target/silabs/xg21.cfg,not_validated,GeckoPlatform_BGM21_DFP,2025.12.1,https://www.silabs.com/documents/public/cmsis-packs/SiliconLabs.GeckoPlatform_BGM21_DFP.pdsc
Silicon Labs,BGM21 Series,BGM210P,BGM210PB22JIA,cmsis_device_name,tcl/target/silabs/xg21.cfg,not_validated,GeckoPlatform_BGM21_DFP,2025.12.1,https://www.silabs.com/documents/public/cmsis-packs/SiliconLabs.GeckoPlatform_BGM21_DFP.pdsc
Silicon Labs,BGM21 Series,BGM210P,BGM210PB32JIA,cmsis_device_name,tcl/target/silabs/xg21.cfg,not_validated,GeckoPlatform_BGM21_DFP,2025.12.1,https://www.silabs.com/documents/public/cmsis-packs/SiliconLabs.GeckoPlatform_BGM21_DFP.pdsc
Silicon Labs,BGM24 Series,BGM240P,BGM240PA22VNA,cmsis_device_name,tcl/target/silabs/xg24.cfg,not_validated,GeckoPlatform_BGM24_DFP,2025.12.1,https://www.silabs.com/documents/public/cmsis-packs/SiliconLabs.GeckoPlatform_BGM24_DFP.pdsc
Silicon Labs,BGM24 Series,BGM240P,BGM240PA32VNA,cmsis_device_name,tcl/target/silabs/xg24.cfg,not_validated,GeckoPlatform_BGM24_DFP,2025.12.1,https://www.silabs.com/documents/public/cmsis-packs/SiliconLabs.GeckoPlatform_BGM24_DFP.pdsc
Silicon Labs,BGM24 Series,BGM240P,BGM240PA32VNN,cmsis_device_name,tcl/target/silabs/xg24.cfg,not_validated,GeckoPlatform_BGM24_DFP,2025.12.1,https://www.silabs.com/documents/public/cmsis-packs/SiliconLabs.GeckoPlatform_BGM24_DFP.pdsc
Silicon Labs,BGM24 Series,BGM240P,BGM240PB22VNA,cmsis_device_name,tcl/target/silabs/xg24.cfg,not_validated,GeckoPlatform_BGM24_DFP,2025.12.1,https://www.silabs.com/documents/public/cmsis-packs/SiliconLabs.GeckoPlatform_BGM24_DFP.pdsc
Silicon Labs,BGM24 Series,BGM240P,BGM240PB32VNA,cmsis_device_name,tcl/target/silabs/xg24.cfg,not_validated,GeckoPlatform_BGM24_DFP,2025.12.1,https://www.silabs.com/documents/public/cmsis-packs/SiliconLabs.GeckoPlatform_BGM24_DFP.pdsc
Silicon Labs,BGM24 Series,BGM240P,BGM240PB32VNN,cmsis_device_name,tcl/target/silabs/xg24.cfg,not_validated,GeckoPlatform_BGM24_DFP,2025.12.1,https://www.silabs.com/documents/public/cmsis-packs/SiliconLabs.GeckoPlatform_BGM24_DFP.pdsc
Silicon Labs,BGM24 Series,BGM240S,BGM240SA22VNA,cmsis_device_name,tcl/target/silabs/xg24.cfg,not_validated,GeckoPlatform_BGM24_DFP,2025.12.1,https://www.silabs.com/documents/public/cmsis-packs/SiliconLabs.GeckoPlatform_BGM24_DFP.pdsc
Silicon Labs,BGM24 Series,BGM240S,BGM240SB22VNA,cmsis_device_name,tcl/target/silabs/xg24.cfg,not_validated,GeckoPlatform_BGM24_DFP,2025.12.1,https://www.silabs.com/documents/public/cmsis-packs/SiliconLabs.GeckoPlatform_BGM24_DFP.pdsc
Silicon Labs,BGM24 Series,BGM241S,BGM241SB22VNA,cmsis_device_name,tcl/target/silabs/xg24.cfg,not_validated,GeckoPlatform_BGM24_DFP,2025.12.1,https://www.silabs.com/documents/public/cmsis-packs/SiliconLabs.GeckoPlatform_BGM24_DFP.pdsc
Silicon Labs,BGM24 Series,BGM241S,BGM241SD22VNA,cmsis_device_name,tcl/target/silabs/xg24.cfg,not_validated,GeckoPlatform_BGM24_DFP,2025.12.1,https://www.silabs.com/documents/public/cmsis-packs/SiliconLabs.GeckoPlatform_BGM24_DFP.pdsc
Silicon Labs,BGM26 Series,BGM260P,BGM260PB22VNA,cmsis_device_name,tcl/target/silabs/xg26.cfg,not_validated,GeckoPlatform_BGM26_DFP,2025.12.1,https://www.silabs.com/documents/public/cmsis-packs/SiliconLabs.GeckoPlatform_BGM26_DFP.pdsc
Silicon Labs,BGM26 Series,BGM260P,BGM260PB32VNA,cmsis_device_name,tcl/target/silabs/xg26.cfg,not_validated,GeckoPlatform_BGM26_DFP,2025.12.1,https://www.silabs.com/documents/public/cmsis-packs/SiliconLabs.GeckoPlatform_BGM26_DFP.pdsc
Silicon Labs,EFM32G Series,EFM32G200,EFM32G200F16,cmsis_device_name,tcl/target/efm32.cfg,not_validated,GeckoPlatform_EFM32G_DFP,4.4.0,https://www.silabs.com/documents/public/cmsis-packs/SiliconLabs.GeckoPlatform_EFM32G_DFP.pdsc
Silicon Labs,EFM32G Series,EFM32G200,EFM32G200F32,cmsis_device_name,tcl/target/efm32.cfg,not_validated,GeckoPlatform_EFM32G_DFP,4.4.0,https://www.silabs.com/documents/public/cmsis-packs/SiliconLabs.GeckoPlatform_EFM32G_DFP.pdsc
Silicon Labs,EFM32G Series,EFM32G200,EFM32G200F64,cmsis_device_name,tcl/target/efm32.cfg,not_validated,GeckoPlatform_EFM32G_DFP,4.4.0,https://www.silabs.com/documents/public/cmsis-packs/SiliconLabs.GeckoPlatform_EFM32G_DFP.pdsc
Silicon Labs,EFM32G Series,EFM32G210,EFM32G210F128,cmsis_device_name,tcl/target/efm32.cfg,not_validated,GeckoPlatform_EFM32G_DFP,4.4.0,https://www.silabs.com/documents/public/cmsis-packs/SiliconLabs.GeckoPlatform_EFM32G_DFP.pdsc
Silicon Labs,EFM32G Series,EFM32G222,EFM32G222F128,cmsis_device_name,tcl/target/efm32.cfg,not_validated,GeckoPlatform_EFM32G_DFP,4.4.0,https://www.silabs.com/documents/public/cmsis-packs/SiliconLabs.GeckoPlatform_EFM32G_DFP.pdsc
Silicon Labs,EFM32G Series,EFM32G222,EFM32G222F32,cmsis_device_name,tcl/target/efm32.cfg,not_validated,GeckoPlatform_EFM32G_DFP,4.4.0,https://www.silabs.com/documents/public/cmsis-packs/SiliconLabs.GeckoPlatform_EFM32G_DFP.pdsc
Silicon Labs,EFM32G Series,EFM32G222,EFM32G222F64,cmsis_device_name,tcl/target/efm32.cfg,not_validated,GeckoPlatform_EFM32G_DFP,4.4.0,https://www.silabs.com/documents/public/cmsis-packs/SiliconLabs.GeckoPlatform_EFM32G_DFP.pdsc
Silicon Labs,EFM32G Series,EFM32G230,EFM32G230F128,cmsis_device_name,tcl/target/efm32.cfg,not_validated,GeckoPlatform_EFM32G_DFP,4.4.0,https://www.silabs.com/documents/public/cmsis-packs/SiliconLabs.GeckoPlatform_EFM32G_DFP.pdsc
Silicon Labs,EFM32G Series,EFM32G230,EFM32G230F32,cmsis_device_name,tcl/target/efm32.cfg,not_validated,GeckoPlatform_EFM32G_DFP,4.4.0,https://www.silabs.com/documents/public/cmsis-packs/SiliconLabs.GeckoPlatform_EFM32G_DFP.pdsc
Silicon Labs,EFM32G Series,EFM32G230,EFM32G230F64,cmsis_device_name,tcl/target/efm32.cfg,not_validated,GeckoPlatform_EFM32G_DFP,4.4.0,https://www.silabs.com/documents/public/cmsis-packs/SiliconLabs.GeckoPlatform_EFM32G_DFP.pdsc
Silicon Labs,EFM32G Series,EFM32G232,EFM32G232F128,cmsis_device_name,tcl/target/efm32.cfg,not_validated,GeckoPlatform_EFM32G_DFP,4.4.0,https://www.silabs.com/documents/public/cmsis-packs/SiliconLabs.GeckoPlatform_EFM32G_DFP.pdsc
Silicon Labs,EFM32G Series,EFM32G232,EFM32G232F32,cmsis_device_name,tcl/target/efm32.cfg,not_validated,GeckoPlatform_EFM32G_DFP,4.4.0,https://www.silabs.com/documents/public/cmsis-packs/SiliconLabs.GeckoPlatform_EFM32G_DFP.pdsc
Silicon Labs,EFM32G Series,EFM32G232,EFM32G232F64,cmsis_device_name,tcl/target/efm32.cfg,not_validated,GeckoPlatform_EFM32G_DFP,4.4.0,https://www.silabs.com/documents/public/cmsis-packs/SiliconLabs.GeckoPlatform_EFM32G_DFP.pdsc
Silicon Labs,EFM32G Series,EFM32G280,EFM32G280F128,cmsis_device_name,tcl/target/efm32.cfg,not_validated,GeckoPlatform_EFM32G_DFP,4.4.0,https://www.silabs.com/documents/public/cmsis-packs/SiliconLabs.GeckoPlatform_EFM32G_DFP.pdsc
Silicon Labs,EFM32G Series,EFM32G280,EFM32G280F32,cmsis_device_name,tcl/target/efm32.cfg,not_validated,GeckoPlatform_EFM32G_DFP,4.4.0,https://www.silabs.com/documents/public/cmsis-packs/SiliconLabs.GeckoPlatform_EFM32G_DFP.pdsc
Silicon Labs,EFM32G Series,EFM32G280,EFM32G280F64,cmsis_device_name,tcl/target/efm32.cfg,not_validated,GeckoPlatform_EFM32G_DFP,4.4.0,https://www.silabs.com/documents/public/cmsis-packs/SiliconLabs.GeckoPlatform_EFM32G_DFP.pdsc
Silicon Labs,EFM32G Series,EFM32G290,EFM32G290F128,cmsis_device_name,tcl/target/efm32.cfg,not_validated,GeckoPlatform_EFM32G_DFP,4.4.0,https://www.silabs.com/documents/public/cmsis-packs/SiliconLabs.GeckoPlatform_EFM32G_DFP.pdsc
Silicon Labs,EFM32G Series,EFM32G290,EFM32G290F32,cmsis_device_name,tcl/target/efm32.cfg,not_validated,GeckoPlatform_EFM32G_DFP,4.4.0,https://www.silabs.com/documents/public/cmsis-packs/SiliconLabs.GeckoPlatform_EFM32G_DFP.pdsc
Silicon Labs,EFM32G Series,EFM32G290,EFM32G290F64,cmsis_device_name,tcl/target/efm32.cfg,not_validated,GeckoPlatform_EFM32G_DFP,4.4.0,https://www.silabs.com/documents/public/cmsis-packs/SiliconLabs.GeckoPlatform_EFM32G_DFP.pdsc
Silicon Labs,EFM32G Series,EFM32G800,EFM32G800F128,cmsis_device_name,tcl/target/efm32.cfg,not_validated,GeckoPlatform_EFM32G_DFP,4.4.0,https://www.silabs.com/documents/public/cmsis-packs/SiliconLabs.GeckoPlatform_EFM32G_DFP.pdsc
Silicon Labs,EFM32G Series,EFM32G840,EFM32G840F128,cmsis_device_name,tcl/target/efm32.cfg,not_validated,GeckoPlatform_EFM32G_DFP,4.4.0,https://www.silabs.com/documents/public/cmsis-packs/SiliconLabs.GeckoPlatform_EFM32G_DFP.pdsc
Silicon Labs,EFM32G Series,EFM32G840,EFM32G840F32,cmsis_device_name,tcl/target/efm32.cfg,not_validated,GeckoPlatform_EFM32G_DFP,4.4.0,https://www.silabs.com/documents/public/cmsis-packs/SiliconLabs.GeckoPlatform_EFM32G_DFP.pdsc
Silicon Labs,EFM32G Series,EFM32G840,EFM32G840F64,cmsis_device_name,tcl/target/efm32.cfg,not_validated,GeckoPlatform_EFM32G_DFP,4.4.0,https://www.silabs.com/documents/public/cmsis-packs/SiliconLabs.GeckoPlatform_EFM32G_DFP.pdsc
Silicon Labs,EFM32G Series,EFM32G842,EFM32G842F128,cmsis_device_name,tcl/target/efm32.cfg,not_validated,GeckoPlatform_EFM32G_DFP,4.4.0,https://www.silabs.com/documents/public/cmsis-packs/SiliconLabs.GeckoPlatform_EFM32G_DFP.pdsc
Silicon Labs,EFM32G Series,EFM32G842,EFM32G842F32,cmsis_device_name,tcl/target/efm32.cfg,not_validated,GeckoPlatform_EFM32G_DFP,4.4.0,https://www.silabs.com/documents/public/cmsis-packs/SiliconLabs.GeckoPlatform_EFM32G_DFP.pdsc
Silicon Labs,EFM32G Series,EFM32G842,EFM32G842F64,cmsis_device_name,tcl/target/efm32.cfg,not_validated,GeckoPlatform_EFM32G_DFP,4.4.0,https://www.silabs.com/documents/public/cmsis-packs/SiliconLabs.GeckoPlatform_EFM32G_DFP.pdsc
Silicon Labs,EFM32G Series,EFM32G880,EFM32G880F128,cmsis_device_name,tcl/target/efm32.cfg,not_validated,GeckoPlatform_EFM32G_DFP,4.4.0,https://www.silabs.com/documents/public/cmsis-packs/SiliconLabs.GeckoPlatform_EFM32G_DFP.pdsc
Silicon Labs,EFM32G Series,EFM32G880,EFM32G880F32,cmsis_device_name,tcl/target/efm32.cfg,not_validated,GeckoPlatform_EFM32G_DFP,4.4.0,https://www.silabs.com/documents/public/cmsis-packs/SiliconLabs.GeckoPlatform_EFM32G_DFP.pdsc
Silicon Labs,EFM32G Series,EFM32G880,EFM32G880F64,cmsis_device_name,tcl/target/efm32.cfg,not_validated,GeckoPlatform_EFM32G_DFP,4.4.0,https://www.silabs.com/documents/public/cmsis-packs/SiliconLabs.GeckoPlatform_EFM32G_DFP.pdsc
Silicon Labs,EFM32G Series,EFM32G890,EFM32G890F128,cmsis_device_name,tcl/target/efm32.cfg,not_validated,GeckoPlatform_EFM32G_DFP,4.4.0,https://www.silabs.com/documents/public/cmsis-packs/SiliconLabs.GeckoPlatform_EFM32G_DFP.pdsc
Silicon Labs,EFM32G Series,EFM32G890,EFM32G890F32,cmsis_device_name,tcl/target/efm32.cfg,not_validated,GeckoPlatform_EFM32G_DFP,4.4.0,https://www.silabs.com/documents/public/cmsis-packs/SiliconLabs.GeckoPlatform_EFM32G_DFP.pdsc
Silicon Labs,EFM32G Series,EFM32G890,EFM32G890F64,cmsis_device_name,tcl/target/efm32.cfg,not_validated,GeckoPlatform_EFM32G_DFP,4.4.0,https://www.silabs.com/documents/public/cmsis-packs/SiliconLabs.GeckoPlatform_EFM32G_DFP.pdsc
Silicon Labs,EFM32GG Series,EFM32GG230,EFM32GG230F1024,cmsis_device_name,tcl/target/efm32.cfg,not_validated,GeckoPlatform_EFM32GG_DFP,4.4.0,https://www.silabs.com/documents/public/cmsis-packs/SiliconLabs.GeckoPlatform_EFM32GG_DFP.pdsc
Silicon Labs,EFM32GG Series,EFM32GG230,EFM32GG230F512,cmsis_device_name,tcl/target/efm32.cfg,not_validated,GeckoPlatform_EFM32GG_DFP,4.4.0,https://www.silabs.com/documents/public/cmsis-packs/SiliconLabs.GeckoPlatform_EFM32GG_DFP.pdsc
Silicon Labs,EFM32GG Series,EFM32GG232,EFM32GG232F1024,cmsis_device_name,tcl/target/efm32.cfg,not_validated,GeckoPlatform_EFM32GG_DFP,4.4.0,https://www.silabs.com/documents/public/cmsis-packs/SiliconLabs.GeckoPlatform_EFM32GG_DFP.pdsc
Silicon Labs,EFM32GG Series,EFM32GG232,EFM32GG232F512,cmsis_device_name,tcl/target/efm32.cfg,not_validated,GeckoPlatform_EFM32GG_DFP,4.4.0,https://www.silabs.com/documents/public/cmsis-packs/SiliconLabs.GeckoPlatform_EFM32GG_DFP.pdsc
Silicon Labs,EFM32GG Series,EFM32GG280,EFM32GG280F1024,cmsis_device_name,tcl/target/efm32.cfg,not_validated,GeckoPlatform_EFM32GG_DFP,4.4.0,https://www.silabs.com/documents/public/cmsis-packs/SiliconLabs.GeckoPlatform_EFM32GG_DFP.pdsc
Silicon Labs,EFM32GG Series,EFM32GG280,EFM32GG280F512,cmsis_device_name,tcl/target/efm32.cfg,not_validated,GeckoPlatform_EFM32GG_DFP,4.4.0,https://www.silabs.com/documents/public/cmsis-packs/SiliconLabs.GeckoPlatform_EFM32GG_DFP.pdsc
Silicon Labs,EFM32GG Series,EFM32GG290,EFM32GG290F1024,cmsis_device_name,tcl/target/efm32.cfg,not_validated,GeckoPlatform_EFM32GG_DFP,4.4.0,https://www.silabs.com/documents/public/cmsis-packs/SiliconLabs.GeckoPlatform_EFM32GG_DFP.pdsc
Silicon Labs,EFM32GG Series,EFM32GG290,EFM32GG290F512,cmsis_device_name,tcl/target/efm32.cfg,not_validated,GeckoPlatform_EFM32GG_DFP,4.4.0,https://www.silabs.com/documents/public/cmsis-packs/SiliconLabs.GeckoPlatform_EFM32GG_DFP.pdsc
Silicon Labs,EFM32GG Series,EFM32GG295,EFM32GG295F1024,cmsis_device_name,tcl/target/efm32.cfg,not_validated,GeckoPlatform_EFM32GG_DFP,4.4.0,https://www.silabs.com/documents/public/cmsis-packs/SiliconLabs.GeckoPlatform_EFM32GG_DFP.pdsc
Silicon Labs,EFM32GG Series,EFM32GG295,EFM32GG295F512,cmsis_device_name,tcl/target/efm32.cfg,not_validated,GeckoPlatform_EFM32GG_DFP,4.4.0,https://www.silabs.com/documents/public/cmsis-packs/SiliconLabs.GeckoPlatform_EFM32GG_DFP.pdsc
Silicon Labs,EFM32GG Series,EFM32GG330,EFM32GG330F1024,cmsis_device_name,tcl/target/efm32.cfg,not_validated,GeckoPlatform_EFM32GG_DFP,4.4.0,https://www.silabs.com/documents/public/cmsis-packs/SiliconLabs.GeckoPlatform_EFM32GG_DFP.pdsc
Silicon Labs,EFM32GG Series,EFM32GG330,EFM32GG330F512,cmsis_device_name,tcl/target/efm32.cfg,not_validated,GeckoPlatform_EFM32GG_DFP,4.4.0,https://www.silabs.com/documents/public/cmsis-packs/SiliconLabs.GeckoPlatform_EFM32GG_DFP.pdsc
Silicon Labs,EFM32GG Series,EFM32GG332,EFM32GG332F1024,cmsis_device_name,tcl/target/efm32.cfg,not_validated,GeckoPlatform_EFM32GG_DFP,4.4.0,https://www.silabs.com/documents/public/cmsis-packs/SiliconLabs.GeckoPlatform_EFM32GG_DFP.pdsc
Silicon Labs,EFM32GG Series,EFM32GG332,EFM32GG332F512,cmsis_device_name,tcl/target/efm32.cfg,not_validated,GeckoPlatform_EFM32GG_DFP,4.4.0,https://www.silabs.com/documents/public/cmsis-packs/SiliconLabs.GeckoPlatform_EFM32GG_DFP.pdsc
Silicon Labs,EFM32GG Series,EFM32GG380,EFM32GG380F1024,cmsis_device_name,tcl/target/efm32.cfg,not_validated,GeckoPlatform_EFM32GG_DFP,4.4.0,https://www.silabs.com/documents/public/cmsis-packs/SiliconLabs.GeckoPlatform_EFM32GG_DFP.pdsc
Silicon Labs,EFM32GG Series,EFM32GG380,EFM32GG380F512,cmsis_device_name,tcl/target/efm32.cfg,not_validated,GeckoPlatform_EFM32GG_DFP,4.4.0,https://www.silabs.com/documents/public/cmsis-packs/SiliconLabs.GeckoPlatform_EFM32GG_DFP.pdsc
Silicon Labs,EFM32GG Series,EFM32GG390,EFM32GG390F1024,cmsis_device_name,tcl/target/efm32.cfg,not_validated,GeckoPlatform_EFM32GG_DFP,4.4.0,https://www.silabs.com/documents/public/cmsis-packs/SiliconLabs.GeckoPlatform_EFM32GG_DFP.pdsc
Silicon Labs,EFM32GG Series,EFM32GG390,EFM32GG390F512,cmsis_device_name,tcl/target/efm32.cfg,not_validated,GeckoPlatform_EFM32GG_DFP,4.4.0,https://www.silabs.com/documents/public/cmsis-packs/SiliconLabs.GeckoPlatform_EFM32GG_DFP.pdsc
Silicon Labs,EFM32GG Series,EFM32GG395,EFM32GG395F1024,cmsis_device_name,tcl/target/efm32.cfg,not_validated,GeckoPlatform_EFM32GG_DFP,4.4.0,https://www.silabs.com/documents/public/cmsis-packs/SiliconLabs.GeckoPlatform_EFM32GG_DFP.pdsc
Silicon Labs,EFM32GG Series,EFM32GG395,EFM32GG395F512,cmsis_device_name,tcl/target/efm32.cfg,not_validated,GeckoPlatform_EFM32GG_DFP,4.4.0,https://www.silabs.com/documents/public/cmsis-packs/SiliconLabs.GeckoPlatform_EFM32GG_DFP.pdsc
Silicon Labs,EFM32GG Series,EFM32GG840,EFM32GG840F1024,cmsis_device_name,tcl/target/efm32.cfg,not_validated,GeckoPlatform_EFM32GG_DFP,4.4.0,https://www.silabs.com/documents/public/cmsis-packs/SiliconLabs.GeckoPlatform_EFM32GG_DFP.pdsc
Silicon Labs,EFM32GG Series,EFM32GG840,EFM32GG840F512,cmsis_device_name,tcl/target/efm32.cfg,not_validated,GeckoPlatform_EFM32GG_DFP,4.4.0,https://www.silabs.com/documents/public/cmsis-packs/SiliconLabs.GeckoPlatform_EFM32GG_DFP.pdsc
Silicon Labs,EFM32GG Series,EFM32GG842,EFM32GG842F1024,cmsis_device_name,tcl/target/efm32.cfg,not_validated,GeckoPlatform_EFM32GG_DFP,4.4.0,https://www.silabs.com/documents/public/cmsis-packs/SiliconLabs.GeckoPlatform_EFM32GG_DFP.pdsc
Silicon Labs,EFM32GG Series,EFM32GG842,EFM32GG842F512,cmsis_device_name,tcl/target/efm32.cfg,not_validated,GeckoPlatform_EFM32GG_DFP,4.4.0,https://www.silabs.com/documents/public/cmsis-packs/SiliconLabs.GeckoPlatform_EFM32GG_DFP.pdsc
Silicon Labs,EFM32GG Series,EFM32GG880,EFM32GG880F1024,cmsis_device_name,tcl/target/efm32.cfg,not_validated,GeckoPlatform_EFM32GG_DFP,4.4.0,https://www.silabs.com/documents/public/cmsis-packs/SiliconLabs.GeckoPlatform_EFM32GG_DFP.pdsc
Silicon Labs,EFM32GG Series,EFM32GG880,EFM32GG880F512,cmsis_device_name,tcl/target/efm32.cfg,not_validated,GeckoPlatform_EFM32GG_DFP,4.4.0,https://www.silabs.com/documents/public/cmsis-packs/SiliconLabs.GeckoPlatform_EFM32GG_DFP.pdsc
Silicon Labs,EFM32GG Series,EFM32GG890,EFM32GG890F1024,cmsis_device_name,tcl/target/efm32.cfg,not_validated,GeckoPlatform_EFM32GG_DFP,4.4.0,https://www.silabs.com/documents/public/cmsis-packs/SiliconLabs.GeckoPlatform_EFM32GG_DFP.pdsc
Silicon Labs,EFM32GG Series,EFM32GG890,EFM32GG890F512,cmsis_device_name,tcl/target/efm32.cfg,not_validated,GeckoPlatform_EFM32GG_DFP,4.4.0,https://www.silabs.com/documents/public/cmsis-packs/SiliconLabs.GeckoPlatform_EFM32GG_DFP.pdsc
Silicon Labs,EFM32GG Series,EFM32GG895,EFM32GG895F1024,cmsis_device_name,tcl/target/efm32.cfg,not_validated,GeckoPlatform_EFM32GG_DFP,4.4.0,https://www.silabs.com/documents/public/cmsis-packs/SiliconLabs.GeckoPlatform_EFM32GG_DFP.pdsc
Silicon Labs,EFM32GG Series,EFM32GG895,EFM32GG895F512,cmsis_device_name,tcl/target/efm32.cfg,not_validated,GeckoPlatform_EFM32GG_DFP,4.4.0,https://www.silabs.com/documents/public/cmsis-packs/SiliconLabs.GeckoPlatform_EFM32GG_DFP.pdsc
Silicon Labs,EFM32GG Series,EFM32GG900,EFM32GG900F1024,cmsis_device_name,tcl/target/efm32.cfg,not_validated,GeckoPlatform_EFM32GG_DFP,4.4.0,https://www.silabs.com/documents/public/cmsis-packs/SiliconLabs.GeckoPlatform_EFM32GG_DFP.pdsc
Silicon Labs,EFM32GG Series,EFM32GG900,EFM32GG900F512,cmsis_device_name,tcl/target/efm32.cfg,not_validated,GeckoPlatform_EFM32GG_DFP,4.4.0,https://www.silabs.com/documents/public/cmsis-packs/SiliconLabs.GeckoPlatform_EFM32GG_DFP.pdsc
Silicon Labs,EFM32GG Series,EFM32GG940,EFM32GG940F1024,cmsis_device_name,tcl/target/efm32.cfg,not_validated,GeckoPlatform_EFM32GG_DFP,4.4.0,https://www.silabs.com/documents/public/cmsis-packs/SiliconLabs.GeckoPlatform_EFM32GG_DFP.pdsc
Silicon Labs,EFM32GG Series,EFM32GG940,EFM32GG940F512,cmsis_device_name,tcl/target/efm32.cfg,not_validated,GeckoPlatform_EFM32GG_DFP,4.4.0,https://www.silabs.com/documents/public/cmsis-packs/SiliconLabs.GeckoPlatform_EFM32GG_DFP.pdsc
Silicon Labs,EFM32GG Series,EFM32GG942,EFM32GG942F1024,cmsis_device_name,tcl/target/efm32.cfg,not_validated,GeckoPlatform_EFM32GG_DFP,4.4.0,https://www.silabs.com/documents/public/cmsis-packs/SiliconLabs.GeckoPlatform_EFM32GG_DFP.pdsc
Silicon Labs,EFM32GG Series,EFM32GG942,EFM32GG942F512,cmsis_device_name,tcl/target/efm32.cfg,not_validated,GeckoPlatform_EFM32GG_DFP,4.4.0,https://www.silabs.com/documents/public/cmsis-packs/SiliconLabs.GeckoPlatform_EFM32GG_DFP.pdsc
Silicon Labs,EFM32GG Series,EFM32GG980,EFM32GG980F1024,cmsis_device_name,tcl/target/efm32.cfg,not_validated,GeckoPlatform_EFM32GG_DFP,4.4.0,https://www.silabs.com/documents/public/cmsis-packs/SiliconLabs.GeckoPlatform_EFM32GG_DFP.pdsc
Silicon Labs,EFM32GG Series,EFM32GG980,EFM32GG980F512,cmsis_device_name,tcl/target/efm32.cfg,not_validated,GeckoPlatform_EFM32GG_DFP,4.4.0,https://www.silabs.com/documents/public/cmsis-packs/SiliconLabs.GeckoPlatform_EFM32GG_DFP.pdsc
Silicon Labs,EFM32GG Series,EFM32GG990,EFM32GG990F1024,cmsis_device_name,tcl/target/efm32.cfg,not_validated,GeckoPlatform_EFM32GG_DFP,4.4.0,https://www.silabs.com/documents/public/cmsis-packs/SiliconLabs.GeckoPlatform_EFM32GG_DFP.pdsc
Silicon Labs,EFM32GG Series,EFM32GG990,EFM32GG990F512,cmsis_device_name,tcl/target/efm32.cfg,not_validated,GeckoPlatform_EFM32GG_DFP,4.4.0,https://www.silabs.com/documents/public/cmsis-packs/SiliconLabs.GeckoPlatform_EFM32GG_DFP.pdsc
Silicon Labs,EFM32GG Series,EFM32GG995,EFM32GG995F1024,cmsis_device_name,tcl/target/efm32.cfg,not_validated,GeckoPlatform_EFM32GG_DFP,4.4.0,https://www.silabs.com/documents/public/cmsis-packs/SiliconLabs.GeckoPlatform_EFM32GG_DFP.pdsc
Silicon Labs,EFM32GG Series,EFM32GG995,EFM32GG995F512,cmsis_device_name,tcl/target/efm32.cfg,not_validated,GeckoPlatform_EFM32GG_DFP,4.4.0,https://www.silabs.com/documents/public/cmsis-packs/SiliconLabs.GeckoPlatform_EFM32GG_DFP.pdsc
Silicon Labs,EFM32GG11B Series,EFM32GG11B110,EFM32GG11B110F2048GM64,cmsis_device_name,tcl/target/efm32.cfg,not_validated,GeckoPlatform_EFM32GG11B_DFP,4.4.0,https://www.silabs.com/documents/public/cmsis-packs/SiliconLabs.GeckoPlatform_EFM32GG11B_DFP.pdsc
Silicon Labs,EFM32GG11B Series,EFM32GG11B110,EFM32GG11B110F2048GQ64,cmsis_device_name,tcl/target/efm32.cfg,not_validated,GeckoPlatform_EFM32GG11B_DFP,4.4.0,https://www.silabs.com/documents/public/cmsis-packs/SiliconLabs.GeckoPlatform_EFM32GG11B_DFP.pdsc
Silicon Labs,EFM32GG11B Series,EFM32GG11B110,EFM32GG11B110F2048IM64,cmsis_device_name,tcl/target/efm32.cfg,not_validated,GeckoPlatform_EFM32GG11B_DFP,4.4.0,https://www.silabs.com/documents/public/cmsis-packs/SiliconLabs.GeckoPlatform_EFM32GG11B_DFP.pdsc
Silicon Labs,EFM32GG11B Series,EFM32GG11B110,EFM32GG11B110F2048IQ64,cmsis_device_name,tcl/target/efm32.cfg,not_validated,GeckoPlatform_EFM32GG11B_DFP,4.4.0,https://www.silabs.com/documents/public/cmsis-packs/SiliconLabs.GeckoPlatform_EFM32GG11B_DFP.pdsc
Silicon Labs,EFM32GG11B Series,EFM32GG11B120,EFM32GG11B120F2048GM64,cmsis_device_name,tcl/target/efm32.cfg,not_validated,GeckoPlatform_EFM32GG11B_DFP,4.4.0,https://www.silabs.com/documents/public/cmsis-packs/SiliconLabs.GeckoPlatform_EFM32GG11B_DFP.pdsc
Silicon Labs,EFM32GG11B Series,EFM32GG11B120,EFM32GG11B120F2048GQ64,cmsis_device_name,tcl/target/efm32.cfg,not_validated,GeckoPlatform_EFM32GG11B_DFP,4.4.0,https://www.silabs.com/documents/public/cmsis-packs/SiliconLabs.GeckoPlatform_EFM32GG11B_DFP.pdsc
Silicon Labs,EFM32GG11B Series,EFM32GG11B120,EFM32GG11B120F2048IM64,cmsis_device_name,tcl/target/efm32.cfg,not_validated,GeckoPlatform_EFM32GG11B_DFP,4.4.0,https://www.silabs.com/documents/public/cmsis-packs/SiliconLabs.GeckoPlatform_EFM32GG11B_DFP.pdsc
Silicon Labs,EFM32GG11B Series,EFM32GG11B120,EFM32GG11B120F2048IQ64,cmsis_device_name,tcl/target/efm32.cfg,not_validated,GeckoPlatform_EFM32GG11B_DFP,4.4.0,https://www.silabs.com/documents/public/cmsis-packs/SiliconLabs.GeckoPlatform_EFM32GG11B_DFP.pdsc
Silicon Labs,EFM32GG11B Series,EFM32GG11B310,EFM32GG11B310F2048GL112,cmsis_device_name,tcl/target/efm32.cfg,not_validated,GeckoPlatform_EFM32GG11B_DFP,4.4.0,https://www.silabs.com/documents/public/cmsis-packs/SiliconLabs.GeckoPlatform_EFM32GG11B_DFP.pdsc
Silicon Labs,EFM32GG11B Series,EFM32GG11B310,EFM32GG11B310F2048GQ100,cmsis_device_name,tcl/target/efm32.cfg,not_validated,GeckoPlatform_EFM32GG11B_DFP,4.4.0,https://www.silabs.com/documents/public/cmsis-packs/SiliconLabs.GeckoPlatform_EFM32GG11B_DFP.pdsc
Silicon Labs,EFM32GG11B Series,EFM32GG11B320,EFM32GG11B320F2048GL112,cmsis_device_name,tcl/target/efm32.cfg,not_validated,GeckoPlatform_EFM32GG11B_DFP,4.4.0,https://www.silabs.com/documents/public/cmsis-packs/SiliconLabs.GeckoPlatform_EFM32GG11B_DFP.pdsc
Silicon Labs,EFM32GG11B Series,EFM32GG11B320,EFM32GG11B320F2048GQ100,cmsis_device_name,tcl/target/efm32.cfg,not_validated,GeckoPlatform_EFM32GG11B_DFP,4.4.0,https://www.silabs.com/documents/public/cmsis-packs/SiliconLabs.GeckoPlatform_EFM32GG11B_DFP.pdsc
Silicon Labs,EFM32GG11B Series,EFM32GG11B420,EFM32GG11B420F2048GL112,cmsis_device_name,tcl/target/efm32.cfg,not_validated,GeckoPlatform_EFM32GG11B_DFP,4.4.0,https://www.silabs.com/documents/public/cmsis-packs/SiliconLabs.GeckoPlatform_EFM32GG11B_DFP.pdsc
Silicon Labs,EFM32GG11B Series,EFM32GG11B420,EFM32GG11B420F2048GL120,cmsis_device_name,tcl/target/efm32.cfg,not_validated,GeckoPlatform_EFM32GG11B_DFP,4.4.0,https://www.silabs.com/documents/public/cmsis-packs/SiliconLabs.GeckoPlatform_EFM32GG11B_DFP.pdsc
Silicon Labs,EFM32GG11B Series,EFM32GG11B420,EFM32GG11B420F2048GM64,cmsis_device_name,tcl/target/efm32.cfg,not_validated,GeckoPlatform_EFM32GG11B_DFP,4.4.0,https://www.silabs.com/documents/public/cmsis-packs/SiliconLabs.GeckoPlatform_EFM32GG11B_DFP.pdsc
Silicon Labs,EFM32GG11B Series,EFM32GG11B420,EFM32GG11B420F2048GQ100,cmsis_device_name,tcl/target/efm32.cfg,not_validated,GeckoPlatform_EFM32GG11B_DFP,4.4.0,https://www.silabs.com/documents/public/cmsis-packs/SiliconLabs.GeckoPlatform_EFM32GG11B_DFP.pdsc
Silicon Labs,EFM32GG11B Series,EFM32GG11B420,EFM32GG11B420F2048GQ64,cmsis_device_name,tcl/target/efm32.cfg,not_validated,GeckoPlatform_EFM32GG11B_DFP,4.4.0,https://www.silabs.com/documents/public/cmsis-packs/SiliconLabs.GeckoPlatform_EFM32GG11B_DFP.pdsc
Silicon Labs,EFM32GG11B Series,EFM32GG11B420,EFM32GG11B420F2048IL112,cmsis_device_name,tcl/target/efm32.cfg,not_validated,GeckoPlatform_EFM32GG11B_DFP,4.4.0,https://www.silabs.com/documents/public/cmsis-packs/SiliconLabs.GeckoPlatform_EFM32GG11B_DFP.pdsc
Silicon Labs,EFM32GG11B Series,EFM32GG11B420,EFM32GG11B420F2048IL120,cmsis_device_name,tcl/target/efm32.cfg,not_validated,GeckoPlatform_EFM32GG11B_DFP,4.4.0,https://www.silabs.com/documents/public/cmsis-packs/SiliconLabs.GeckoPlatform_EFM32GG11B_DFP.pdsc
Silicon Labs,EFM32GG11B Series,EFM32GG11B420,EFM32GG11B420F2048IM64,cmsis_device_name,tcl/target/efm32.cfg,not_validated,GeckoPlatform_EFM32GG11B_DFP,4.4.0,https://www.silabs.com/documents/public/cmsis-packs/SiliconLabs.GeckoPlatform_EFM32GG11B_DFP.pdsc
Silicon Labs,EFM32GG11B Series,EFM32GG11B420,EFM32GG11B420F2048IQ100,cmsis_device_name,tcl/target/efm32.cfg,not_validated,GeckoPlatform_EFM32GG11B_DFP,4.4.0,https://www.silabs.com/documents/public/cmsis-packs/SiliconLabs.GeckoPlatform_EFM32GG11B_DFP.pdsc
Silicon Labs,EFM32GG11B Series,EFM32GG11B420,EFM32GG11B420F2048IQ64,cmsis_device_name,tcl/target/efm32.cfg,not_validated,GeckoPlatform_EFM32GG11B_DFP,4.4.0,https://www.silabs.com/documents/public/cmsis-packs/SiliconLabs.GeckoPlatform_EFM32GG11B_DFP.pdsc
Silicon Labs,EFM32GG11B Series,EFM32GG11B510,EFM32GG11B510F2048GL120,cmsis_device_name,tcl/target/efm32.cfg,not_validated,GeckoPlatform_EFM32GG11B_DFP,4.4.0,https://www.silabs.com/documents/public/cmsis-packs/SiliconLabs.GeckoPlatform_EFM32GG11B_DFP.pdsc
Silicon Labs,EFM32GG11B Series,EFM32GG11B510,EFM32GG11B510F2048GM64,cmsis_device_name,tcl/target/efm32.cfg,not_validated,GeckoPlatform_EFM32GG11B_DFP,4.4.0,https://www.silabs.com/documents/public/cmsis-packs/SiliconLabs.GeckoPlatform_EFM32GG11B_DFP.pdsc
Silicon Labs,EFM32GG11B Series,EFM32GG11B510,EFM32GG11B510F2048GQ100,cmsis_device_name,tcl/target/efm32.cfg,not_validated,GeckoPlatform_EFM32GG11B_DFP,4.4.0,https://www.silabs.com/documents/public/cmsis-packs/SiliconLabs.GeckoPlatform_EFM32GG11B_DFP.pdsc
Silicon Labs,EFM32GG11B Series,EFM32GG11B510,EFM32GG11B510F2048GQ64,cmsis_device_name,tcl/target/efm32.cfg,not_validated,GeckoPlatform_EFM32GG11B_DFP,4.4.0,https://www.silabs.com/documents/public/cmsis-packs/SiliconLabs.GeckoPlatform_EFM32GG11B_DFP.pdsc
Silicon Labs,EFM32GG11B Series,EFM32GG11B510,EFM32GG11B510F2048IL120,cmsis_device_name,tcl/target/efm32.cfg,not_validated,GeckoPlatform_EFM32GG11B_DFP,4.4.0,https://www.silabs.com/documents/public/cmsis-packs/SiliconLabs.GeckoPlatform_EFM32GG11B_DFP.pdsc
Silicon Labs,EFM32GG11B Series,EFM32GG11B510,EFM32GG11B510F2048IM64,cmsis_device_name,tcl/target/efm32.cfg,not_validated,GeckoPlatform_EFM32GG11B_DFP,4.4.0,https://www.silabs.com/documents/public/cmsis-packs/SiliconLabs.GeckoPlatform_EFM32GG11B_DFP.pdsc
Silicon Labs,EFM32GG11B Series,EFM32GG11B510,EFM32GG11B510F2048IQ100,cmsis_device_name,tcl/target/efm32.cfg,not_validated,GeckoPlatform_EFM32GG11B_DFP,4.4.0,https://www.silabs.com/documents/public/cmsis-packs/SiliconLabs.GeckoPlatform_EFM32GG11B_DFP.pdsc
Silicon Labs,EFM32GG11B Series,EFM32GG11B510,EFM32GG11B510F2048IQ64,cmsis_device_name,tcl/target/efm32.cfg,not_validated,GeckoPlatform_EFM32GG11B_DFP,4.4.0,https://www.silabs.com/documents/public/cmsis-packs/SiliconLabs.GeckoPlatform_EFM32GG11B_DFP.pdsc
Silicon Labs,EFM32GG11B Series,EFM32GG11B520,EFM32GG11B520F2048GL120,cmsis_device_name,tcl/target/efm32.cfg,not_validated,GeckoPlatform_EFM32GG11B_DFP,4.4.0,https://www.silabs.com/documents/public/cmsis-packs/SiliconLabs.GeckoPlatform_EFM32GG11B_DFP.pdsc
Silicon Labs,EFM32GG11B Series,EFM32GG11B520,EFM32GG11B520F2048GM64,cmsis_device_name,tcl/target/efm32.cfg,not_validated,GeckoPlatform_EFM32GG11B_DFP,4.4.0,https://www.silabs.com/documents/public/cmsis-packs/SiliconLabs.GeckoPlatform_EFM32GG11B_DFP.pdsc
Silicon Labs,EFM32GG11B Series,EFM32GG11B520,EFM32GG11B520F2048GQ100,cmsis_device_name,tcl/target/efm32.cfg,not_validated,GeckoPlatform_EFM32GG11B_DFP,4.4.0,https://www.silabs.com/documents/public/cmsis-packs/SiliconLabs.GeckoPlatform_EFM32GG11B_DFP.pdsc
Silicon Labs,EFM32GG11B Series,EFM32GG11B520,EFM32GG11B520F2048GQ64,cmsis_device_name,tcl/target/efm32.cfg,not_validated,GeckoPlatform_EFM32GG11B_DFP,4.4.0,https://www.silabs.com/documents/public/cmsis-packs/SiliconLabs.GeckoPlatform_EFM32GG11B_DFP.pdsc
Silicon Labs,EFM32GG11B Series,EFM32GG11B520,EFM32GG11B520F2048IL120,cmsis_device_name,tcl/target/efm32.cfg,not_validated,GeckoPlatform_EFM32GG11B_DFP,4.4.0,https://www.silabs.com/documents/public/cmsis-packs/SiliconLabs.GeckoPlatform_EFM32GG11B_DFP.pdsc
Silicon Labs,EFM32GG11B Series,EFM32GG11B520,EFM32GG11B520F2048IM64,cmsis_device_name,tcl/target/efm32.cfg,not_validated,GeckoPlatform_EFM32GG11B_DFP,4.4.0,https://www.silabs.com/documents/public/cmsis-packs/SiliconLabs.GeckoPlatform_EFM32GG11B_DFP.pdsc
Silicon Labs,EFM32GG11B Series,EFM32GG11B520,EFM32GG11B520F2048IQ100,cmsis_device_name,tcl/target/efm32.cfg,not_validated,GeckoPlatform_EFM32GG11B_DFP,4.4.0,https://www.silabs.com/documents/public/cmsis-packs/SiliconLabs.GeckoPlatform_EFM32GG11B_DFP.pdsc
Silicon Labs,EFM32GG11B Series,EFM32GG11B520,EFM32GG11B520F2048IQ64,cmsis_device_name,tcl/target/efm32.cfg,not_validated,GeckoPlatform_EFM32GG11B_DFP,4.4.0,https://www.silabs.com/documents/public/cmsis-packs/SiliconLabs.GeckoPlatform_EFM32GG11B_DFP.pdsc
Silicon Labs,EFM32GG11B Series,EFM32GG11B820,EFM32GG11B820F2048GL120,cmsis_device_name,tcl/target/efm32.cfg,not_validated,GeckoPlatform_EFM32GG11B_DFP,4.4.0,https://www.silabs.com/documents/public/cmsis-packs/SiliconLabs.GeckoPlatform_EFM32GG11B_DFP.pdsc
Silicon Labs,EFM32GG11B Series,EFM32GG11B820,EFM32GG11B820F2048GL152,cmsis_device_name,tcl/target/efm32.cfg,not_validated,GeckoPlatform_EFM32GG11B_DFP,4.4.0,https://www.silabs.com/documents/public/cmsis-packs/SiliconLabs.GeckoPlatform_EFM32GG11B_DFP.pdsc
Silicon Labs,EFM32GG11B Series,EFM32GG11B820,EFM32GG11B820F2048GL192,cmsis_device_name,tcl/target/efm32.cfg,not_validated,GeckoPlatform_EFM32GG11B_DFP,4.4.0,https://www.silabs.com/documents/public/cmsis-packs/SiliconLabs.GeckoPlatform_EFM32GG11B_DFP.pdsc
Silicon Labs,EFM32GG11B Series,EFM32GG11B820,EFM32GG11B820F2048GM64,cmsis_device_name,tcl/target/efm32.cfg,not_validated,GeckoPlatform_EFM32GG11B_DFP,4.4.0,https://www.silabs.com/documents/public/cmsis-packs/SiliconLabs.GeckoPlatform_EFM32GG11B_DFP.pdsc
Silicon Labs,EFM32GG11B Series,EFM32GG11B820,EFM32GG11B820F2048GQ100,cmsis_device_name,tcl/target/efm32.cfg,not_validated,GeckoPlatform_EFM32GG11B_DFP,4.4.0,https://www.silabs.com/documents/public/cmsis-packs/SiliconLabs.GeckoPlatform_EFM32GG11B_DFP.pdsc
Silicon Labs,EFM32GG11B Series,EFM32GG11B820,EFM32GG11B820F2048GQ64,cmsis_device_name,tcl/target/efm32.cfg,not_validated,GeckoPlatform_EFM32GG11B_DFP,4.4.0,https://www.silabs.com/documents/public/cmsis-packs/SiliconLabs.GeckoPlatform_EFM32GG11B_DFP.pdsc
Silicon Labs,EFM32GG11B Series,EFM32GG11B820,EFM32GG11B820F2048IL120,cmsis_device_name,tcl/target/efm32.cfg,not_validated,GeckoPlatform_EFM32GG11B_DFP,4.4.0,https://www.silabs.com/documents/public/cmsis-packs/SiliconLabs.GeckoPlatform_EFM32GG11B_DFP.pdsc
Silicon Labs,EFM32GG11B Series,EFM32GG11B820,EFM32GG11B820F2048IL152,cmsis_device_name,tcl/target/efm32.cfg,not_validated,GeckoPlatform_EFM32GG11B_DFP,4.4.0,https://www.silabs.com/documents/public/cmsis-packs/SiliconLabs.GeckoPlatform_EFM32GG11B_DFP.pdsc
Silicon Labs,EFM32GG11B Series,EFM32GG11B820,EFM32GG11B820F2048IM64,cmsis_device_name,tcl/target/efm32.cfg,not_validated,GeckoPlatform_EFM32GG11B_DFP,4.4.0,https://www.silabs.com/documents/public/cmsis-packs/SiliconLabs.GeckoPlatform_EFM32GG11B_DFP.pdsc
Silicon Labs,EFM32GG11B Series,EFM32GG11B820,EFM32GG11B820F2048IQ100,cmsis_device_name,tcl/target/efm32.cfg,not_validated,GeckoPlatform_EFM32GG11B_DFP,4.4.0,https://www.silabs.com/documents/public/cmsis-packs/SiliconLabs.GeckoPlatform_EFM32GG11B_DFP.pdsc
Silicon Labs,EFM32GG11B Series,EFM32GG11B820,EFM32GG11B820F2048IQ64,cmsis_device_name,tcl/target/efm32.cfg,not_validated,GeckoPlatform_EFM32GG11B_DFP,4.4.0,https://www.silabs.com/documents/public/cmsis-packs/SiliconLabs.GeckoPlatform_EFM32GG11B_DFP.pdsc
Silicon Labs,EFM32GG11B Series,EFM32GG11B840,EFM32GG11B840F1024GL120,cmsis_device_name,tcl/target/efm32.cfg,not_validated,GeckoPlatform_EFM32GG11B_DFP,4.4.0,https://www.silabs.com/documents/public/cmsis-packs/SiliconLabs.GeckoPlatform_EFM32GG11B_DFP.pdsc
Silicon Labs,EFM32GG11B Series,EFM32GG11B840,EFM32GG11B840F1024GL152,cmsis_device_name,tcl/target/efm32.cfg,not_validated,GeckoPlatform_EFM32GG11B_DFP,4.4.0,https://www.silabs.com/documents/public/cmsis-packs/SiliconLabs.GeckoPlatform_EFM32GG11B_DFP.pdsc
Silicon Labs,EFM32GG11B Series,EFM32GG11B840,EFM32GG11B840F1024GL192,cmsis_device_name,tcl/target/efm32.cfg,not_validated,GeckoPlatform_EFM32GG11B_DFP,4.4.0,https://www.silabs.com/documents/public/cmsis-packs/SiliconLabs.GeckoPlatform_EFM32GG11B_DFP.pdsc
Silicon Labs,EFM32GG11B Series,EFM32GG11B840,EFM32GG11B840F1024GM64,cmsis_device_name,tcl/target/efm32.cfg,not_validated,GeckoPlatform_EFM32GG11B_DFP,4.4.0,https://www.silabs.com/documents/public/cmsis-packs/SiliconLabs.GeckoPlatform_EFM32GG11B_DFP.pdsc
Silicon Labs,EFM32GG11B Series,EFM32GG11B840,EFM32GG11B840F1024GQ100,cmsis_device_name,tcl/target/efm32.cfg,not_validated,GeckoPlatform_EFM32GG11B_DFP,4.4.0,https://www.silabs.com/documents/public/cmsis-packs/SiliconLabs.GeckoPlatform_EFM32GG11B_DFP.pdsc
Silicon Labs,EFM32GG11B Series,EFM32GG11B840,EFM32GG11B840F1024GQ64,cmsis_device_name,tcl/target/efm32.cfg,not_validated,GeckoPlatform_EFM32GG11B_DFP,4.4.0,https://www.silabs.com/documents/public/cmsis-packs/SiliconLabs.GeckoPlatform_EFM32GG11B_DFP.pdsc
Silicon Labs,EFM32GG11B Series,EFM32GG11B840,EFM32GG11B840F1024IL120,cmsis_device_name,tcl/target/efm32.cfg,not_validated,GeckoPlatform_EFM32GG11B_DFP,4.4.0,https://www.silabs.com/documents/public/cmsis-packs/SiliconLabs.GeckoPlatform_EFM32GG11B_DFP.pdsc
Silicon Labs,EFM32GG11B Series,EFM32GG11B840,EFM32GG11B840F1024IL152,cmsis_device_name,tcl/target/efm32.cfg,not_validated,GeckoPlatform_EFM32GG11B_DFP,4.4.0,https://www.silabs.com/documents/public/cmsis-packs/SiliconLabs.GeckoPlatform_EFM32GG11B_DFP.pdsc
Silicon Labs,EFM32GG11B Series,EFM32GG11B840,EFM32GG11B840F1024IM64,cmsis_device_name,tcl/target/efm32.cfg,not_validated,GeckoPlatform_EFM32GG11B_DFP,4.4.0,https://www.silabs.com/documents/public/cmsis-packs/SiliconLabs.GeckoPlatform_EFM32GG11B_DFP.pdsc
Silicon Labs,EFM32GG11B Series,EFM32GG11B840,EFM32GG11B840F1024IQ100,cmsis_device_name,tcl/target/efm32.cfg,not_validated,GeckoPlatform_EFM32GG11B_DFP,4.4.0,https://www.silabs.com/documents/public/cmsis-packs/SiliconLabs.GeckoPlatform_EFM32GG11B_DFP.pdsc
Silicon Labs,EFM32GG11B Series,EFM32GG11B840,EFM32GG11B840F1024IQ64,cmsis_device_name,tcl/target/efm32.cfg,not_validated,GeckoPlatform_EFM32GG11B_DFP,4.4.0,https://www.silabs.com/documents/public/cmsis-packs/SiliconLabs.GeckoPlatform_EFM32GG11B_DFP.pdsc
Silicon Labs,EFM32GG12B Series,EFM32GG12B110,EFM32GG12B110F1024GM64,cmsis_device_name,tcl/target/efm32.cfg,not_validated,GeckoPlatform_EFM32GG12B_DFP,4.4.0,https://www.silabs.com/documents/public/cmsis-packs/SiliconLabs.GeckoPlatform_EFM32GG12B_DFP.pdsc
Silicon Labs,EFM32GG12B Series,EFM32GG12B110,EFM32GG12B110F1024GQ64,cmsis_device_name,tcl/target/efm32.cfg,not_validated,GeckoPlatform_EFM32GG12B_DFP,4.4.0,https://www.silabs.com/documents/public/cmsis-packs/SiliconLabs.GeckoPlatform_EFM32GG12B_DFP.pdsc
Silicon Labs,EFM32GG12B Series,EFM32GG12B110,EFM32GG12B110F1024IM64,cmsis_device_name,tcl/target/efm32.cfg,not_validated,GeckoPlatform_EFM32GG12B_DFP,4.4.0,https://www.silabs.com/documents/public/cmsis-packs/SiliconLabs.GeckoPlatform_EFM32GG12B_DFP.pdsc
Silicon Labs,EFM32GG12B Series,EFM32GG12B110,EFM32GG12B110F1024IQ64,cmsis_device_name,tcl/target/efm32.cfg,not_validated,GeckoPlatform_EFM32GG12B_DFP,4.4.0,https://www.silabs.com/documents/public/cmsis-packs/SiliconLabs.GeckoPlatform_EFM32GG12B_DFP.pdsc
Silicon Labs,EFM32GG12B Series,EFM32GG12B130,EFM32GG12B130F512GM64,cmsis_device_name,tcl/target/efm32.cfg,not_validated,GeckoPlatform_EFM32GG12B_DFP,4.4.0,https://www.silabs.com/documents/public/cmsis-packs/SiliconLabs.GeckoPlatform_EFM32GG12B_DFP.pdsc
Silicon Labs,EFM32GG12B Series,EFM32GG12B130,EFM32GG12B130F512GQ64,cmsis_device_name,tcl/target/efm32.cfg,not_validated,GeckoPlatform_EFM32GG12B_DFP,4.4.0,https://www.silabs.com/documents/public/cmsis-packs/SiliconLabs.GeckoPlatform_EFM32GG12B_DFP.pdsc
Silicon Labs,EFM32GG12B Series,EFM32GG12B130,EFM32GG12B130F512IM64,cmsis_device_name,tcl/target/efm32.cfg,not_validated,GeckoPlatform_EFM32GG12B_DFP,4.4.0,https://www.silabs.com/documents/public/cmsis-packs/SiliconLabs.GeckoPlatform_EFM32GG12B_DFP.pdsc
Silicon Labs,EFM32GG12B Series,EFM32GG12B130,EFM32GG12B130F512IQ64,cmsis_device_name,tcl/target/efm32.cfg,not_validated,GeckoPlatform_EFM32GG12B_DFP,4.4.0,https://www.silabs.com/documents/public/cmsis-packs/SiliconLabs.GeckoPlatform_EFM32GG12B_DFP.pdsc
Silicon Labs,EFM32GG12B Series,EFM32GG12B310,EFM32GG12B310F1024GL112,cmsis_device_name,tcl/target/efm32.cfg,not_validated,GeckoPlatform_EFM32GG12B_DFP,4.4.0,https://www.silabs.com/documents/public/cmsis-packs/SiliconLabs.GeckoPlatform_EFM32GG12B_DFP.pdsc
Silicon Labs,EFM32GG12B Series,EFM32GG12B310,EFM32GG12B310F1024GQ100,cmsis_device_name,tcl/target/efm32.cfg,not_validated,GeckoPlatform_EFM32GG12B_DFP,4.4.0,https://www.silabs.com/documents/public/cmsis-packs/SiliconLabs.GeckoPlatform_EFM32GG12B_DFP.pdsc
Silicon Labs,EFM32GG12B Series,EFM32GG12B330,EFM32GG12B330F512GL112,cmsis_device_name,tcl/target/efm32.cfg,not_validated,GeckoPlatform_EFM32GG12B_DFP,4.4.0,https://www.silabs.com/documents/public/cmsis-packs/SiliconLabs.GeckoPlatform_EFM32GG12B_DFP.pdsc
Silicon Labs,EFM32GG12B Series,EFM32GG12B330,EFM32GG12B330F512GQ100,cmsis_device_name,tcl/target/efm32.cfg,not_validated,GeckoPlatform_EFM32GG12B_DFP,4.4.0,https://www.silabs.com/documents/public/cmsis-packs/SiliconLabs.GeckoPlatform_EFM32GG12B_DFP.pdsc
Silicon Labs,EFM32GG12B Series,EFM32GG12B390,EFM32GG12B390F1024GL112,cmsis_device_name,tcl/target/efm32.cfg,not_validated,GeckoPlatform_EFM32GG12B_DFP,4.4.0,https://www.silabs.com/documents/public/cmsis-packs/SiliconLabs.GeckoPlatform_EFM32GG12B_DFP.pdsc
Silicon Labs,EFM32GG12B Series,EFM32GG12B390,EFM32GG12B390F512GL112,cmsis_device_name,tcl/target/efm32.cfg,not_validated,GeckoPlatform_EFM32GG12B_DFP,4.4.0,https://www.silabs.com/documents/public/cmsis-packs/SiliconLabs.GeckoPlatform_EFM32GG12B_DFP.pdsc
Silicon Labs,EFM32GG12B Series,EFM32GG12B410,EFM32GG12B410F1024GL112,cmsis_device_name,tcl/target/efm32.cfg,not_validated,GeckoPlatform_EFM32GG12B_DFP,4.4.0,https://www.silabs.com/documents/public/cmsis-packs/SiliconLabs.GeckoPlatform_EFM32GG12B_DFP.pdsc
Silicon Labs,EFM32GG12B Series,EFM32GG12B410,EFM32GG12B410F1024GL120,cmsis_device_name,tcl/target/efm32.cfg,not_validated,GeckoPlatform_EFM32GG12B_DFP,4.4.0,https://www.silabs.com/documents/public/cmsis-packs/SiliconLabs.GeckoPlatform_EFM32GG12B_DFP.pdsc
Silicon Labs,EFM32GG12B Series,EFM32GG12B410,EFM32GG12B410F1024GM64,cmsis_device_name,tcl/target/efm32.cfg,not_validated,GeckoPlatform_EFM32GG12B_DFP,4.4.0,https://www.silabs.com/documents/public/cmsis-packs/SiliconLabs.GeckoPlatform_EFM32GG12B_DFP.pdsc
Silicon Labs,EFM32GG12B Series,EFM32GG12B410,EFM32GG12B410F1024GQ100,cmsis_device_name,tcl/target/efm32.cfg,not_validated,GeckoPlatform_EFM32GG12B_DFP,4.4.0,https://www.silabs.com/documents/public/cmsis-packs/SiliconLabs.GeckoPlatform_EFM32GG12B_DFP.pdsc
Silicon Labs,EFM32GG12B Series,EFM32GG12B410,EFM32GG12B410F1024GQ64,cmsis_device_name,tcl/target/efm32.cfg,not_validated,GeckoPlatform_EFM32GG12B_DFP,4.4.0,https://www.silabs.com/documents/public/cmsis-packs/SiliconLabs.GeckoPlatform_EFM32GG12B_DFP.pdsc
Silicon Labs,EFM32GG12B Series,EFM32GG12B410,EFM32GG12B410F1024IL112,cmsis_device_name,tcl/target/efm32.cfg,not_validated,GeckoPlatform_EFM32GG12B_DFP,4.4.0,https://www.silabs.com/documents/public/cmsis-packs/SiliconLabs.GeckoPlatform_EFM32GG12B_DFP.pdsc
Silicon Labs,EFM32GG12B Series,EFM32GG12B410,EFM32GG12B410F1024IL120,cmsis_device_name,tcl/target/efm32.cfg,not_validated,GeckoPlatform_EFM32GG12B_DFP,4.4.0,https://www.silabs.com/documents/public/cmsis-packs/SiliconLabs.GeckoPlatform_EFM32GG12B_DFP.pdsc
Silicon Labs,EFM32GG12B Series,EFM32GG12B410,EFM32GG12B410F1024IM64,cmsis_device_name,tcl/target/efm32.cfg,not_validated,GeckoPlatform_EFM32GG12B_DFP,4.4.0,https://www.silabs.com/documents/public/cmsis-packs/SiliconLabs.GeckoPlatform_EFM32GG12B_DFP.pdsc
Silicon Labs,EFM32GG12B Series,EFM32GG12B410,EFM32GG12B410F1024IQ100,cmsis_device_name,tcl/target/efm32.cfg,not_validated,GeckoPlatform_EFM32GG12B_DFP,4.4.0,https://www.silabs.com/documents/public/cmsis-packs/SiliconLabs.GeckoPlatform_EFM32GG12B_DFP.pdsc
Silicon Labs,EFM32GG12B Series,EFM32GG12B410,EFM32GG12B410F1024IQ64,cmsis_device_name,tcl/target/efm32.cfg,not_validated,GeckoPlatform_EFM32GG12B_DFP,4.4.0,https://www.silabs.com/documents/public/cmsis-packs/SiliconLabs.GeckoPlatform_EFM32GG12B_DFP.pdsc
Silicon Labs,EFM32GG12B Series,EFM32GG12B430,EFM32GG12B430F512GL112,cmsis_device_name,tcl/target/efm32.cfg,not_validated,GeckoPlatform_EFM32GG12B_DFP,4.4.0,https://www.silabs.com/documents/public/cmsis-packs/SiliconLabs.GeckoPlatform_EFM32GG12B_DFP.pdsc
Silicon Labs,EFM32GG12B Series,EFM32GG12B430,EFM32GG12B430F512GL120,cmsis_device_name,tcl/target/efm32.cfg,not_validated,GeckoPlatform_EFM32GG12B_DFP,4.4.0,https://www.silabs.com/documents/public/cmsis-packs/SiliconLabs.GeckoPlatform_EFM32GG12B_DFP.pdsc
Silicon Labs,EFM32GG12B Series,EFM32GG12B430,EFM32GG12B430F512GM64,cmsis_device_name,tcl/target/efm32.cfg,not_validated,GeckoPlatform_EFM32GG12B_DFP,4.4.0,https://www.silabs.com/documents/public/cmsis-packs/SiliconLabs.GeckoPlatform_EFM32GG12B_DFP.pdsc
Silicon Labs,EFM32GG12B Series,EFM32GG12B430,EFM32GG12B430F512GQ100,cmsis_device_name,tcl/target/efm32.cfg,not_validated,GeckoPlatform_EFM32GG12B_DFP,4.4.0,https://www.silabs.com/documents/public/cmsis-packs/SiliconLabs.GeckoPlatform_EFM32GG12B_DFP.pdsc
Silicon Labs,EFM32GG12B Series,EFM32GG12B430,EFM32GG12B430F512GQ64,cmsis_device_name,tcl/target/efm32.cfg,not_validated,GeckoPlatform_EFM32GG12B_DFP,4.4.0,https://www.silabs.com/documents/public/cmsis-packs/SiliconLabs.GeckoPlatform_EFM32GG12B_DFP.pdsc
Silicon Labs,EFM32GG12B Series,EFM32GG12B430,EFM32GG12B430F512IL112,cmsis_device_name,tcl/target/efm32.cfg,not_validated,GeckoPlatform_EFM32GG12B_DFP,4.4.0,https://www.silabs.com/documents/public/cmsis-packs/SiliconLabs.GeckoPlatform_EFM32GG12B_DFP.pdsc
Silicon Labs,EFM32GG12B Series,EFM32GG12B430,EFM32GG12B430F512IL120,cmsis_device_name,tcl/target/efm32.cfg,not_validated,GeckoPlatform_EFM32GG12B_DFP,4.4.0,https://www.silabs.com/documents/public/cmsis-packs/SiliconLabs.GeckoPlatform_EFM32GG12B_DFP.pdsc
Silicon Labs,EFM32GG12B Series,EFM32GG12B430,EFM32GG12B430F512IM64,cmsis_device_name,tcl/target/efm32.cfg,not_validated,GeckoPlatform_EFM32GG12B_DFP,4.4.0,https://www.silabs.com/documents/public/cmsis-packs/SiliconLabs.GeckoPlatform_EFM32GG12B_DFP.pdsc
Silicon Labs,EFM32GG12B Series,EFM32GG12B430,EFM32GG12B430F512IQ100,cmsis_device_name,tcl/target/efm32.cfg,not_validated,GeckoPlatform_EFM32GG12B_DFP,4.4.0,https://www.silabs.com/documents/public/cmsis-packs/SiliconLabs.GeckoPlatform_EFM32GG12B_DFP.pdsc
Silicon Labs,EFM32GG12B Series,EFM32GG12B430,EFM32GG12B430F512IQ64,cmsis_device_name,tcl/target/efm32.cfg,not_validated,GeckoPlatform_EFM32GG12B_DFP,4.4.0,https://www.silabs.com/documents/public/cmsis-packs/SiliconLabs.GeckoPlatform_EFM32GG12B_DFP.pdsc
Silicon Labs,EFM32GG12B Series,EFM32GG12B510,EFM32GG12B510F1024GL112,cmsis_device_name,tcl/target/efm32.cfg,not_validated,GeckoPlatform_EFM32GG12B_DFP,4.4.0,https://www.silabs.com/documents/public/cmsis-packs/SiliconLabs.GeckoPlatform_EFM32GG12B_DFP.pdsc
Silicon Labs,EFM32GG12B Series,EFM32GG12B510,EFM32GG12B510F1024GL120,cmsis_device_name,tcl/target/efm32.cfg,not_validated,GeckoPlatform_EFM32GG12B_DFP,4.4.0,https://www.silabs.com/documents/public/cmsis-packs/SiliconLabs.GeckoPlatform_EFM32GG12B_DFP.pdsc
Silicon Labs,EFM32GG12B Series,EFM32GG12B510,EFM32GG12B510F1024GM64,cmsis_device_name,tcl/target/efm32.cfg,not_validated,GeckoPlatform_EFM32GG12B_DFP,4.4.0,https://www.silabs.com/documents/public/cmsis-packs/SiliconLabs.GeckoPlatform_EFM32GG12B_DFP.pdsc
Silicon Labs,EFM32GG12B Series,EFM32GG12B510,EFM32GG12B510F1024GQ100,cmsis_device_name,tcl/target/efm32.cfg,not_validated,GeckoPlatform_EFM32GG12B_DFP,4.4.0,https://www.silabs.com/documents/public/cmsis-packs/SiliconLabs.GeckoPlatform_EFM32GG12B_DFP.pdsc
Silicon Labs,EFM32GG12B Series,EFM32GG12B510,EFM32GG12B510F1024GQ64,cmsis_device_name,tcl/target/efm32.cfg,not_validated,GeckoPlatform_EFM32GG12B_DFP,4.4.0,https://www.silabs.com/documents/public/cmsis-packs/SiliconLabs.GeckoPlatform_EFM32GG12B_DFP.pdsc
Silicon Labs,EFM32GG12B Series,EFM32GG12B510,EFM32GG12B510F1024IL112,cmsis_device_name,tcl/target/efm32.cfg,not_validated,GeckoPlatform_EFM32GG12B_DFP,4.4.0,https://www.silabs.com/documents/public/cmsis-packs/SiliconLabs.GeckoPlatform_EFM32GG12B_DFP.pdsc
Silicon Labs,EFM32GG12B Series,EFM32GG12B510,EFM32GG12B510F1024IL120,cmsis_device_name,tcl/target/efm32.cfg,not_validated,GeckoPlatform_EFM32GG12B_DFP,4.4.0,https://www.silabs.com/documents/public/cmsis-packs/SiliconLabs.GeckoPlatform_EFM32GG12B_DFP.pdsc
Silicon Labs,EFM32GG12B Series,EFM32GG12B510,EFM32GG12B510F1024IM64,cmsis_device_name,tcl/target/efm32.cfg,not_validated,GeckoPlatform_EFM32GG12B_DFP,4.4.0,https://www.silabs.com/documents/public/cmsis-packs/SiliconLabs.GeckoPlatform_EFM32GG12B_DFP.pdsc
Silicon Labs,EFM32GG12B Series,EFM32GG12B510,EFM32GG12B510F1024IQ100,cmsis_device_name,tcl/target/efm32.cfg,not_validated,GeckoPlatform_EFM32GG12B_DFP,4.4.0,https://www.silabs.com/documents/public/cmsis-packs/SiliconLabs.GeckoPlatform_EFM32GG12B_DFP.pdsc
Silicon Labs,EFM32GG12B Series,EFM32GG12B510,EFM32GG12B510F1024IQ64,cmsis_device_name,tcl/target/efm32.cfg,not_validated,GeckoPlatform_EFM32GG12B_DFP,4.4.0,https://www.silabs.com/documents/public/cmsis-packs/SiliconLabs.GeckoPlatform_EFM32GG12B_DFP.pdsc
Silicon Labs,EFM32GG12B Series,EFM32GG12B530,EFM32GG12B530F512GL112,cmsis_device_name,tcl/target/efm32.cfg,not_validated,GeckoPlatform_EFM32GG12B_DFP,4.4.0,https://www.silabs.com/documents/public/cmsis-packs/SiliconLabs.GeckoPlatform_EFM32GG12B_DFP.pdsc
Silicon Labs,EFM32GG12B Series,EFM32GG12B530,EFM32GG12B530F512GL120,cmsis_device_name,tcl/target/efm32.cfg,not_validated,GeckoPlatform_EFM32GG12B_DFP,4.4.0,https://www.silabs.com/documents/public/cmsis-packs/SiliconLabs.GeckoPlatform_EFM32GG12B_DFP.pdsc
Silicon Labs,EFM32GG12B Series,EFM32GG12B530,EFM32GG12B530F512GM64,cmsis_device_name,tcl/target/efm32.cfg,not_validated,GeckoPlatform_EFM32GG12B_DFP,4.4.0,https://www.silabs.com/documents/public/cmsis-packs/SiliconLabs.GeckoPlatform_EFM32GG12B_DFP.pdsc
Silicon Labs,EFM32GG12B Series,EFM32GG12B530,EFM32GG12B530F512GQ100,cmsis_device_name,tcl/target/efm32.cfg,not_validated,GeckoPlatform_EFM32GG12B_DFP,4.4.0,https://www.silabs.com/documents/public/cmsis-packs/SiliconLabs.GeckoPlatform_EFM32GG12B_DFP.pdsc
Silicon Labs,EFM32GG12B Series,EFM32GG12B530,EFM32GG12B530F512GQ64,cmsis_device_name,tcl/target/efm32.cfg,not_validated,GeckoPlatform_EFM32GG12B_DFP,4.4.0,https://www.silabs.com/documents/public/cmsis-packs/SiliconLabs.GeckoPlatform_EFM32GG12B_DFP.pdsc
Silicon Labs,EFM32GG12B Series,EFM32GG12B530,EFM32GG12B530F512IL112,cmsis_device_name,tcl/target/efm32.cfg,not_validated,GeckoPlatform_EFM32GG12B_DFP,4.4.0,https://www.silabs.com/documents/public/cmsis-packs/SiliconLabs.GeckoPlatform_EFM32GG12B_DFP.pdsc
Silicon Labs,EFM32GG12B Series,EFM32GG12B530,EFM32GG12B530F512IL120,cmsis_device_name,tcl/target/efm32.cfg,not_validated,GeckoPlatform_EFM32GG12B_DFP,4.4.0,https://www.silabs.com/documents/public/cmsis-packs/SiliconLabs.GeckoPlatform_EFM32GG12B_DFP.pdsc
Silicon Labs,EFM32GG12B Series,EFM32GG12B530,EFM32GG12B530F512IM64,cmsis_device_name,tcl/target/efm32.cfg,not_validated,GeckoPlatform_EFM32GG12B_DFP,4.4.0,https://www.silabs.com/documents/public/cmsis-packs/SiliconLabs.GeckoPlatform_EFM32GG12B_DFP.pdsc
Silicon Labs,EFM32GG12B Series,EFM32GG12B530,EFM32GG12B530F512IQ100,cmsis_device_name,tcl/target/efm32.cfg,not_validated,GeckoPlatform_EFM32GG12B_DFP,4.4.0,https://www.silabs.com/documents/public/cmsis-packs/SiliconLabs.GeckoPlatform_EFM32GG12B_DFP.pdsc
Silicon Labs,EFM32GG12B Series,EFM32GG12B530,EFM32GG12B530F512IQ64,cmsis_device_name,tcl/target/efm32.cfg,not_validated,GeckoPlatform_EFM32GG12B_DFP,4.4.0,https://www.silabs.com/documents/public/cmsis-packs/SiliconLabs.GeckoPlatform_EFM32GG12B_DFP.pdsc
Silicon Labs,EFM32GG12B Series,EFM32GG12B810,EFM32GG12B810F1024GL112,cmsis_device_name,tcl/target/efm32.cfg,not_validated,GeckoPlatform_EFM32GG12B_DFP,4.4.0,https://www.silabs.com/documents/public/cmsis-packs/SiliconLabs.GeckoPlatform_EFM32GG12B_DFP.pdsc
Silicon Labs,EFM32GG12B Series,EFM32GG12B810,EFM32GG12B810F1024GL120,cmsis_device_name,tcl/target/efm32.cfg,not_validated,GeckoPlatform_EFM32GG12B_DFP,4.4.0,https://www.silabs.com/documents/public/cmsis-packs/SiliconLabs.GeckoPlatform_EFM32GG12B_DFP.pdsc
Silicon Labs,EFM32GG12B Series,EFM32GG12B810,EFM32GG12B810F1024GM64,cmsis_device_name,tcl/target/efm32.cfg,not_validated,GeckoPlatform_EFM32GG12B_DFP,4.4.0,https://www.silabs.com/documents/public/cmsis-packs/SiliconLabs.GeckoPlatform_EFM32GG12B_DFP.pdsc
Silicon Labs,EFM32GG12B Series,EFM32GG12B810,EFM32GG12B810F1024GQ100,cmsis_device_name,tcl/target/efm32.cfg,not_validated,GeckoPlatform_EFM32GG12B_DFP,4.4.0,https://www.silabs.com/documents/public/cmsis-packs/SiliconLabs.GeckoPlatform_EFM32GG12B_DFP.pdsc
Silicon Labs,EFM32GG12B Series,EFM32GG12B810,EFM32GG12B810F1024GQ64,cmsis_device_name,tcl/target/efm32.cfg,not_validated,GeckoPlatform_EFM32GG12B_DFP,4.4.0,https://www.silabs.com/documents/public/cmsis-packs/SiliconLabs.GeckoPlatform_EFM32GG12B_DFP.pdsc
Silicon Labs,EFM32GG12B Series,EFM32GG12B810,EFM32GG12B810F1024IL112,cmsis_device_name,tcl/target/efm32.cfg,not_validated,GeckoPlatform_EFM32GG12B_DFP,4.4.0,https://www.silabs.com/documents/public/cmsis-packs/SiliconLabs.GeckoPlatform_EFM32GG12B_DFP.pdsc
Silicon Labs,EFM32GG12B Series,EFM32GG12B810,EFM32GG12B810F1024IL120,cmsis_device_name,tcl/target/efm32.cfg,not_validated,GeckoPlatform_EFM32GG12B_DFP,4.4.0,https://www.silabs.com/documents/public/cmsis-packs/SiliconLabs.GeckoPlatform_EFM32GG12B_DFP.pdsc
Silicon Labs,EFM32GG12B Series,EFM32GG12B810,EFM32GG12B810F1024IM64,cmsis_device_name,tcl/target/efm32.cfg,not_validated,GeckoPlatform_EFM32GG12B_DFP,4.4.0,https://www.silabs.com/documents/public/cmsis-packs/SiliconLabs.GeckoPlatform_EFM32GG12B_DFP.pdsc
Silicon Labs,EFM32GG12B Series,EFM32GG12B810,EFM32GG12B810F1024IQ100,cmsis_device_name,tcl/target/efm32.cfg,not_validated,GeckoPlatform_EFM32GG12B_DFP,4.4.0,https://www.silabs.com/documents/public/cmsis-packs/SiliconLabs.GeckoPlatform_EFM32GG12B_DFP.pdsc
Silicon Labs,EFM32GG12B Series,EFM32GG12B810,EFM32GG12B810F1024IQ64,cmsis_device_name,tcl/target/efm32.cfg,not_validated,GeckoPlatform_EFM32GG12B_DFP,4.4.0,https://www.silabs.com/documents/public/cmsis-packs/SiliconLabs.GeckoPlatform_EFM32GG12B_DFP.pdsc
Silicon Labs,EFM32GG12B Series,EFM32GG12B830,EFM32GG12B830F512GL112,cmsis_device_name,tcl/target/efm32.cfg,not_validated,GeckoPlatform_EFM32GG12B_DFP,4.4.0,https://www.silabs.com/documents/public/cmsis-packs/SiliconLabs.GeckoPlatform_EFM32GG12B_DFP.pdsc
Silicon Labs,EFM32GG12B Series,EFM32GG12B830,EFM32GG12B830F512GL120,cmsis_device_name,tcl/target/efm32.cfg,not_validated,GeckoPlatform_EFM32GG12B_DFP,4.4.0,https://www.silabs.com/documents/public/cmsis-packs/SiliconLabs.GeckoPlatform_EFM32GG12B_DFP.pdsc
Silicon Labs,EFM32GG12B Series,EFM32GG12B830,EFM32GG12B830F512GM64,cmsis_device_name,tcl/target/efm32.cfg,not_validated,GeckoPlatform_EFM32GG12B_DFP,4.4.0,https://www.silabs.com/documents/public/cmsis-packs/SiliconLabs.GeckoPlatform_EFM32GG12B_DFP.pdsc
Silicon Labs,EFM32GG12B Series,EFM32GG12B830,EFM32GG12B830F512GQ100,cmsis_device_name,tcl/target/efm32.cfg,not_validated,GeckoPlatform_EFM32GG12B_DFP,4.4.0,https://www.silabs.com/documents/public/cmsis-packs/SiliconLabs.GeckoPlatform_EFM32GG12B_DFP.pdsc
Silicon Labs,EFM32GG12B Series,EFM32GG12B830,EFM32GG12B830F512GQ64,cmsis_device_name,tcl/target/efm32.cfg,not_validated,GeckoPlatform_EFM32GG12B_DFP,4.4.0,https://www.silabs.com/documents/public/cmsis-packs/SiliconLabs.GeckoPlatform_EFM32GG12B_DFP.pdsc
Silicon Labs,EFM32GG12B Series,EFM32GG12B830,EFM32GG12B830F512IL112,cmsis_device_name,tcl/target/efm32.cfg,not_validated,GeckoPlatform_EFM32GG12B_DFP,4.4.0,https://www.silabs.com/documents/public/cmsis-packs/SiliconLabs.GeckoPlatform_EFM32GG12B_DFP.pdsc
Silicon Labs,EFM32GG12B Series,EFM32GG12B830,EFM32GG12B830F512IL120,cmsis_device_name,tcl/target/efm32.cfg,not_validated,GeckoPlatform_EFM32GG12B_DFP,4.4.0,https://www.silabs.com/documents/public/cmsis-packs/SiliconLabs.GeckoPlatform_EFM32GG12B_DFP.pdsc
Silicon Labs,EFM32GG12B Series,EFM32GG12B830,EFM32GG12B830F512IM64,cmsis_device_name,tcl/target/efm32.cfg,not_validated,GeckoPlatform_EFM32GG12B_DFP,4.4.0,https://www.silabs.com/documents/public/cmsis-packs/SiliconLabs.GeckoPlatform_EFM32GG12B_DFP.pdsc
Silicon Labs,EFM32GG12B Series,EFM32GG12B830,EFM32GG12B830F512IQ100,cmsis_device_name,tcl/target/efm32.cfg,not_validated,GeckoPlatform_EFM32GG12B_DFP,4.4.0,https://www.silabs.com/documents/public/cmsis-packs/SiliconLabs.GeckoPlatform_EFM32GG12B_DFP.pdsc
Silicon Labs,EFM32GG12B Series,EFM32GG12B830,EFM32GG12B830F512IQ64,cmsis_device_name,tcl/target/efm32.cfg,not_validated,GeckoPlatform_EFM32GG12B_DFP,4.4.0,https://www.silabs.com/documents/public/cmsis-packs/SiliconLabs.GeckoPlatform_EFM32GG12B_DFP.pdsc
Silicon Labs,EFM32HG Series,EFM32HG108,EFM32HG108F32,cmsis_device_name,tcl/target/efm32.cfg,not_validated,GeckoPlatform_EFM32HG_DFP,4.4.0,https://www.silabs.com/documents/public/cmsis-packs/SiliconLabs.GeckoPlatform_EFM32HG_DFP.pdsc
Silicon Labs,EFM32HG Series,EFM32HG108,EFM32HG108F64,cmsis_device_name,tcl/target/efm32.cfg,not_validated,GeckoPlatform_EFM32HG_DFP,4.4.0,https://www.silabs.com/documents/public/cmsis-packs/SiliconLabs.GeckoPlatform_EFM32HG_DFP.pdsc
Silicon Labs,EFM32HG Series,EFM32HG110,EFM32HG110F32,cmsis_device_name,tcl/target/efm32.cfg,not_validated,GeckoPlatform_EFM32HG_DFP,4.4.0,https://www.silabs.com/documents/public/cmsis-packs/SiliconLabs.GeckoPlatform_EFM32HG_DFP.pdsc
Silicon Labs,EFM32HG Series,EFM32HG110,EFM32HG110F64,cmsis_device_name,tcl/target/efm32.cfg,not_validated,GeckoPlatform_EFM32HG_DFP,4.4.0,https://www.silabs.com/documents/public/cmsis-packs/SiliconLabs.GeckoPlatform_EFM32HG_DFP.pdsc
Silicon Labs,EFM32HG Series,EFM32HG210,EFM32HG210F32,cmsis_device_name,tcl/target/efm32.cfg,not_validated,GeckoPlatform_EFM32HG_DFP,4.4.0,https://www.silabs.com/documents/public/cmsis-packs/SiliconLabs.GeckoPlatform_EFM32HG_DFP.pdsc
Silicon Labs,EFM32HG Series,EFM32HG210,EFM32HG210F64,cmsis_device_name,tcl/target/efm32.cfg,not_validated,GeckoPlatform_EFM32HG_DFP,4.4.0,https://www.silabs.com/documents/public/cmsis-packs/SiliconLabs.GeckoPlatform_EFM32HG_DFP.pdsc
Silicon Labs,EFM32HG Series,EFM32HG222,EFM32HG222F32,cmsis_device_name,tcl/target/efm32.cfg,not_validated,GeckoPlatform_EFM32HG_DFP,4.4.0,https://www.silabs.com/documents/public/cmsis-packs/SiliconLabs.GeckoPlatform_EFM32HG_DFP.pdsc
Silicon Labs,EFM32HG Series,EFM32HG222,EFM32HG222F64,cmsis_device_name,tcl/target/efm32.cfg,not_validated,GeckoPlatform_EFM32HG_DFP,4.4.0,https://www.silabs.com/documents/public/cmsis-packs/SiliconLabs.GeckoPlatform_EFM32HG_DFP.pdsc
Silicon Labs,EFM32HG Series,EFM32HG308,EFM32HG308F32,cmsis_device_name,tcl/target/efm32.cfg,not_validated,GeckoPlatform_EFM32HG_DFP,4.4.0,https://www.silabs.com/documents/public/cmsis-packs/SiliconLabs.GeckoPlatform_EFM32HG_DFP.pdsc
Silicon Labs,EFM32HG Series,EFM32HG308,EFM32HG308F64,cmsis_device_name,tcl/target/efm32.cfg,not_validated,GeckoPlatform_EFM32HG_DFP,4.4.0,https://www.silabs.com/documents/public/cmsis-packs/SiliconLabs.GeckoPlatform_EFM32HG_DFP.pdsc
Silicon Labs,EFM32HG Series,EFM32HG309,EFM32HG309F32,cmsis_device_name,tcl/target/efm32.cfg,not_validated,GeckoPlatform_EFM32HG_DFP,4.4.0,https://www.silabs.com/documents/public/cmsis-packs/SiliconLabs.GeckoPlatform_EFM32HG_DFP.pdsc
Silicon Labs,EFM32HG Series,EFM32HG309,EFM32HG309F64,cmsis_device_name,tcl/target/efm32.cfg,not_validated,GeckoPlatform_EFM32HG_DFP,4.4.0,https://www.silabs.com/documents/public/cmsis-packs/SiliconLabs.GeckoPlatform_EFM32HG_DFP.pdsc
Silicon Labs,EFM32HG Series,EFM32HG310,EFM32HG310F32,cmsis_device_name,tcl/target/efm32.cfg,not_validated,GeckoPlatform_EFM32HG_DFP,4.4.0,https://www.silabs.com/documents/public/cmsis-packs/SiliconLabs.GeckoPlatform_EFM32HG_DFP.pdsc
Silicon Labs,EFM32HG Series,EFM32HG310,EFM32HG310F64,cmsis_device_name,tcl/target/efm32.cfg,not_validated,GeckoPlatform_EFM32HG_DFP,4.4.0,https://www.silabs.com/documents/public/cmsis-packs/SiliconLabs.GeckoPlatform_EFM32HG_DFP.pdsc
Silicon Labs,EFM32HG Series,EFM32HG321,EFM32HG321F32,cmsis_device_name,tcl/target/efm32.cfg,not_validated,GeckoPlatform_EFM32HG_DFP,4.4.0,https://www.silabs.com/documents/public/cmsis-packs/SiliconLabs.GeckoPlatform_EFM32HG_DFP.pdsc
Silicon Labs,EFM32HG Series,EFM32HG321,EFM32HG321F64,cmsis_device_name,tcl/target/efm32.cfg,not_validated,GeckoPlatform_EFM32HG_DFP,4.4.0,https://www.silabs.com/documents/public/cmsis-packs/SiliconLabs.GeckoPlatform_EFM32HG_DFP.pdsc
Silicon Labs,EFM32HG Series,EFM32HG322,EFM32HG322F32,cmsis_device_name,tcl/target/efm32.cfg,not_validated,GeckoPlatform_EFM32HG_DFP,4.4.0,https://www.silabs.com/documents/public/cmsis-packs/SiliconLabs.GeckoPlatform_EFM32HG_DFP.pdsc
Silicon Labs,EFM32HG Series,EFM32HG322,EFM32HG322F64,cmsis_device_name,tcl/target/efm32.cfg,not_validated,GeckoPlatform_EFM32HG_DFP,4.4.0,https://www.silabs.com/documents/public/cmsis-packs/SiliconLabs.GeckoPlatform_EFM32HG_DFP.pdsc
Silicon Labs,EFM32HG Series,EFM32HG350,EFM32HG350F32,cmsis_device_name,tcl/target/efm32.cfg,not_validated,GeckoPlatform_EFM32HG_DFP,4.4.0,https://www.silabs.com/documents/public/cmsis-packs/SiliconLabs.GeckoPlatform_EFM32HG_DFP.pdsc
Silicon Labs,EFM32HG Series,EFM32HG350,EFM32HG350F64,cmsis_device_name,tcl/target/efm32.cfg,not_validated,GeckoPlatform_EFM32HG_DFP,4.4.0,https://www.silabs.com/documents/public/cmsis-packs/SiliconLabs.GeckoPlatform_EFM32HG_DFP.pdsc
Silicon Labs,EFM32JG12B Series,EFM32JG12B500,EFM32JG12B500F1024GL125,cmsis_device_name,tcl/target/efm32.cfg,not_validated,GeckoPlatform_EFM32JG12B_DFP,4.4.0,https://www.silabs.com/documents/public/cmsis-packs/SiliconLabs.GeckoPlatform_EFM32JG12B_DFP.pdsc
Silicon Labs,EFM32JG12B Series,EFM32JG12B500,EFM32JG12B500F1024GM48,cmsis_device_name,tcl/target/efm32.cfg,not_validated,GeckoPlatform_EFM32JG12B_DFP,4.4.0,https://www.silabs.com/documents/public/cmsis-packs/SiliconLabs.GeckoPlatform_EFM32JG12B_DFP.pdsc
Silicon Labs,EFM32JG12B Series,EFM32JG12B500,EFM32JG12B500F1024IL125,cmsis_device_name,tcl/target/efm32.cfg,not_validated,GeckoPlatform_EFM32JG12B_DFP,4.4.0,https://www.silabs.com/documents/public/cmsis-packs/SiliconLabs.GeckoPlatform_EFM32JG12B_DFP.pdsc
Silicon Labs,EFM32JG12B Series,EFM32JG12B500,EFM32JG12B500F1024IM48,cmsis_device_name,tcl/target/efm32.cfg,not_validated,GeckoPlatform_EFM32JG12B_DFP,4.4.0,https://www.silabs.com/documents/public/cmsis-packs/SiliconLabs.GeckoPlatform_EFM32JG12B_DFP.pdsc
Silicon Labs,EFM32JG1B Series,EFM32JG1B100,EFM32JG1B100F128GM32,cmsis_device_name,tcl/target/efm32.cfg,not_validated,GeckoPlatform_EFM32JG1B_DFP,4.4.0,https://www.silabs.com/documents/public/cmsis-packs/SiliconLabs.GeckoPlatform_EFM32JG1B_DFP.pdsc
Silicon Labs,EFM32JG1B Series,EFM32JG1B100,EFM32JG1B100F256GM32,cmsis_device_name,tcl/target/efm32.cfg,not_validated,GeckoPlatform_EFM32JG1B_DFP,4.4.0,https://www.silabs.com/documents/public/cmsis-packs/SiliconLabs.GeckoPlatform_EFM32JG1B_DFP.pdsc
Silicon Labs,EFM32JG1B Series,EFM32JG1B100,EFM32JG1B100F256IM32,cmsis_device_name,tcl/target/efm32.cfg,not_validated,GeckoPlatform_EFM32JG1B_DFP,4.4.0,https://www.silabs.com/documents/public/cmsis-packs/SiliconLabs.GeckoPlatform_EFM32JG1B_DFP.pdsc
Silicon Labs,EFM32JG1B Series,EFM32JG1B200,EFM32JG1B200F128GM32,cmsis_device_name,tcl/target/efm32.cfg,not_validated,GeckoPlatform_EFM32JG1B_DFP,4.4.0,https://www.silabs.com/documents/public/cmsis-packs/SiliconLabs.GeckoPlatform_EFM32JG1B_DFP.pdsc
Silicon Labs,EFM32JG1B Series,EFM32JG1B200,EFM32JG1B200F128GM48,cmsis_device_name,tcl/target/efm32.cfg,not_validated,GeckoPlatform_EFM32JG1B_DFP,4.4.0,https://www.silabs.com/documents/public/cmsis-packs/SiliconLabs.GeckoPlatform_EFM32JG1B_DFP.pdsc
Silicon Labs,EFM32JG1B Series,EFM32JG1B200,EFM32JG1B200F256GM32,cmsis_device_name,tcl/target/efm32.cfg,not_validated,GeckoPlatform_EFM32JG1B_DFP,4.4.0,https://www.silabs.com/documents/public/cmsis-packs/SiliconLabs.GeckoPlatform_EFM32JG1B_DFP.pdsc
Silicon Labs,EFM32JG1B Series,EFM32JG1B200,EFM32JG1B200F256GM48,cmsis_device_name,tcl/target/efm32.cfg,not_validated,GeckoPlatform_EFM32JG1B_DFP,4.4.0,https://www.silabs.com/documents/public/cmsis-packs/SiliconLabs.GeckoPlatform_EFM32JG1B_DFP.pdsc
Silicon Labs,EFM32JG1B Series,EFM32JG1B200,EFM32JG1B200F256IM32,cmsis_device_name,tcl/target/efm32.cfg,not_validated,GeckoPlatform_EFM32JG1B_DFP,4.4.0,https://www.silabs.com/documents/public/cmsis-packs/SiliconLabs.GeckoPlatform_EFM32JG1B_DFP.pdsc
Silicon Labs,EFM32JG1B Series,EFM32JG1B200,EFM32JG1B200F256IM48,cmsis_device_name,tcl/target/efm32.cfg,not_validated,GeckoPlatform_EFM32JG1B_DFP,4.4.0,https://www.silabs.com/documents/public/cmsis-packs/SiliconLabs.GeckoPlatform_EFM32JG1B_DFP.pdsc
Silicon Labs,EFM32LG Series,EFM32LG230,EFM32LG230F128,cmsis_device_name,tcl/target/efm32.cfg,not_validated,GeckoPlatform_EFM32LG_DFP,4.4.0,https://www.silabs.com/documents/public/cmsis-packs/SiliconLabs.GeckoPlatform_EFM32LG_DFP.pdsc
Silicon Labs,EFM32LG Series,EFM32LG230,EFM32LG230F256,cmsis_device_name,tcl/target/efm32.cfg,not_validated,GeckoPlatform_EFM32LG_DFP,4.4.0,https://www.silabs.com/documents/public/cmsis-packs/SiliconLabs.GeckoPlatform_EFM32LG_DFP.pdsc
Silicon Labs,EFM32LG Series,EFM32LG230,EFM32LG230F64,cmsis_device_name,tcl/target/efm32.cfg,not_validated,GeckoPlatform_EFM32LG_DFP,4.4.0,https://www.silabs.com/documents/public/cmsis-packs/SiliconLabs.GeckoPlatform_EFM32LG_DFP.pdsc
Silicon Labs,EFM32LG Series,EFM32LG232,EFM32LG232F128,cmsis_device_name,tcl/target/efm32.cfg,not_validated,GeckoPlatform_EFM32LG_DFP,4.4.0,https://www.silabs.com/documents/public/cmsis-packs/SiliconLabs.GeckoPlatform_EFM32LG_DFP.pdsc
Silicon Labs,EFM32LG Series,EFM32LG232,EFM32LG232F256,cmsis_device_name,tcl/target/efm32.cfg,not_validated,GeckoPlatform_EFM32LG_DFP,4.4.0,https://www.silabs.com/documents/public/cmsis-packs/SiliconLabs.GeckoPlatform_EFM32LG_DFP.pdsc
Silicon Labs,EFM32LG Series,EFM32LG232,EFM32LG232F64,cmsis_device_name,tcl/target/efm32.cfg,not_validated,GeckoPlatform_EFM32LG_DFP,4.4.0,https://www.silabs.com/documents/public/cmsis-packs/SiliconLabs.GeckoPlatform_EFM32LG_DFP.pdsc
Silicon Labs,EFM32LG Series,EFM32LG280,EFM32LG280F128,cmsis_device_name,tcl/target/efm32.cfg,not_validated,GeckoPlatform_EFM32LG_DFP,4.4.0,https://www.silabs.com/documents/public/cmsis-packs/SiliconLabs.GeckoPlatform_EFM32LG_DFP.pdsc
Silicon Labs,EFM32LG Series,EFM32LG280,EFM32LG280F256,cmsis_device_name,tcl/target/efm32.cfg,not_validated,GeckoPlatform_EFM32LG_DFP,4.4.0,https://www.silabs.com/documents/public/cmsis-packs/SiliconLabs.GeckoPlatform_EFM32LG_DFP.pdsc
Silicon Labs,EFM32LG Series,EFM32LG280,EFM32LG280F64,cmsis_device_name,tcl/target/efm32.cfg,not_validated,GeckoPlatform_EFM32LG_DFP,4.4.0,https://www.silabs.com/documents/public/cmsis-packs/SiliconLabs.GeckoPlatform_EFM32LG_DFP.pdsc
Silicon Labs,EFM32LG Series,EFM32LG290,EFM32LG290F128,cmsis_device_name,tcl/target/efm32.cfg,not_validated,GeckoPlatform_EFM32LG_DFP,4.4.0,https://www.silabs.com/documents/public/cmsis-packs/SiliconLabs.GeckoPlatform_EFM32LG_DFP.pdsc
Silicon Labs,EFM32LG Series,EFM32LG290,EFM32LG290F256,cmsis_device_name,tcl/target/efm32.cfg,not_validated,GeckoPlatform_EFM32LG_DFP,4.4.0,https://www.silabs.com/documents/public/cmsis-packs/SiliconLabs.GeckoPlatform_EFM32LG_DFP.pdsc
Silicon Labs,EFM32LG Series,EFM32LG290,EFM32LG290F64,cmsis_device_name,tcl/target/efm32.cfg,not_validated,GeckoPlatform_EFM32LG_DFP,4.4.0,https://www.silabs.com/documents/public/cmsis-packs/SiliconLabs.GeckoPlatform_EFM32LG_DFP.pdsc
Silicon Labs,EFM32LG Series,EFM32LG295,EFM32LG295F128,cmsis_device_name,tcl/target/efm32.cfg,not_validated,GeckoPlatform_EFM32LG_DFP,4.4.0,https://www.silabs.com/documents/public/cmsis-packs/SiliconLabs.GeckoPlatform_EFM32LG_DFP.pdsc
Silicon Labs,EFM32LG Series,EFM32LG295,EFM32LG295F256,cmsis_device_name,tcl/target/efm32.cfg,not_validated,GeckoPlatform_EFM32LG_DFP,4.4.0,https://www.silabs.com/documents/public/cmsis-packs/SiliconLabs.GeckoPlatform_EFM32LG_DFP.pdsc
Silicon Labs,EFM32LG Series,EFM32LG295,EFM32LG295F64,cmsis_device_name,tcl/target/efm32.cfg,not_validated,GeckoPlatform_EFM32LG_DFP,4.4.0,https://www.silabs.com/documents/public/cmsis-packs/SiliconLabs.GeckoPlatform_EFM32LG_DFP.pdsc
Silicon Labs,EFM32LG Series,EFM32LG330,EFM32LG330F128,cmsis_device_name,tcl/target/efm32.cfg,not_validated,GeckoPlatform_EFM32LG_DFP,4.4.0,https://www.silabs.com/documents/public/cmsis-packs/SiliconLabs.GeckoPlatform_EFM32LG_DFP.pdsc
Silicon Labs,EFM32LG Series,EFM32LG330,EFM32LG330F256,cmsis_device_name,tcl/target/efm32.cfg,not_validated,GeckoPlatform_EFM32LG_DFP,4.4.0,https://www.silabs.com/documents/public/cmsis-packs/SiliconLabs.GeckoPlatform_EFM32LG_DFP.pdsc
Silicon Labs,EFM32LG Series,EFM32LG330,EFM32LG330F64,cmsis_device_name,tcl/target/efm32.cfg,not_validated,GeckoPlatform_EFM32LG_DFP,4.4.0,https://www.silabs.com/documents/public/cmsis-packs/SiliconLabs.GeckoPlatform_EFM32LG_DFP.pdsc
Silicon Labs,EFM32LG Series,EFM32LG332,EFM32LG332F128,cmsis_device_name,tcl/target/efm32.cfg,not_validated,GeckoPlatform_EFM32LG_DFP,4.4.0,https://www.silabs.com/documents/public/cmsis-packs/SiliconLabs.GeckoPlatform_EFM32LG_DFP.pdsc
Silicon Labs,EFM32LG Series,EFM32LG332,EFM32LG332F256,cmsis_device_name,tcl/target/efm32.cfg,not_validated,GeckoPlatform_EFM32LG_DFP,4.4.0,https://www.silabs.com/documents/public/cmsis-packs/SiliconLabs.GeckoPlatform_EFM32LG_DFP.pdsc
Silicon Labs,EFM32LG Series,EFM32LG332,EFM32LG332F64,cmsis_device_name,tcl/target/efm32.cfg,not_validated,GeckoPlatform_EFM32LG_DFP,4.4.0,https://www.silabs.com/documents/public/cmsis-packs/SiliconLabs.GeckoPlatform_EFM32LG_DFP.pdsc
Silicon Labs,EFM32LG Series,EFM32LG360,EFM32LG360F128,cmsis_device_name,tcl/target/efm32.cfg,not_validated,GeckoPlatform_EFM32LG_DFP,4.4.0,https://www.silabs.com/documents/public/cmsis-packs/SiliconLabs.GeckoPlatform_EFM32LG_DFP.pdsc
Silicon Labs,EFM32LG Series,EFM32LG360,EFM32LG360F256,cmsis_device_name,tcl/target/efm32.cfg,not_validated,GeckoPlatform_EFM32LG_DFP,4.4.0,https://www.silabs.com/documents/public/cmsis-packs/SiliconLabs.GeckoPlatform_EFM32LG_DFP.pdsc
Silicon Labs,EFM32LG Series,EFM32LG360,EFM32LG360F64,cmsis_device_name,tcl/target/efm32.cfg,not_validated,GeckoPlatform_EFM32LG_DFP,4.4.0,https://www.silabs.com/documents/public/cmsis-packs/SiliconLabs.GeckoPlatform_EFM32LG_DFP.pdsc
Silicon Labs,EFM32LG Series,EFM32LG380,EFM32LG380F128,cmsis_device_name,tcl/target/efm32.cfg,not_validated,GeckoPlatform_EFM32LG_DFP,4.4.0,https://www.silabs.com/documents/public/cmsis-packs/SiliconLabs.GeckoPlatform_EFM32LG_DFP.pdsc
Silicon Labs,EFM32LG Series,EFM32LG380,EFM32LG380F256,cmsis_device_name,tcl/target/efm32.cfg,not_validated,GeckoPlatform_EFM32LG_DFP,4.4.0,https://www.silabs.com/documents/public/cmsis-packs/SiliconLabs.GeckoPlatform_EFM32LG_DFP.pdsc
Silicon Labs,EFM32LG Series,EFM32LG380,EFM32LG380F64,cmsis_device_name,tcl/target/efm32.cfg,not_validated,GeckoPlatform_EFM32LG_DFP,4.4.0,https://www.silabs.com/documents/public/cmsis-packs/SiliconLabs.GeckoPlatform_EFM32LG_DFP.pdsc
Silicon Labs,EFM32LG Series,EFM32LG390,EFM32LG390F128,cmsis_device_name,tcl/target/efm32.cfg,not_validated,GeckoPlatform_EFM32LG_DFP,4.4.0,https://www.silabs.com/documents/public/cmsis-packs/SiliconLabs.GeckoPlatform_EFM32LG_DFP.pdsc
Silicon Labs,EFM32LG Series,EFM32LG390,EFM32LG390F256,cmsis_device_name,tcl/target/efm32.cfg,not_validated,GeckoPlatform_EFM32LG_DFP,4.4.0,https://www.silabs.com/documents/public/cmsis-packs/SiliconLabs.GeckoPlatform_EFM32LG_DFP.pdsc
Silicon Labs,EFM32LG Series,EFM32LG390,EFM32LG390F64,cmsis_device_name,tcl/target/efm32.cfg,not_validated,GeckoPlatform_EFM32LG_DFP,4.4.0,https://www.silabs.com/documents/public/cmsis-packs/SiliconLabs.GeckoPlatform_EFM32LG_DFP.pdsc
Silicon Labs,EFM32LG Series,EFM32LG395,EFM32LG395F128,cmsis_device_name,tcl/target/efm32.cfg,not_validated,GeckoPlatform_EFM32LG_DFP,4.4.0,https://www.silabs.com/documents/public/cmsis-packs/SiliconLabs.GeckoPlatform_EFM32LG_DFP.pdsc
Silicon Labs,EFM32LG Series,EFM32LG395,EFM32LG395F256,cmsis_device_name,tcl/target/efm32.cfg,not_validated,GeckoPlatform_EFM32LG_DFP,4.4.0,https://www.silabs.com/documents/public/cmsis-packs/SiliconLabs.GeckoPlatform_EFM32LG_DFP.pdsc
Silicon Labs,EFM32LG Series,EFM32LG395,EFM32LG395F64,cmsis_device_name,tcl/target/efm32.cfg,not_validated,GeckoPlatform_EFM32LG_DFP,4.4.0,https://www.silabs.com/documents/public/cmsis-packs/SiliconLabs.GeckoPlatform_EFM32LG_DFP.pdsc
Silicon Labs,EFM32LG Series,EFM32LG840,EFM32LG840F128,cmsis_device_name,tcl/target/efm32.cfg,not_validated,GeckoPlatform_EFM32LG_DFP,4.4.0,https://www.silabs.com/documents/public/cmsis-packs/SiliconLabs.GeckoPlatform_EFM32LG_DFP.pdsc
Silicon Labs,EFM32LG Series,EFM32LG840,EFM32LG840F256,cmsis_device_name,tcl/target/efm32.cfg,not_validated,GeckoPlatform_EFM32LG_DFP,4.4.0,https://www.silabs.com/documents/public/cmsis-packs/SiliconLabs.GeckoPlatform_EFM32LG_DFP.pdsc
Silicon Labs,EFM32LG Series,EFM32LG840,EFM32LG840F64,cmsis_device_name,tcl/target/efm32.cfg,not_validated,GeckoPlatform_EFM32LG_DFP,4.4.0,https://www.silabs.com/documents/public/cmsis-packs/SiliconLabs.GeckoPlatform_EFM32LG_DFP.pdsc
Silicon Labs,EFM32LG Series,EFM32LG842,EFM32LG842F128,cmsis_device_name,tcl/target/efm32.cfg,not_validated,GeckoPlatform_EFM32LG_DFP,4.4.0,https://www.silabs.com/documents/public/cmsis-packs/SiliconLabs.GeckoPlatform_EFM32LG_DFP.pdsc
Silicon Labs,EFM32LG Series,EFM32LG842,EFM32LG842F256,cmsis_device_name,tcl/target/efm32.cfg,not_validated,GeckoPlatform_EFM32LG_DFP,4.4.0,https://www.silabs.com/documents/public/cmsis-packs/SiliconLabs.GeckoPlatform_EFM32LG_DFP.pdsc
Silicon Labs,EFM32LG Series,EFM32LG842,EFM32LG842F64,cmsis_device_name,tcl/target/efm32.cfg,not_validated,GeckoPlatform_EFM32LG_DFP,4.4.0,https://www.silabs.com/documents/public/cmsis-packs/SiliconLabs.GeckoPlatform_EFM32LG_DFP.pdsc
Silicon Labs,EFM32LG Series,EFM32LG880,EFM32LG880F128,cmsis_device_name,tcl/target/efm32.cfg,not_validated,GeckoPlatform_EFM32LG_DFP,4.4.0,https://www.silabs.com/documents/public/cmsis-packs/SiliconLabs.GeckoPlatform_EFM32LG_DFP.pdsc
Silicon Labs,EFM32LG Series,EFM32LG880,EFM32LG880F256,cmsis_device_name,tcl/target/efm32.cfg,not_validated,GeckoPlatform_EFM32LG_DFP,4.4.0,https://www.silabs.com/documents/public/cmsis-packs/SiliconLabs.GeckoPlatform_EFM32LG_DFP.pdsc
Silicon Labs,EFM32LG Series,EFM32LG880,EFM32LG880F64,cmsis_device_name,tcl/target/efm32.cfg,not_validated,GeckoPlatform_EFM32LG_DFP,4.4.0,https://www.silabs.com/documents/public/cmsis-packs/SiliconLabs.GeckoPlatform_EFM32LG_DFP.pdsc
Silicon Labs,EFM32LG Series,EFM32LG890,EFM32LG890F128,cmsis_device_name,tcl/target/efm32.cfg,not_validated,GeckoPlatform_EFM32LG_DFP,4.4.0,https://www.silabs.com/documents/public/cmsis-packs/SiliconLabs.GeckoPlatform_EFM32LG_DFP.pdsc
Silicon Labs,EFM32LG Series,EFM32LG890,EFM32LG890F256,cmsis_device_name,tcl/target/efm32.cfg,not_validated,GeckoPlatform_EFM32LG_DFP,4.4.0,https://www.silabs.com/documents/public/cmsis-packs/SiliconLabs.GeckoPlatform_EFM32LG_DFP.pdsc
Silicon Labs,EFM32LG Series,EFM32LG890,EFM32LG890F64,cmsis_device_name,tcl/target/efm32.cfg,not_validated,GeckoPlatform_EFM32LG_DFP,4.4.0,https://www.silabs.com/documents/public/cmsis-packs/SiliconLabs.GeckoPlatform_EFM32LG_DFP.pdsc
Silicon Labs,EFM32LG Series,EFM32LG895,EFM32LG895F128,cmsis_device_name,tcl/target/efm32.cfg,not_validated,GeckoPlatform_EFM32LG_DFP,4.4.0,https://www.silabs.com/documents/public/cmsis-packs/SiliconLabs.GeckoPlatform_EFM32LG_DFP.pdsc
Silicon Labs,EFM32LG Series,EFM32LG895,EFM32LG895F256,cmsis_device_name,tcl/target/efm32.cfg,not_validated,GeckoPlatform_EFM32LG_DFP,4.4.0,https://www.silabs.com/documents/public/cmsis-packs/SiliconLabs.GeckoPlatform_EFM32LG_DFP.pdsc
Silicon Labs,EFM32LG Series,EFM32LG895,EFM32LG895F64,cmsis_device_name,tcl/target/efm32.cfg,not_validated,GeckoPlatform_EFM32LG_DFP,4.4.0,https://www.silabs.com/documents/public/cmsis-packs/SiliconLabs.GeckoPlatform_EFM32LG_DFP.pdsc
Silicon Labs,EFM32LG Series,EFM32LG900,EFM32LG900F256,cmsis_device_name,tcl/target/efm32.cfg,not_validated,GeckoPlatform_EFM32LG_DFP,4.4.0,https://www.silabs.com/documents/public/cmsis-packs/SiliconLabs.GeckoPlatform_EFM32LG_DFP.pdsc
Silicon Labs,EFM32LG Series,EFM32LG940,EFM32LG940F128,cmsis_device_name,tcl/target/efm32.cfg,not_validated,GeckoPlatform_EFM32LG_DFP,4.4.0,https://www.silabs.com/documents/public/cmsis-packs/SiliconLabs.GeckoPlatform_EFM32LG_DFP.pdsc
Silicon Labs,EFM32LG Series,EFM32LG940,EFM32LG940F256,cmsis_device_name,tcl/target/efm32.cfg,not_validated,GeckoPlatform_EFM32LG_DFP,4.4.0,https://www.silabs.com/documents/public/cmsis-packs/SiliconLabs.GeckoPlatform_EFM32LG_DFP.pdsc
Silicon Labs,EFM32LG Series,EFM32LG940,EFM32LG940F64,cmsis_device_name,tcl/target/efm32.cfg,not_validated,GeckoPlatform_EFM32LG_DFP,4.4.0,https://www.silabs.com/documents/public/cmsis-packs/SiliconLabs.GeckoPlatform_EFM32LG_DFP.pdsc
Silicon Labs,EFM32LG Series,EFM32LG942,EFM32LG942F128,cmsis_device_name,tcl/target/efm32.cfg,not_validated,GeckoPlatform_EFM32LG_DFP,4.4.0,https://www.silabs.com/documents/public/cmsis-packs/SiliconLabs.GeckoPlatform_EFM32LG_DFP.pdsc
Silicon Labs,EFM32LG Series,EFM32LG942,EFM32LG942F256,cmsis_device_name,tcl/target/efm32.cfg,not_validated,GeckoPlatform_EFM32LG_DFP,4.4.0,https://www.silabs.com/documents/public/cmsis-packs/SiliconLabs.GeckoPlatform_EFM32LG_DFP.pdsc
Silicon Labs,EFM32LG Series,EFM32LG942,EFM32LG942F64,cmsis_device_name,tcl/target/efm32.cfg,not_validated,GeckoPlatform_EFM32LG_DFP,4.4.0,https://www.silabs.com/documents/public/cmsis-packs/SiliconLabs.GeckoPlatform_EFM32LG_DFP.pdsc
Silicon Labs,EFM32LG Series,EFM32LG980,EFM32LG980F128,cmsis_device_name,tcl/target/efm32.cfg,not_validated,GeckoPlatform_EFM32LG_DFP,4.4.0,https://www.silabs.com/documents/public/cmsis-packs/SiliconLabs.GeckoPlatform_EFM32LG_DFP.pdsc
Silicon Labs,EFM32LG Series,EFM32LG980,EFM32LG980F256,cmsis_device_name,tcl/target/efm32.cfg,not_validated,GeckoPlatform_EFM32LG_DFP,4.4.0,https://www.silabs.com/documents/public/cmsis-packs/SiliconLabs.GeckoPlatform_EFM32LG_DFP.pdsc
Silicon Labs,EFM32LG Series,EFM32LG980,EFM32LG980F64,cmsis_device_name,tcl/target/efm32.cfg,not_validated,GeckoPlatform_EFM32LG_DFP,4.4.0,https://www.silabs.com/documents/public/cmsis-packs/SiliconLabs.GeckoPlatform_EFM32LG_DFP.pdsc
Silicon Labs,EFM32LG Series,EFM32LG990,EFM32LG990F128,cmsis_device_name,tcl/target/efm32.cfg,not_validated,GeckoPlatform_EFM32LG_DFP,4.4.0,https://www.silabs.com/documents/public/cmsis-packs/SiliconLabs.GeckoPlatform_EFM32LG_DFP.pdsc
Silicon Labs,EFM32LG Series,EFM32LG990,EFM32LG990F256,cmsis_device_name,tcl/target/efm32.cfg,not_validated,GeckoPlatform_EFM32LG_DFP,4.4.0,https://www.silabs.com/documents/public/cmsis-packs/SiliconLabs.GeckoPlatform_EFM32LG_DFP.pdsc
Silicon Labs,EFM32LG Series,EFM32LG990,EFM32LG990F64,cmsis_device_name,tcl/target/efm32.cfg,not_validated,GeckoPlatform_EFM32LG_DFP,4.4.0,https://www.silabs.com/documents/public/cmsis-packs/SiliconLabs.GeckoPlatform_EFM32LG_DFP.pdsc
Silicon Labs,EFM32LG Series,EFM32LG995,EFM32LG995F128,cmsis_device_name,tcl/target/efm32.cfg,not_validated,GeckoPlatform_EFM32LG_DFP,4.4.0,https://www.silabs.com/documents/public/cmsis-packs/SiliconLabs.GeckoPlatform_EFM32LG_DFP.pdsc
Silicon Labs,EFM32LG Series,EFM32LG995,EFM32LG995F256,cmsis_device_name,tcl/target/efm32.cfg,not_validated,GeckoPlatform_EFM32LG_DFP,4.4.0,https://www.silabs.com/documents/public/cmsis-packs/SiliconLabs.GeckoPlatform_EFM32LG_DFP.pdsc
Silicon Labs,EFM32LG Series,EFM32LG995,EFM32LG995F64,cmsis_device_name,tcl/target/efm32.cfg,not_validated,GeckoPlatform_EFM32LG_DFP,4.4.0,https://www.silabs.com/documents/public/cmsis-packs/SiliconLabs.GeckoPlatform_EFM32LG_DFP.pdsc
Silicon Labs,EFM32PG12B Series,EFM32PG12B500,EFM32PG12B500F1024GL125,cmsis_device_name,tcl/target/efm32.cfg,not_validated,GeckoPlatform_EFM32PG12B_DFP,4.4.0,https://www.silabs.com/documents/public/cmsis-packs/SiliconLabs.GeckoPlatform_EFM32PG12B_DFP.pdsc
Silicon Labs,EFM32PG12B Series,EFM32PG12B500,EFM32PG12B500F1024GM48,cmsis_device_name,tcl/target/efm32.cfg,not_validated,GeckoPlatform_EFM32PG12B_DFP,4.4.0,https://www.silabs.com/documents/public/cmsis-packs/SiliconLabs.GeckoPlatform_EFM32PG12B_DFP.pdsc
Silicon Labs,EFM32PG12B Series,EFM32PG12B500,EFM32PG12B500F1024IL125,cmsis_device_name,tcl/target/efm32.cfg,not_validated,GeckoPlatform_EFM32PG12B_DFP,4.4.0,https://www.silabs.com/documents/public/cmsis-packs/SiliconLabs.GeckoPlatform_EFM32PG12B_DFP.pdsc
Silicon Labs,EFM32PG12B Series,EFM32PG12B500,EFM32PG12B500F1024IM48,cmsis_device_name,tcl/target/efm32.cfg,not_validated,GeckoPlatform_EFM32PG12B_DFP,4.4.0,https://www.silabs.com/documents/public/cmsis-packs/SiliconLabs.GeckoPlatform_EFM32PG12B_DFP.pdsc
Silicon Labs,EFM32PG1B Series,EFM32PG1B100,EFM32PG1B100F128GM32,cmsis_device_name,tcl/target/efm32.cfg,not_validated,GeckoPlatform_EFM32PG1B_DFP,4.4.0,https://www.silabs.com/documents/public/cmsis-packs/SiliconLabs.GeckoPlatform_EFM32PG1B_DFP.pdsc
Silicon Labs,EFM32PG1B Series,EFM32PG1B100,EFM32PG1B100F128IM32,cmsis_device_name,tcl/target/efm32.cfg,not_validated,GeckoPlatform_EFM32PG1B_DFP,4.4.0,https://www.silabs.com/documents/public/cmsis-packs/SiliconLabs.GeckoPlatform_EFM32PG1B_DFP.pdsc
Silicon Labs,EFM32PG1B Series,EFM32PG1B100,EFM32PG1B100F256GM32,cmsis_device_name,tcl/target/efm32.cfg,not_validated,GeckoPlatform_EFM32PG1B_DFP,4.4.0,https://www.silabs.com/documents/public/cmsis-packs/SiliconLabs.GeckoPlatform_EFM32PG1B_DFP.pdsc
Silicon Labs,EFM32PG1B Series,EFM32PG1B100,EFM32PG1B100F256IM32,cmsis_device_name,tcl/target/efm32.cfg,not_validated,GeckoPlatform_EFM32PG1B_DFP,4.4.0,https://www.silabs.com/documents/public/cmsis-packs/SiliconLabs.GeckoPlatform_EFM32PG1B_DFP.pdsc
Silicon Labs,EFM32PG1B Series,EFM32PG1B200,EFM32PG1B200F128GM32,cmsis_device_name,tcl/target/efm32.cfg,not_validated,GeckoPlatform_EFM32PG1B_DFP,4.4.0,https://www.silabs.com/documents/public/cmsis-packs/SiliconLabs.GeckoPlatform_EFM32PG1B_DFP.pdsc
Silicon Labs,EFM32PG1B Series,EFM32PG1B200,EFM32PG1B200F128GM48,cmsis_device_name,tcl/target/efm32.cfg,not_validated,GeckoPlatform_EFM32PG1B_DFP,4.4.0,https://www.silabs.com/documents/public/cmsis-packs/SiliconLabs.GeckoPlatform_EFM32PG1B_DFP.pdsc
Silicon Labs,EFM32PG1B Series,EFM32PG1B200,EFM32PG1B200F128IM32,cmsis_device_name,tcl/target/efm32.cfg,not_validated,GeckoPlatform_EFM32PG1B_DFP,4.4.0,https://www.silabs.com/documents/public/cmsis-packs/SiliconLabs.GeckoPlatform_EFM32PG1B_DFP.pdsc
Silicon Labs,EFM32PG1B Series,EFM32PG1B200,EFM32PG1B200F256GM32,cmsis_device_name,tcl/target/efm32.cfg,not_validated,GeckoPlatform_EFM32PG1B_DFP,4.4.0,https://www.silabs.com/documents/public/cmsis-packs/SiliconLabs.GeckoPlatform_EFM32PG1B_DFP.pdsc
Silicon Labs,EFM32PG1B Series,EFM32PG1B200,EFM32PG1B200F256GM48,cmsis_device_name,tcl/target/efm32.cfg,not_validated,GeckoPlatform_EFM32PG1B_DFP,4.4.0,https://www.silabs.com/documents/public/cmsis-packs/SiliconLabs.GeckoPlatform_EFM32PG1B_DFP.pdsc
Silicon Labs,EFM32PG1B Series,EFM32PG1B200,EFM32PG1B200F256IM32,cmsis_device_name,tcl/target/efm32.cfg,not_validated,GeckoPlatform_EFM32PG1B_DFP,4.4.0,https://www.silabs.com/documents/public/cmsis-packs/SiliconLabs.GeckoPlatform_EFM32PG1B_DFP.pdsc
Silicon Labs,EFM32PG1B Series,EFM32PG1B200,EFM32PG1B200F256IM48,cmsis_device_name,tcl/target/efm32.cfg,not_validated,GeckoPlatform_EFM32PG1B_DFP,4.4.0,https://www.silabs.com/documents/public/cmsis-packs/SiliconLabs.GeckoPlatform_EFM32PG1B_DFP.pdsc
Silicon Labs,EFM32PG22 Series,EFM32PG22C200,EFM32PG22C200F128IM32,cmsis_device_name,tcl/target/efm32.cfg,not_validated,GeckoPlatform_EFM32PG22_DFP,2025.12.1,https://www.silabs.com/documents/public/cmsis-packs/SiliconLabs.GeckoPlatform_EFM32PG22_DFP.pdsc
Silicon Labs,EFM32PG22 Series,EFM32PG22C200,EFM32PG22C200F128IM40,cmsis_device_name,tcl/target/efm32.cfg,not_validated,GeckoPlatform_EFM32PG22_DFP,2025.12.1,https://www.silabs.com/documents/public/cmsis-packs/SiliconLabs.GeckoPlatform_EFM32PG22_DFP.pdsc
Silicon Labs,EFM32PG22 Series,EFM32PG22C200,EFM32PG22C200F256IM32,cmsis_device_name,tcl/target/efm32.cfg,not_validated,GeckoPlatform_EFM32PG22_DFP,2025.12.1,https://www.silabs.com/documents/public/cmsis-packs/SiliconLabs.GeckoPlatform_EFM32PG22_DFP.pdsc
Silicon Labs,EFM32PG22 Series,EFM32PG22C200,EFM32PG22C200F256IM40,cmsis_device_name,tcl/target/efm32.cfg,not_validated,GeckoPlatform_EFM32PG22_DFP,2025.12.1,https://www.silabs.com/documents/public/cmsis-packs/SiliconLabs.GeckoPlatform_EFM32PG22_DFP.pdsc
Silicon Labs,EFM32PG22 Series,EFM32PG22C200,EFM32PG22C200F512IM32,cmsis_device_name,tcl/target/efm32.cfg,not_validated,GeckoPlatform_EFM32PG22_DFP,2025.12.1,https://www.silabs.com/documents/public/cmsis-packs/SiliconLabs.GeckoPlatform_EFM32PG22_DFP.pdsc
Silicon Labs,EFM32PG22 Series,EFM32PG22C200,EFM32PG22C200F512IM40,cmsis_device_name,tcl/target/efm32.cfg,not_validated,GeckoPlatform_EFM32PG22_DFP,2025.12.1,https://www.silabs.com/documents/public/cmsis-packs/SiliconLabs.GeckoPlatform_EFM32PG22_DFP.pdsc
Silicon Labs,EFM32PG22 Series,EFM32PG22C200,EFM32PG22C200F64IM32,cmsis_device_name,tcl/target/efm32.cfg,not_validated,GeckoPlatform_EFM32PG22_DFP,2025.12.1,https://www.silabs.com/documents/public/cmsis-packs/SiliconLabs.GeckoPlatform_EFM32PG22_DFP.pdsc
Silicon Labs,EFM32PG22 Series,EFM32PG22C200,EFM32PG22C200F64IM40,cmsis_device_name,tcl/target/efm32.cfg,not_validated,GeckoPlatform_EFM32PG22_DFP,2025.12.1,https://www.silabs.com/documents/public/cmsis-packs/SiliconLabs.GeckoPlatform_EFM32PG22_DFP.pdsc
Silicon Labs,EFM32PG23 Series,EFM32PG23B200,EFM32PG23B200F128IM40,cmsis_device_name,tcl/target/efm32.cfg,not_validated,GeckoPlatform_EFM32PG23_DFP,2025.12.1,https://www.silabs.com/documents/public/cmsis-packs/SiliconLabs.GeckoPlatform_EFM32PG23_DFP.pdsc
Silicon Labs,EFM32PG23 Series,EFM32PG23B200,EFM32PG23B200F256IM40,cmsis_device_name,tcl/target/efm32.cfg,not_validated,GeckoPlatform_EFM32PG23_DFP,2025.12.1,https://www.silabs.com/documents/public/cmsis-packs/SiliconLabs.GeckoPlatform_EFM32PG23_DFP.pdsc
Silicon Labs,EFM32PG23 Series,EFM32PG23B200,EFM32PG23B200F512IM40,cmsis_device_name,tcl/target/efm32.cfg,not_validated,GeckoPlatform_EFM32PG23_DFP,2025.12.1,https://www.silabs.com/documents/public/cmsis-packs/SiliconLabs.GeckoPlatform_EFM32PG23_DFP.pdsc
Silicon Labs,EFM32PG23 Series,EFM32PG23B200,EFM32PG23B200F64IM40,cmsis_device_name,tcl/target/efm32.cfg,not_validated,GeckoPlatform_EFM32PG23_DFP,2025.12.1,https://www.silabs.com/documents/public/cmsis-packs/SiliconLabs.GeckoPlatform_EFM32PG23_DFP.pdsc
Silicon Labs,EFM32PG23 Series,EFM32PG23B210,EFM32PG23B210F128IM48,cmsis_device_name,tcl/target/efm32.cfg,not_validated,GeckoPlatform_EFM32PG23_DFP,2025.12.1,https://www.silabs.com/documents/public/cmsis-packs/SiliconLabs.GeckoPlatform_EFM32PG23_DFP.pdsc
Silicon Labs,EFM32PG23 Series,EFM32PG23B210,EFM32PG23B210F256IM48,cmsis_device_name,tcl/target/efm32.cfg,not_validated,GeckoPlatform_EFM32PG23_DFP,2025.12.1,https://www.silabs.com/documents/public/cmsis-packs/SiliconLabs.GeckoPlatform_EFM32PG23_DFP.pdsc
Silicon Labs,EFM32PG23 Series,EFM32PG23B210,EFM32PG23B210F512IM48,cmsis_device_name,tcl/target/efm32.cfg,not_validated,GeckoPlatform_EFM32PG23_DFP,2025.12.1,https://www.silabs.com/documents/public/cmsis-packs/SiliconLabs.GeckoPlatform_EFM32PG23_DFP.pdsc
Silicon Labs,EFM32PG23 Series,EFM32PG23B210,EFM32PG23B210F64IM48,cmsis_device_name,tcl/target/efm32.cfg,not_validated,GeckoPlatform_EFM32PG23_DFP,2025.12.1,https://www.silabs.com/documents/public/cmsis-packs/SiliconLabs.GeckoPlatform_EFM32PG23_DFP.pdsc
Silicon Labs,EFM32PG23 Series,EFM32PG23B310,EFM32PG23B310F128IM48,cmsis_device_name,tcl/target/efm32.cfg,not_validated,GeckoPlatform_EFM32PG23_DFP,2025.12.1,https://www.silabs.com/documents/public/cmsis-packs/SiliconLabs.GeckoPlatform_EFM32PG23_DFP.pdsc
Silicon Labs,EFM32PG23 Series,EFM32PG23B310,EFM32PG23B310F256IM48,cmsis_device_name,tcl/target/efm32.cfg,not_validated,GeckoPlatform_EFM32PG23_DFP,2025.12.1,https://www.silabs.com/documents/public/cmsis-packs/SiliconLabs.GeckoPlatform_EFM32PG23_DFP.pdsc
Silicon Labs,EFM32PG23 Series,EFM32PG23B310,EFM32PG23B310F512IM48,cmsis_device_name,tcl/target/efm32.cfg,not_validated,GeckoPlatform_EFM32PG23_DFP,2025.12.1,https://www.silabs.com/documents/public/cmsis-packs/SiliconLabs.GeckoPlatform_EFM32PG23_DFP.pdsc
Silicon Labs,EFM32PG23 Series,EFM32PG23B310,EFM32PG23B310F64IM48,cmsis_device_name,tcl/target/efm32.cfg,not_validated,GeckoPlatform_EFM32PG23_DFP,2025.12.1,https://www.silabs.com/documents/public/cmsis-packs/SiliconLabs.GeckoPlatform_EFM32PG23_DFP.pdsc
Silicon Labs,EFM32PG26 Series,EFM32PG26B101,EFM32PG26B101F512IL136,cmsis_device_name,tcl/target/efm32.cfg,not_validated,GeckoPlatform_EFM32PG26_DFP,2025.12.1,https://www.silabs.com/documents/public/cmsis-packs/SiliconLabs.GeckoPlatform_EFM32PG26_DFP.pdsc
Silicon Labs,EFM32PG26 Series,EFM32PG26B101,EFM32PG26B101F512IM68,cmsis_device_name,tcl/target/efm32.cfg,not_validated,GeckoPlatform_EFM32PG26_DFP,2025.12.1,https://www.silabs.com/documents/public/cmsis-packs/SiliconLabs.GeckoPlatform_EFM32PG26_DFP.pdsc
Silicon Labs,EFM32PG26 Series,EFM32PG26B301,EFM32PG26B301F1024IL136,cmsis_device_name,tcl/target/efm32.cfg,not_validated,GeckoPlatform_EFM32PG26_DFP,2025.12.1,https://www.silabs.com/documents/public/cmsis-packs/SiliconLabs.GeckoPlatform_EFM32PG26_DFP.pdsc
Silicon Labs,EFM32PG26 Series,EFM32PG26B301,EFM32PG26B301F1024IM68,cmsis_device_name,tcl/target/efm32.cfg,not_validated,GeckoPlatform_EFM32PG26_DFP,2025.12.1,https://www.silabs.com/documents/public/cmsis-packs/SiliconLabs.GeckoPlatform_EFM32PG26_DFP.pdsc
Silicon Labs,EFM32PG26 Series,EFM32PG26B301,EFM32PG26B301F2048IL136,cmsis_device_name,tcl/target/efm32.cfg,not_validated,GeckoPlatform_EFM32PG26_DFP,2025.12.1,https://www.silabs.com/documents/public/cmsis-packs/SiliconLabs.GeckoPlatform_EFM32PG26_DFP.pdsc
Silicon Labs,EFM32PG26 Series,EFM32PG26B301,EFM32PG26B301F2048IM68,cmsis_device_name,tcl/target/efm32.cfg,not_validated,GeckoPlatform_EFM32PG26_DFP,2025.12.1,https://www.silabs.com/documents/public/cmsis-packs/SiliconLabs.GeckoPlatform_EFM32PG26_DFP.pdsc
Silicon Labs,EFM32PG26 Series,EFM32PG26B500,EFM32PG26B500F3200IL136,cmsis_device_name,tcl/target/efm32.cfg,not_validated,GeckoPlatform_EFM32PG26_DFP,2025.12.1,https://www.silabs.com/documents/public/cmsis-packs/SiliconLabs.GeckoPlatform_EFM32PG26_DFP.pdsc
Silicon Labs,EFM32PG26 Series,EFM32PG26B500,EFM32PG26B500F3200IM48,cmsis_device_name,tcl/target/efm32.cfg,not_validated,GeckoPlatform_EFM32PG26_DFP,2025.12.1,https://www.silabs.com/documents/public/cmsis-packs/SiliconLabs.GeckoPlatform_EFM32PG26_DFP.pdsc
Silicon Labs,EFM32PG26 Series,EFM32PG26B500,EFM32PG26B500F3200IM68,cmsis_device_name,tcl/target/efm32.cfg,not_validated,GeckoPlatform_EFM32PG26_DFP,2025.12.1,https://www.silabs.com/documents/public/cmsis-packs/SiliconLabs.GeckoPlatform_EFM32PG26_DFP.pdsc
Silicon Labs,EFM32PG26 Series,EFM32PG26B501,EFM32PG26B501F3200IL136,cmsis_device_name,tcl/target/efm32.cfg,not_validated,GeckoPlatform_EFM32PG26_DFP,2025.12.1,https://www.silabs.com/documents/public/cmsis-packs/SiliconLabs.GeckoPlatform_EFM32PG26_DFP.pdsc
Silicon Labs,EFM32PG26 Series,EFM32PG26B501,EFM32PG26B501F3200IM48,cmsis_device_name,tcl/target/efm32.cfg,not_validated,GeckoPlatform_EFM32PG26_DFP,2025.12.1,https://www.silabs.com/documents/public/cmsis-packs/SiliconLabs.GeckoPlatform_EFM32PG26_DFP.pdsc
Silicon Labs,EFM32PG26 Series,EFM32PG26B501,EFM32PG26B501F3200IM68,cmsis_device_name,tcl/target/efm32.cfg,not_validated,GeckoPlatform_EFM32PG26_DFP,2025.12.1,https://www.silabs.com/documents/public/cmsis-packs/SiliconLabs.GeckoPlatform_EFM32PG26_DFP.pdsc
Silicon Labs,EFM32PG28 Series,EFM32PG28B200,EFM32PG28B200F512IM68,cmsis_device_name,tcl/target/efm32.cfg,not_validated,GeckoPlatform_EFM32PG28_DFP,2025.12.1,https://www.silabs.com/documents/public/cmsis-packs/SiliconLabs.GeckoPlatform_EFM32PG28_DFP.pdsc
Silicon Labs,EFM32PG28 Series,EFM32PG28B210,EFM32PG28B210F1024IM68,cmsis_device_name,tcl/target/efm32.cfg,not_validated,GeckoPlatform_EFM32PG28_DFP,2025.12.1,https://www.silabs.com/documents/public/cmsis-packs/SiliconLabs.GeckoPlatform_EFM32PG28_DFP.pdsc
Silicon Labs,EFM32PG28 Series,EFM32PG28B300,EFM32PG28B300F512IM68,cmsis_device_name,tcl/target/efm32.cfg,not_validated,GeckoPlatform_EFM32PG28_DFP,2025.12.1,https://www.silabs.com/documents/public/cmsis-packs/SiliconLabs.GeckoPlatform_EFM32PG28_DFP.pdsc
Silicon Labs,EFM32PG28 Series,EFM32PG28B310,EFM32PG28B310F1024IM68,cmsis_device_name,tcl/target/efm32.cfg,not_validated,GeckoPlatform_EFM32PG28_DFP,2025.12.1,https://www.silabs.com/documents/public/cmsis-packs/SiliconLabs.GeckoPlatform_EFM32PG28_DFP.pdsc
Silicon Labs,EFM32TG Series,EFM32TG108,EFM32TG108F16,cmsis_device_name,tcl/target/efm32.cfg,not_validated,GeckoPlatform_EFM32TG_DFP,4.4.0,https://www.silabs.com/documents/public/cmsis-packs/SiliconLabs.GeckoPlatform_EFM32TG_DFP.pdsc
Silicon Labs,EFM32TG Series,EFM32TG108,EFM32TG108F32,cmsis_device_name,tcl/target/efm32.cfg,not_validated,GeckoPlatform_EFM32TG_DFP,4.4.0,https://www.silabs.com/documents/public/cmsis-packs/SiliconLabs.GeckoPlatform_EFM32TG_DFP.pdsc
Silicon Labs,EFM32TG Series,EFM32TG108,EFM32TG108F4,cmsis_device_name,tcl/target/efm32.cfg,not_validated,GeckoPlatform_EFM32TG_DFP,4.4.0,https://www.silabs.com/documents/public/cmsis-packs/SiliconLabs.GeckoPlatform_EFM32TG_DFP.pdsc
Silicon Labs,EFM32TG Series,EFM32TG108,EFM32TG108F8,cmsis_device_name,tcl/target/efm32.cfg,not_validated,GeckoPlatform_EFM32TG_DFP,4.4.0,https://www.silabs.com/documents/public/cmsis-packs/SiliconLabs.GeckoPlatform_EFM32TG_DFP.pdsc
Silicon Labs,EFM32TG Series,EFM32TG110,EFM32TG110F16,cmsis_device_name,tcl/target/efm32.cfg,not_validated,GeckoPlatform_EFM32TG_DFP,4.4.0,https://www.silabs.com/documents/public/cmsis-packs/SiliconLabs.GeckoPlatform_EFM32TG_DFP.pdsc
Silicon Labs,EFM32TG Series,EFM32TG110,EFM32TG110F32,cmsis_device_name,tcl/target/efm32.cfg,not_validated,GeckoPlatform_EFM32TG_DFP,4.4.0,https://www.silabs.com/documents/public/cmsis-packs/SiliconLabs.GeckoPlatform_EFM32TG_DFP.pdsc
Silicon Labs,EFM32TG Series,EFM32TG110,EFM32TG110F4,cmsis_device_name,tcl/target/efm32.cfg,not_validated,GeckoPlatform_EFM32TG_DFP,4.4.0,https://www.silabs.com/documents/public/cmsis-packs/SiliconLabs.GeckoPlatform_EFM32TG_DFP.pdsc
Silicon Labs,EFM32TG Series,EFM32TG110,EFM32TG110F8,cmsis_device_name,tcl/target/efm32.cfg,not_validated,GeckoPlatform_EFM32TG_DFP,4.4.0,https://www.silabs.com/documents/public/cmsis-packs/SiliconLabs.GeckoPlatform_EFM32TG_DFP.pdsc
Silicon Labs,EFM32TG Series,EFM32TG210,EFM32TG210F16,cmsis_device_name,tcl/target/efm32.cfg,not_validated,GeckoPlatform_EFM32TG_DFP,4.4.0,https://www.silabs.com/documents/public/cmsis-packs/SiliconLabs.GeckoPlatform_EFM32TG_DFP.pdsc
Silicon Labs,EFM32TG Series,EFM32TG210,EFM32TG210F32,cmsis_device_name,tcl/target/efm32.cfg,not_validated,GeckoPlatform_EFM32TG_DFP,4.4.0,https://www.silabs.com/documents/public/cmsis-packs/SiliconLabs.GeckoPlatform_EFM32TG_DFP.pdsc
Silicon Labs,EFM32TG Series,EFM32TG210,EFM32TG210F8,cmsis_device_name,tcl/target/efm32.cfg,not_validated,GeckoPlatform_EFM32TG_DFP,4.4.0,https://www.silabs.com/documents/public/cmsis-packs/SiliconLabs.GeckoPlatform_EFM32TG_DFP.pdsc
Silicon Labs,EFM32TG Series,EFM32TG222,EFM32TG222F16,cmsis_device_name,tcl/target/efm32.cfg,not_validated,GeckoPlatform_EFM32TG_DFP,4.4.0,https://www.silabs.com/documents/public/cmsis-packs/SiliconLabs.GeckoPlatform_EFM32TG_DFP.pdsc
Silicon Labs,EFM32TG Series,EFM32TG222,EFM32TG222F32,cmsis_device_name,tcl/target/efm32.cfg,not_validated,GeckoPlatform_EFM32TG_DFP,4.4.0,https://www.silabs.com/documents/public/cmsis-packs/SiliconLabs.GeckoPlatform_EFM32TG_DFP.pdsc
Silicon Labs,EFM32TG Series,EFM32TG222,EFM32TG222F8,cmsis_device_name,tcl/target/efm32.cfg,not_validated,GeckoPlatform_EFM32TG_DFP,4.4.0,https://www.silabs.com/documents/public/cmsis-packs/SiliconLabs.GeckoPlatform_EFM32TG_DFP.pdsc
Silicon Labs,EFM32TG Series,EFM32TG225,EFM32TG225F16,cmsis_device_name,tcl/target/efm32.cfg,not_validated,GeckoPlatform_EFM32TG_DFP,4.4.0,https://www.silabs.com/documents/public/cmsis-packs/SiliconLabs.GeckoPlatform_EFM32TG_DFP.pdsc
Silicon Labs,EFM32TG Series,EFM32TG225,EFM32TG225F32,cmsis_device_name,tcl/target/efm32.cfg,not_validated,GeckoPlatform_EFM32TG_DFP,4.4.0,https://www.silabs.com/documents/public/cmsis-packs/SiliconLabs.GeckoPlatform_EFM32TG_DFP.pdsc
Silicon Labs,EFM32TG Series,EFM32TG225,EFM32TG225F8,cmsis_device_name,tcl/target/efm32.cfg,not_validated,GeckoPlatform_EFM32TG_DFP,4.4.0,https://www.silabs.com/documents/public/cmsis-packs/SiliconLabs.GeckoPlatform_EFM32TG_DFP.pdsc
Silicon Labs,EFM32TG Series,EFM32TG230,EFM32TG230F16,cmsis_device_name,tcl/target/efm32.cfg,not_validated,GeckoPlatform_EFM32TG_DFP,4.4.0,https://www.silabs.com/documents/public/cmsis-packs/SiliconLabs.GeckoPlatform_EFM32TG_DFP.pdsc
Silicon Labs,EFM32TG Series,EFM32TG230,EFM32TG230F32,cmsis_device_name,tcl/target/efm32.cfg,not_validated,GeckoPlatform_EFM32TG_DFP,4.4.0,https://www.silabs.com/documents/public/cmsis-packs/SiliconLabs.GeckoPlatform_EFM32TG_DFP.pdsc
Silicon Labs,EFM32TG Series,EFM32TG230,EFM32TG230F8,cmsis_device_name,tcl/target/efm32.cfg,not_validated,GeckoPlatform_EFM32TG_DFP,4.4.0,https://www.silabs.com/documents/public/cmsis-packs/SiliconLabs.GeckoPlatform_EFM32TG_DFP.pdsc
Silicon Labs,EFM32TG Series,EFM32TG232,EFM32TG232F16,cmsis_device_name,tcl/target/efm32.cfg,not_validated,GeckoPlatform_EFM32TG_DFP,4.4.0,https://www.silabs.com/documents/public/cmsis-packs/SiliconLabs.GeckoPlatform_EFM32TG_DFP.pdsc
Silicon Labs,EFM32TG Series,EFM32TG232,EFM32TG232F32,cmsis_device_name,tcl/target/efm32.cfg,not_validated,GeckoPlatform_EFM32TG_DFP,4.4.0,https://www.silabs.com/documents/public/cmsis-packs/SiliconLabs.GeckoPlatform_EFM32TG_DFP.pdsc
Silicon Labs,EFM32TG Series,EFM32TG232,EFM32TG232F8,cmsis_device_name,tcl/target/efm32.cfg,not_validated,GeckoPlatform_EFM32TG_DFP,4.4.0,https://www.silabs.com/documents/public/cmsis-packs/SiliconLabs.GeckoPlatform_EFM32TG_DFP.pdsc
Silicon Labs,EFM32TG Series,EFM32TG822,EFM32TG822F16,cmsis_device_name,tcl/target/efm32.cfg,not_validated,GeckoPlatform_EFM32TG_DFP,4.4.0,https://www.silabs.com/documents/public/cmsis-packs/SiliconLabs.GeckoPlatform_EFM32TG_DFP.pdsc
Silicon Labs,EFM32TG Series,EFM32TG822,EFM32TG822F32,cmsis_device_name,tcl/target/efm32.cfg,not_validated,GeckoPlatform_EFM32TG_DFP,4.4.0,https://www.silabs.com/documents/public/cmsis-packs/SiliconLabs.GeckoPlatform_EFM32TG_DFP.pdsc
Silicon Labs,EFM32TG Series,EFM32TG822,EFM32TG822F8,cmsis_device_name,tcl/target/efm32.cfg,not_validated,GeckoPlatform_EFM32TG_DFP,4.4.0,https://www.silabs.com/documents/public/cmsis-packs/SiliconLabs.GeckoPlatform_EFM32TG_DFP.pdsc
Silicon Labs,EFM32TG Series,EFM32TG825,EFM32TG825F16,cmsis_device_name,tcl/target/efm32.cfg,not_validated,GeckoPlatform_EFM32TG_DFP,4.4.0,https://www.silabs.com/documents/public/cmsis-packs/SiliconLabs.GeckoPlatform_EFM32TG_DFP.pdsc
Silicon Labs,EFM32TG Series,EFM32TG825,EFM32TG825F32,cmsis_device_name,tcl/target/efm32.cfg,not_validated,GeckoPlatform_EFM32TG_DFP,4.4.0,https://www.silabs.com/documents/public/cmsis-packs/SiliconLabs.GeckoPlatform_EFM32TG_DFP.pdsc
Silicon Labs,EFM32TG Series,EFM32TG825,EFM32TG825F8,cmsis_device_name,tcl/target/efm32.cfg,not_validated,GeckoPlatform_EFM32TG_DFP,4.4.0,https://www.silabs.com/documents/public/cmsis-packs/SiliconLabs.GeckoPlatform_EFM32TG_DFP.pdsc
Silicon Labs,EFM32TG Series,EFM32TG840,EFM32TG840F16,cmsis_device_name,tcl/target/efm32.cfg,not_validated,GeckoPlatform_EFM32TG_DFP,4.4.0,https://www.silabs.com/documents/public/cmsis-packs/SiliconLabs.GeckoPlatform_EFM32TG_DFP.pdsc
Silicon Labs,EFM32TG Series,EFM32TG840,EFM32TG840F32,cmsis_device_name,tcl/target/efm32.cfg,not_validated,GeckoPlatform_EFM32TG_DFP,4.4.0,https://www.silabs.com/documents/public/cmsis-packs/SiliconLabs.GeckoPlatform_EFM32TG_DFP.pdsc
Silicon Labs,EFM32TG Series,EFM32TG840,EFM32TG840F8,cmsis_device_name,tcl/target/efm32.cfg,not_validated,GeckoPlatform_EFM32TG_DFP,4.4.0,https://www.silabs.com/documents/public/cmsis-packs/SiliconLabs.GeckoPlatform_EFM32TG_DFP.pdsc
Silicon Labs,EFM32TG Series,EFM32TG842,EFM32TG842F16,cmsis_device_name,tcl/target/efm32.cfg,not_validated,GeckoPlatform_EFM32TG_DFP,4.4.0,https://www.silabs.com/documents/public/cmsis-packs/SiliconLabs.GeckoPlatform_EFM32TG_DFP.pdsc
Silicon Labs,EFM32TG Series,EFM32TG842,EFM32TG842F32,cmsis_device_name,tcl/target/efm32.cfg,not_validated,GeckoPlatform_EFM32TG_DFP,4.4.0,https://www.silabs.com/documents/public/cmsis-packs/SiliconLabs.GeckoPlatform_EFM32TG_DFP.pdsc
Silicon Labs,EFM32TG Series,EFM32TG842,EFM32TG842F8,cmsis_device_name,tcl/target/efm32.cfg,not_validated,GeckoPlatform_EFM32TG_DFP,4.4.0,https://www.silabs.com/documents/public/cmsis-packs/SiliconLabs.GeckoPlatform_EFM32TG_DFP.pdsc
Silicon Labs,EFM32TG11B Series,EFM32TG11B120,EFM32TG11B120F128GM32,cmsis_device_name,tcl/target/efm32.cfg,not_validated,GeckoPlatform_EFM32TG11B_DFP,4.4.0,https://www.silabs.com/documents/public/cmsis-packs/SiliconLabs.GeckoPlatform_EFM32TG11B_DFP.pdsc
Silicon Labs,EFM32TG11B Series,EFM32TG11B120,EFM32TG11B120F128GM64,cmsis_device_name,tcl/target/efm32.cfg,not_validated,GeckoPlatform_EFM32TG11B_DFP,4.4.0,https://www.silabs.com/documents/public/cmsis-packs/SiliconLabs.GeckoPlatform_EFM32TG11B_DFP.pdsc
Silicon Labs,EFM32TG11B Series,EFM32TG11B120,EFM32TG11B120F128GQ48,cmsis_device_name,tcl/target/efm32.cfg,not_validated,GeckoPlatform_EFM32TG11B_DFP,4.4.0,https://www.silabs.com/documents/public/cmsis-packs/SiliconLabs.GeckoPlatform_EFM32TG11B_DFP.pdsc
Silicon Labs,EFM32TG11B Series,EFM32TG11B120,EFM32TG11B120F128GQ64,cmsis_device_name,tcl/target/efm32.cfg,not_validated,GeckoPlatform_EFM32TG11B_DFP,4.4.0,https://www.silabs.com/documents/public/cmsis-packs/SiliconLabs.GeckoPlatform_EFM32TG11B_DFP.pdsc
Silicon Labs,EFM32TG11B Series,EFM32TG11B120,EFM32TG11B120F128IM32,cmsis_device_name,tcl/target/efm32.cfg,not_validated,GeckoPlatform_EFM32TG11B_DFP,4.4.0,https://www.silabs.com/documents/public/cmsis-packs/SiliconLabs.GeckoPlatform_EFM32TG11B_DFP.pdsc
Silicon Labs,EFM32TG11B Series,EFM32TG11B120,EFM32TG11B120F128IM64,cmsis_device_name,tcl/target/efm32.cfg,not_validated,GeckoPlatform_EFM32TG11B_DFP,4.4.0,https://www.silabs.com/documents/public/cmsis-packs/SiliconLabs.GeckoPlatform_EFM32TG11B_DFP.pdsc
Silicon Labs,EFM32TG11B Series,EFM32TG11B120,EFM32TG11B120F128IQ48,cmsis_device_name,tcl/target/efm32.cfg,not_validated,GeckoPlatform_EFM32TG11B_DFP,4.4.0,https://www.silabs.com/documents/public/cmsis-packs/SiliconLabs.GeckoPlatform_EFM32TG11B_DFP.pdsc
Silicon Labs,EFM32TG11B Series,EFM32TG11B120,EFM32TG11B120F128IQ64,cmsis_device_name,tcl/target/efm32.cfg,not_validated,GeckoPlatform_EFM32TG11B_DFP,4.4.0,https://www.silabs.com/documents/public/cmsis-packs/SiliconLabs.GeckoPlatform_EFM32TG11B_DFP.pdsc
Silicon Labs,EFM32TG11B Series,EFM32TG11B140,EFM32TG11B140F64GM32,cmsis_device_name,tcl/target/efm32.cfg,not_validated,GeckoPlatform_EFM32TG11B_DFP,4.4.0,https://www.silabs.com/documents/public/cmsis-packs/SiliconLabs.GeckoPlatform_EFM32TG11B_DFP.pdsc
Silicon Labs,EFM32TG11B Series,EFM32TG11B140,EFM32TG11B140F64GM64,cmsis_device_name,tcl/target/efm32.cfg,not_validated,GeckoPlatform_EFM32TG11B_DFP,4.4.0,https://www.silabs.com/documents/public/cmsis-packs/SiliconLabs.GeckoPlatform_EFM32TG11B_DFP.pdsc
Silicon Labs,EFM32TG11B Series,EFM32TG11B140,EFM32TG11B140F64GQ48,cmsis_device_name,tcl/target/efm32.cfg,not_validated,GeckoPlatform_EFM32TG11B_DFP,4.4.0,https://www.silabs.com/documents/public/cmsis-packs/SiliconLabs.GeckoPlatform_EFM32TG11B_DFP.pdsc
Silicon Labs,EFM32TG11B Series,EFM32TG11B140,EFM32TG11B140F64GQ64,cmsis_device_name,tcl/target/efm32.cfg,not_validated,GeckoPlatform_EFM32TG11B_DFP,4.4.0,https://www.silabs.com/documents/public/cmsis-packs/SiliconLabs.GeckoPlatform_EFM32TG11B_DFP.pdsc
Silicon Labs,EFM32TG11B Series,EFM32TG11B140,EFM32TG11B140F64IM32,cmsis_device_name,tcl/target/efm32.cfg,not_validated,GeckoPlatform_EFM32TG11B_DFP,4.4.0,https://www.silabs.com/documents/public/cmsis-packs/SiliconLabs.GeckoPlatform_EFM32TG11B_DFP.pdsc
Silicon Labs,EFM32TG11B Series,EFM32TG11B140,EFM32TG11B140F64IM64,cmsis_device_name,tcl/target/efm32.cfg,not_validated,GeckoPlatform_EFM32TG11B_DFP,4.4.0,https://www.silabs.com/documents/public/cmsis-packs/SiliconLabs.GeckoPlatform_EFM32TG11B_DFP.pdsc
Silicon Labs,EFM32TG11B Series,EFM32TG11B140,EFM32TG11B140F64IQ48,cmsis_device_name,tcl/target/efm32.cfg,not_validated,GeckoPlatform_EFM32TG11B_DFP,4.4.0,https://www.silabs.com/documents/public/cmsis-packs/SiliconLabs.GeckoPlatform_EFM32TG11B_DFP.pdsc
Silicon Labs,EFM32TG11B Series,EFM32TG11B140,EFM32TG11B140F64IQ64,cmsis_device_name,tcl/target/efm32.cfg,not_validated,GeckoPlatform_EFM32TG11B_DFP,4.4.0,https://www.silabs.com/documents/public/cmsis-packs/SiliconLabs.GeckoPlatform_EFM32TG11B_DFP.pdsc
Silicon Labs,EFM32TG11B Series,EFM32TG11B320,EFM32TG11B320F128GM64,cmsis_device_name,tcl/target/efm32.cfg,not_validated,GeckoPlatform_EFM32TG11B_DFP,4.4.0,https://www.silabs.com/documents/public/cmsis-packs/SiliconLabs.GeckoPlatform_EFM32TG11B_DFP.pdsc
Silicon Labs,EFM32TG11B Series,EFM32TG11B320,EFM32TG11B320F128GQ48,cmsis_device_name,tcl/target/efm32.cfg,not_validated,GeckoPlatform_EFM32TG11B_DFP,4.4.0,https://www.silabs.com/documents/public/cmsis-packs/SiliconLabs.GeckoPlatform_EFM32TG11B_DFP.pdsc
Silicon Labs,EFM32TG11B Series,EFM32TG11B320,EFM32TG11B320F128GQ64,cmsis_device_name,tcl/target/efm32.cfg,not_validated,GeckoPlatform_EFM32TG11B_DFP,4.4.0,https://www.silabs.com/documents/public/cmsis-packs/SiliconLabs.GeckoPlatform_EFM32TG11B_DFP.pdsc
Silicon Labs,EFM32TG11B Series,EFM32TG11B320,EFM32TG11B320F128IM64,cmsis_device_name,tcl/target/efm32.cfg,not_validated,GeckoPlatform_EFM32TG11B_DFP,4.4.0,https://www.silabs.com/documents/public/cmsis-packs/SiliconLabs.GeckoPlatform_EFM32TG11B_DFP.pdsc
Silicon Labs,EFM32TG11B Series,EFM32TG11B320,EFM32TG11B320F128IQ48,cmsis_device_name,tcl/target/efm32.cfg,not_validated,GeckoPlatform_EFM32TG11B_DFP,4.4.0,https://www.silabs.com/documents/public/cmsis-packs/SiliconLabs.GeckoPlatform_EFM32TG11B_DFP.pdsc
Silicon Labs,EFM32TG11B Series,EFM32TG11B320,EFM32TG11B320F128IQ64,cmsis_device_name,tcl/target/efm32.cfg,not_validated,GeckoPlatform_EFM32TG11B_DFP,4.4.0,https://www.silabs.com/documents/public/cmsis-packs/SiliconLabs.GeckoPlatform_EFM32TG11B_DFP.pdsc
Silicon Labs,EFM32TG11B Series,EFM32TG11B340,EFM32TG11B340F64GM64,cmsis_device_name,tcl/target/efm32.cfg,not_validated,GeckoPlatform_EFM32TG11B_DFP,4.4.0,https://www.silabs.com/documents/public/cmsis-packs/SiliconLabs.GeckoPlatform_EFM32TG11B_DFP.pdsc
Silicon Labs,EFM32TG11B Series,EFM32TG11B340,EFM32TG11B340F64GQ48,cmsis_device_name,tcl/target/efm32.cfg,not_validated,GeckoPlatform_EFM32TG11B_DFP,4.4.0,https://www.silabs.com/documents/public/cmsis-packs/SiliconLabs.GeckoPlatform_EFM32TG11B_DFP.pdsc
Silicon Labs,EFM32TG11B Series,EFM32TG11B340,EFM32TG11B340F64GQ64,cmsis_device_name,tcl/target/efm32.cfg,not_validated,GeckoPlatform_EFM32TG11B_DFP,4.4.0,https://www.silabs.com/documents/public/cmsis-packs/SiliconLabs.GeckoPlatform_EFM32TG11B_DFP.pdsc
Silicon Labs,EFM32TG11B Series,EFM32TG11B340,EFM32TG11B340F64IM64,cmsis_device_name,tcl/target/efm32.cfg,not_validated,GeckoPlatform_EFM32TG11B_DFP,4.4.0,https://www.silabs.com/documents/public/cmsis-packs/SiliconLabs.GeckoPlatform_EFM32TG11B_DFP.pdsc
Silicon Labs,EFM32TG11B Series,EFM32TG11B340,EFM32TG11B340F64IQ48,cmsis_device_name,tcl/target/efm32.cfg,not_validated,GeckoPlatform_EFM32TG11B_DFP,4.4.0,https://www.silabs.com/documents/public/cmsis-packs/SiliconLabs.GeckoPlatform_EFM32TG11B_DFP.pdsc
Silicon Labs,EFM32TG11B Series,EFM32TG11B340,EFM32TG11B340F64IQ64,cmsis_device_name,tcl/target/efm32.cfg,not_validated,GeckoPlatform_EFM32TG11B_DFP,4.4.0,https://www.silabs.com/documents/public/cmsis-packs/SiliconLabs.GeckoPlatform_EFM32TG11B_DFP.pdsc
Silicon Labs,EFM32TG11B Series,EFM32TG11B520,EFM32TG11B520F128GM32,cmsis_device_name,tcl/target/efm32.cfg,not_validated,GeckoPlatform_EFM32TG11B_DFP,4.4.0,https://www.silabs.com/documents/public/cmsis-packs/SiliconLabs.GeckoPlatform_EFM32TG11B_DFP.pdsc
Silicon Labs,EFM32TG11B Series,EFM32TG11B520,EFM32TG11B520F128GM64,cmsis_device_name,tcl/target/efm32.cfg,not_validated,GeckoPlatform_EFM32TG11B_DFP,4.4.0,https://www.silabs.com/documents/public/cmsis-packs/SiliconLabs.GeckoPlatform_EFM32TG11B_DFP.pdsc
Silicon Labs,EFM32TG11B Series,EFM32TG11B520,EFM32TG11B520F128GM80,cmsis_device_name,tcl/target/efm32.cfg,not_validated,GeckoPlatform_EFM32TG11B_DFP,4.4.0,https://www.silabs.com/documents/public/cmsis-packs/SiliconLabs.GeckoPlatform_EFM32TG11B_DFP.pdsc
Silicon Labs,EFM32TG11B Series,EFM32TG11B520,EFM32TG11B520F128GQ48,cmsis_device_name,tcl/target/efm32.cfg,not_validated,GeckoPlatform_EFM32TG11B_DFP,4.4.0,https://www.silabs.com/documents/public/cmsis-packs/SiliconLabs.GeckoPlatform_EFM32TG11B_DFP.pdsc
Silicon Labs,EFM32TG11B Series,EFM32TG11B520,EFM32TG11B520F128GQ64,cmsis_device_name,tcl/target/efm32.cfg,not_validated,GeckoPlatform_EFM32TG11B_DFP,4.4.0,https://www.silabs.com/documents/public/cmsis-packs/SiliconLabs.GeckoPlatform_EFM32TG11B_DFP.pdsc
Silicon Labs,EFM32TG11B Series,EFM32TG11B520,EFM32TG11B520F128GQ80,cmsis_device_name,tcl/target/efm32.cfg,not_validated,GeckoPlatform_EFM32TG11B_DFP,4.4.0,https://www.silabs.com/documents/public/cmsis-packs/SiliconLabs.GeckoPlatform_EFM32TG11B_DFP.pdsc
Silicon Labs,EFM32TG11B Series,EFM32TG11B520,EFM32TG11B520F128IM32,cmsis_device_name,tcl/target/efm32.cfg,not_validated,GeckoPlatform_EFM32TG11B_DFP,4.4.0,https://www.silabs.com/documents/public/cmsis-packs/SiliconLabs.GeckoPlatform_EFM32TG11B_DFP.pdsc
Silicon Labs,EFM32TG11B Series,EFM32TG11B520,EFM32TG11B520F128IM64,cmsis_device_name,tcl/target/efm32.cfg,not_validated,GeckoPlatform_EFM32TG11B_DFP,4.4.0,https://www.silabs.com/documents/public/cmsis-packs/SiliconLabs.GeckoPlatform_EFM32TG11B_DFP.pdsc
Silicon Labs,EFM32TG11B Series,EFM32TG11B520,EFM32TG11B520F128IM80,cmsis_device_name,tcl/target/efm32.cfg,not_validated,GeckoPlatform_EFM32TG11B_DFP,4.4.0,https://www.silabs.com/documents/public/cmsis-packs/SiliconLabs.GeckoPlatform_EFM32TG11B_DFP.pdsc
Silicon Labs,EFM32TG11B Series,EFM32TG11B520,EFM32TG11B520F128IQ48,cmsis_device_name,tcl/target/efm32.cfg,not_validated,GeckoPlatform_EFM32TG11B_DFP,4.4.0,https://www.silabs.com/documents/public/cmsis-packs/SiliconLabs.GeckoPlatform_EFM32TG11B_DFP.pdsc
Silicon Labs,EFM32TG11B Series,EFM32TG11B520,EFM32TG11B520F128IQ64,cmsis_device_name,tcl/target/efm32.cfg,not_validated,GeckoPlatform_EFM32TG11B_DFP,4.4.0,https://www.silabs.com/documents/public/cmsis-packs/SiliconLabs.GeckoPlatform_EFM32TG11B_DFP.pdsc
Silicon Labs,EFM32TG11B Series,EFM32TG11B520,EFM32TG11B520F128IQ80,cmsis_device_name,tcl/target/efm32.cfg,not_validated,GeckoPlatform_EFM32TG11B_DFP,4.4.0,https://www.silabs.com/documents/public/cmsis-packs/SiliconLabs.GeckoPlatform_EFM32TG11B_DFP.pdsc
Silicon Labs,EFM32TG11B Series,EFM32TG11B540,EFM32TG11B540F64GM32,cmsis_device_name,tcl/target/efm32.cfg,not_validated,GeckoPlatform_EFM32TG11B_DFP,4.4.0,https://www.silabs.com/documents/public/cmsis-packs/SiliconLabs.GeckoPlatform_EFM32TG11B_DFP.pdsc
Silicon Labs,EFM32TG11B Series,EFM32TG11B540,EFM32TG11B540F64GM64,cmsis_device_name,tcl/target/efm32.cfg,not_validated,GeckoPlatform_EFM32TG11B_DFP,4.4.0,https://www.silabs.com/documents/public/cmsis-packs/SiliconLabs.GeckoPlatform_EFM32TG11B_DFP.pdsc
Silicon Labs,EFM32TG11B Series,EFM32TG11B540,EFM32TG11B540F64GM80,cmsis_device_name,tcl/target/efm32.cfg,not_validated,GeckoPlatform_EFM32TG11B_DFP,4.4.0,https://www.silabs.com/documents/public/cmsis-packs/SiliconLabs.GeckoPlatform_EFM32TG11B_DFP.pdsc
Silicon Labs,EFM32TG11B Series,EFM32TG11B540,EFM32TG11B540F64GQ48,cmsis_device_name,tcl/target/efm32.cfg,not_validated,GeckoPlatform_EFM32TG11B_DFP,4.4.0,https://www.silabs.com/documents/public/cmsis-packs/SiliconLabs.GeckoPlatform_EFM32TG11B_DFP.pdsc
Silicon Labs,EFM32TG11B Series,EFM32TG11B540,EFM32TG11B540F64GQ64,cmsis_device_name,tcl/target/efm32.cfg,not_validated,GeckoPlatform_EFM32TG11B_DFP,4.4.0,https://www.silabs.com/documents/public/cmsis-packs/SiliconLabs.GeckoPlatform_EFM32TG11B_DFP.pdsc
Silicon Labs,EFM32TG11B Series,EFM32TG11B540,EFM32TG11B540F64GQ80,cmsis_device_name,tcl/target/efm32.cfg,not_validated,GeckoPlatform_EFM32TG11B_DFP,4.4.0,https://www.silabs.com/documents/public/cmsis-packs/SiliconLabs.GeckoPlatform_EFM32TG11B_DFP.pdsc
Silicon Labs,EFM32TG11B Series,EFM32TG11B540,EFM32TG11B540F64IM32,cmsis_device_name,tcl/target/efm32.cfg,not_validated,GeckoPlatform_EFM32TG11B_DFP,4.4.0,https://www.silabs.com/documents/public/cmsis-packs/SiliconLabs.GeckoPlatform_EFM32TG11B_DFP.pdsc
Silicon Labs,EFM32TG11B Series,EFM32TG11B540,EFM32TG11B540F64IM64,cmsis_device_name,tcl/target/efm32.cfg,not_validated,GeckoPlatform_EFM32TG11B_DFP,4.4.0,https://www.silabs.com/documents/public/cmsis-packs/SiliconLabs.GeckoPlatform_EFM32TG11B_DFP.pdsc
Silicon Labs,EFM32TG11B Series,EFM32TG11B540,EFM32TG11B540F64IM80,cmsis_device_name,tcl/target/efm32.cfg,not_validated,GeckoPlatform_EFM32TG11B_DFP,4.4.0,https://www.silabs.com/documents/public/cmsis-packs/SiliconLabs.GeckoPlatform_EFM32TG11B_DFP.pdsc
Silicon Labs,EFM32TG11B Series,EFM32TG11B540,EFM32TG11B540F64IQ48,cmsis_device_name,tcl/target/efm32.cfg,not_validated,GeckoPlatform_EFM32TG11B_DFP,4.4.0,https://www.silabs.com/documents/public/cmsis-packs/SiliconLabs.GeckoPlatform_EFM32TG11B_DFP.pdsc
Silicon Labs,EFM32TG11B Series,EFM32TG11B540,EFM32TG11B540F64IQ64,cmsis_device_name,tcl/target/efm32.cfg,not_validated,GeckoPlatform_EFM32TG11B_DFP,4.4.0,https://www.silabs.com/documents/public/cmsis-packs/SiliconLabs.GeckoPlatform_EFM32TG11B_DFP.pdsc
Silicon Labs,EFM32TG11B Series,EFM32TG11B540,EFM32TG11B540F64IQ80,cmsis_device_name,tcl/target/efm32.cfg,not_validated,GeckoPlatform_EFM32TG11B_DFP,4.4.0,https://www.silabs.com/documents/public/cmsis-packs/SiliconLabs.GeckoPlatform_EFM32TG11B_DFP.pdsc
Silicon Labs,EFM32WG Series,EFM32WG230,EFM32WG230F128,cmsis_device_name,tcl/target/efm32.cfg,not_validated,GeckoPlatform_EFM32WG_DFP,4.4.0,https://www.silabs.com/documents/public/cmsis-packs/SiliconLabs.GeckoPlatform_EFM32WG_DFP.pdsc
Silicon Labs,EFM32WG Series,EFM32WG230,EFM32WG230F256,cmsis_device_name,tcl/target/efm32.cfg,not_validated,GeckoPlatform_EFM32WG_DFP,4.4.0,https://www.silabs.com/documents/public/cmsis-packs/SiliconLabs.GeckoPlatform_EFM32WG_DFP.pdsc
Silicon Labs,EFM32WG Series,EFM32WG230,EFM32WG230F64,cmsis_device_name,tcl/target/efm32.cfg,not_validated,GeckoPlatform_EFM32WG_DFP,4.4.0,https://www.silabs.com/documents/public/cmsis-packs/SiliconLabs.GeckoPlatform_EFM32WG_DFP.pdsc
Silicon Labs,EFM32WG Series,EFM32WG232,EFM32WG232F128,cmsis_device_name,tcl/target/efm32.cfg,not_validated,GeckoPlatform_EFM32WG_DFP,4.4.0,https://www.silabs.com/documents/public/cmsis-packs/SiliconLabs.GeckoPlatform_EFM32WG_DFP.pdsc
Silicon Labs,EFM32WG Series,EFM32WG232,EFM32WG232F256,cmsis_device_name,tcl/target/efm32.cfg,not_validated,GeckoPlatform_EFM32WG_DFP,4.4.0,https://www.silabs.com/documents/public/cmsis-packs/SiliconLabs.GeckoPlatform_EFM32WG_DFP.pdsc
Silicon Labs,EFM32WG Series,EFM32WG232,EFM32WG232F64,cmsis_device_name,tcl/target/efm32.cfg,not_validated,GeckoPlatform_EFM32WG_DFP,4.4.0,https://www.silabs.com/documents/public/cmsis-packs/SiliconLabs.GeckoPlatform_EFM32WG_DFP.pdsc
Silicon Labs,EFM32WG Series,EFM32WG280,EFM32WG280F128,cmsis_device_name,tcl/target/efm32.cfg,not_validated,GeckoPlatform_EFM32WG_DFP,4.4.0,https://www.silabs.com/documents/public/cmsis-packs/SiliconLabs.GeckoPlatform_EFM32WG_DFP.pdsc
Silicon Labs,EFM32WG Series,EFM32WG280,EFM32WG280F256,cmsis_device_name,tcl/target/efm32.cfg,not_validated,GeckoPlatform_EFM32WG_DFP,4.4.0,https://www.silabs.com/documents/public/cmsis-packs/SiliconLabs.GeckoPlatform_EFM32WG_DFP.pdsc
Silicon Labs,EFM32WG Series,EFM32WG280,EFM32WG280F64,cmsis_device_name,tcl/target/efm32.cfg,not_validated,GeckoPlatform_EFM32WG_DFP,4.4.0,https://www.silabs.com/documents/public/cmsis-packs/SiliconLabs.GeckoPlatform_EFM32WG_DFP.pdsc
Silicon Labs,EFM32WG Series,EFM32WG290,EFM32WG290F128,cmsis_device_name,tcl/target/efm32.cfg,not_validated,GeckoPlatform_EFM32WG_DFP,4.4.0,https://www.silabs.com/documents/public/cmsis-packs/SiliconLabs.GeckoPlatform_EFM32WG_DFP.pdsc
Silicon Labs,EFM32WG Series,EFM32WG290,EFM32WG290F256,cmsis_device_name,tcl/target/efm32.cfg,not_validated,GeckoPlatform_EFM32WG_DFP,4.4.0,https://www.silabs.com/documents/public/cmsis-packs/SiliconLabs.GeckoPlatform_EFM32WG_DFP.pdsc
Silicon Labs,EFM32WG Series,EFM32WG290,EFM32WG290F64,cmsis_device_name,tcl/target/efm32.cfg,not_validated,GeckoPlatform_EFM32WG_DFP,4.4.0,https://www.silabs.com/documents/public/cmsis-packs/SiliconLabs.GeckoPlatform_EFM32WG_DFP.pdsc
Silicon Labs,EFM32WG Series,EFM32WG295,EFM32WG295F128,cmsis_device_name,tcl/target/efm32.cfg,not_validated,GeckoPlatform_EFM32WG_DFP,4.4.0,https://www.silabs.com/documents/public/cmsis-packs/SiliconLabs.GeckoPlatform_EFM32WG_DFP.pdsc
Silicon Labs,EFM32WG Series,EFM32WG295,EFM32WG295F256,cmsis_device_name,tcl/target/efm32.cfg,not_validated,GeckoPlatform_EFM32WG_DFP,4.4.0,https://www.silabs.com/documents/public/cmsis-packs/SiliconLabs.GeckoPlatform_EFM32WG_DFP.pdsc
Silicon Labs,EFM32WG Series,EFM32WG295,EFM32WG295F64,cmsis_device_name,tcl/target/efm32.cfg,not_validated,GeckoPlatform_EFM32WG_DFP,4.4.0,https://www.silabs.com/documents/public/cmsis-packs/SiliconLabs.GeckoPlatform_EFM32WG_DFP.pdsc
Silicon Labs,EFM32WG Series,EFM32WG330,EFM32WG330F128,cmsis_device_name,tcl/target/efm32.cfg,not_validated,GeckoPlatform_EFM32WG_DFP,4.4.0,https://www.silabs.com/documents/public/cmsis-packs/SiliconLabs.GeckoPlatform_EFM32WG_DFP.pdsc
Silicon Labs,EFM32WG Series,EFM32WG330,EFM32WG330F256,cmsis_device_name,tcl/target/efm32.cfg,not_validated,GeckoPlatform_EFM32WG_DFP,4.4.0,https://www.silabs.com/documents/public/cmsis-packs/SiliconLabs.GeckoPlatform_EFM32WG_DFP.pdsc
Silicon Labs,EFM32WG Series,EFM32WG330,EFM32WG330F64,cmsis_device_name,tcl/target/efm32.cfg,not_validated,GeckoPlatform_EFM32WG_DFP,4.4.0,https://www.silabs.com/documents/public/cmsis-packs/SiliconLabs.GeckoPlatform_EFM32WG_DFP.pdsc
Silicon Labs,EFM32WG Series,EFM32WG332,EFM32WG332F128,cmsis_device_name,tcl/target/efm32.cfg,not_validated,GeckoPlatform_EFM32WG_DFP,4.4.0,https://www.silabs.com/documents/public/cmsis-packs/SiliconLabs.GeckoPlatform_EFM32WG_DFP.pdsc
Silicon Labs,EFM32WG Series,EFM32WG332,EFM32WG332F256,cmsis_device_name,tcl/target/efm32.cfg,not_validated,GeckoPlatform_EFM32WG_DFP,4.4.0,https://www.silabs.com/documents/public/cmsis-packs/SiliconLabs.GeckoPlatform_EFM32WG_DFP.pdsc
Silicon Labs,EFM32WG Series,EFM32WG332,EFM32WG332F64,cmsis_device_name,tcl/target/efm32.cfg,not_validated,GeckoPlatform_EFM32WG_DFP,4.4.0,https://www.silabs.com/documents/public/cmsis-packs/SiliconLabs.GeckoPlatform_EFM32WG_DFP.pdsc
Silicon Labs,EFM32WG Series,EFM32WG360,EFM32WG360F128,cmsis_device_name,tcl/target/efm32.cfg,not_validated,GeckoPlatform_EFM32WG_DFP,4.4.0,https://www.silabs.com/documents/public/cmsis-packs/SiliconLabs.GeckoPlatform_EFM32WG_DFP.pdsc
Silicon Labs,EFM32WG Series,EFM32WG360,EFM32WG360F256,cmsis_device_name,tcl/target/efm32.cfg,not_validated,GeckoPlatform_EFM32WG_DFP,4.4.0,https://www.silabs.com/documents/public/cmsis-packs/SiliconLabs.GeckoPlatform_EFM32WG_DFP.pdsc
Silicon Labs,EFM32WG Series,EFM32WG360,EFM32WG360F64,cmsis_device_name,tcl/target/efm32.cfg,not_validated,GeckoPlatform_EFM32WG_DFP,4.4.0,https://www.silabs.com/documents/public/cmsis-packs/SiliconLabs.GeckoPlatform_EFM32WG_DFP.pdsc
Silicon Labs,EFM32WG Series,EFM32WG380,EFM32WG380F128,cmsis_device_name,tcl/target/efm32.cfg,not_validated,GeckoPlatform_EFM32WG_DFP,4.4.0,https://www.silabs.com/documents/public/cmsis-packs/SiliconLabs.GeckoPlatform_EFM32WG_DFP.pdsc
Silicon Labs,EFM32WG Series,EFM32WG380,EFM32WG380F256,cmsis_device_name,tcl/target/efm32.cfg,not_validated,GeckoPlatform_EFM32WG_DFP,4.4.0,https://www.silabs.com/documents/public/cmsis-packs/SiliconLabs.GeckoPlatform_EFM32WG_DFP.pdsc
Silicon Labs,EFM32WG Series,EFM32WG380,EFM32WG380F64,cmsis_device_name,tcl/target/efm32.cfg,not_validated,GeckoPlatform_EFM32WG_DFP,4.4.0,https://www.silabs.com/documents/public/cmsis-packs/SiliconLabs.GeckoPlatform_EFM32WG_DFP.pdsc
Silicon Labs,EFM32WG Series,EFM32WG390,EFM32WG390F128,cmsis_device_name,tcl/target/efm32.cfg,not_validated,GeckoPlatform_EFM32WG_DFP,4.4.0,https://www.silabs.com/documents/public/cmsis-packs/SiliconLabs.GeckoPlatform_EFM32WG_DFP.pdsc
Silicon Labs,EFM32WG Series,EFM32WG390,EFM32WG390F256,cmsis_device_name,tcl/target/efm32.cfg,not_validated,GeckoPlatform_EFM32WG_DFP,4.4.0,https://www.silabs.com/documents/public/cmsis-packs/SiliconLabs.GeckoPlatform_EFM32WG_DFP.pdsc
Silicon Labs,EFM32WG Series,EFM32WG390,EFM32WG390F64,cmsis_device_name,tcl/target/efm32.cfg,not_validated,GeckoPlatform_EFM32WG_DFP,4.4.0,https://www.silabs.com/documents/public/cmsis-packs/SiliconLabs.GeckoPlatform_EFM32WG_DFP.pdsc
Silicon Labs,EFM32WG Series,EFM32WG395,EFM32WG395F128,cmsis_device_name,tcl/target/efm32.cfg,not_validated,GeckoPlatform_EFM32WG_DFP,4.4.0,https://www.silabs.com/documents/public/cmsis-packs/SiliconLabs.GeckoPlatform_EFM32WG_DFP.pdsc
Silicon Labs,EFM32WG Series,EFM32WG395,EFM32WG395F256,cmsis_device_name,tcl/target/efm32.cfg,not_validated,GeckoPlatform_EFM32WG_DFP,4.4.0,https://www.silabs.com/documents/public/cmsis-packs/SiliconLabs.GeckoPlatform_EFM32WG_DFP.pdsc
Silicon Labs,EFM32WG Series,EFM32WG395,EFM32WG395F64,cmsis_device_name,tcl/target/efm32.cfg,not_validated,GeckoPlatform_EFM32WG_DFP,4.4.0,https://www.silabs.com/documents/public/cmsis-packs/SiliconLabs.GeckoPlatform_EFM32WG_DFP.pdsc
Silicon Labs,EFM32WG Series,EFM32WG840,EFM32WG840F128,cmsis_device_name,tcl/target/efm32.cfg,not_validated,GeckoPlatform_EFM32WG_DFP,4.4.0,https://www.silabs.com/documents/public/cmsis-packs/SiliconLabs.GeckoPlatform_EFM32WG_DFP.pdsc
Silicon Labs,EFM32WG Series,EFM32WG840,EFM32WG840F256,cmsis_device_name,tcl/target/efm32.cfg,not_validated,GeckoPlatform_EFM32WG_DFP,4.4.0,https://www.silabs.com/documents/public/cmsis-packs/SiliconLabs.GeckoPlatform_EFM32WG_DFP.pdsc
Silicon Labs,EFM32WG Series,EFM32WG840,EFM32WG840F64,cmsis_device_name,tcl/target/efm32.cfg,not_validated,GeckoPlatform_EFM32WG_DFP,4.4.0,https://www.silabs.com/documents/public/cmsis-packs/SiliconLabs.GeckoPlatform_EFM32WG_DFP.pdsc
Silicon Labs,EFM32WG Series,EFM32WG842,EFM32WG842F128,cmsis_device_name,tcl/target/efm32.cfg,not_validated,GeckoPlatform_EFM32WG_DFP,4.4.0,https://www.silabs.com/documents/public/cmsis-packs/SiliconLabs.GeckoPlatform_EFM32WG_DFP.pdsc
Silicon Labs,EFM32WG Series,EFM32WG842,EFM32WG842F256,cmsis_device_name,tcl/target/efm32.cfg,not_validated,GeckoPlatform_EFM32WG_DFP,4.4.0,https://www.silabs.com/documents/public/cmsis-packs/SiliconLabs.GeckoPlatform_EFM32WG_DFP.pdsc
Silicon Labs,EFM32WG Series,EFM32WG842,EFM32WG842F64,cmsis_device_name,tcl/target/efm32.cfg,not_validated,GeckoPlatform_EFM32WG_DFP,4.4.0,https://www.silabs.com/documents/public/cmsis-packs/SiliconLabs.GeckoPlatform_EFM32WG_DFP.pdsc
Silicon Labs,EFM32WG Series,EFM32WG880,EFM32WG880F128,cmsis_device_name,tcl/target/efm32.cfg,not_validated,GeckoPlatform_EFM32WG_DFP,4.4.0,https://www.silabs.com/documents/public/cmsis-packs/SiliconLabs.GeckoPlatform_EFM32WG_DFP.pdsc
Silicon Labs,EFM32WG Series,EFM32WG880,EFM32WG880F256,cmsis_device_name,tcl/target/efm32.cfg,not_validated,GeckoPlatform_EFM32WG_DFP,4.4.0,https://www.silabs.com/documents/public/cmsis-packs/SiliconLabs.GeckoPlatform_EFM32WG_DFP.pdsc
Silicon Labs,EFM32WG Series,EFM32WG880,EFM32WG880F64,cmsis_device_name,tcl/target/efm32.cfg,not_validated,GeckoPlatform_EFM32WG_DFP,4.4.0,https://www.silabs.com/documents/public/cmsis-packs/SiliconLabs.GeckoPlatform_EFM32WG_DFP.pdsc
Silicon Labs,EFM32WG Series,EFM32WG890,EFM32WG890F128,cmsis_device_name,tcl/target/efm32.cfg,not_validated,GeckoPlatform_EFM32WG_DFP,4.4.0,https://www.silabs.com/documents/public/cmsis-packs/SiliconLabs.GeckoPlatform_EFM32WG_DFP.pdsc
Silicon Labs,EFM32WG Series,EFM32WG890,EFM32WG890F256,cmsis_device_name,tcl/target/efm32.cfg,not_validated,GeckoPlatform_EFM32WG_DFP,4.4.0,https://www.silabs.com/documents/public/cmsis-packs/SiliconLabs.GeckoPlatform_EFM32WG_DFP.pdsc
Silicon Labs,EFM32WG Series,EFM32WG890,EFM32WG890F64,cmsis_device_name,tcl/target/efm32.cfg,not_validated,GeckoPlatform_EFM32WG_DFP,4.4.0,https://www.silabs.com/documents/public/cmsis-packs/SiliconLabs.GeckoPlatform_EFM32WG_DFP.pdsc
Silicon Labs,EFM32WG Series,EFM32WG895,EFM32WG895F128,cmsis_device_name,tcl/target/efm32.cfg,not_validated,GeckoPlatform_EFM32WG_DFP,4.4.0,https://www.silabs.com/documents/public/cmsis-packs/SiliconLabs.GeckoPlatform_EFM32WG_DFP.pdsc
Silicon Labs,EFM32WG Series,EFM32WG895,EFM32WG895F256,cmsis_device_name,tcl/target/efm32.cfg,not_validated,GeckoPlatform_EFM32WG_DFP,4.4.0,https://www.silabs.com/documents/public/cmsis-packs/SiliconLabs.GeckoPlatform_EFM32WG_DFP.pdsc
Silicon Labs,EFM32WG Series,EFM32WG895,EFM32WG895F64,cmsis_device_name,tcl/target/efm32.cfg,not_validated,GeckoPlatform_EFM32WG_DFP,4.4.0,https://www.silabs.com/documents/public/cmsis-packs/SiliconLabs.GeckoPlatform_EFM32WG_DFP.pdsc
Silicon Labs,EFM32WG Series,EFM32WG900,EFM32WG900F256,cmsis_device_name,tcl/target/efm32.cfg,not_validated,GeckoPlatform_EFM32WG_DFP,4.4.0,https://www.silabs.com/documents/public/cmsis-packs/SiliconLabs.GeckoPlatform_EFM32WG_DFP.pdsc
Silicon Labs,EFM32WG Series,EFM32WG940,EFM32WG940F128,cmsis_device_name,tcl/target/efm32.cfg,not_validated,GeckoPlatform_EFM32WG_DFP,4.4.0,https://www.silabs.com/documents/public/cmsis-packs/SiliconLabs.GeckoPlatform_EFM32WG_DFP.pdsc
Silicon Labs,EFM32WG Series,EFM32WG940,EFM32WG940F256,cmsis_device_name,tcl/target/efm32.cfg,not_validated,GeckoPlatform_EFM32WG_DFP,4.4.0,https://www.silabs.com/documents/public/cmsis-packs/SiliconLabs.GeckoPlatform_EFM32WG_DFP.pdsc
Silicon Labs,EFM32WG Series,EFM32WG940,EFM32WG940F64,cmsis_device_name,tcl/target/efm32.cfg,not_validated,GeckoPlatform_EFM32WG_DFP,4.4.0,https://www.silabs.com/documents/public/cmsis-packs/SiliconLabs.GeckoPlatform_EFM32WG_DFP.pdsc
Silicon Labs,EFM32WG Series,EFM32WG942,EFM32WG942F128,cmsis_device_name,tcl/target/efm32.cfg,not_validated,GeckoPlatform_EFM32WG_DFP,4.4.0,https://www.silabs.com/documents/public/cmsis-packs/SiliconLabs.GeckoPlatform_EFM32WG_DFP.pdsc
Silicon Labs,EFM32WG Series,EFM32WG942,EFM32WG942F256,cmsis_device_name,tcl/target/efm32.cfg,not_validated,GeckoPlatform_EFM32WG_DFP,4.4.0,https://www.silabs.com/documents/public/cmsis-packs/SiliconLabs.GeckoPlatform_EFM32WG_DFP.pdsc
Silicon Labs,EFM32WG Series,EFM32WG942,EFM32WG942F64,cmsis_device_name,tcl/target/efm32.cfg,not_validated,GeckoPlatform_EFM32WG_DFP,4.4.0,https://www.silabs.com/documents/public/cmsis-packs/SiliconLabs.GeckoPlatform_EFM32WG_DFP.pdsc
Silicon Labs,EFM32WG Series,EFM32WG980,EFM32WG980F128,cmsis_device_name,tcl/target/efm32.cfg,not_validated,GeckoPlatform_EFM32WG_DFP,4.4.0,https://www.silabs.com/documents/public/cmsis-packs/SiliconLabs.GeckoPlatform_EFM32WG_DFP.pdsc
Silicon Labs,EFM32WG Series,EFM32WG980,EFM32WG980F256,cmsis_device_name,tcl/target/efm32.cfg,not_validated,GeckoPlatform_EFM32WG_DFP,4.4.0,https://www.silabs.com/documents/public/cmsis-packs/SiliconLabs.GeckoPlatform_EFM32WG_DFP.pdsc
Silicon Labs,EFM32WG Series,EFM32WG980,EFM32WG980F64,cmsis_device_name,tcl/target/efm32.cfg,not_validated,GeckoPlatform_EFM32WG_DFP,4.4.0,https://www.silabs.com/documents/public/cmsis-packs/SiliconLabs.GeckoPlatform_EFM32WG_DFP.pdsc
Silicon Labs,EFM32WG Series,EFM32WG990,EFM32WG990F128,cmsis_device_name,tcl/target/efm32.cfg,not_validated,GeckoPlatform_EFM32WG_DFP,4.4.0,https://www.silabs.com/documents/public/cmsis-packs/SiliconLabs.GeckoPlatform_EFM32WG_DFP.pdsc
Silicon Labs,EFM32WG Series,EFM32WG990,EFM32WG990F256,cmsis_device_name,tcl/target/efm32.cfg,not_validated,GeckoPlatform_EFM32WG_DFP,4.4.0,https://www.silabs.com/documents/public/cmsis-packs/SiliconLabs.GeckoPlatform_EFM32WG_DFP.pdsc
Silicon Labs,EFM32WG Series,EFM32WG990,EFM32WG990F64,cmsis_device_name,tcl/target/efm32.cfg,not_validated,GeckoPlatform_EFM32WG_DFP,4.4.0,https://www.silabs.com/documents/public/cmsis-packs/SiliconLabs.GeckoPlatform_EFM32WG_DFP.pdsc
Silicon Labs,EFM32WG Series,EFM32WG995,EFM32WG995F128,cmsis_device_name,tcl/target/efm32.cfg,not_validated,GeckoPlatform_EFM32WG_DFP,4.4.0,https://www.silabs.com/documents/public/cmsis-packs/SiliconLabs.GeckoPlatform_EFM32WG_DFP.pdsc
Silicon Labs,EFM32WG Series,EFM32WG995,EFM32WG995F256,cmsis_device_name,tcl/target/efm32.cfg,not_validated,GeckoPlatform_EFM32WG_DFP,4.4.0,https://www.silabs.com/documents/public/cmsis-packs/SiliconLabs.GeckoPlatform_EFM32WG_DFP.pdsc
Silicon Labs,EFM32WG Series,EFM32WG995,EFM32WG995F64,cmsis_device_name,tcl/target/efm32.cfg,not_validated,GeckoPlatform_EFM32WG_DFP,4.4.0,https://www.silabs.com/documents/public/cmsis-packs/SiliconLabs.GeckoPlatform_EFM32WG_DFP.pdsc
Silicon Labs,EFM32ZG Series,EFM32ZG108,EFM32ZG108F16,cmsis_device_name,tcl/target/efm32.cfg,not_validated,GeckoPlatform_EFM32ZG_DFP,4.4.0,https://www.silabs.com/documents/public/cmsis-packs/SiliconLabs.GeckoPlatform_EFM32ZG_DFP.pdsc
Silicon Labs,EFM32ZG Series,EFM32ZG108,EFM32ZG108F32,cmsis_device_name,tcl/target/efm32.cfg,not_validated,GeckoPlatform_EFM32ZG_DFP,4.4.0,https://www.silabs.com/documents/public/cmsis-packs/SiliconLabs.GeckoPlatform_EFM32ZG_DFP.pdsc
Silicon Labs,EFM32ZG Series,EFM32ZG108,EFM32ZG108F4,cmsis_device_name,tcl/target/efm32.cfg,not_validated,GeckoPlatform_EFM32ZG_DFP,4.4.0,https://www.silabs.com/documents/public/cmsis-packs/SiliconLabs.GeckoPlatform_EFM32ZG_DFP.pdsc
Silicon Labs,EFM32ZG Series,EFM32ZG108,EFM32ZG108F8,cmsis_device_name,tcl/target/efm32.cfg,not_validated,GeckoPlatform_EFM32ZG_DFP,4.4.0,https://www.silabs.com/documents/public/cmsis-packs/SiliconLabs.GeckoPlatform_EFM32ZG_DFP.pdsc
Silicon Labs,EFM32ZG Series,EFM32ZG110,EFM32ZG110F16,cmsis_device_name,tcl/target/efm32.cfg,not_validated,GeckoPlatform_EFM32ZG_DFP,4.4.0,https://www.silabs.com/documents/public/cmsis-packs/SiliconLabs.GeckoPlatform_EFM32ZG_DFP.pdsc
Silicon Labs,EFM32ZG Series,EFM32ZG110,EFM32ZG110F32,cmsis_device_name,tcl/target/efm32.cfg,not_validated,GeckoPlatform_EFM32ZG_DFP,4.4.0,https://www.silabs.com/documents/public/cmsis-packs/SiliconLabs.GeckoPlatform_EFM32ZG_DFP.pdsc
Silicon Labs,EFM32ZG Series,EFM32ZG110,EFM32ZG110F4,cmsis_device_name,tcl/target/efm32.cfg,not_validated,GeckoPlatform_EFM32ZG_DFP,4.4.0,https://www.silabs.com/documents/public/cmsis-packs/SiliconLabs.GeckoPlatform_EFM32ZG_DFP.pdsc
Silicon Labs,EFM32ZG Series,EFM32ZG110,EFM32ZG110F8,cmsis_device_name,tcl/target/efm32.cfg,not_validated,GeckoPlatform_EFM32ZG_DFP,4.4.0,https://www.silabs.com/documents/public/cmsis-packs/SiliconLabs.GeckoPlatform_EFM32ZG_DFP.pdsc
Silicon Labs,EFM32ZG Series,EFM32ZG210,EFM32ZG210F16,cmsis_device_name,tcl/target/efm32.cfg,not_validated,GeckoPlatform_EFM32ZG_DFP,4.4.0,https://www.silabs.com/documents/public/cmsis-packs/SiliconLabs.GeckoPlatform_EFM32ZG_DFP.pdsc
Silicon Labs,EFM32ZG Series,EFM32ZG210,EFM32ZG210F32,cmsis_device_name,tcl/target/efm32.cfg,not_validated,GeckoPlatform_EFM32ZG_DFP,4.4.0,https://www.silabs.com/documents/public/cmsis-packs/SiliconLabs.GeckoPlatform_EFM32ZG_DFP.pdsc
Silicon Labs,EFM32ZG Series,EFM32ZG210,EFM32ZG210F4,cmsis_device_name,tcl/target/efm32.cfg,not_validated,GeckoPlatform_EFM32ZG_DFP,4.4.0,https://www.silabs.com/documents/public/cmsis-packs/SiliconLabs.GeckoPlatform_EFM32ZG_DFP.pdsc
Silicon Labs,EFM32ZG Series,EFM32ZG210,EFM32ZG210F8,cmsis_device_name,tcl/target/efm32.cfg,not_validated,GeckoPlatform_EFM32ZG_DFP,4.4.0,https://www.silabs.com/documents/public/cmsis-packs/SiliconLabs.GeckoPlatform_EFM32ZG_DFP.pdsc
Silicon Labs,EFM32ZG Series,EFM32ZG222,EFM32ZG222F16,cmsis_device_name,tcl/target/efm32.cfg,not_validated,GeckoPlatform_EFM32ZG_DFP,4.4.0,https://www.silabs.com/documents/public/cmsis-packs/SiliconLabs.GeckoPlatform_EFM32ZG_DFP.pdsc
Silicon Labs,EFM32ZG Series,EFM32ZG222,EFM32ZG222F32,cmsis_device_name,tcl/target/efm32.cfg,not_validated,GeckoPlatform_EFM32ZG_DFP,4.4.0,https://www.silabs.com/documents/public/cmsis-packs/SiliconLabs.GeckoPlatform_EFM32ZG_DFP.pdsc
Silicon Labs,EFM32ZG Series,EFM32ZG222,EFM32ZG222F4,cmsis_device_name,tcl/target/efm32.cfg,not_validated,GeckoPlatform_EFM32ZG_DFP,4.4.0,https://www.silabs.com/documents/public/cmsis-packs/SiliconLabs.GeckoPlatform_EFM32ZG_DFP.pdsc
Silicon Labs,EFM32ZG Series,EFM32ZG222,EFM32ZG222F8,cmsis_device_name,tcl/target/efm32.cfg,not_validated,GeckoPlatform_EFM32ZG_DFP,4.4.0,https://www.silabs.com/documents/public/cmsis-packs/SiliconLabs.GeckoPlatform_EFM32ZG_DFP.pdsc
Silicon Labs,EFR32BG12P Series,EFR32BG12P132,EFR32BG12P132F1024GL125,cmsis_device_name,tcl/target/silabs/series1.cfg,not_validated,GeckoPlatform_EFR32BG12P_DFP,4.4.0,https://www.silabs.com/documents/public/cmsis-packs/SiliconLabs.GeckoPlatform_EFR32BG12P_DFP.pdsc
Silicon Labs,EFR32BG12P Series,EFR32BG12P132,EFR32BG12P132F1024GM48,cmsis_device_name,tcl/target/silabs/series1.cfg,not_validated,GeckoPlatform_EFR32BG12P_DFP,4.4.0,https://www.silabs.com/documents/public/cmsis-packs/SiliconLabs.GeckoPlatform_EFR32BG12P_DFP.pdsc
Silicon Labs,EFR32BG12P Series,EFR32BG12P232,EFR32BG12P232F1024GL125,cmsis_device_name,tcl/target/silabs/series1.cfg,not_validated,GeckoPlatform_EFR32BG12P_DFP,4.4.0,https://www.silabs.com/documents/public/cmsis-packs/SiliconLabs.GeckoPlatform_EFR32BG12P_DFP.pdsc
Silicon Labs,EFR32BG12P Series,EFR32BG12P232,EFR32BG12P232F1024GM48,cmsis_device_name,tcl/target/silabs/series1.cfg,not_validated,GeckoPlatform_EFR32BG12P_DFP,4.4.0,https://www.silabs.com/documents/public/cmsis-packs/SiliconLabs.GeckoPlatform_EFR32BG12P_DFP.pdsc
Silicon Labs,EFR32BG12P Series,EFR32BG12P232,EFR32BG12P232F1024GM68,cmsis_device_name,tcl/target/silabs/series1.cfg,not_validated,GeckoPlatform_EFR32BG12P_DFP,4.4.0,https://www.silabs.com/documents/public/cmsis-packs/SiliconLabs.GeckoPlatform_EFR32BG12P_DFP.pdsc
Silicon Labs,EFR32BG12P Series,EFR32BG12P232,EFR32BG12P232F1024IM68,cmsis_device_name,tcl/target/silabs/series1.cfg,not_validated,GeckoPlatform_EFR32BG12P_DFP,4.4.0,https://www.silabs.com/documents/public/cmsis-packs/SiliconLabs.GeckoPlatform_EFR32BG12P_DFP.pdsc
Silicon Labs,EFR32BG12P Series,EFR32BG12P232,EFR32BG12P232F512GM68,cmsis_device_name,tcl/target/silabs/series1.cfg,not_validated,GeckoPlatform_EFR32BG12P_DFP,4.4.0,https://www.silabs.com/documents/public/cmsis-packs/SiliconLabs.GeckoPlatform_EFR32BG12P_DFP.pdsc
Silicon Labs,EFR32BG12P Series,EFR32BG12P232,EFR32BG12P232F512IM68,cmsis_device_name,tcl/target/silabs/series1.cfg,not_validated,GeckoPlatform_EFR32BG12P_DFP,4.4.0,https://www.silabs.com/documents/public/cmsis-packs/SiliconLabs.GeckoPlatform_EFR32BG12P_DFP.pdsc
Silicon Labs,EFR32BG12P Series,EFR32BG12P332,EFR32BG12P332F1024GL125,cmsis_device_name,tcl/target/silabs/series1.cfg,not_validated,GeckoPlatform_EFR32BG12P_DFP,4.4.0,https://www.silabs.com/documents/public/cmsis-packs/SiliconLabs.GeckoPlatform_EFR32BG12P_DFP.pdsc
Silicon Labs,EFR32BG12P Series,EFR32BG12P332,EFR32BG12P332F1024GM48,cmsis_device_name,tcl/target/silabs/series1.cfg,not_validated,GeckoPlatform_EFR32BG12P_DFP,4.4.0,https://www.silabs.com/documents/public/cmsis-packs/SiliconLabs.GeckoPlatform_EFR32BG12P_DFP.pdsc
Silicon Labs,EFR32BG12P Series,EFR32BG12P332,EFR32BG12P332F1024IM48,cmsis_device_name,tcl/target/silabs/series1.cfg,not_validated,GeckoPlatform_EFR32BG12P_DFP,4.4.0,https://www.silabs.com/documents/public/cmsis-packs/SiliconLabs.GeckoPlatform_EFR32BG12P_DFP.pdsc
Silicon Labs,EFR32BG12P Series,EFR32BG12P432,EFR32BG12P432F1024GL125,cmsis_device_name,tcl/target/silabs/series1.cfg,not_validated,GeckoPlatform_EFR32BG12P_DFP,4.4.0,https://www.silabs.com/documents/public/cmsis-packs/SiliconLabs.GeckoPlatform_EFR32BG12P_DFP.pdsc
Silicon Labs,EFR32BG12P Series,EFR32BG12P432,EFR32BG12P432F1024GM48,cmsis_device_name,tcl/target/silabs/series1.cfg,not_validated,GeckoPlatform_EFR32BG12P_DFP,4.4.0,https://www.silabs.com/documents/public/cmsis-packs/SiliconLabs.GeckoPlatform_EFR32BG12P_DFP.pdsc
Silicon Labs,EFR32BG12P Series,EFR32BG12P433,EFR32BG12P433F1024GL125,cmsis_device_name,tcl/target/silabs/series1.cfg,not_validated,GeckoPlatform_EFR32BG12P_DFP,4.4.0,https://www.silabs.com/documents/public/cmsis-packs/SiliconLabs.GeckoPlatform_EFR32BG12P_DFP.pdsc
Silicon Labs,EFR32BG12P Series,EFR32BG12P433,EFR32BG12P433F1024GM48,cmsis_device_name,tcl/target/silabs/series1.cfg,not_validated,GeckoPlatform_EFR32BG12P_DFP,4.4.0,https://www.silabs.com/documents/public/cmsis-packs/SiliconLabs.GeckoPlatform_EFR32BG12P_DFP.pdsc
Silicon Labs,EFR32BG12P Series,EFR32BG12P433,EFR32BG12P433F1024GM68,cmsis_device_name,tcl/target/silabs/series1.cfg,not_validated,GeckoPlatform_EFR32BG12P_DFP,4.4.0,https://www.silabs.com/documents/public/cmsis-packs/SiliconLabs.GeckoPlatform_EFR32BG12P_DFP.pdsc
Silicon Labs,EFR32BG12P Series,EFR32BG12P433,EFR32BG12P433F1024IM68,cmsis_device_name,tcl/target/silabs/series1.cfg,not_validated,GeckoPlatform_EFR32BG12P_DFP,4.4.0,https://www.silabs.com/documents/public/cmsis-packs/SiliconLabs.GeckoPlatform_EFR32BG12P_DFP.pdsc
Silicon Labs,EFR32BG13P Series,EFR32BG13P532,EFR32BG13P532F512GM32,cmsis_device_name,tcl/target/silabs/series1.cfg,not_validated,GeckoPlatform_EFR32BG13P_DFP,4.4.0,https://www.silabs.com/documents/public/cmsis-packs/SiliconLabs.GeckoPlatform_EFR32BG13P_DFP.pdsc
Silicon Labs,EFR32BG13P Series,EFR32BG13P532,EFR32BG13P532F512GM48,cmsis_device_name,tcl/target/silabs/series1.cfg,not_validated,GeckoPlatform_EFR32BG13P_DFP,4.4.0,https://www.silabs.com/documents/public/cmsis-packs/SiliconLabs.GeckoPlatform_EFR32BG13P_DFP.pdsc
Silicon Labs,EFR32BG13P Series,EFR32BG13P632,EFR32BG13P632F512GM32,cmsis_device_name,tcl/target/silabs/series1.cfg,not_validated,GeckoPlatform_EFR32BG13P_DFP,4.4.0,https://www.silabs.com/documents/public/cmsis-packs/SiliconLabs.GeckoPlatform_EFR32BG13P_DFP.pdsc
Silicon Labs,EFR32BG13P Series,EFR32BG13P632,EFR32BG13P632F512GM48,cmsis_device_name,tcl/target/silabs/series1.cfg,not_validated,GeckoPlatform_EFR32BG13P_DFP,4.4.0,https://www.silabs.com/documents/public/cmsis-packs/SiliconLabs.GeckoPlatform_EFR32BG13P_DFP.pdsc
Silicon Labs,EFR32BG13P Series,EFR32BG13P632,EFR32BG13P632F512GM51,cmsis_device_name,tcl/target/silabs/series1.cfg,not_validated,GeckoPlatform_EFR32BG13P_DFP,4.4.0,https://www.silabs.com/documents/public/cmsis-packs/SiliconLabs.GeckoPlatform_EFR32BG13P_DFP.pdsc
Silicon Labs,EFR32BG13P Series,EFR32BG13P632,EFR32BG13P632F512IM32,cmsis_device_name,tcl/target/silabs/series1.cfg,not_validated,GeckoPlatform_EFR32BG13P_DFP,4.4.0,https://www.silabs.com/documents/public/cmsis-packs/SiliconLabs.GeckoPlatform_EFR32BG13P_DFP.pdsc
Silicon Labs,EFR32BG13P Series,EFR32BG13P632,EFR32BG13P632F512IM48,cmsis_device_name,tcl/target/silabs/series1.cfg,not_validated,GeckoPlatform_EFR32BG13P_DFP,4.4.0,https://www.silabs.com/documents/public/cmsis-packs/SiliconLabs.GeckoPlatform_EFR32BG13P_DFP.pdsc
Silicon Labs,EFR32BG13P Series,EFR32BG13P732,EFR32BG13P732F512GM32,cmsis_device_name,tcl/target/silabs/series1.cfg,not_validated,GeckoPlatform_EFR32BG13P_DFP,4.4.0,https://www.silabs.com/documents/public/cmsis-packs/SiliconLabs.GeckoPlatform_EFR32BG13P_DFP.pdsc
Silicon Labs,EFR32BG13P Series,EFR32BG13P732,EFR32BG13P732F512GM48,cmsis_device_name,tcl/target/silabs/series1.cfg,not_validated,GeckoPlatform_EFR32BG13P_DFP,4.4.0,https://www.silabs.com/documents/public/cmsis-packs/SiliconLabs.GeckoPlatform_EFR32BG13P_DFP.pdsc
Silicon Labs,EFR32BG13P Series,EFR32BG13P732,EFR32BG13P732F512GM51,cmsis_device_name,tcl/target/silabs/series1.cfg,not_validated,GeckoPlatform_EFR32BG13P_DFP,4.4.0,https://www.silabs.com/documents/public/cmsis-packs/SiliconLabs.GeckoPlatform_EFR32BG13P_DFP.pdsc
Silicon Labs,EFR32BG13P Series,EFR32BG13P733,EFR32BG13P733F512GM48,cmsis_device_name,tcl/target/silabs/series1.cfg,not_validated,GeckoPlatform_EFR32BG13P_DFP,4.4.0,https://www.silabs.com/documents/public/cmsis-packs/SiliconLabs.GeckoPlatform_EFR32BG13P_DFP.pdsc
Silicon Labs,EFR32BG1B Series,EFR32BG1B132,EFR32BG1B132F128GJ43,cmsis_device_name,tcl/target/silabs/series1.cfg,not_validated,GeckoPlatform_EFR32BG1B_DFP,4.4.0,https://www.silabs.com/documents/public/cmsis-packs/SiliconLabs.GeckoPlatform_EFR32BG1B_DFP.pdsc
Silicon Labs,EFR32BG1B Series,EFR32BG1B132,EFR32BG1B132F128GM32,cmsis_device_name,tcl/target/silabs/series1.cfg,not_validated,GeckoPlatform_EFR32BG1B_DFP,4.4.0,https://www.silabs.com/documents/public/cmsis-packs/SiliconLabs.GeckoPlatform_EFR32BG1B_DFP.pdsc
Silicon Labs,EFR32BG1B Series,EFR32BG1B132,EFR32BG1B132F128GM48,cmsis_device_name,tcl/target/silabs/series1.cfg,not_validated,GeckoPlatform_EFR32BG1B_DFP,4.4.0,https://www.silabs.com/documents/public/cmsis-packs/SiliconLabs.GeckoPlatform_EFR32BG1B_DFP.pdsc
Silicon Labs,EFR32BG1B Series,EFR32BG1B132,EFR32BG1B132F256GD32,cmsis_device_name,tcl/target/silabs/series1.cfg,not_validated,GeckoPlatform_EFR32BG1B_DFP,4.4.0,https://www.silabs.com/documents/public/cmsis-packs/SiliconLabs.GeckoPlatform_EFR32BG1B_DFP.pdsc
Silicon Labs,EFR32BG1B Series,EFR32BG1B132,EFR32BG1B132F256GJ43,cmsis_device_name,tcl/target/silabs/series1.cfg,not_validated,GeckoPlatform_EFR32BG1B_DFP,4.4.0,https://www.silabs.com/documents/public/cmsis-packs/SiliconLabs.GeckoPlatform_EFR32BG1B_DFP.pdsc
Silicon Labs,EFR32BG1B Series,EFR32BG1B132,EFR32BG1B132F256GM32,cmsis_device_name,tcl/target/silabs/series1.cfg,not_validated,GeckoPlatform_EFR32BG1B_DFP,4.4.0,https://www.silabs.com/documents/public/cmsis-packs/SiliconLabs.GeckoPlatform_EFR32BG1B_DFP.pdsc
Silicon Labs,EFR32BG1B Series,EFR32BG1B132,EFR32BG1B132F256GM48,cmsis_device_name,tcl/target/silabs/series1.cfg,not_validated,GeckoPlatform_EFR32BG1B_DFP,4.4.0,https://www.silabs.com/documents/public/cmsis-packs/SiliconLabs.GeckoPlatform_EFR32BG1B_DFP.pdsc
Silicon Labs,EFR32BG1B Series,EFR32BG1B132,EFR32BG1B132F256GM56,cmsis_device_name,tcl/target/silabs/series1.cfg,not_validated,GeckoPlatform_EFR32BG1B_DFP,4.4.0,https://www.silabs.com/documents/public/cmsis-packs/SiliconLabs.GeckoPlatform_EFR32BG1B_DFP.pdsc
Silicon Labs,EFR32BG1B Series,EFR32BG1B132,EFR32BG1B132F256IM32,cmsis_device_name,tcl/target/silabs/series1.cfg,not_validated,GeckoPlatform_EFR32BG1B_DFP,4.4.0,https://www.silabs.com/documents/public/cmsis-packs/SiliconLabs.GeckoPlatform_EFR32BG1B_DFP.pdsc
Silicon Labs,EFR32BG1B Series,EFR32BG1B232,EFR32BG1B232F128GJ43,cmsis_device_name,tcl/target/silabs/series1.cfg,not_validated,GeckoPlatform_EFR32BG1B_DFP,4.4.0,https://www.silabs.com/documents/public/cmsis-packs/SiliconLabs.GeckoPlatform_EFR32BG1B_DFP.pdsc
Silicon Labs,EFR32BG1B Series,EFR32BG1B232,EFR32BG1B232F128GM32,cmsis_device_name,tcl/target/silabs/series1.cfg,not_validated,GeckoPlatform_EFR32BG1B_DFP,4.4.0,https://www.silabs.com/documents/public/cmsis-packs/SiliconLabs.GeckoPlatform_EFR32BG1B_DFP.pdsc
Silicon Labs,EFR32BG1B Series,EFR32BG1B232,EFR32BG1B232F128GM48,cmsis_device_name,tcl/target/silabs/series1.cfg,not_validated,GeckoPlatform_EFR32BG1B_DFP,4.4.0,https://www.silabs.com/documents/public/cmsis-packs/SiliconLabs.GeckoPlatform_EFR32BG1B_DFP.pdsc
Silicon Labs,EFR32BG1B Series,EFR32BG1B232,EFR32BG1B232F256GJ43,cmsis_device_name,tcl/target/silabs/series1.cfg,not_validated,GeckoPlatform_EFR32BG1B_DFP,4.4.0,https://www.silabs.com/documents/public/cmsis-packs/SiliconLabs.GeckoPlatform_EFR32BG1B_DFP.pdsc
Silicon Labs,EFR32BG1B Series,EFR32BG1B232,EFR32BG1B232F256GM32,cmsis_device_name,tcl/target/silabs/series1.cfg,not_validated,GeckoPlatform_EFR32BG1B_DFP,4.4.0,https://www.silabs.com/documents/public/cmsis-packs/SiliconLabs.GeckoPlatform_EFR32BG1B_DFP.pdsc
Silicon Labs,EFR32BG1B Series,EFR32BG1B232,EFR32BG1B232F256GM48,cmsis_device_name,tcl/target/silabs/series1.cfg,not_validated,GeckoPlatform_EFR32BG1B_DFP,4.4.0,https://www.silabs.com/documents/public/cmsis-packs/SiliconLabs.GeckoPlatform_EFR32BG1B_DFP.pdsc
Silicon Labs,EFR32BG1B Series,EFR32BG1B232,EFR32BG1B232F256GM56,cmsis_device_name,tcl/target/silabs/series1.cfg,not_validated,GeckoPlatform_EFR32BG1B_DFP,4.4.0,https://www.silabs.com/documents/public/cmsis-packs/SiliconLabs.GeckoPlatform_EFR32BG1B_DFP.pdsc
Silicon Labs,EFR32BG1B Series,EFR32BG1B232,EFR32BG1B232F256IM32,cmsis_device_name,tcl/target/silabs/series1.cfg,not_validated,GeckoPlatform_EFR32BG1B_DFP,4.4.0,https://www.silabs.com/documents/public/cmsis-packs/SiliconLabs.GeckoPlatform_EFR32BG1B_DFP.pdsc
Silicon Labs,EFR32BG1P Series,EFR32BG1P232,EFR32BG1P232F256GJ43,cmsis_device_name,tcl/target/silabs/series1.cfg,not_validated,GeckoPlatform_EFR32BG1P_DFP,4.4.0,https://www.silabs.com/documents/public/cmsis-packs/SiliconLabs.GeckoPlatform_EFR32BG1P_DFP.pdsc
Silicon Labs,EFR32BG1P Series,EFR32BG1P232,EFR32BG1P232F256GM32,cmsis_device_name,tcl/target/silabs/series1.cfg,not_validated,GeckoPlatform_EFR32BG1P_DFP,4.4.0,https://www.silabs.com/documents/public/cmsis-packs/SiliconLabs.GeckoPlatform_EFR32BG1P_DFP.pdsc
Silicon Labs,EFR32BG1P Series,EFR32BG1P232,EFR32BG1P232F256GM48,cmsis_device_name,tcl/target/silabs/series1.cfg,not_validated,GeckoPlatform_EFR32BG1P_DFP,4.4.0,https://www.silabs.com/documents/public/cmsis-packs/SiliconLabs.GeckoPlatform_EFR32BG1P_DFP.pdsc
Silicon Labs,EFR32BG1P Series,EFR32BG1P232,EFR32BG1P232F256IM32,cmsis_device_name,tcl/target/silabs/series1.cfg,not_validated,GeckoPlatform_EFR32BG1P_DFP,4.4.0,https://www.silabs.com/documents/public/cmsis-packs/SiliconLabs.GeckoPlatform_EFR32BG1P_DFP.pdsc
Silicon Labs,EFR32BG1P Series,EFR32BG1P232,EFR32BG1P232F256IM48,cmsis_device_name,tcl/target/silabs/series1.cfg,not_validated,GeckoPlatform_EFR32BG1P_DFP,4.4.0,https://www.silabs.com/documents/public/cmsis-packs/SiliconLabs.GeckoPlatform_EFR32BG1P_DFP.pdsc
Silicon Labs,EFR32BG1P Series,EFR32BG1P233,EFR32BG1P233F256GM48,cmsis_device_name,tcl/target/silabs/series1.cfg,not_validated,GeckoPlatform_EFR32BG1P_DFP,4.4.0,https://www.silabs.com/documents/public/cmsis-packs/SiliconLabs.GeckoPlatform_EFR32BG1P_DFP.pdsc
Silicon Labs,EFR32BG1P Series,EFR32BG1P332,EFR32BG1P332F256GJ43,cmsis_device_name,tcl/target/silabs/series1.cfg,not_validated,GeckoPlatform_EFR32BG1P_DFP,4.4.0,https://www.silabs.com/documents/public/cmsis-packs/SiliconLabs.GeckoPlatform_EFR32BG1P_DFP.pdsc
Silicon Labs,EFR32BG1P Series,EFR32BG1P332,EFR32BG1P332F256GM32,cmsis_device_name,tcl/target/silabs/series1.cfg,not_validated,GeckoPlatform_EFR32BG1P_DFP,4.4.0,https://www.silabs.com/documents/public/cmsis-packs/SiliconLabs.GeckoPlatform_EFR32BG1P_DFP.pdsc
Silicon Labs,EFR32BG1P Series,EFR32BG1P332,EFR32BG1P332F256GM48,cmsis_device_name,tcl/target/silabs/series1.cfg,not_validated,GeckoPlatform_EFR32BG1P_DFP,4.4.0,https://www.silabs.com/documents/public/cmsis-packs/SiliconLabs.GeckoPlatform_EFR32BG1P_DFP.pdsc
Silicon Labs,EFR32BG1P Series,EFR32BG1P333,EFR32BG1P333F256GM48,cmsis_device_name,tcl/target/silabs/series1.cfg,not_validated,GeckoPlatform_EFR32BG1P_DFP,4.4.0,https://www.silabs.com/documents/public/cmsis-packs/SiliconLabs.GeckoPlatform_EFR32BG1P_DFP.pdsc
Silicon Labs,EFR32BG1P Series,EFR32BG1P333,EFR32BG1P333F256IM48,cmsis_device_name,tcl/target/silabs/series1.cfg,not_validated,GeckoPlatform_EFR32BG1P_DFP,4.4.0,https://www.silabs.com/documents/public/cmsis-packs/SiliconLabs.GeckoPlatform_EFR32BG1P_DFP.pdsc
Silicon Labs,EFR32BG1V Series,EFR32BG1V132,EFR32BG1V132F128GJ43,cmsis_device_name,tcl/target/silabs/series1.cfg,not_validated,GeckoPlatform_EFR32BG1V_DFP,4.4.0,https://www.silabs.com/documents/public/cmsis-packs/SiliconLabs.GeckoPlatform_EFR32BG1V_DFP.pdsc
Silicon Labs,EFR32BG1V Series,EFR32BG1V132,EFR32BG1V132F128GM32,cmsis_device_name,tcl/target/silabs/series1.cfg,not_validated,GeckoPlatform_EFR32BG1V_DFP,4.4.0,https://www.silabs.com/documents/public/cmsis-packs/SiliconLabs.GeckoPlatform_EFR32BG1V_DFP.pdsc
Silicon Labs,EFR32BG1V Series,EFR32BG1V132,EFR32BG1V132F128GM48,cmsis_device_name,tcl/target/silabs/series1.cfg,not_validated,GeckoPlatform_EFR32BG1V_DFP,4.4.0,https://www.silabs.com/documents/public/cmsis-packs/SiliconLabs.GeckoPlatform_EFR32BG1V_DFP.pdsc
Silicon Labs,EFR32BG1V Series,EFR32BG1V132,EFR32BG1V132F256GJ43,cmsis_device_name,tcl/target/silabs/series1.cfg,not_validated,GeckoPlatform_EFR32BG1V_DFP,4.4.0,https://www.silabs.com/documents/public/cmsis-packs/SiliconLabs.GeckoPlatform_EFR32BG1V_DFP.pdsc
Silicon Labs,EFR32BG1V Series,EFR32BG1V132,EFR32BG1V132F256GM32,cmsis_device_name,tcl/target/silabs/series1.cfg,not_validated,GeckoPlatform_EFR32BG1V_DFP,4.4.0,https://www.silabs.com/documents/public/cmsis-packs/SiliconLabs.GeckoPlatform_EFR32BG1V_DFP.pdsc
Silicon Labs,EFR32BG1V Series,EFR32BG1V132,EFR32BG1V132F256GM48,cmsis_device_name,tcl/target/silabs/series1.cfg,not_validated,GeckoPlatform_EFR32BG1V_DFP,4.4.0,https://www.silabs.com/documents/public/cmsis-packs/SiliconLabs.GeckoPlatform_EFR32BG1V_DFP.pdsc
Silicon Labs,EFR32BG1V Series,EFR32BG1V132,EFR32BG1V132F256IM32,cmsis_device_name,tcl/target/silabs/series1.cfg,not_validated,GeckoPlatform_EFR32BG1V_DFP,4.4.0,https://www.silabs.com/documents/public/cmsis-packs/SiliconLabs.GeckoPlatform_EFR32BG1V_DFP.pdsc
Silicon Labs,EFR32BG21 Series,EFR32BG21A010,EFR32BG21A010F1024IM32,cmsis_device_name,tcl/target/silabs/xg21.cfg,not_validated,GeckoPlatform_EFR32BG21_DFP,2025.12.1,https://www.silabs.com/documents/public/cmsis-packs/SiliconLabs.GeckoPlatform_EFR32BG21_DFP.pdsc
Silicon Labs,EFR32BG21 Series,EFR32BG21A010,EFR32BG21A010F512IM32,cmsis_device_name,tcl/target/silabs/xg21.cfg,not_validated,GeckoPlatform_EFR32BG21_DFP,2025.12.1,https://www.silabs.com/documents/public/cmsis-packs/SiliconLabs.GeckoPlatform_EFR32BG21_DFP.pdsc
Silicon Labs,EFR32BG21 Series,EFR32BG21A010,EFR32BG21A010F768IM32,cmsis_device_name,tcl/target/silabs/xg21.cfg,not_validated,GeckoPlatform_EFR32BG21_DFP,2025.12.1,https://www.silabs.com/documents/public/cmsis-packs/SiliconLabs.GeckoPlatform_EFR32BG21_DFP.pdsc
Silicon Labs,EFR32BG21 Series,EFR32BG21A020,EFR32BG21A020F1024IM32,cmsis_device_name,tcl/target/silabs/xg21.cfg,not_validated,GeckoPlatform_EFR32BG21_DFP,2025.12.1,https://www.silabs.com/documents/public/cmsis-packs/SiliconLabs.GeckoPlatform_EFR32BG21_DFP.pdsc
Silicon Labs,EFR32BG21 Series,EFR32BG21A020,EFR32BG21A020F512IM32,cmsis_device_name,tcl/target/silabs/xg21.cfg,not_validated,GeckoPlatform_EFR32BG21_DFP,2025.12.1,https://www.silabs.com/documents/public/cmsis-packs/SiliconLabs.GeckoPlatform_EFR32BG21_DFP.pdsc
Silicon Labs,EFR32BG21 Series,EFR32BG21A020,EFR32BG21A020F768IM32,cmsis_device_name,tcl/target/silabs/xg21.cfg,not_validated,GeckoPlatform_EFR32BG21_DFP,2025.12.1,https://www.silabs.com/documents/public/cmsis-packs/SiliconLabs.GeckoPlatform_EFR32BG21_DFP.pdsc
Silicon Labs,EFR32BG21 Series,EFR32BG21B010,EFR32BG21B010F1024IM32,cmsis_device_name,tcl/target/silabs/xg21.cfg,not_validated,GeckoPlatform_EFR32BG21_DFP,2025.12.1,https://www.silabs.com/documents/public/cmsis-packs/SiliconLabs.GeckoPlatform_EFR32BG21_DFP.pdsc
Silicon Labs,EFR32BG21 Series,EFR32BG21B010,EFR32BG21B010F512IM32,cmsis_device_name,tcl/target/silabs/xg21.cfg,not_validated,GeckoPlatform_EFR32BG21_DFP,2025.12.1,https://www.silabs.com/documents/public/cmsis-packs/SiliconLabs.GeckoPlatform_EFR32BG21_DFP.pdsc
Silicon Labs,EFR32BG21 Series,EFR32BG21B010,EFR32BG21B010F768IM32,cmsis_device_name,tcl/target/silabs/xg21.cfg,not_validated,GeckoPlatform_EFR32BG21_DFP,2025.12.1,https://www.silabs.com/documents/public/cmsis-packs/SiliconLabs.GeckoPlatform_EFR32BG21_DFP.pdsc
Silicon Labs,EFR32BG21 Series,EFR32BG21B020,EFR32BG21B020F1024IM32,cmsis_device_name,tcl/target/silabs/xg21.cfg,not_validated,GeckoPlatform_EFR32BG21_DFP,2025.12.1,https://www.silabs.com/documents/public/cmsis-packs/SiliconLabs.GeckoPlatform_EFR32BG21_DFP.pdsc
Silicon Labs,EFR32BG21 Series,EFR32BG21B020,EFR32BG21B020F512IM32,cmsis_device_name,tcl/target/silabs/xg21.cfg,not_validated,GeckoPlatform_EFR32BG21_DFP,2025.12.1,https://www.silabs.com/documents/public/cmsis-packs/SiliconLabs.GeckoPlatform_EFR32BG21_DFP.pdsc
Silicon Labs,EFR32BG21 Series,EFR32BG21B020,EFR32BG21B020F768IM32,cmsis_device_name,tcl/target/silabs/xg21.cfg,not_validated,GeckoPlatform_EFR32BG21_DFP,2025.12.1,https://www.silabs.com/documents/public/cmsis-packs/SiliconLabs.GeckoPlatform_EFR32BG21_DFP.pdsc
Silicon Labs,EFR32BG24 Series,EFR32BG24A010,EFR32BG24A010F1024GJ42,cmsis_device_name,tcl/target/silabs/xg24.cfg,not_validated,GeckoPlatform_EFR32BG24_DFP,2025.12.1,https://www.silabs.com/documents/public/cmsis-packs/SiliconLabs.GeckoPlatform_EFR32BG24_DFP.pdsc
Silicon Labs,EFR32BG24 Series,EFR32BG24A010,EFR32BG24A010F1024IM40,cmsis_device_name,tcl/target/silabs/xg24.cfg,not_validated,GeckoPlatform_EFR32BG24_DFP,2025.12.1,https://www.silabs.com/documents/public/cmsis-packs/SiliconLabs.GeckoPlatform_EFR32BG24_DFP.pdsc
Silicon Labs,EFR32BG24 Series,EFR32BG24A010,EFR32BG24A010F1024IM48,cmsis_device_name,tcl/target/silabs/xg24.cfg,not_validated,GeckoPlatform_EFR32BG24_DFP,2025.12.1,https://www.silabs.com/documents/public/cmsis-packs/SiliconLabs.GeckoPlatform_EFR32BG24_DFP.pdsc
Silicon Labs,EFR32BG24 Series,EFR32BG24A010,EFR32BG24A010F1536IM40,cmsis_device_name,tcl/target/silabs/xg24.cfg,not_validated,GeckoPlatform_EFR32BG24_DFP,2025.12.1,https://www.silabs.com/documents/public/cmsis-packs/SiliconLabs.GeckoPlatform_EFR32BG24_DFP.pdsc
Silicon Labs,EFR32BG24 Series,EFR32BG24A010,EFR32BG24A010F1536IM48,cmsis_device_name,tcl/target/silabs/xg24.cfg,not_validated,GeckoPlatform_EFR32BG24_DFP,2025.12.1,https://www.silabs.com/documents/public/cmsis-packs/SiliconLabs.GeckoPlatform_EFR32BG24_DFP.pdsc
Silicon Labs,EFR32BG24 Series,EFR32BG24A020,EFR32BG24A020F1024IM40,cmsis_device_name,tcl/target/silabs/xg24.cfg,not_validated,GeckoPlatform_EFR32BG24_DFP,2025.12.1,https://www.silabs.com/documents/public/cmsis-packs/SiliconLabs.GeckoPlatform_EFR32BG24_DFP.pdsc
Silicon Labs,EFR32BG24 Series,EFR32BG24A020,EFR32BG24A020F1024IM48,cmsis_device_name,tcl/target/silabs/xg24.cfg,not_validated,GeckoPlatform_EFR32BG24_DFP,2025.12.1,https://www.silabs.com/documents/public/cmsis-packs/SiliconLabs.GeckoPlatform_EFR32BG24_DFP.pdsc
Silicon Labs,EFR32BG24 Series,EFR32BG24A020,EFR32BG24A020F1536IM40,cmsis_device_name,tcl/target/silabs/xg24.cfg,not_validated,GeckoPlatform_EFR32BG24_DFP,2025.12.1,https://www.silabs.com/documents/public/cmsis-packs/SiliconLabs.GeckoPlatform_EFR32BG24_DFP.pdsc
Silicon Labs,EFR32BG24 Series,EFR32BG24A610,EFR32BG24A610F1536IM40,cmsis_device_name,tcl/target/silabs/xg24.cfg,not_validated,GeckoPlatform_EFR32BG24_DFP,2025.12.1,https://www.silabs.com/documents/public/cmsis-packs/SiliconLabs.GeckoPlatform_EFR32BG24_DFP.pdsc
Silicon Labs,EFR32BG24 Series,EFR32BG24A620,EFR32BG24A620F1536IM40,cmsis_device_name,tcl/target/silabs/xg24.cfg,not_validated,GeckoPlatform_EFR32BG24_DFP,2025.12.1,https://www.silabs.com/documents/public/cmsis-packs/SiliconLabs.GeckoPlatform_EFR32BG24_DFP.pdsc
Silicon Labs,EFR32BG24 Series,EFR32BG24B010,EFR32BG24B010F1024GJ42,cmsis_device_name,tcl/target/silabs/xg24.cfg,not_validated,GeckoPlatform_EFR32BG24_DFP,2025.12.1,https://www.silabs.com/documents/public/cmsis-packs/SiliconLabs.GeckoPlatform_EFR32BG24_DFP.pdsc
Silicon Labs,EFR32BG24 Series,EFR32BG24B010,EFR32BG24B010F1536IM40,cmsis_device_name,tcl/target/silabs/xg24.cfg,not_validated,GeckoPlatform_EFR32BG24_DFP,2025.12.1,https://www.silabs.com/documents/public/cmsis-packs/SiliconLabs.GeckoPlatform_EFR32BG24_DFP.pdsc
Silicon Labs,EFR32BG24 Series,EFR32BG24B010,EFR32BG24B010F1536IM48,cmsis_device_name,tcl/target/silabs/xg24.cfg,not_validated,GeckoPlatform_EFR32BG24_DFP,2025.12.1,https://www.silabs.com/documents/public/cmsis-packs/SiliconLabs.GeckoPlatform_EFR32BG24_DFP.pdsc
Silicon Labs,EFR32BG24 Series,EFR32BG24B020,EFR32BG24B020F1536IM40,cmsis_device_name,tcl/target/silabs/xg24.cfg,not_validated,GeckoPlatform_EFR32BG24_DFP,2025.12.1,https://www.silabs.com/documents/public/cmsis-packs/SiliconLabs.GeckoPlatform_EFR32BG24_DFP.pdsc
Silicon Labs,EFR32BG24 Series,EFR32BG24B110,EFR32BG24B110F1536IM48,cmsis_device_name,tcl/target/silabs/xg24.cfg,not_validated,GeckoPlatform_EFR32BG24_DFP,2025.12.1,https://www.silabs.com/documents/public/cmsis-packs/SiliconLabs.GeckoPlatform_EFR32BG24_DFP.pdsc
Silicon Labs,EFR32BG24 Series,EFR32BG24B210,EFR32BG24B210F1024IM48,cmsis_device_name,tcl/target/silabs/xg24.cfg,not_validated,GeckoPlatform_EFR32BG24_DFP,2025.12.1,https://www.silabs.com/documents/public/cmsis-packs/SiliconLabs.GeckoPlatform_EFR32BG24_DFP.pdsc
Silicon Labs,EFR32BG24 Series,EFR32BG24B210,EFR32BG24B210F1536IM48,cmsis_device_name,tcl/target/silabs/xg24.cfg,not_validated,GeckoPlatform_EFR32BG24_DFP,2025.12.1,https://www.silabs.com/documents/public/cmsis-packs/SiliconLabs.GeckoPlatform_EFR32BG24_DFP.pdsc
Silicon Labs,EFR32BG24 Series,EFR32BG24B220,EFR32BG24B220F1024IM48,cmsis_device_name,tcl/target/silabs/xg24.cfg,not_validated,GeckoPlatform_EFR32BG24_DFP,2025.12.1,https://www.silabs.com/documents/public/cmsis-packs/SiliconLabs.GeckoPlatform_EFR32BG24_DFP.pdsc
Silicon Labs,EFR32BG24 Series,EFR32BG24B310,EFR32BG24B310F1536IJ42,cmsis_device_name,tcl/target/silabs/xg24.cfg,not_validated,GeckoPlatform_EFR32BG24_DFP,2025.12.1,https://www.silabs.com/documents/public/cmsis-packs/SiliconLabs.GeckoPlatform_EFR32BG24_DFP.pdsc
Silicon Labs,EFR32BG24 Series,EFR32BG24B410,EFR32BG24B410F1536IJ42,cmsis_device_name,tcl/target/silabs/xg24.cfg,not_validated,GeckoPlatform_EFR32BG24_DFP,2025.12.1,https://www.silabs.com/documents/public/cmsis-packs/SiliconLabs.GeckoPlatform_EFR32BG24_DFP.pdsc
Silicon Labs,EFR32BG24 Series,EFR32BG24B610,EFR32BG24B610F1536IM40,cmsis_device_name,tcl/target/silabs/xg24.cfg,not_validated,GeckoPlatform_EFR32BG24_DFP,2025.12.1,https://www.silabs.com/documents/public/cmsis-packs/SiliconLabs.GeckoPlatform_EFR32BG24_DFP.pdsc
Silicon Labs,EFR32BG24 Series,EFR32BG24B620,EFR32BG24B620F1536IM40,cmsis_device_name,tcl/target/silabs/xg24.cfg,not_validated,GeckoPlatform_EFR32BG24_DFP,2025.12.1,https://www.silabs.com/documents/public/cmsis-packs/SiliconLabs.GeckoPlatform_EFR32BG24_DFP.pdsc
Silicon Labs,EFR32BG24 Series,EFR32BG24L010,EFR32BG24L010F768IM40,cmsis_device_name,tcl/target/silabs/xg24.cfg,not_validated,GeckoPlatform_EFR32BG24_DFP,2025.12.1,https://www.silabs.com/documents/public/cmsis-packs/SiliconLabs.GeckoPlatform_EFR32BG24_DFP.pdsc
Silicon Labs,EFR32BG24 Series,EFR32BG24L210,EFR32BG24L210F768IM40,cmsis_device_name,tcl/target/silabs/xg24.cfg,not_validated,GeckoPlatform_EFR32BG24_DFP,2025.12.1,https://www.silabs.com/documents/public/cmsis-packs/SiliconLabs.GeckoPlatform_EFR32BG24_DFP.pdsc
Silicon Labs,EFR32BG26 Series,EFR32BG26B311,EFR32BG26B311F1024IL136,cmsis_device_name,tcl/target/silabs/xg26.cfg,not_validated,GeckoPlatform_EFR32BG26_DFP,2025.12.1,https://www.silabs.com/documents/public/cmsis-packs/SiliconLabs.GeckoPlatform_EFR32BG26_DFP.pdsc
Silicon Labs,EFR32BG26 Series,EFR32BG26B311,EFR32BG26B311F1024IM68,cmsis_device_name,tcl/target/silabs/xg26.cfg,not_validated,GeckoPlatform_EFR32BG26_DFP,2025.12.1,https://www.silabs.com/documents/public/cmsis-packs/SiliconLabs.GeckoPlatform_EFR32BG26_DFP.pdsc
Silicon Labs,EFR32BG26 Series,EFR32BG26B311,EFR32BG26B311F2048IL136,cmsis_device_name,tcl/target/silabs/xg26.cfg,not_validated,GeckoPlatform_EFR32BG26_DFP,2025.12.1,https://www.silabs.com/documents/public/cmsis-packs/SiliconLabs.GeckoPlatform_EFR32BG26_DFP.pdsc
Silicon Labs,EFR32BG26 Series,EFR32BG26B311,EFR32BG26B311F2048IM48,cmsis_device_name,tcl/target/silabs/xg26.cfg,not_validated,GeckoPlatform_EFR32BG26_DFP,2025.12.1,https://www.silabs.com/documents/public/cmsis-packs/SiliconLabs.GeckoPlatform_EFR32BG26_DFP.pdsc
Silicon Labs,EFR32BG26 Series,EFR32BG26B311,EFR32BG26B311F2048IM68,cmsis_device_name,tcl/target/silabs/xg26.cfg,not_validated,GeckoPlatform_EFR32BG26_DFP,2025.12.1,https://www.silabs.com/documents/public/cmsis-packs/SiliconLabs.GeckoPlatform_EFR32BG26_DFP.pdsc
Silicon Labs,EFR32BG26 Series,EFR32BG26B321,EFR32BG26B321F1024IM68,cmsis_device_name,tcl/target/silabs/xg26.cfg,not_validated,GeckoPlatform_EFR32BG26_DFP,2025.12.1,https://www.silabs.com/documents/public/cmsis-packs/SiliconLabs.GeckoPlatform_EFR32BG26_DFP.pdsc
Silicon Labs,EFR32BG26 Series,EFR32BG26B321,EFR32BG26B321F2048IM48,cmsis_device_name,tcl/target/silabs/xg26.cfg,not_validated,GeckoPlatform_EFR32BG26_DFP,2025.12.1,https://www.silabs.com/documents/public/cmsis-packs/SiliconLabs.GeckoPlatform_EFR32BG26_DFP.pdsc
Silicon Labs,EFR32BG26 Series,EFR32BG26B321,EFR32BG26B321F2048IM68,cmsis_device_name,tcl/target/silabs/xg26.cfg,not_validated,GeckoPlatform_EFR32BG26_DFP,2025.12.1,https://www.silabs.com/documents/public/cmsis-packs/SiliconLabs.GeckoPlatform_EFR32BG26_DFP.pdsc
Silicon Labs,EFR32BG26 Series,EFR32BG26B410,EFR32BG26B410F3200IM48,cmsis_device_name,tcl/target/silabs/xg26.cfg,not_validated,GeckoPlatform_EFR32BG26_DFP,2025.12.1,https://www.silabs.com/documents/public/cmsis-packs/SiliconLabs.GeckoPlatform_EFR32BG26_DFP.pdsc
Silicon Labs,EFR32BG26 Series,EFR32BG26B411,EFR32BG26B411F3200IM48,cmsis_device_name,tcl/target/silabs/xg26.cfg,not_validated,GeckoPlatform_EFR32BG26_DFP,2025.12.1,https://www.silabs.com/documents/public/cmsis-packs/SiliconLabs.GeckoPlatform_EFR32BG26_DFP.pdsc
Silicon Labs,EFR32BG26 Series,EFR32BG26B420,EFR32BG26B420F3200IM48,cmsis_device_name,tcl/target/silabs/xg26.cfg,not_validated,GeckoPlatform_EFR32BG26_DFP,2025.12.1,https://www.silabs.com/documents/public/cmsis-packs/SiliconLabs.GeckoPlatform_EFR32BG26_DFP.pdsc
Silicon Labs,EFR32BG26 Series,EFR32BG26B421,EFR32BG26B421F3200IM48,cmsis_device_name,tcl/target/silabs/xg26.cfg,not_validated,GeckoPlatform_EFR32BG26_DFP,2025.12.1,https://www.silabs.com/documents/public/cmsis-packs/SiliconLabs.GeckoPlatform_EFR32BG26_DFP.pdsc
Silicon Labs,EFR32BG26 Series,EFR32BG26B510,EFR32BG26B510F3200IL136,cmsis_device_name,tcl/target/silabs/xg26.cfg,not_validated,GeckoPlatform_EFR32BG26_DFP,2025.12.1,https://www.silabs.com/documents/public/cmsis-packs/SiliconLabs.GeckoPlatform_EFR32BG26_DFP.pdsc
Silicon Labs,EFR32BG26 Series,EFR32BG26B510,EFR32BG26B510F3200IM48,cmsis_device_name,tcl/target/silabs/xg26.cfg,not_validated,GeckoPlatform_EFR32BG26_DFP,2025.12.1,https://www.silabs.com/documents/public/cmsis-packs/SiliconLabs.GeckoPlatform_EFR32BG26_DFP.pdsc
Silicon Labs,EFR32BG26 Series,EFR32BG26B510,EFR32BG26B510F3200IM68,cmsis_device_name,tcl/target/silabs/xg26.cfg,not_validated,GeckoPlatform_EFR32BG26_DFP,2025.12.1,https://www.silabs.com/documents/public/cmsis-packs/SiliconLabs.GeckoPlatform_EFR32BG26_DFP.pdsc
Silicon Labs,EFR32BG26 Series,EFR32BG26B511,EFR32BG26B511F3200IL136,cmsis_device_name,tcl/target/silabs/xg26.cfg,not_validated,GeckoPlatform_EFR32BG26_DFP,2025.12.1,https://www.silabs.com/documents/public/cmsis-packs/SiliconLabs.GeckoPlatform_EFR32BG26_DFP.pdsc
Silicon Labs,EFR32BG26 Series,EFR32BG26B511,EFR32BG26B511F3200IM48,cmsis_device_name,tcl/target/silabs/xg26.cfg,not_validated,GeckoPlatform_EFR32BG26_DFP,2025.12.1,https://www.silabs.com/documents/public/cmsis-packs/SiliconLabs.GeckoPlatform_EFR32BG26_DFP.pdsc
Silicon Labs,EFR32BG26 Series,EFR32BG26B511,EFR32BG26B511F3200IM68,cmsis_device_name,tcl/target/silabs/xg26.cfg,not_validated,GeckoPlatform_EFR32BG26_DFP,2025.12.1,https://www.silabs.com/documents/public/cmsis-packs/SiliconLabs.GeckoPlatform_EFR32BG26_DFP.pdsc
Silicon Labs,EFR32BG29 Series,EFR32BG29B140,EFR32BG29B140F1024IM40,cmsis_device_name,tcl/target/silabs/xg29.cfg,not_validated,GeckoPlatform_EFR32BG29_DFP,2025.12.1,https://www.silabs.com/documents/public/cmsis-packs/SiliconLabs.GeckoPlatform_EFR32BG29_DFP.pdsc
Silicon Labs,EFR32BG29 Series,EFR32BG29B220,EFR32BG29B220F1024CJ45,cmsis_device_name,tcl/target/silabs/xg29.cfg,not_validated,GeckoPlatform_EFR32BG29_DFP,2025.12.1,https://www.silabs.com/documents/public/cmsis-packs/SiliconLabs.GeckoPlatform_EFR32BG29_DFP.pdsc
Silicon Labs,EFR32BG29 Series,EFR32BG29B221,EFR32BG29B221F1024CJ45,cmsis_device_name,tcl/target/silabs/xg29.cfg,not_validated,GeckoPlatform_EFR32BG29_DFP,2025.12.1,https://www.silabs.com/documents/public/cmsis-packs/SiliconLabs.GeckoPlatform_EFR32BG29_DFP.pdsc
Silicon Labs,EFR32BG29 Series,EFR32BG29B230,EFR32BG29B230F1024CM40,cmsis_device_name,tcl/target/silabs/xg29.cfg,not_validated,GeckoPlatform_EFR32BG29_DFP,2025.12.1,https://www.silabs.com/documents/public/cmsis-packs/SiliconLabs.GeckoPlatform_EFR32BG29_DFP.pdsc
Silicon Labs,EFR32FG12P Series,EFR32FG12P231,EFR32FG12P231F1024GL125,cmsis_device_name,tcl/target/silabs/series1.cfg,not_validated,GeckoPlatform_EFR32FG12P_DFP,4.4.0,https://www.silabs.com/documents/public/cmsis-packs/SiliconLabs.GeckoPlatform_EFR32FG12P_DFP.pdsc
Silicon Labs,EFR32FG12P Series,EFR32FG12P231,EFR32FG12P231F1024GM48,cmsis_device_name,tcl/target/silabs/series1.cfg,not_validated,GeckoPlatform_EFR32FG12P_DFP,4.4.0,https://www.silabs.com/documents/public/cmsis-packs/SiliconLabs.GeckoPlatform_EFR32FG12P_DFP.pdsc
Silicon Labs,EFR32FG12P Series,EFR32FG12P231,EFR32FG12P231F1024GM68,cmsis_device_name,tcl/target/silabs/series1.cfg,not_validated,GeckoPlatform_EFR32FG12P_DFP,4.4.0,https://www.silabs.com/documents/public/cmsis-packs/SiliconLabs.GeckoPlatform_EFR32FG12P_DFP.pdsc
Silicon Labs,EFR32FG12P Series,EFR32FG12P231,EFR32FG12P231F512GM68,cmsis_device_name,tcl/target/silabs/series1.cfg,not_validated,GeckoPlatform_EFR32FG12P_DFP,4.4.0,https://www.silabs.com/documents/public/cmsis-packs/SiliconLabs.GeckoPlatform_EFR32FG12P_DFP.pdsc
Silicon Labs,EFR32FG12P Series,EFR32FG12P232,EFR32FG12P232F1024GL125,cmsis_device_name,tcl/target/silabs/series1.cfg,not_validated,GeckoPlatform_EFR32FG12P_DFP,4.4.0,https://www.silabs.com/documents/public/cmsis-packs/SiliconLabs.GeckoPlatform_EFR32FG12P_DFP.pdsc
Silicon Labs,EFR32FG12P Series,EFR32FG12P232,EFR32FG12P232F1024GM48,cmsis_device_name,tcl/target/silabs/series1.cfg,not_validated,GeckoPlatform_EFR32FG12P_DFP,4.4.0,https://www.silabs.com/documents/public/cmsis-packs/SiliconLabs.GeckoPlatform_EFR32FG12P_DFP.pdsc
Silicon Labs,EFR32FG12P Series,EFR32FG12P431,EFR32FG12P431F1024GL125,cmsis_device_name,tcl/target/silabs/series1.cfg,not_validated,GeckoPlatform_EFR32FG12P_DFP,4.4.0,https://www.silabs.com/documents/public/cmsis-packs/SiliconLabs.GeckoPlatform_EFR32FG12P_DFP.pdsc
Silicon Labs,EFR32FG12P Series,EFR32FG12P431,EFR32FG12P431F1024GM48,cmsis_device_name,tcl/target/silabs/series1.cfg,not_validated,GeckoPlatform_EFR32FG12P_DFP,4.4.0,https://www.silabs.com/documents/public/cmsis-packs/SiliconLabs.GeckoPlatform_EFR32FG12P_DFP.pdsc
Silicon Labs,EFR32FG12P Series,EFR32FG12P431,EFR32FG12P431F1024GM68,cmsis_device_name,tcl/target/silabs/series1.cfg,not_validated,GeckoPlatform_EFR32FG12P_DFP,4.4.0,https://www.silabs.com/documents/public/cmsis-packs/SiliconLabs.GeckoPlatform_EFR32FG12P_DFP.pdsc
Silicon Labs,EFR32FG12P Series,EFR32FG12P431,EFR32FG12P431F1024IM48,cmsis_device_name,tcl/target/silabs/series1.cfg,not_validated,GeckoPlatform_EFR32FG12P_DFP,4.4.0,https://www.silabs.com/documents/public/cmsis-packs/SiliconLabs.GeckoPlatform_EFR32FG12P_DFP.pdsc
Silicon Labs,EFR32FG12P Series,EFR32FG12P431,EFR32FG12P431F512GM68,cmsis_device_name,tcl/target/silabs/series1.cfg,not_validated,GeckoPlatform_EFR32FG12P_DFP,4.4.0,https://www.silabs.com/documents/public/cmsis-packs/SiliconLabs.GeckoPlatform_EFR32FG12P_DFP.pdsc
Silicon Labs,EFR32FG12P Series,EFR32FG12P432,EFR32FG12P432F1024GL125,cmsis_device_name,tcl/target/silabs/series1.cfg,not_validated,GeckoPlatform_EFR32FG12P_DFP,4.4.0,https://www.silabs.com/documents/public/cmsis-packs/SiliconLabs.GeckoPlatform_EFR32FG12P_DFP.pdsc
Silicon Labs,EFR32FG12P Series,EFR32FG12P432,EFR32FG12P432F1024GM48,cmsis_device_name,tcl/target/silabs/series1.cfg,not_validated,GeckoPlatform_EFR32FG12P_DFP,4.4.0,https://www.silabs.com/documents/public/cmsis-packs/SiliconLabs.GeckoPlatform_EFR32FG12P_DFP.pdsc
Silicon Labs,EFR32FG12P Series,EFR32FG12P433,EFR32FG12P433F1024GL125,cmsis_device_name,tcl/target/silabs/series1.cfg,not_validated,GeckoPlatform_EFR32FG12P_DFP,4.4.0,https://www.silabs.com/documents/public/cmsis-packs/SiliconLabs.GeckoPlatform_EFR32FG12P_DFP.pdsc
Silicon Labs,EFR32FG12P Series,EFR32FG12P433,EFR32FG12P433F1024GM48,cmsis_device_name,tcl/target/silabs/series1.cfg,not_validated,GeckoPlatform_EFR32FG12P_DFP,4.4.0,https://www.silabs.com/documents/public/cmsis-packs/SiliconLabs.GeckoPlatform_EFR32FG12P_DFP.pdsc
Silicon Labs,EFR32FG12P Series,EFR32FG12P433,EFR32FG12P433F1024GM68,cmsis_device_name,tcl/target/silabs/series1.cfg,not_validated,GeckoPlatform_EFR32FG12P_DFP,4.4.0,https://www.silabs.com/documents/public/cmsis-packs/SiliconLabs.GeckoPlatform_EFR32FG12P_DFP.pdsc
Silicon Labs,EFR32FG13P Series,EFR32FG13P231,EFR32FG13P231F512GM32,cmsis_device_name,tcl/target/silabs/series1.cfg,not_validated,GeckoPlatform_EFR32FG13P_DFP,4.4.0,https://www.silabs.com/documents/public/cmsis-packs/SiliconLabs.GeckoPlatform_EFR32FG13P_DFP.pdsc
Silicon Labs,EFR32FG13P Series,EFR32FG13P231,EFR32FG13P231F512GM48,cmsis_device_name,tcl/target/silabs/series1.cfg,not_validated,GeckoPlatform_EFR32FG13P_DFP,4.4.0,https://www.silabs.com/documents/public/cmsis-packs/SiliconLabs.GeckoPlatform_EFR32FG13P_DFP.pdsc
Silicon Labs,EFR32FG13P Series,EFR32FG13P231,EFR32FG13P231F512IM32,cmsis_device_name,tcl/target/silabs/series1.cfg,not_validated,GeckoPlatform_EFR32FG13P_DFP,4.4.0,https://www.silabs.com/documents/public/cmsis-packs/SiliconLabs.GeckoPlatform_EFR32FG13P_DFP.pdsc
Silicon Labs,EFR32FG13P Series,EFR32FG13P231,EFR32FG13P231F512IM48,cmsis_device_name,tcl/target/silabs/series1.cfg,not_validated,GeckoPlatform_EFR32FG13P_DFP,4.4.0,https://www.silabs.com/documents/public/cmsis-packs/SiliconLabs.GeckoPlatform_EFR32FG13P_DFP.pdsc
Silicon Labs,EFR32FG13P Series,EFR32FG13P232,EFR32FG13P232F512GM32,cmsis_device_name,tcl/target/silabs/series1.cfg,not_validated,GeckoPlatform_EFR32FG13P_DFP,4.4.0,https://www.silabs.com/documents/public/cmsis-packs/SiliconLabs.GeckoPlatform_EFR32FG13P_DFP.pdsc
Silicon Labs,EFR32FG13P Series,EFR32FG13P232,EFR32FG13P232F512GM48,cmsis_device_name,tcl/target/silabs/series1.cfg,not_validated,GeckoPlatform_EFR32FG13P_DFP,4.4.0,https://www.silabs.com/documents/public/cmsis-packs/SiliconLabs.GeckoPlatform_EFR32FG13P_DFP.pdsc
Silicon Labs,EFR32FG13P Series,EFR32FG13P233,EFR32FG13P233F512GM48,cmsis_device_name,tcl/target/silabs/series1.cfg,not_validated,GeckoPlatform_EFR32FG13P_DFP,4.4.0,https://www.silabs.com/documents/public/cmsis-packs/SiliconLabs.GeckoPlatform_EFR32FG13P_DFP.pdsc
Silicon Labs,EFR32FG14P Series,EFR32FG14P231,EFR32FG14P231F128GM32,cmsis_device_name,tcl/target/silabs/series1.cfg,not_validated,GeckoPlatform_EFR32FG14P_DFP,4.4.0,https://www.silabs.com/documents/public/cmsis-packs/SiliconLabs.GeckoPlatform_EFR32FG14P_DFP.pdsc
Silicon Labs,EFR32FG14P Series,EFR32FG14P231,EFR32FG14P231F128GM48,cmsis_device_name,tcl/target/silabs/series1.cfg,not_validated,GeckoPlatform_EFR32FG14P_DFP,4.4.0,https://www.silabs.com/documents/public/cmsis-packs/SiliconLabs.GeckoPlatform_EFR32FG14P_DFP.pdsc
Silicon Labs,EFR32FG14P Series,EFR32FG14P231,EFR32FG14P231F256GM32,cmsis_device_name,tcl/target/silabs/series1.cfg,not_validated,GeckoPlatform_EFR32FG14P_DFP,4.4.0,https://www.silabs.com/documents/public/cmsis-packs/SiliconLabs.GeckoPlatform_EFR32FG14P_DFP.pdsc
Silicon Labs,EFR32FG14P Series,EFR32FG14P231,EFR32FG14P231F256GM48,cmsis_device_name,tcl/target/silabs/series1.cfg,not_validated,GeckoPlatform_EFR32FG14P_DFP,4.4.0,https://www.silabs.com/documents/public/cmsis-packs/SiliconLabs.GeckoPlatform_EFR32FG14P_DFP.pdsc
Silicon Labs,EFR32FG14P Series,EFR32FG14P231,EFR32FG14P231F256IM32,cmsis_device_name,tcl/target/silabs/series1.cfg,not_validated,GeckoPlatform_EFR32FG14P_DFP,4.4.0,https://www.silabs.com/documents/public/cmsis-packs/SiliconLabs.GeckoPlatform_EFR32FG14P_DFP.pdsc
Silicon Labs,EFR32FG14P Series,EFR32FG14P231,EFR32FG14P231F256IM48,cmsis_device_name,tcl/target/silabs/series1.cfg,not_validated,GeckoPlatform_EFR32FG14P_DFP,4.4.0,https://www.silabs.com/documents/public/cmsis-packs/SiliconLabs.GeckoPlatform_EFR32FG14P_DFP.pdsc
Silicon Labs,EFR32FG14P Series,EFR32FG14P232,EFR32FG14P232F128GM32,cmsis_device_name,tcl/target/silabs/series1.cfg,not_validated,GeckoPlatform_EFR32FG14P_DFP,4.4.0,https://www.silabs.com/documents/public/cmsis-packs/SiliconLabs.GeckoPlatform_EFR32FG14P_DFP.pdsc
Silicon Labs,EFR32FG14P Series,EFR32FG14P232,EFR32FG14P232F128GM48,cmsis_device_name,tcl/target/silabs/series1.cfg,not_validated,GeckoPlatform_EFR32FG14P_DFP,4.4.0,https://www.silabs.com/documents/public/cmsis-packs/SiliconLabs.GeckoPlatform_EFR32FG14P_DFP.pdsc
Silicon Labs,EFR32FG14P Series,EFR32FG14P232,EFR32FG14P232F256GM32,cmsis_device_name,tcl/target/silabs/series1.cfg,not_validated,GeckoPlatform_EFR32FG14P_DFP,4.4.0,https://www.silabs.com/documents/public/cmsis-packs/SiliconLabs.GeckoPlatform_EFR32FG14P_DFP.pdsc
Silicon Labs,EFR32FG14P Series,EFR32FG14P232,EFR32FG14P232F256GM48,cmsis_device_name,tcl/target/silabs/series1.cfg,not_validated,GeckoPlatform_EFR32FG14P_DFP,4.4.0,https://www.silabs.com/documents/public/cmsis-packs/SiliconLabs.GeckoPlatform_EFR32FG14P_DFP.pdsc
Silicon Labs,EFR32FG14P Series,EFR32FG14P233,EFR32FG14P233F128GM48,cmsis_device_name,tcl/target/silabs/series1.cfg,not_validated,GeckoPlatform_EFR32FG14P_DFP,4.4.0,https://www.silabs.com/documents/public/cmsis-packs/SiliconLabs.GeckoPlatform_EFR32FG14P_DFP.pdsc
Silicon Labs,EFR32FG14P Series,EFR32FG14P233,EFR32FG14P233F256GM48,cmsis_device_name,tcl/target/silabs/series1.cfg,not_validated,GeckoPlatform_EFR32FG14P_DFP,4.4.0,https://www.silabs.com/documents/public/cmsis-packs/SiliconLabs.GeckoPlatform_EFR32FG14P_DFP.pdsc
Silicon Labs,EFR32FG14V Series,EFR32FG14V132,EFR32FG14V132F256GM32,cmsis_device_name,tcl/target/silabs/series1.cfg,not_validated,GeckoPlatform_EFR32FG14V_DFP,4.4.0,https://www.silabs.com/documents/public/cmsis-packs/SiliconLabs.GeckoPlatform_EFR32FG14V_DFP.pdsc
Silicon Labs,EFR32FG14V Series,EFR32FG14V132,EFR32FG14V132F256GM48,cmsis_device_name,tcl/target/silabs/series1.cfg,not_validated,GeckoPlatform_EFR32FG14V_DFP,4.4.0,https://www.silabs.com/documents/public/cmsis-packs/SiliconLabs.GeckoPlatform_EFR32FG14V_DFP.pdsc
Silicon Labs,EFR32FG1P Series,EFR32FG1P131,EFR32FG1P131F128GM32,cmsis_device_name,tcl/target/silabs/series1.cfg,not_validated,GeckoPlatform_EFR32FG1P_DFP,4.4.0,https://www.silabs.com/documents/public/cmsis-packs/SiliconLabs.GeckoPlatform_EFR32FG1P_DFP.pdsc
Silicon Labs,EFR32FG1P Series,EFR32FG1P131,EFR32FG1P131F128GM48,cmsis_device_name,tcl/target/silabs/series1.cfg,not_validated,GeckoPlatform_EFR32FG1P_DFP,4.4.0,https://www.silabs.com/documents/public/cmsis-packs/SiliconLabs.GeckoPlatform_EFR32FG1P_DFP.pdsc
Silicon Labs,EFR32FG1P Series,EFR32FG1P131,EFR32FG1P131F256GM32,cmsis_device_name,tcl/target/silabs/series1.cfg,not_validated,GeckoPlatform_EFR32FG1P_DFP,4.4.0,https://www.silabs.com/documents/public/cmsis-packs/SiliconLabs.GeckoPlatform_EFR32FG1P_DFP.pdsc
Silicon Labs,EFR32FG1P Series,EFR32FG1P131,EFR32FG1P131F256GM48,cmsis_device_name,tcl/target/silabs/series1.cfg,not_validated,GeckoPlatform_EFR32FG1P_DFP,4.4.0,https://www.silabs.com/documents/public/cmsis-packs/SiliconLabs.GeckoPlatform_EFR32FG1P_DFP.pdsc
Silicon Labs,EFR32FG1P Series,EFR32FG1P131,EFR32FG1P131F256IM32,cmsis_device_name,tcl/target/silabs/series1.cfg,not_validated,GeckoPlatform_EFR32FG1P_DFP,4.4.0,https://www.silabs.com/documents/public/cmsis-packs/SiliconLabs.GeckoPlatform_EFR32FG1P_DFP.pdsc
Silicon Labs,EFR32FG1P Series,EFR32FG1P131,EFR32FG1P131F256IM48,cmsis_device_name,tcl/target/silabs/series1.cfg,not_validated,GeckoPlatform_EFR32FG1P_DFP,4.4.0,https://www.silabs.com/documents/public/cmsis-packs/SiliconLabs.GeckoPlatform_EFR32FG1P_DFP.pdsc
Silicon Labs,EFR32FG1P Series,EFR32FG1P131,EFR32FG1P131F64GM32,cmsis_device_name,tcl/target/silabs/series1.cfg,not_validated,GeckoPlatform_EFR32FG1P_DFP,4.4.0,https://www.silabs.com/documents/public/cmsis-packs/SiliconLabs.GeckoPlatform_EFR32FG1P_DFP.pdsc
Silicon Labs,EFR32FG1P Series,EFR32FG1P131,EFR32FG1P131F64GM48,cmsis_device_name,tcl/target/silabs/series1.cfg,not_validated,GeckoPlatform_EFR32FG1P_DFP,4.4.0,https://www.silabs.com/documents/public/cmsis-packs/SiliconLabs.GeckoPlatform_EFR32FG1P_DFP.pdsc
Silicon Labs,EFR32FG1P Series,EFR32FG1P132,EFR32FG1P132F128GM32,cmsis_device_name,tcl/target/silabs/series1.cfg,not_validated,GeckoPlatform_EFR32FG1P_DFP,4.4.0,https://www.silabs.com/documents/public/cmsis-packs/SiliconLabs.GeckoPlatform_EFR32FG1P_DFP.pdsc
Silicon Labs,EFR32FG1P Series,EFR32FG1P132,EFR32FG1P132F128GM48,cmsis_device_name,tcl/target/silabs/series1.cfg,not_validated,GeckoPlatform_EFR32FG1P_DFP,4.4.0,https://www.silabs.com/documents/public/cmsis-packs/SiliconLabs.GeckoPlatform_EFR32FG1P_DFP.pdsc
Silicon Labs,EFR32FG1P Series,EFR32FG1P132,EFR32FG1P132F256GM32,cmsis_device_name,tcl/target/silabs/series1.cfg,not_validated,GeckoPlatform_EFR32FG1P_DFP,4.4.0,https://www.silabs.com/documents/public/cmsis-packs/SiliconLabs.GeckoPlatform_EFR32FG1P_DFP.pdsc
Silicon Labs,EFR32FG1P Series,EFR32FG1P132,EFR32FG1P132F256GM48,cmsis_device_name,tcl/target/silabs/series1.cfg,not_validated,GeckoPlatform_EFR32FG1P_DFP,4.4.0,https://www.silabs.com/documents/public/cmsis-packs/SiliconLabs.GeckoPlatform_EFR32FG1P_DFP.pdsc
Silicon Labs,EFR32FG1P Series,EFR32FG1P132,EFR32FG1P132F64GM32,cmsis_device_name,tcl/target/silabs/series1.cfg,not_validated,GeckoPlatform_EFR32FG1P_DFP,4.4.0,https://www.silabs.com/documents/public/cmsis-packs/SiliconLabs.GeckoPlatform_EFR32FG1P_DFP.pdsc
Silicon Labs,EFR32FG1P Series,EFR32FG1P132,EFR32FG1P132F64GM48,cmsis_device_name,tcl/target/silabs/series1.cfg,not_validated,GeckoPlatform_EFR32FG1P_DFP,4.4.0,https://www.silabs.com/documents/public/cmsis-packs/SiliconLabs.GeckoPlatform_EFR32FG1P_DFP.pdsc
Silicon Labs,EFR32FG1P Series,EFR32FG1P133,EFR32FG1P133F128GM48,cmsis_device_name,tcl/target/silabs/series1.cfg,not_validated,GeckoPlatform_EFR32FG1P_DFP,4.4.0,https://www.silabs.com/documents/public/cmsis-packs/SiliconLabs.GeckoPlatform_EFR32FG1P_DFP.pdsc
Silicon Labs,EFR32FG1P Series,EFR32FG1P133,EFR32FG1P133F256GM32,cmsis_device_name,tcl/target/silabs/series1.cfg,not_validated,GeckoPlatform_EFR32FG1P_DFP,4.4.0,https://www.silabs.com/documents/public/cmsis-packs/SiliconLabs.GeckoPlatform_EFR32FG1P_DFP.pdsc
Silicon Labs,EFR32FG1P Series,EFR32FG1P133,EFR32FG1P133F256GM48,cmsis_device_name,tcl/target/silabs/series1.cfg,not_validated,GeckoPlatform_EFR32FG1P_DFP,4.4.0,https://www.silabs.com/documents/public/cmsis-packs/SiliconLabs.GeckoPlatform_EFR32FG1P_DFP.pdsc
Silicon Labs,EFR32FG1P Series,EFR32FG1P133,EFR32FG1P133F64GM48,cmsis_device_name,tcl/target/silabs/series1.cfg,not_validated,GeckoPlatform_EFR32FG1P_DFP,4.4.0,https://www.silabs.com/documents/public/cmsis-packs/SiliconLabs.GeckoPlatform_EFR32FG1P_DFP.pdsc
Silicon Labs,EFR32FG1V Series,EFR32FG1V032,EFR32FG1V032F128GM32,cmsis_device_name,tcl/target/silabs/series1.cfg,not_validated,GeckoPlatform_EFR32FG1V_DFP,4.4.0,https://www.silabs.com/documents/public/cmsis-packs/SiliconLabs.GeckoPlatform_EFR32FG1V_DFP.pdsc
Silicon Labs,EFR32FG1V Series,EFR32FG1V032,EFR32FG1V032F256GM32,cmsis_device_name,tcl/target/silabs/series1.cfg,not_validated,GeckoPlatform_EFR32FG1V_DFP,4.4.0,https://www.silabs.com/documents/public/cmsis-packs/SiliconLabs.GeckoPlatform_EFR32FG1V_DFP.pdsc
Silicon Labs,EFR32FG1V Series,EFR32FG1V131,EFR32FG1V131F128GM32,cmsis_device_name,tcl/target/silabs/series1.cfg,not_validated,GeckoPlatform_EFR32FG1V_DFP,4.4.0,https://www.silabs.com/documents/public/cmsis-packs/SiliconLabs.GeckoPlatform_EFR32FG1V_DFP.pdsc
Silicon Labs,EFR32FG1V Series,EFR32FG1V131,EFR32FG1V131F128GM48,cmsis_device_name,tcl/target/silabs/series1.cfg,not_validated,GeckoPlatform_EFR32FG1V_DFP,4.4.0,https://www.silabs.com/documents/public/cmsis-packs/SiliconLabs.GeckoPlatform_EFR32FG1V_DFP.pdsc
Silicon Labs,EFR32FG1V Series,EFR32FG1V131,EFR32FG1V131F256GM32,cmsis_device_name,tcl/target/silabs/series1.cfg,not_validated,GeckoPlatform_EFR32FG1V_DFP,4.4.0,https://www.silabs.com/documents/public/cmsis-packs/SiliconLabs.GeckoPlatform_EFR32FG1V_DFP.pdsc
Silicon Labs,EFR32FG1V Series,EFR32FG1V131,EFR32FG1V131F256GM48,cmsis_device_name,tcl/target/silabs/series1.cfg,not_validated,GeckoPlatform_EFR32FG1V_DFP,4.4.0,https://www.silabs.com/documents/public/cmsis-packs/SiliconLabs.GeckoPlatform_EFR32FG1V_DFP.pdsc
Silicon Labs,EFR32FG1V Series,EFR32FG1V131,EFR32FG1V131F32GM32,cmsis_device_name,tcl/target/silabs/series1.cfg,not_validated,GeckoPlatform_EFR32FG1V_DFP,4.4.0,https://www.silabs.com/documents/public/cmsis-packs/SiliconLabs.GeckoPlatform_EFR32FG1V_DFP.pdsc
Silicon Labs,EFR32FG1V Series,EFR32FG1V131,EFR32FG1V131F32GM48,cmsis_device_name,tcl/target/silabs/series1.cfg,not_validated,GeckoPlatform_EFR32FG1V_DFP,4.4.0,https://www.silabs.com/documents/public/cmsis-packs/SiliconLabs.GeckoPlatform_EFR32FG1V_DFP.pdsc
Silicon Labs,EFR32FG1V Series,EFR32FG1V131,EFR32FG1V131F64GM32,cmsis_device_name,tcl/target/silabs/series1.cfg,not_validated,GeckoPlatform_EFR32FG1V_DFP,4.4.0,https://www.silabs.com/documents/public/cmsis-packs/SiliconLabs.GeckoPlatform_EFR32FG1V_DFP.pdsc
Silicon Labs,EFR32FG1V Series,EFR32FG1V131,EFR32FG1V131F64GM48,cmsis_device_name,tcl/target/silabs/series1.cfg,not_validated,GeckoPlatform_EFR32FG1V_DFP,4.4.0,https://www.silabs.com/documents/public/cmsis-packs/SiliconLabs.GeckoPlatform_EFR32FG1V_DFP.pdsc
Silicon Labs,EFR32FG1V Series,EFR32FG1V132,EFR32FG1V132F128GM32,cmsis_device_name,tcl/target/silabs/series1.cfg,not_validated,GeckoPlatform_EFR32FG1V_DFP,4.4.0,https://www.silabs.com/documents/public/cmsis-packs/SiliconLabs.GeckoPlatform_EFR32FG1V_DFP.pdsc
Silicon Labs,EFR32FG1V Series,EFR32FG1V132,EFR32FG1V132F128GM48,cmsis_device_name,tcl/target/silabs/series1.cfg,not_validated,GeckoPlatform_EFR32FG1V_DFP,4.4.0,https://www.silabs.com/documents/public/cmsis-packs/SiliconLabs.GeckoPlatform_EFR32FG1V_DFP.pdsc
Silicon Labs,EFR32FG1V Series,EFR32FG1V132,EFR32FG1V132F256GM32,cmsis_device_name,tcl/target/silabs/series1.cfg,not_validated,GeckoPlatform_EFR32FG1V_DFP,4.4.0,https://www.silabs.com/documents/public/cmsis-packs/SiliconLabs.GeckoPlatform_EFR32FG1V_DFP.pdsc
Silicon Labs,EFR32FG1V Series,EFR32FG1V132,EFR32FG1V132F256GM48,cmsis_device_name,tcl/target/silabs/series1.cfg,not_validated,GeckoPlatform_EFR32FG1V_DFP,4.4.0,https://www.silabs.com/documents/public/cmsis-packs/SiliconLabs.GeckoPlatform_EFR32FG1V_DFP.pdsc
Silicon Labs,EFR32FG1V Series,EFR32FG1V132,EFR32FG1V132F32GM32,cmsis_device_name,tcl/target/silabs/series1.cfg,not_validated,GeckoPlatform_EFR32FG1V_DFP,4.4.0,https://www.silabs.com/documents/public/cmsis-packs/SiliconLabs.GeckoPlatform_EFR32FG1V_DFP.pdsc
Silicon Labs,EFR32FG1V Series,EFR32FG1V132,EFR32FG1V132F32GM48,cmsis_device_name,tcl/target/silabs/series1.cfg,not_validated,GeckoPlatform_EFR32FG1V_DFP,4.4.0,https://www.silabs.com/documents/public/cmsis-packs/SiliconLabs.GeckoPlatform_EFR32FG1V_DFP.pdsc
Silicon Labs,EFR32FG1V Series,EFR32FG1V132,EFR32FG1V132F64GM32,cmsis_device_name,tcl/target/silabs/series1.cfg,not_validated,GeckoPlatform_EFR32FG1V_DFP,4.4.0,https://www.silabs.com/documents/public/cmsis-packs/SiliconLabs.GeckoPlatform_EFR32FG1V_DFP.pdsc
Silicon Labs,EFR32FG1V Series,EFR32FG1V132,EFR32FG1V132F64GM48,cmsis_device_name,tcl/target/silabs/series1.cfg,not_validated,GeckoPlatform_EFR32FG1V_DFP,4.4.0,https://www.silabs.com/documents/public/cmsis-packs/SiliconLabs.GeckoPlatform_EFR32FG1V_DFP.pdsc
Silicon Labs,EFR32FG1V Series,EFR32FG1V232,EFR32FG1V232F256GM32,cmsis_device_name,tcl/target/silabs/series1.cfg,not_validated,GeckoPlatform_EFR32FG1V_DFP,4.4.0,https://www.silabs.com/documents/public/cmsis-packs/SiliconLabs.GeckoPlatform_EFR32FG1V_DFP.pdsc
Silicon Labs,EFR32FG1V Series,EFR32FG1V232,EFR32FG1V232F256GM48,cmsis_device_name,tcl/target/silabs/series1.cfg,not_validated,GeckoPlatform_EFR32FG1V_DFP,4.4.0,https://www.silabs.com/documents/public/cmsis-packs/SiliconLabs.GeckoPlatform_EFR32FG1V_DFP.pdsc
Silicon Labs,EFR32FG23 Series,EFR32FG23A010,EFR32FG23A010F128GM40,cmsis_device_name,tcl/target/silabs/xg23.cfg,not_validated,GeckoPlatform_EFR32FG23_DFP,2025.12.1,https://www.silabs.com/documents/public/cmsis-packs/SiliconLabs.GeckoPlatform_EFR32FG23_DFP.pdsc
Silicon Labs,EFR32FG23 Series,EFR32FG23A010,EFR32FG23A010F256GM40,cmsis_device_name,tcl/target/silabs/xg23.cfg,not_validated,GeckoPlatform_EFR32FG23_DFP,2025.12.1,https://www.silabs.com/documents/public/cmsis-packs/SiliconLabs.GeckoPlatform_EFR32FG23_DFP.pdsc
Silicon Labs,EFR32FG23 Series,EFR32FG23A010,EFR32FG23A010F256GM48,cmsis_device_name,tcl/target/silabs/xg23.cfg,not_validated,GeckoPlatform_EFR32FG23_DFP,2025.12.1,https://www.silabs.com/documents/public/cmsis-packs/SiliconLabs.GeckoPlatform_EFR32FG23_DFP.pdsc
Silicon Labs,EFR32FG23 Series,EFR32FG23A010,EFR32FG23A010F512GM40,cmsis_device_name,tcl/target/silabs/xg23.cfg,not_validated,GeckoPlatform_EFR32FG23_DFP,2025.12.1,https://www.silabs.com/documents/public/cmsis-packs/SiliconLabs.GeckoPlatform_EFR32FG23_DFP.pdsc
Silicon Labs,EFR32FG23 Series,EFR32FG23A010,EFR32FG23A010F512GM48,cmsis_device_name,tcl/target/silabs/xg23.cfg,not_validated,GeckoPlatform_EFR32FG23_DFP,2025.12.1,https://www.silabs.com/documents/public/cmsis-packs/SiliconLabs.GeckoPlatform_EFR32FG23_DFP.pdsc
Silicon Labs,EFR32FG23 Series,EFR32FG23A011,EFR32FG23A011F512GM40,cmsis_device_name,tcl/target/silabs/xg23.cfg,not_validated,GeckoPlatform_EFR32FG23_DFP,2025.12.1,https://www.silabs.com/documents/public/cmsis-packs/SiliconLabs.GeckoPlatform_EFR32FG23_DFP.pdsc
Silicon Labs,EFR32FG23 Series,EFR32FG23A020,EFR32FG23A020F128GM40,cmsis_device_name,tcl/target/silabs/xg23.cfg,not_validated,GeckoPlatform_EFR32FG23_DFP,2025.12.1,https://www.silabs.com/documents/public/cmsis-packs/SiliconLabs.GeckoPlatform_EFR32FG23_DFP.pdsc
Silicon Labs,EFR32FG23 Series,EFR32FG23A020,EFR32FG23A020F256GM40,cmsis_device_name,tcl/target/silabs/xg23.cfg,not_validated,GeckoPlatform_EFR32FG23_DFP,2025.12.1,https://www.silabs.com/documents/public/cmsis-packs/SiliconLabs.GeckoPlatform_EFR32FG23_DFP.pdsc
Silicon Labs,EFR32FG23 Series,EFR32FG23A020,EFR32FG23A020F256GM48,cmsis_device_name,tcl/target/silabs/xg23.cfg,not_validated,GeckoPlatform_EFR32FG23_DFP,2025.12.1,https://www.silabs.com/documents/public/cmsis-packs/SiliconLabs.GeckoPlatform_EFR32FG23_DFP.pdsc
Silicon Labs,EFR32FG23 Series,EFR32FG23A020,EFR32FG23A020F512GM40,cmsis_device_name,tcl/target/silabs/xg23.cfg,not_validated,GeckoPlatform_EFR32FG23_DFP,2025.12.1,https://www.silabs.com/documents/public/cmsis-packs/SiliconLabs.GeckoPlatform_EFR32FG23_DFP.pdsc
Silicon Labs,EFR32FG23 Series,EFR32FG23A020,EFR32FG23A020F512GM48,cmsis_device_name,tcl/target/silabs/xg23.cfg,not_validated,GeckoPlatform_EFR32FG23_DFP,2025.12.1,https://www.silabs.com/documents/public/cmsis-packs/SiliconLabs.GeckoPlatform_EFR32FG23_DFP.pdsc
Silicon Labs,EFR32FG23 Series,EFR32FG23A021,EFR32FG23A021F512GM40,cmsis_device_name,tcl/target/silabs/xg23.cfg,not_validated,GeckoPlatform_EFR32FG23_DFP,2025.12.1,https://www.silabs.com/documents/public/cmsis-packs/SiliconLabs.GeckoPlatform_EFR32FG23_DFP.pdsc
Silicon Labs,EFR32FG23 Series,EFR32FG23B010,EFR32FG23B010F128GM40,cmsis_device_name,tcl/target/silabs/xg23.cfg,not_validated,GeckoPlatform_EFR32FG23_DFP,2025.12.1,https://www.silabs.com/documents/public/cmsis-packs/SiliconLabs.GeckoPlatform_EFR32FG23_DFP.pdsc
Silicon Labs,EFR32FG23 Series,EFR32FG23B010,EFR32FG23B010F512GM48,cmsis_device_name,tcl/target/silabs/xg23.cfg,not_validated,GeckoPlatform_EFR32FG23_DFP,2025.12.1,https://www.silabs.com/documents/public/cmsis-packs/SiliconLabs.GeckoPlatform_EFR32FG23_DFP.pdsc
Silicon Labs,EFR32FG23 Series,EFR32FG23B010,EFR32FG23B010F512IM40,cmsis_device_name,tcl/target/silabs/xg23.cfg,not_validated,GeckoPlatform_EFR32FG23_DFP,2025.12.1,https://www.silabs.com/documents/public/cmsis-packs/SiliconLabs.GeckoPlatform_EFR32FG23_DFP.pdsc
Silicon Labs,EFR32FG23 Series,EFR32FG23B010,EFR32FG23B010F512IM48,cmsis_device_name,tcl/target/silabs/xg23.cfg,not_validated,GeckoPlatform_EFR32FG23_DFP,2025.12.1,https://www.silabs.com/documents/public/cmsis-packs/SiliconLabs.GeckoPlatform_EFR32FG23_DFP.pdsc
Silicon Labs,EFR32FG23 Series,EFR32FG23B020,EFR32FG23B020F128GM40,cmsis_device_name,tcl/target/silabs/xg23.cfg,not_validated,GeckoPlatform_EFR32FG23_DFP,2025.12.1,https://www.silabs.com/documents/public/cmsis-packs/SiliconLabs.GeckoPlatform_EFR32FG23_DFP.pdsc
Silicon Labs,EFR32FG23 Series,EFR32FG23B020,EFR32FG23B020F512IM40,cmsis_device_name,tcl/target/silabs/xg23.cfg,not_validated,GeckoPlatform_EFR32FG23_DFP,2025.12.1,https://www.silabs.com/documents/public/cmsis-packs/SiliconLabs.GeckoPlatform_EFR32FG23_DFP.pdsc
Silicon Labs,EFR32FG23 Series,EFR32FG23B020,EFR32FG23B020F512IM48,cmsis_device_name,tcl/target/silabs/xg23.cfg,not_validated,GeckoPlatform_EFR32FG23_DFP,2025.12.1,https://www.silabs.com/documents/public/cmsis-packs/SiliconLabs.GeckoPlatform_EFR32FG23_DFP.pdsc
Silicon Labs,EFR32FG23 Series,EFR32FG23B021,EFR32FG23B021F512IM40,cmsis_device_name,tcl/target/silabs/xg23.cfg,not_validated,GeckoPlatform_EFR32FG23_DFP,2025.12.1,https://www.silabs.com/documents/public/cmsis-packs/SiliconLabs.GeckoPlatform_EFR32FG23_DFP.pdsc
Silicon Labs,EFR32FG23 Series,EFR32FG23B021,EFR32FG23B021F512IM48,cmsis_device_name,tcl/target/silabs/xg23.cfg,not_validated,GeckoPlatform_EFR32FG23_DFP,2025.12.1,https://www.silabs.com/documents/public/cmsis-packs/SiliconLabs.GeckoPlatform_EFR32FG23_DFP.pdsc
Silicon Labs,EFR32FG23 Series,EFR32FG23L010,EFR32FG23L010F128GM40,cmsis_device_name,tcl/target/silabs/xg23.cfg,not_validated,GeckoPlatform_EFR32FG23_DFP,2025.12.1,https://www.silabs.com/documents/public/cmsis-packs/SiliconLabs.GeckoPlatform_EFR32FG23_DFP.pdsc
Silicon Labs,EFR32FG23 Series,EFR32FG23L020,EFR32FG23L020F128GM40,cmsis_device_name,tcl/target/silabs/xg23.cfg,not_validated,GeckoPlatform_EFR32FG23_DFP,2025.12.1,https://www.silabs.com/documents/public/cmsis-packs/SiliconLabs.GeckoPlatform_EFR32FG23_DFP.pdsc
Silicon Labs,EFR32FG25 Series,EFR32FG25A021,EFR32FG25A021F256IM56,cmsis_device_name,tcl/target/silabs/xg25.cfg,not_validated,GeckoPlatform_EFR32FG25_DFP,2025.12.1,https://www.silabs.com/documents/public/cmsis-packs/SiliconLabs.GeckoPlatform_EFR32FG25_DFP.pdsc
Silicon Labs,EFR32FG25 Series,EFR32FG25A021,EFR32FG25A021F512IM56,cmsis_device_name,tcl/target/silabs/xg25.cfg,not_validated,GeckoPlatform_EFR32FG25_DFP,2025.12.1,https://www.silabs.com/documents/public/cmsis-packs/SiliconLabs.GeckoPlatform_EFR32FG25_DFP.pdsc
Silicon Labs,EFR32FG25 Series,EFR32FG25A111,EFR32FG25A111F1152IM56,cmsis_device_name,tcl/target/silabs/xg25.cfg,not_validated,GeckoPlatform_EFR32FG25_DFP,2025.12.1,https://www.silabs.com/documents/public/cmsis-packs/SiliconLabs.GeckoPlatform_EFR32FG25_DFP.pdsc
Silicon Labs,EFR32FG25 Series,EFR32FG25A121,EFR32FG25A121F1152IM56,cmsis_device_name,tcl/target/silabs/xg25.cfg,not_validated,GeckoPlatform_EFR32FG25_DFP,2025.12.1,https://www.silabs.com/documents/public/cmsis-packs/SiliconLabs.GeckoPlatform_EFR32FG25_DFP.pdsc
Silicon Labs,EFR32FG25 Series,EFR32FG25A211,EFR32FG25A211F1152IM56,cmsis_device_name,tcl/target/silabs/xg25.cfg,not_validated,GeckoPlatform_EFR32FG25_DFP,2025.12.1,https://www.silabs.com/documents/public/cmsis-packs/SiliconLabs.GeckoPlatform_EFR32FG25_DFP.pdsc
Silicon Labs,EFR32FG25 Series,EFR32FG25A211,EFR32FG25A211F1920IM56,cmsis_device_name,tcl/target/silabs/xg25.cfg,not_validated,GeckoPlatform_EFR32FG25_DFP,2025.12.1,https://www.silabs.com/documents/public/cmsis-packs/SiliconLabs.GeckoPlatform_EFR32FG25_DFP.pdsc
Silicon Labs,EFR32FG25 Series,EFR32FG25A221,EFR32FG25A221F1152IM56,cmsis_device_name,tcl/target/silabs/xg25.cfg,not_validated,GeckoPlatform_EFR32FG25_DFP,2025.12.1,https://www.silabs.com/documents/public/cmsis-packs/SiliconLabs.GeckoPlatform_EFR32FG25_DFP.pdsc
Silicon Labs,EFR32FG25 Series,EFR32FG25A221,EFR32FG25A221F1920IM56,cmsis_device_name,tcl/target/silabs/xg25.cfg,not_validated,GeckoPlatform_EFR32FG25_DFP,2025.12.1,https://www.silabs.com/documents/public/cmsis-packs/SiliconLabs.GeckoPlatform_EFR32FG25_DFP.pdsc
Silicon Labs,EFR32FG25 Series,EFR32FG25B111,EFR32FG25B111F1152IM56,cmsis_device_name,tcl/target/silabs/xg25.cfg,not_validated,GeckoPlatform_EFR32FG25_DFP,2025.12.1,https://www.silabs.com/documents/public/cmsis-packs/SiliconLabs.GeckoPlatform_EFR32FG25_DFP.pdsc
Silicon Labs,EFR32FG25 Series,EFR32FG25B121,EFR32FG25B121F1152IM56,cmsis_device_name,tcl/target/silabs/xg25.cfg,not_validated,GeckoPlatform_EFR32FG25_DFP,2025.12.1,https://www.silabs.com/documents/public/cmsis-packs/SiliconLabs.GeckoPlatform_EFR32FG25_DFP.pdsc
Silicon Labs,EFR32FG25 Series,EFR32FG25B211,EFR32FG25B211F1920IM56,cmsis_device_name,tcl/target/silabs/xg25.cfg,not_validated,GeckoPlatform_EFR32FG25_DFP,2025.12.1,https://www.silabs.com/documents/public/cmsis-packs/SiliconLabs.GeckoPlatform_EFR32FG25_DFP.pdsc
Silicon Labs,EFR32FG25 Series,EFR32FG25B212,EFR32FG25B212F1920IM56,cmsis_device_name,tcl/target/silabs/xg25.cfg,not_validated,GeckoPlatform_EFR32FG25_DFP,2025.12.1,https://www.silabs.com/documents/public/cmsis-packs/SiliconLabs.GeckoPlatform_EFR32FG25_DFP.pdsc
Silicon Labs,EFR32FG25 Series,EFR32FG25B221,EFR32FG25B221F1920IM56,cmsis_device_name,tcl/target/silabs/xg25.cfg,not_validated,GeckoPlatform_EFR32FG25_DFP,2025.12.1,https://www.silabs.com/documents/public/cmsis-packs/SiliconLabs.GeckoPlatform_EFR32FG25_DFP.pdsc
Silicon Labs,EFR32FG25 Series,EFR32FG25B222,EFR32FG25B222F1920IM56,cmsis_device_name,tcl/target/silabs/xg25.cfg,not_validated,GeckoPlatform_EFR32FG25_DFP,2025.12.1,https://www.silabs.com/documents/public/cmsis-packs/SiliconLabs.GeckoPlatform_EFR32FG25_DFP.pdsc
Silicon Labs,EFR32FG28 Series,EFR32FG28A010,EFR32FG28A010F1024GM48,cmsis_device_name,tcl/target/silabs/xg28.cfg,not_validated,GeckoPlatform_EFR32FG28_DFP,2025.12.1,https://www.silabs.com/documents/public/cmsis-packs/SiliconLabs.GeckoPlatform_EFR32FG28_DFP.pdsc
Silicon Labs,EFR32FG28 Series,EFR32FG28A010,EFR32FG28A010F1024GM68,cmsis_device_name,tcl/target/silabs/xg28.cfg,not_validated,GeckoPlatform_EFR32FG28_DFP,2025.12.1,https://www.silabs.com/documents/public/cmsis-packs/SiliconLabs.GeckoPlatform_EFR32FG28_DFP.pdsc
Silicon Labs,EFR32FG28 Series,EFR32FG28A110,EFR32FG28A110F1024GM48,cmsis_device_name,tcl/target/silabs/xg28.cfg,not_validated,GeckoPlatform_EFR32FG28_DFP,2025.12.1,https://www.silabs.com/documents/public/cmsis-packs/SiliconLabs.GeckoPlatform_EFR32FG28_DFP.pdsc
Silicon Labs,EFR32FG28 Series,EFR32FG28A110,EFR32FG28A110F1024GM68,cmsis_device_name,tcl/target/silabs/xg28.cfg,not_validated,GeckoPlatform_EFR32FG28_DFP,2025.12.1,https://www.silabs.com/documents/public/cmsis-packs/SiliconLabs.GeckoPlatform_EFR32FG28_DFP.pdsc
Silicon Labs,EFR32FG28 Series,EFR32FG28A112,EFR32FG28A112F1024GM48,cmsis_device_name,tcl/target/silabs/xg28.cfg,not_validated,GeckoPlatform_EFR32FG28_DFP,2025.12.1,https://www.silabs.com/documents/public/cmsis-packs/SiliconLabs.GeckoPlatform_EFR32FG28_DFP.pdsc
Silicon Labs,EFR32FG28 Series,EFR32FG28A112,EFR32FG28A112F1024GM68,cmsis_device_name,tcl/target/silabs/xg28.cfg,not_validated,GeckoPlatform_EFR32FG28_DFP,2025.12.1,https://www.silabs.com/documents/public/cmsis-packs/SiliconLabs.GeckoPlatform_EFR32FG28_DFP.pdsc
Silicon Labs,EFR32FG28 Series,EFR32FG28A120,EFR32FG28A120F1024GM48,cmsis_device_name,tcl/target/silabs/xg28.cfg,not_validated,GeckoPlatform_EFR32FG28_DFP,2025.12.1,https://www.silabs.com/documents/public/cmsis-packs/SiliconLabs.GeckoPlatform_EFR32FG28_DFP.pdsc
Silicon Labs,EFR32FG28 Series,EFR32FG28A120,EFR32FG28A120F1024GM68,cmsis_device_name,tcl/target/silabs/xg28.cfg,not_validated,GeckoPlatform_EFR32FG28_DFP,2025.12.1,https://www.silabs.com/documents/public/cmsis-packs/SiliconLabs.GeckoPlatform_EFR32FG28_DFP.pdsc
Silicon Labs,EFR32FG28 Series,EFR32FG28A122,EFR32FG28A122F1024GM48,cmsis_device_name,tcl/target/silabs/xg28.cfg,not_validated,GeckoPlatform_EFR32FG28_DFP,2025.12.1,https://www.silabs.com/documents/public/cmsis-packs/SiliconLabs.GeckoPlatform_EFR32FG28_DFP.pdsc
Silicon Labs,EFR32FG28 Series,EFR32FG28A122,EFR32FG28A122F1024GM68,cmsis_device_name,tcl/target/silabs/xg28.cfg,not_validated,GeckoPlatform_EFR32FG28_DFP,2025.12.1,https://www.silabs.com/documents/public/cmsis-packs/SiliconLabs.GeckoPlatform_EFR32FG28_DFP.pdsc
Silicon Labs,EFR32FG28 Series,EFR32FG28B310,EFR32FG28B310F1024IM48,cmsis_device_name,tcl/target/silabs/xg28.cfg,not_validated,GeckoPlatform_EFR32FG28_DFP,2025.12.1,https://www.silabs.com/documents/public/cmsis-packs/SiliconLabs.GeckoPlatform_EFR32FG28_DFP.pdsc
Silicon Labs,EFR32FG28 Series,EFR32FG28B310,EFR32FG28B310F1024IM68,cmsis_device_name,tcl/target/silabs/xg28.cfg,not_validated,GeckoPlatform_EFR32FG28_DFP,2025.12.1,https://www.silabs.com/documents/public/cmsis-packs/SiliconLabs.GeckoPlatform_EFR32FG28_DFP.pdsc
Silicon Labs,EFR32FG28 Series,EFR32FG28B312,EFR32FG28B312F1024IM48,cmsis_device_name,tcl/target/silabs/xg28.cfg,not_validated,GeckoPlatform_EFR32FG28_DFP,2025.12.1,https://www.silabs.com/documents/public/cmsis-packs/SiliconLabs.GeckoPlatform_EFR32FG28_DFP.pdsc
Silicon Labs,EFR32FG28 Series,EFR32FG28B312,EFR32FG28B312F1024IM68,cmsis_device_name,tcl/target/silabs/xg28.cfg,not_validated,GeckoPlatform_EFR32FG28_DFP,2025.12.1,https://www.silabs.com/documents/public/cmsis-packs/SiliconLabs.GeckoPlatform_EFR32FG28_DFP.pdsc
Silicon Labs,EFR32FG28 Series,EFR32FG28B320,EFR32FG28B320F1024IM48,cmsis_device_name,tcl/target/silabs/xg28.cfg,not_validated,GeckoPlatform_EFR32FG28_DFP,2025.12.1,https://www.silabs.com/documents/public/cmsis-packs/SiliconLabs.GeckoPlatform_EFR32FG28_DFP.pdsc
Silicon Labs,EFR32FG28 Series,EFR32FG28B320,EFR32FG28B320F1024IM68,cmsis_device_name,tcl/target/silabs/xg28.cfg,not_validated,GeckoPlatform_EFR32FG28_DFP,2025.12.1,https://www.silabs.com/documents/public/cmsis-packs/SiliconLabs.GeckoPlatform_EFR32FG28_DFP.pdsc
Silicon Labs,EFR32FG28 Series,EFR32FG28B322,EFR32FG28B322F1024IM48,cmsis_device_name,tcl/target/silabs/xg28.cfg,not_validated,GeckoPlatform_EFR32FG28_DFP,2025.12.1,https://www.silabs.com/documents/public/cmsis-packs/SiliconLabs.GeckoPlatform_EFR32FG28_DFP.pdsc
Silicon Labs,EFR32FG28 Series,EFR32FG28B322,EFR32FG28B322F1024IM68,cmsis_device_name,tcl/target/silabs/xg28.cfg,not_validated,GeckoPlatform_EFR32FG28_DFP,2025.12.1,https://www.silabs.com/documents/public/cmsis-packs/SiliconLabs.GeckoPlatform_EFR32FG28_DFP.pdsc
Silicon Labs,EFR32FG2D Series,EFR32FG2DA010,EFR32FG2DA010F256IM40,cmsis_device_name,tcl/target/silabs/series1.cfg,not_validated,GeckoPlatform_EFR32FG2D_DFP,2025.12.1,https://www.silabs.com/documents/public/cmsis-packs/SiliconLabs.GeckoPlatform_EFR32FG2D_DFP.pdsc
Silicon Labs,EFR32FG2D Series,EFR32FG2DA010,EFR32FG2DA010F256IM48,cmsis_device_name,tcl/target/silabs/series1.cfg,not_validated,GeckoPlatform_EFR32FG2D_DFP,2025.12.1,https://www.silabs.com/documents/public/cmsis-packs/SiliconLabs.GeckoPlatform_EFR32FG2D_DFP.pdsc
Silicon Labs,EFR32FG2D Series,EFR32FG2DA020,EFR32FG2DA020F256IM48,cmsis_device_name,tcl/target/silabs/series1.cfg,not_validated,GeckoPlatform_EFR32FG2D_DFP,2025.12.1,https://www.silabs.com/documents/public/cmsis-packs/SiliconLabs.GeckoPlatform_EFR32FG2D_DFP.pdsc
Silicon Labs,EFR32FG2D Series,EFR32FG2DB010,EFR32FG2DB010F512IM40,cmsis_device_name,tcl/target/silabs/series1.cfg,not_validated,GeckoPlatform_EFR32FG2D_DFP,2025.12.1,https://www.silabs.com/documents/public/cmsis-packs/SiliconLabs.GeckoPlatform_EFR32FG2D_DFP.pdsc
Silicon Labs,EFR32FG2D Series,EFR32FG2DB010,EFR32FG2DB010F512IM48,cmsis_device_name,tcl/target/silabs/series1.cfg,not_validated,GeckoPlatform_EFR32FG2D_DFP,2025.12.1,https://www.silabs.com/documents/public/cmsis-packs/SiliconLabs.GeckoPlatform_EFR32FG2D_DFP.pdsc
Silicon Labs,EFR32FG2D Series,EFR32FG2DB020,EFR32FG2DB020F512IM48,cmsis_device_name,tcl/target/silabs/series1.cfg,not_validated,GeckoPlatform_EFR32FG2D_DFP,2025.12.1,https://www.silabs.com/documents/public/cmsis-packs/SiliconLabs.GeckoPlatform_EFR32FG2D_DFP.pdsc
Silicon Labs,EFR32MG12P Series,EFR32MG12P132,EFR32MG12P132F1024GL125,cmsis_device_name,tcl/target/silabs/series1.cfg,not_validated,GeckoPlatform_EFR32MG12P_DFP,4.4.0,https://www.silabs.com/documents/public/cmsis-packs/SiliconLabs.GeckoPlatform_EFR32MG12P_DFP.pdsc
Silicon Labs,EFR32MG12P Series,EFR32MG12P132,EFR32MG12P132F1024GM48,cmsis_device_name,tcl/target/silabs/series1.cfg,not_validated,GeckoPlatform_EFR32MG12P_DFP,4.4.0,https://www.silabs.com/documents/public/cmsis-packs/SiliconLabs.GeckoPlatform_EFR32MG12P_DFP.pdsc
Silicon Labs,EFR32MG12P Series,EFR32MG12P132,EFR32MG12P132F512GM68,cmsis_device_name,tcl/target/silabs/series1.cfg,not_validated,GeckoPlatform_EFR32MG12P_DFP,4.4.0,https://www.silabs.com/documents/public/cmsis-packs/SiliconLabs.GeckoPlatform_EFR32MG12P_DFP.pdsc
Silicon Labs,EFR32MG12P Series,EFR32MG12P231,EFR32MG12P231F1024GM48,cmsis_device_name,tcl/target/silabs/series1.cfg,not_validated,GeckoPlatform_EFR32MG12P_DFP,4.4.0,https://www.silabs.com/documents/public/cmsis-packs/SiliconLabs.GeckoPlatform_EFR32MG12P_DFP.pdsc
Silicon Labs,EFR32MG12P Series,EFR32MG12P231,EFR32MG12P231F1024GM68,cmsis_device_name,tcl/target/silabs/series1.cfg,not_validated,GeckoPlatform_EFR32MG12P_DFP,4.4.0,https://www.silabs.com/documents/public/cmsis-packs/SiliconLabs.GeckoPlatform_EFR32MG12P_DFP.pdsc
Silicon Labs,EFR32MG12P Series,EFR32MG12P232,EFR32MG12P232F1024GL125,cmsis_device_name,tcl/target/silabs/series1.cfg,not_validated,GeckoPlatform_EFR32MG12P_DFP,4.4.0,https://www.silabs.com/documents/public/cmsis-packs/SiliconLabs.GeckoPlatform_EFR32MG12P_DFP.pdsc
Silicon Labs,EFR32MG12P Series,EFR32MG12P232,EFR32MG12P232F1024GM48,cmsis_device_name,tcl/target/silabs/series1.cfg,not_validated,GeckoPlatform_EFR32MG12P_DFP,4.4.0,https://www.silabs.com/documents/public/cmsis-packs/SiliconLabs.GeckoPlatform_EFR32MG12P_DFP.pdsc
Silicon Labs,EFR32MG12P Series,EFR32MG12P232,EFR32MG12P232F1024GM68,cmsis_device_name,tcl/target/silabs/series1.cfg,not_validated,GeckoPlatform_EFR32MG12P_DFP,4.4.0,https://www.silabs.com/documents/public/cmsis-packs/SiliconLabs.GeckoPlatform_EFR32MG12P_DFP.pdsc
Silicon Labs,EFR32MG12P Series,EFR32MG12P232,EFR32MG12P232F512GM68,cmsis_device_name,tcl/target/silabs/series1.cfg,not_validated,GeckoPlatform_EFR32MG12P_DFP,4.4.0,https://www.silabs.com/documents/public/cmsis-packs/SiliconLabs.GeckoPlatform_EFR32MG12P_DFP.pdsc
Silicon Labs,EFR32MG12P Series,EFR32MG12P332,EFR32MG12P332F1024GL125,cmsis_device_name,tcl/target/silabs/series1.cfg,not_validated,GeckoPlatform_EFR32MG12P_DFP,4.4.0,https://www.silabs.com/documents/public/cmsis-packs/SiliconLabs.GeckoPlatform_EFR32MG12P_DFP.pdsc
Silicon Labs,EFR32MG12P Series,EFR32MG12P332,EFR32MG12P332F1024GM48,cmsis_device_name,tcl/target/silabs/series1.cfg,not_validated,GeckoPlatform_EFR32MG12P_DFP,4.4.0,https://www.silabs.com/documents/public/cmsis-packs/SiliconLabs.GeckoPlatform_EFR32MG12P_DFP.pdsc
Silicon Labs,EFR32MG12P Series,EFR32MG12P332,EFR32MG12P332F1024IM48,cmsis_device_name,tcl/target/silabs/series1.cfg,not_validated,GeckoPlatform_EFR32MG12P_DFP,4.4.0,https://www.silabs.com/documents/public/cmsis-packs/SiliconLabs.GeckoPlatform_EFR32MG12P_DFP.pdsc
Silicon Labs,EFR32MG12P Series,EFR32MG12P431,EFR32MG12P431F1024GM48,cmsis_device_name,tcl/target/silabs/series1.cfg,not_validated,GeckoPlatform_EFR32MG12P_DFP,4.4.0,https://www.silabs.com/documents/public/cmsis-packs/SiliconLabs.GeckoPlatform_EFR32MG12P_DFP.pdsc
Silicon Labs,EFR32MG12P Series,EFR32MG12P431,EFR32MG12P431F1024GM68,cmsis_device_name,tcl/target/silabs/series1.cfg,not_validated,GeckoPlatform_EFR32MG12P_DFP,4.4.0,https://www.silabs.com/documents/public/cmsis-packs/SiliconLabs.GeckoPlatform_EFR32MG12P_DFP.pdsc
Silicon Labs,EFR32MG12P Series,EFR32MG12P432,EFR32MG12P432F1024GL125,cmsis_device_name,tcl/target/silabs/series1.cfg,not_validated,GeckoPlatform_EFR32MG12P_DFP,4.4.0,https://www.silabs.com/documents/public/cmsis-packs/SiliconLabs.GeckoPlatform_EFR32MG12P_DFP.pdsc
Silicon Labs,EFR32MG12P Series,EFR32MG12P432,EFR32MG12P432F1024GM48,cmsis_device_name,tcl/target/silabs/series1.cfg,not_validated,GeckoPlatform_EFR32MG12P_DFP,4.4.0,https://www.silabs.com/documents/public/cmsis-packs/SiliconLabs.GeckoPlatform_EFR32MG12P_DFP.pdsc
Silicon Labs,EFR32MG12P Series,EFR32MG12P432,EFR32MG12P432F1024GM68,cmsis_device_name,tcl/target/silabs/series1.cfg,not_validated,GeckoPlatform_EFR32MG12P_DFP,4.4.0,https://www.silabs.com/documents/public/cmsis-packs/SiliconLabs.GeckoPlatform_EFR32MG12P_DFP.pdsc
Silicon Labs,EFR32MG12P Series,EFR32MG12P432,EFR32MG12P432F1024IM48,cmsis_device_name,tcl/target/silabs/series1.cfg,not_validated,GeckoPlatform_EFR32MG12P_DFP,4.4.0,https://www.silabs.com/documents/public/cmsis-packs/SiliconLabs.GeckoPlatform_EFR32MG12P_DFP.pdsc
Silicon Labs,EFR32MG12P Series,EFR32MG12P433,EFR32MG12P433F1024GL125,cmsis_device_name,tcl/target/silabs/series1.cfg,not_validated,GeckoPlatform_EFR32MG12P_DFP,4.4.0,https://www.silabs.com/documents/public/cmsis-packs/SiliconLabs.GeckoPlatform_EFR32MG12P_DFP.pdsc
Silicon Labs,EFR32MG12P Series,EFR32MG12P433,EFR32MG12P433F1024GM48,cmsis_device_name,tcl/target/silabs/series1.cfg,not_validated,GeckoPlatform_EFR32MG12P_DFP,4.4.0,https://www.silabs.com/documents/public/cmsis-packs/SiliconLabs.GeckoPlatform_EFR32MG12P_DFP.pdsc
Silicon Labs,EFR32MG12P Series,EFR32MG12P433,EFR32MG12P433F1024GM68,cmsis_device_name,tcl/target/silabs/series1.cfg,not_validated,GeckoPlatform_EFR32MG12P_DFP,4.4.0,https://www.silabs.com/documents/public/cmsis-packs/SiliconLabs.GeckoPlatform_EFR32MG12P_DFP.pdsc
Silicon Labs,EFR32MG12P Series,EFR32MG12P433,EFR32MG12P433F1024IL125,cmsis_device_name,tcl/target/silabs/series1.cfg,not_validated,GeckoPlatform_EFR32MG12P_DFP,4.4.0,https://www.silabs.com/documents/public/cmsis-packs/SiliconLabs.GeckoPlatform_EFR32MG12P_DFP.pdsc
Silicon Labs,EFR32MG12P Series,EFR32MG12P433,EFR32MG12P433F1024IM48,cmsis_device_name,tcl/target/silabs/series1.cfg,not_validated,GeckoPlatform_EFR32MG12P_DFP,4.4.0,https://www.silabs.com/documents/public/cmsis-packs/SiliconLabs.GeckoPlatform_EFR32MG12P_DFP.pdsc
Silicon Labs,EFR32MG13P Series,EFR32MG13P632,EFR32MG13P632F512GM32,cmsis_device_name,tcl/target/silabs/series1.cfg,not_validated,GeckoPlatform_EFR32MG13P_DFP,4.4.0,https://www.silabs.com/documents/public/cmsis-packs/SiliconLabs.GeckoPlatform_EFR32MG13P_DFP.pdsc
Silicon Labs,EFR32MG13P Series,EFR32MG13P632,EFR32MG13P632F512GM48,cmsis_device_name,tcl/target/silabs/series1.cfg,not_validated,GeckoPlatform_EFR32MG13P_DFP,4.4.0,https://www.silabs.com/documents/public/cmsis-packs/SiliconLabs.GeckoPlatform_EFR32MG13P_DFP.pdsc
Silicon Labs,EFR32MG13P Series,EFR32MG13P632,EFR32MG13P632F512GM51,cmsis_device_name,tcl/target/silabs/series1.cfg,not_validated,GeckoPlatform_EFR32MG13P_DFP,4.4.0,https://www.silabs.com/documents/public/cmsis-packs/SiliconLabs.GeckoPlatform_EFR32MG13P_DFP.pdsc
Silicon Labs,EFR32MG13P Series,EFR32MG13P731,EFR32MG13P731F512GM48,cmsis_device_name,tcl/target/silabs/series1.cfg,not_validated,GeckoPlatform_EFR32MG13P_DFP,4.4.0,https://www.silabs.com/documents/public/cmsis-packs/SiliconLabs.GeckoPlatform_EFR32MG13P_DFP.pdsc
Silicon Labs,EFR32MG13P Series,EFR32MG13P732,EFR32MG13P732F512GM32,cmsis_device_name,tcl/target/silabs/series1.cfg,not_validated,GeckoPlatform_EFR32MG13P_DFP,4.4.0,https://www.silabs.com/documents/public/cmsis-packs/SiliconLabs.GeckoPlatform_EFR32MG13P_DFP.pdsc
Silicon Labs,EFR32MG13P Series,EFR32MG13P732,EFR32MG13P732F512GM48,cmsis_device_name,tcl/target/silabs/series1.cfg,not_validated,GeckoPlatform_EFR32MG13P_DFP,4.4.0,https://www.silabs.com/documents/public/cmsis-packs/SiliconLabs.GeckoPlatform_EFR32MG13P_DFP.pdsc
Silicon Labs,EFR32MG13P Series,EFR32MG13P732,EFR32MG13P732F512GM51,cmsis_device_name,tcl/target/silabs/series1.cfg,not_validated,GeckoPlatform_EFR32MG13P_DFP,4.4.0,https://www.silabs.com/documents/public/cmsis-packs/SiliconLabs.GeckoPlatform_EFR32MG13P_DFP.pdsc
Silicon Labs,EFR32MG13P Series,EFR32MG13P732,EFR32MG13P732F512IM32,cmsis_device_name,tcl/target/silabs/series1.cfg,not_validated,GeckoPlatform_EFR32MG13P_DFP,4.4.0,https://www.silabs.com/documents/public/cmsis-packs/SiliconLabs.GeckoPlatform_EFR32MG13P_DFP.pdsc
Silicon Labs,EFR32MG13P Series,EFR32MG13P732,EFR32MG13P732F512IM48,cmsis_device_name,tcl/target/silabs/series1.cfg,not_validated,GeckoPlatform_EFR32MG13P_DFP,4.4.0,https://www.silabs.com/documents/public/cmsis-packs/SiliconLabs.GeckoPlatform_EFR32MG13P_DFP.pdsc
Silicon Labs,EFR32MG13P Series,EFR32MG13P733,EFR32MG13P733F512GM48,cmsis_device_name,tcl/target/silabs/series1.cfg,not_validated,GeckoPlatform_EFR32MG13P_DFP,4.4.0,https://www.silabs.com/documents/public/cmsis-packs/SiliconLabs.GeckoPlatform_EFR32MG13P_DFP.pdsc
Silicon Labs,EFR32MG13P Series,EFR32MG13P733,EFR32MG13P733F512IM48,cmsis_device_name,tcl/target/silabs/series1.cfg,not_validated,GeckoPlatform_EFR32MG13P_DFP,4.4.0,https://www.silabs.com/documents/public/cmsis-packs/SiliconLabs.GeckoPlatform_EFR32MG13P_DFP.pdsc
Silicon Labs,EFR32MG13P Series,EFR32MG13P832,EFR32MG13P832F512IM48,cmsis_device_name,tcl/target/silabs/series1.cfg,not_validated,GeckoPlatform_EFR32MG13P_DFP,4.4.0,https://www.silabs.com/documents/public/cmsis-packs/SiliconLabs.GeckoPlatform_EFR32MG13P_DFP.pdsc
Silicon Labs,EFR32MG14P Series,EFR32MG14P632,EFR32MG14P632F256GM32,cmsis_device_name,tcl/target/silabs/series1.cfg,not_validated,GeckoPlatform_EFR32MG14P_DFP,4.4.0,https://www.silabs.com/documents/public/cmsis-packs/SiliconLabs.GeckoPlatform_EFR32MG14P_DFP.pdsc
Silicon Labs,EFR32MG14P Series,EFR32MG14P632,EFR32MG14P632F256GM48,cmsis_device_name,tcl/target/silabs/series1.cfg,not_validated,GeckoPlatform_EFR32MG14P_DFP,4.4.0,https://www.silabs.com/documents/public/cmsis-packs/SiliconLabs.GeckoPlatform_EFR32MG14P_DFP.pdsc
Silicon Labs,EFR32MG14P Series,EFR32MG14P731,EFR32MG14P731F256GM48,cmsis_device_name,tcl/target/silabs/series1.cfg,not_validated,GeckoPlatform_EFR32MG14P_DFP,4.4.0,https://www.silabs.com/documents/public/cmsis-packs/SiliconLabs.GeckoPlatform_EFR32MG14P_DFP.pdsc
Silicon Labs,EFR32MG14P Series,EFR32MG14P732,EFR32MG14P732F256GM32,cmsis_device_name,tcl/target/silabs/series1.cfg,not_validated,GeckoPlatform_EFR32MG14P_DFP,4.4.0,https://www.silabs.com/documents/public/cmsis-packs/SiliconLabs.GeckoPlatform_EFR32MG14P_DFP.pdsc
Silicon Labs,EFR32MG14P Series,EFR32MG14P732,EFR32MG14P732F256GM48,cmsis_device_name,tcl/target/silabs/series1.cfg,not_validated,GeckoPlatform_EFR32MG14P_DFP,4.4.0,https://www.silabs.com/documents/public/cmsis-packs/SiliconLabs.GeckoPlatform_EFR32MG14P_DFP.pdsc
Silicon Labs,EFR32MG14P Series,EFR32MG14P732,EFR32MG14P732F256IM32,cmsis_device_name,tcl/target/silabs/series1.cfg,not_validated,GeckoPlatform_EFR32MG14P_DFP,4.4.0,https://www.silabs.com/documents/public/cmsis-packs/SiliconLabs.GeckoPlatform_EFR32MG14P_DFP.pdsc
Silicon Labs,EFR32MG14P Series,EFR32MG14P732,EFR32MG14P732F256IM48,cmsis_device_name,tcl/target/silabs/series1.cfg,not_validated,GeckoPlatform_EFR32MG14P_DFP,4.4.0,https://www.silabs.com/documents/public/cmsis-packs/SiliconLabs.GeckoPlatform_EFR32MG14P_DFP.pdsc
Silicon Labs,EFR32MG14P Series,EFR32MG14P733,EFR32MG14P733F256GM48,cmsis_device_name,tcl/target/silabs/series1.cfg,not_validated,GeckoPlatform_EFR32MG14P_DFP,4.4.0,https://www.silabs.com/documents/public/cmsis-packs/SiliconLabs.GeckoPlatform_EFR32MG14P_DFP.pdsc
Silicon Labs,EFR32MG14P Series,EFR32MG14P733,EFR32MG14P733F256IM48,cmsis_device_name,tcl/target/silabs/series1.cfg,not_validated,GeckoPlatform_EFR32MG14P_DFP,4.4.0,https://www.silabs.com/documents/public/cmsis-packs/SiliconLabs.GeckoPlatform_EFR32MG14P_DFP.pdsc
Silicon Labs,EFR32MG1B Series,EFR32MG1B131,EFR32MG1B131F256GM32,cmsis_device_name,tcl/target/silabs/series1.cfg,not_validated,GeckoPlatform_EFR32MG1B_DFP,4.4.0,https://www.silabs.com/documents/public/cmsis-packs/SiliconLabs.GeckoPlatform_EFR32MG1B_DFP.pdsc
Silicon Labs,EFR32MG1B Series,EFR32MG1B131,EFR32MG1B131F256GM48,cmsis_device_name,tcl/target/silabs/series1.cfg,not_validated,GeckoPlatform_EFR32MG1B_DFP,4.4.0,https://www.silabs.com/documents/public/cmsis-packs/SiliconLabs.GeckoPlatform_EFR32MG1B_DFP.pdsc
Silicon Labs,EFR32MG1B Series,EFR32MG1B132,EFR32MG1B132F256GJ43,cmsis_device_name,tcl/target/silabs/series1.cfg,not_validated,GeckoPlatform_EFR32MG1B_DFP,4.4.0,https://www.silabs.com/documents/public/cmsis-packs/SiliconLabs.GeckoPlatform_EFR32MG1B_DFP.pdsc
Silicon Labs,EFR32MG1B Series,EFR32MG1B132,EFR32MG1B132F256GM32,cmsis_device_name,tcl/target/silabs/series1.cfg,not_validated,GeckoPlatform_EFR32MG1B_DFP,4.4.0,https://www.silabs.com/documents/public/cmsis-packs/SiliconLabs.GeckoPlatform_EFR32MG1B_DFP.pdsc
Silicon Labs,EFR32MG1B Series,EFR32MG1B132,EFR32MG1B132F256GM48,cmsis_device_name,tcl/target/silabs/series1.cfg,not_validated,GeckoPlatform_EFR32MG1B_DFP,4.4.0,https://www.silabs.com/documents/public/cmsis-packs/SiliconLabs.GeckoPlatform_EFR32MG1B_DFP.pdsc
Silicon Labs,EFR32MG1B Series,EFR32MG1B231,EFR32MG1B231F256GM32,cmsis_device_name,tcl/target/silabs/series1.cfg,not_validated,GeckoPlatform_EFR32MG1B_DFP,4.4.0,https://www.silabs.com/documents/public/cmsis-packs/SiliconLabs.GeckoPlatform_EFR32MG1B_DFP.pdsc
Silicon Labs,EFR32MG1B Series,EFR32MG1B231,EFR32MG1B231F256GM48,cmsis_device_name,tcl/target/silabs/series1.cfg,not_validated,GeckoPlatform_EFR32MG1B_DFP,4.4.0,https://www.silabs.com/documents/public/cmsis-packs/SiliconLabs.GeckoPlatform_EFR32MG1B_DFP.pdsc
Silicon Labs,EFR32MG1B Series,EFR32MG1B232,EFR32MG1B232F256GJ43,cmsis_device_name,tcl/target/silabs/series1.cfg,not_validated,GeckoPlatform_EFR32MG1B_DFP,4.4.0,https://www.silabs.com/documents/public/cmsis-packs/SiliconLabs.GeckoPlatform_EFR32MG1B_DFP.pdsc
Silicon Labs,EFR32MG1B Series,EFR32MG1B232,EFR32MG1B232F256GM32,cmsis_device_name,tcl/target/silabs/series1.cfg,not_validated,GeckoPlatform_EFR32MG1B_DFP,4.4.0,https://www.silabs.com/documents/public/cmsis-packs/SiliconLabs.GeckoPlatform_EFR32MG1B_DFP.pdsc
Silicon Labs,EFR32MG1B Series,EFR32MG1B232,EFR32MG1B232F256GM48,cmsis_device_name,tcl/target/silabs/series1.cfg,not_validated,GeckoPlatform_EFR32MG1B_DFP,4.4.0,https://www.silabs.com/documents/public/cmsis-packs/SiliconLabs.GeckoPlatform_EFR32MG1B_DFP.pdsc
Silicon Labs,EFR32MG1B Series,EFR32MG1B232,EFR32MG1B232F256IM48,cmsis_device_name,tcl/target/silabs/series1.cfg,not_validated,GeckoPlatform_EFR32MG1B_DFP,4.4.0,https://www.silabs.com/documents/public/cmsis-packs/SiliconLabs.GeckoPlatform_EFR32MG1B_DFP.pdsc
Silicon Labs,EFR32MG1B Series,EFR32MG1B632,EFR32MG1B632F256GM32,cmsis_device_name,tcl/target/silabs/series1.cfg,not_validated,GeckoPlatform_EFR32MG1B_DFP,4.4.0,https://www.silabs.com/documents/public/cmsis-packs/SiliconLabs.GeckoPlatform_EFR32MG1B_DFP.pdsc
Silicon Labs,EFR32MG1B Series,EFR32MG1B632,EFR32MG1B632F256IM32,cmsis_device_name,tcl/target/silabs/series1.cfg,not_validated,GeckoPlatform_EFR32MG1B_DFP,4.4.0,https://www.silabs.com/documents/public/cmsis-packs/SiliconLabs.GeckoPlatform_EFR32MG1B_DFP.pdsc
Silicon Labs,EFR32MG1B Series,EFR32MG1B732,EFR32MG1B732F256GM32,cmsis_device_name,tcl/target/silabs/series1.cfg,not_validated,GeckoPlatform_EFR32MG1B_DFP,4.4.0,https://www.silabs.com/documents/public/cmsis-packs/SiliconLabs.GeckoPlatform_EFR32MG1B_DFP.pdsc
Silicon Labs,EFR32MG1B Series,EFR32MG1B732,EFR32MG1B732F256IM32,cmsis_device_name,tcl/target/silabs/series1.cfg,not_validated,GeckoPlatform_EFR32MG1B_DFP,4.4.0,https://www.silabs.com/documents/public/cmsis-packs/SiliconLabs.GeckoPlatform_EFR32MG1B_DFP.pdsc
Silicon Labs,EFR32MG1P Series,EFR32MG1P131,EFR32MG1P131F256GM48,cmsis_device_name,tcl/target/silabs/series1.cfg,not_validated,GeckoPlatform_EFR32MG1P_DFP,4.4.0,https://www.silabs.com/documents/public/cmsis-packs/SiliconLabs.GeckoPlatform_EFR32MG1P_DFP.pdsc
Silicon Labs,EFR32MG1P Series,EFR32MG1P132,EFR32MG1P132F256GJ43,cmsis_device_name,tcl/target/silabs/series1.cfg,not_validated,GeckoPlatform_EFR32MG1P_DFP,4.4.0,https://www.silabs.com/documents/public/cmsis-packs/SiliconLabs.GeckoPlatform_EFR32MG1P_DFP.pdsc
Silicon Labs,EFR32MG1P Series,EFR32MG1P132,EFR32MG1P132F256GM32,cmsis_device_name,tcl/target/silabs/series1.cfg,not_validated,GeckoPlatform_EFR32MG1P_DFP,4.4.0,https://www.silabs.com/documents/public/cmsis-packs/SiliconLabs.GeckoPlatform_EFR32MG1P_DFP.pdsc
Silicon Labs,EFR32MG1P Series,EFR32MG1P132,EFR32MG1P132F256GM48,cmsis_device_name,tcl/target/silabs/series1.cfg,not_validated,GeckoPlatform_EFR32MG1P_DFP,4.4.0,https://www.silabs.com/documents/public/cmsis-packs/SiliconLabs.GeckoPlatform_EFR32MG1P_DFP.pdsc
Silicon Labs,EFR32MG1P Series,EFR32MG1P132,EFR32MG1P132F256IM32,cmsis_device_name,tcl/target/silabs/series1.cfg,not_validated,GeckoPlatform_EFR32MG1P_DFP,4.4.0,https://www.silabs.com/documents/public/cmsis-packs/SiliconLabs.GeckoPlatform_EFR32MG1P_DFP.pdsc
Silicon Labs,EFR32MG1P Series,EFR32MG1P132,EFR32MG1P132F256IM48,cmsis_device_name,tcl/target/silabs/series1.cfg,not_validated,GeckoPlatform_EFR32MG1P_DFP,4.4.0,https://www.silabs.com/documents/public/cmsis-packs/SiliconLabs.GeckoPlatform_EFR32MG1P_DFP.pdsc
Silicon Labs,EFR32MG1P Series,EFR32MG1P133,EFR32MG1P133F256GM48,cmsis_device_name,tcl/target/silabs/series1.cfg,not_validated,GeckoPlatform_EFR32MG1P_DFP,4.4.0,https://www.silabs.com/documents/public/cmsis-packs/SiliconLabs.GeckoPlatform_EFR32MG1P_DFP.pdsc
Silicon Labs,EFR32MG1P Series,EFR32MG1P231,EFR32MG1P231F256GM48,cmsis_device_name,tcl/target/silabs/series1.cfg,not_validated,GeckoPlatform_EFR32MG1P_DFP,4.4.0,https://www.silabs.com/documents/public/cmsis-packs/SiliconLabs.GeckoPlatform_EFR32MG1P_DFP.pdsc
Silicon Labs,EFR32MG1P Series,EFR32MG1P232,EFR32MG1P232F256GJ43,cmsis_device_name,tcl/target/silabs/series1.cfg,not_validated,GeckoPlatform_EFR32MG1P_DFP,4.4.0,https://www.silabs.com/documents/public/cmsis-packs/SiliconLabs.GeckoPlatform_EFR32MG1P_DFP.pdsc
Silicon Labs,EFR32MG1P Series,EFR32MG1P232,EFR32MG1P232F256GM32,cmsis_device_name,tcl/target/silabs/series1.cfg,not_validated,GeckoPlatform_EFR32MG1P_DFP,4.4.0,https://www.silabs.com/documents/public/cmsis-packs/SiliconLabs.GeckoPlatform_EFR32MG1P_DFP.pdsc
Silicon Labs,EFR32MG1P Series,EFR32MG1P232,EFR32MG1P232F256GM48,cmsis_device_name,tcl/target/silabs/series1.cfg,not_validated,GeckoPlatform_EFR32MG1P_DFP,4.4.0,https://www.silabs.com/documents/public/cmsis-packs/SiliconLabs.GeckoPlatform_EFR32MG1P_DFP.pdsc
Silicon Labs,EFR32MG1P Series,EFR32MG1P232,EFR32MG1P232F256IM32,cmsis_device_name,tcl/target/silabs/series1.cfg,not_validated,GeckoPlatform_EFR32MG1P_DFP,4.4.0,https://www.silabs.com/documents/public/cmsis-packs/SiliconLabs.GeckoPlatform_EFR32MG1P_DFP.pdsc
Silicon Labs,EFR32MG1P Series,EFR32MG1P232,EFR32MG1P232F256IM48,cmsis_device_name,tcl/target/silabs/series1.cfg,not_validated,GeckoPlatform_EFR32MG1P_DFP,4.4.0,https://www.silabs.com/documents/public/cmsis-packs/SiliconLabs.GeckoPlatform_EFR32MG1P_DFP.pdsc
Silicon Labs,EFR32MG1P Series,EFR32MG1P233,EFR32MG1P233F256GM48,cmsis_device_name,tcl/target/silabs/series1.cfg,not_validated,GeckoPlatform_EFR32MG1P_DFP,4.4.0,https://www.silabs.com/documents/public/cmsis-packs/SiliconLabs.GeckoPlatform_EFR32MG1P_DFP.pdsc
Silicon Labs,EFR32MG1P Series,EFR32MG1P233,EFR32MG1P233F256IM48,cmsis_device_name,tcl/target/silabs/series1.cfg,not_validated,GeckoPlatform_EFR32MG1P_DFP,4.4.0,https://www.silabs.com/documents/public/cmsis-packs/SiliconLabs.GeckoPlatform_EFR32MG1P_DFP.pdsc
Silicon Labs,EFR32MG1P Series,EFR32MG1P632,EFR32MG1P632F256GM32,cmsis_device_name,tcl/target/silabs/series1.cfg,not_validated,GeckoPlatform_EFR32MG1P_DFP,4.4.0,https://www.silabs.com/documents/public/cmsis-packs/SiliconLabs.GeckoPlatform_EFR32MG1P_DFP.pdsc
Silicon Labs,EFR32MG1P Series,EFR32MG1P632,EFR32MG1P632F256IM32,cmsis_device_name,tcl/target/silabs/series1.cfg,not_validated,GeckoPlatform_EFR32MG1P_DFP,4.4.0,https://www.silabs.com/documents/public/cmsis-packs/SiliconLabs.GeckoPlatform_EFR32MG1P_DFP.pdsc
Silicon Labs,EFR32MG1P Series,EFR32MG1P732,EFR32MG1P732F256GM32,cmsis_device_name,tcl/target/silabs/series1.cfg,not_validated,GeckoPlatform_EFR32MG1P_DFP,4.4.0,https://www.silabs.com/documents/public/cmsis-packs/SiliconLabs.GeckoPlatform_EFR32MG1P_DFP.pdsc
Silicon Labs,EFR32MG1P Series,EFR32MG1P732,EFR32MG1P732F256IM32,cmsis_device_name,tcl/target/silabs/series1.cfg,not_validated,GeckoPlatform_EFR32MG1P_DFP,4.4.0,https://www.silabs.com/documents/public/cmsis-packs/SiliconLabs.GeckoPlatform_EFR32MG1P_DFP.pdsc
Silicon Labs,EFR32MG1V Series,EFR32MG1V131,EFR32MG1V131F256GM32,cmsis_device_name,tcl/target/silabs/series1.cfg,not_validated,GeckoPlatform_EFR32MG1V_DFP,4.4.0,https://www.silabs.com/documents/public/cmsis-packs/SiliconLabs.GeckoPlatform_EFR32MG1V_DFP.pdsc
Silicon Labs,EFR32MG1V Series,EFR32MG1V131,EFR32MG1V131F256GM48,cmsis_device_name,tcl/target/silabs/series1.cfg,not_validated,GeckoPlatform_EFR32MG1V_DFP,4.4.0,https://www.silabs.com/documents/public/cmsis-packs/SiliconLabs.GeckoPlatform_EFR32MG1V_DFP.pdsc
Silicon Labs,EFR32MG1V Series,EFR32MG1V132,EFR32MG1V132F256GM32,cmsis_device_name,tcl/target/silabs/series1.cfg,not_validated,GeckoPlatform_EFR32MG1V_DFP,4.4.0,https://www.silabs.com/documents/public/cmsis-packs/SiliconLabs.GeckoPlatform_EFR32MG1V_DFP.pdsc
Silicon Labs,EFR32MG1V Series,EFR32MG1V132,EFR32MG1V132F256GM48,cmsis_device_name,tcl/target/silabs/series1.cfg,not_validated,GeckoPlatform_EFR32MG1V_DFP,4.4.0,https://www.silabs.com/documents/public/cmsis-packs/SiliconLabs.GeckoPlatform_EFR32MG1V_DFP.pdsc
Silicon Labs,EFR32MG21 Series,EFR32MG21A010,EFR32MG21A010F1024IM32,cmsis_device_name,tcl/target/silabs/xg21.cfg,not_validated,GeckoPlatform_EFR32MG21_DFP,2025.12.1,https://www.silabs.com/documents/public/cmsis-packs/SiliconLabs.GeckoPlatform_EFR32MG21_DFP.pdsc
Silicon Labs,EFR32MG21 Series,EFR32MG21A010,EFR32MG21A010F512IM32,cmsis_device_name,tcl/target/silabs/xg21.cfg,not_validated,GeckoPlatform_EFR32MG21_DFP,2025.12.1,https://www.silabs.com/documents/public/cmsis-packs/SiliconLabs.GeckoPlatform_EFR32MG21_DFP.pdsc
Silicon Labs,EFR32MG21 Series,EFR32MG21A010,EFR32MG21A010F768IM32,cmsis_device_name,tcl/target/silabs/xg21.cfg,not_validated,GeckoPlatform_EFR32MG21_DFP,2025.12.1,https://www.silabs.com/documents/public/cmsis-packs/SiliconLabs.GeckoPlatform_EFR32MG21_DFP.pdsc
Silicon Labs,EFR32MG21 Series,EFR32MG21A020,EFR32MG21A020F1024IM32,cmsis_device_name,tcl/target/silabs/xg21.cfg,not_validated,GeckoPlatform_EFR32MG21_DFP,2025.12.1,https://www.silabs.com/documents/public/cmsis-packs/SiliconLabs.GeckoPlatform_EFR32MG21_DFP.pdsc
Silicon Labs,EFR32MG21 Series,EFR32MG21A020,EFR32MG21A020F512IM32,cmsis_device_name,tcl/target/silabs/xg21.cfg,not_validated,GeckoPlatform_EFR32MG21_DFP,2025.12.1,https://www.silabs.com/documents/public/cmsis-packs/SiliconLabs.GeckoPlatform_EFR32MG21_DFP.pdsc
Silicon Labs,EFR32MG21 Series,EFR32MG21A020,EFR32MG21A020F768IM32,cmsis_device_name,tcl/target/silabs/xg21.cfg,not_validated,GeckoPlatform_EFR32MG21_DFP,2025.12.1,https://www.silabs.com/documents/public/cmsis-packs/SiliconLabs.GeckoPlatform_EFR32MG21_DFP.pdsc
Silicon Labs,EFR32MG21 Series,EFR32MG21B010,EFR32MG21B010F1024IM32,cmsis_device_name,tcl/target/silabs/xg21.cfg,not_validated,GeckoPlatform_EFR32MG21_DFP,2025.12.1,https://www.silabs.com/documents/public/cmsis-packs/SiliconLabs.GeckoPlatform_EFR32MG21_DFP.pdsc
Silicon Labs,EFR32MG21 Series,EFR32MG21B010,EFR32MG21B010F512IM32,cmsis_device_name,tcl/target/silabs/xg21.cfg,not_validated,GeckoPlatform_EFR32MG21_DFP,2025.12.1,https://www.silabs.com/documents/public/cmsis-packs/SiliconLabs.GeckoPlatform_EFR32MG21_DFP.pdsc
Silicon Labs,EFR32MG21 Series,EFR32MG21B010,EFR32MG21B010F768IM32,cmsis_device_name,tcl/target/silabs/xg21.cfg,not_validated,GeckoPlatform_EFR32MG21_DFP,2025.12.1,https://www.silabs.com/documents/public/cmsis-packs/SiliconLabs.GeckoPlatform_EFR32MG21_DFP.pdsc
Silicon Labs,EFR32MG21 Series,EFR32MG21B020,EFR32MG21B020F1024IM32,cmsis_device_name,tcl/target/silabs/xg21.cfg,not_validated,GeckoPlatform_EFR32MG21_DFP,2025.12.1,https://www.silabs.com/documents/public/cmsis-packs/SiliconLabs.GeckoPlatform_EFR32MG21_DFP.pdsc
Silicon Labs,EFR32MG21 Series,EFR32MG21B020,EFR32MG21B020F512IM32,cmsis_device_name,tcl/target/silabs/xg21.cfg,not_validated,GeckoPlatform_EFR32MG21_DFP,2025.12.1,https://www.silabs.com/documents/public/cmsis-packs/SiliconLabs.GeckoPlatform_EFR32MG21_DFP.pdsc
Silicon Labs,EFR32MG21 Series,EFR32MG21B020,EFR32MG21B020F768IM32,cmsis_device_name,tcl/target/silabs/xg21.cfg,not_validated,GeckoPlatform_EFR32MG21_DFP,2025.12.1,https://www.silabs.com/documents/public/cmsis-packs/SiliconLabs.GeckoPlatform_EFR32MG21_DFP.pdsc
Silicon Labs,EFR32MG24 Series,EFR32MG24A010,EFR32MG24A010F1024IM40,cmsis_device_name,tcl/target/silabs/xg24.cfg,not_validated,GeckoPlatform_EFR32MG24_DFP,2025.12.1,https://www.silabs.com/documents/public/cmsis-packs/SiliconLabs.GeckoPlatform_EFR32MG24_DFP.pdsc
Silicon Labs,EFR32MG24 Series,EFR32MG24A010,EFR32MG24A010F1024IM48,cmsis_device_name,tcl/target/silabs/xg24.cfg,not_validated,GeckoPlatform_EFR32MG24_DFP,2025.12.1,https://www.silabs.com/documents/public/cmsis-packs/SiliconLabs.GeckoPlatform_EFR32MG24_DFP.pdsc
Silicon Labs,EFR32MG24 Series,EFR32MG24A010,EFR32MG24A010F1536GM40,cmsis_device_name,tcl/target/silabs/xg24.cfg,not_validated,GeckoPlatform_EFR32MG24_DFP,2025.12.1,https://www.silabs.com/documents/public/cmsis-packs/SiliconLabs.GeckoPlatform_EFR32MG24_DFP.pdsc
Silicon Labs,EFR32MG24 Series,EFR32MG24A010,EFR32MG24A010F1536GM48,cmsis_device_name,tcl/target/silabs/xg24.cfg,not_validated,GeckoPlatform_EFR32MG24_DFP,2025.12.1,https://www.silabs.com/documents/public/cmsis-packs/SiliconLabs.GeckoPlatform_EFR32MG24_DFP.pdsc
Silicon Labs,EFR32MG24 Series,EFR32MG24A010,EFR32MG24A010F1536IM40,cmsis_device_name,tcl/target/silabs/xg24.cfg,not_validated,GeckoPlatform_EFR32MG24_DFP,2025.12.1,https://www.silabs.com/documents/public/cmsis-packs/SiliconLabs.GeckoPlatform_EFR32MG24_DFP.pdsc
Silicon Labs,EFR32MG24 Series,EFR32MG24A010,EFR32MG24A010F1536IM48,cmsis_device_name,tcl/target/silabs/xg24.cfg,not_validated,GeckoPlatform_EFR32MG24_DFP,2025.12.1,https://www.silabs.com/documents/public/cmsis-packs/SiliconLabs.GeckoPlatform_EFR32MG24_DFP.pdsc
Silicon Labs,EFR32MG24 Series,EFR32MG24A010,EFR32MG24A010F768IM40,cmsis_device_name,tcl/target/silabs/xg24.cfg,not_validated,GeckoPlatform_EFR32MG24_DFP,2025.12.1,https://www.silabs.com/documents/public/cmsis-packs/SiliconLabs.GeckoPlatform_EFR32MG24_DFP.pdsc
Silicon Labs,EFR32MG24 Series,EFR32MG24A010,EFR32MG24A010F768IM48,cmsis_device_name,tcl/target/silabs/xg24.cfg,not_validated,GeckoPlatform_EFR32MG24_DFP,2025.12.1,https://www.silabs.com/documents/public/cmsis-packs/SiliconLabs.GeckoPlatform_EFR32MG24_DFP.pdsc
Silicon Labs,EFR32MG24 Series,EFR32MG24A020,EFR32MG24A020F1024IM40,cmsis_device_name,tcl/target/silabs/xg24.cfg,not_validated,GeckoPlatform_EFR32MG24_DFP,2025.12.1,https://www.silabs.com/documents/public/cmsis-packs/SiliconLabs.GeckoPlatform_EFR32MG24_DFP.pdsc
Silicon Labs,EFR32MG24 Series,EFR32MG24A020,EFR32MG24A020F1024IM48,cmsis_device_name,tcl/target/silabs/xg24.cfg,not_validated,GeckoPlatform_EFR32MG24_DFP,2025.12.1,https://www.silabs.com/documents/public/cmsis-packs/SiliconLabs.GeckoPlatform_EFR32MG24_DFP.pdsc
Silicon Labs,EFR32MG24 Series,EFR32MG24A020,EFR32MG24A020F1536GM40,cmsis_device_name,tcl/target/silabs/xg24.cfg,not_validated,GeckoPlatform_EFR32MG24_DFP,2025.12.1,https://www.silabs.com/documents/public/cmsis-packs/SiliconLabs.GeckoPlatform_EFR32MG24_DFP.pdsc
Silicon Labs,EFR32MG24 Series,EFR32MG24A020,EFR32MG24A020F1536GM48,cmsis_device_name,tcl/target/silabs/xg24.cfg,not_validated,GeckoPlatform_EFR32MG24_DFP,2025.12.1,https://www.silabs.com/documents/public/cmsis-packs/SiliconLabs.GeckoPlatform_EFR32MG24_DFP.pdsc
Silicon Labs,EFR32MG24 Series,EFR32MG24A020,EFR32MG24A020F1536IM40,cmsis_device_name,tcl/target/silabs/xg24.cfg,not_validated,GeckoPlatform_EFR32MG24_DFP,2025.12.1,https://www.silabs.com/documents/public/cmsis-packs/SiliconLabs.GeckoPlatform_EFR32MG24_DFP.pdsc
Silicon Labs,EFR32MG24 Series,EFR32MG24A020,EFR32MG24A020F1536IM48,cmsis_device_name,tcl/target/silabs/xg24.cfg,not_validated,GeckoPlatform_EFR32MG24_DFP,2025.12.1,https://www.silabs.com/documents/public/cmsis-packs/SiliconLabs.GeckoPlatform_EFR32MG24_DFP.pdsc
Silicon Labs,EFR32MG24 Series,EFR32MG24A020,EFR32MG24A020F768IM40,cmsis_device_name,tcl/target/silabs/xg24.cfg,not_validated,GeckoPlatform_EFR32MG24_DFP,2025.12.1,https://www.silabs.com/documents/public/cmsis-packs/SiliconLabs.GeckoPlatform_EFR32MG24_DFP.pdsc
Silicon Labs,EFR32MG24 Series,EFR32MG24A021,EFR32MG24A021F1024IM40,cmsis_device_name,tcl/target/silabs/xg24.cfg,not_validated,GeckoPlatform_EFR32MG24_DFP,2025.12.1,https://www.silabs.com/documents/public/cmsis-packs/SiliconLabs.GeckoPlatform_EFR32MG24_DFP.pdsc
Silicon Labs,EFR32MG24 Series,EFR32MG24A110,EFR32MG24A110F1024IM48,cmsis_device_name,tcl/target/silabs/xg24.cfg,not_validated,GeckoPlatform_EFR32MG24_DFP,2025.12.1,https://www.silabs.com/documents/public/cmsis-packs/SiliconLabs.GeckoPlatform_EFR32MG24_DFP.pdsc
Silicon Labs,EFR32MG24 Series,EFR32MG24A110,EFR32MG24A110F1536GM48,cmsis_device_name,tcl/target/silabs/xg24.cfg,not_validated,GeckoPlatform_EFR32MG24_DFP,2025.12.1,https://www.silabs.com/documents/public/cmsis-packs/SiliconLabs.GeckoPlatform_EFR32MG24_DFP.pdsc
Silicon Labs,EFR32MG24 Series,EFR32MG24A111,EFR32MG24A111F1536GM48,cmsis_device_name,tcl/target/silabs/xg24.cfg,not_validated,GeckoPlatform_EFR32MG24_DFP,2025.12.1,https://www.silabs.com/documents/public/cmsis-packs/SiliconLabs.GeckoPlatform_EFR32MG24_DFP.pdsc
Silicon Labs,EFR32MG24 Series,EFR32MG24A120,EFR32MG24A120F1536GM48,cmsis_device_name,tcl/target/silabs/xg24.cfg,not_validated,GeckoPlatform_EFR32MG24_DFP,2025.12.1,https://www.silabs.com/documents/public/cmsis-packs/SiliconLabs.GeckoPlatform_EFR32MG24_DFP.pdsc
Silicon Labs,EFR32MG24 Series,EFR32MG24A121,EFR32MG24A121F1536GM48,cmsis_device_name,tcl/target/silabs/xg24.cfg,not_validated,GeckoPlatform_EFR32MG24_DFP,2025.12.1,https://www.silabs.com/documents/public/cmsis-packs/SiliconLabs.GeckoPlatform_EFR32MG24_DFP.pdsc
Silicon Labs,EFR32MG24 Series,EFR32MG24A410,EFR32MG24A410F1536IM40,cmsis_device_name,tcl/target/silabs/xg24.cfg,not_validated,GeckoPlatform_EFR32MG24_DFP,2025.12.1,https://www.silabs.com/documents/public/cmsis-packs/SiliconLabs.GeckoPlatform_EFR32MG24_DFP.pdsc
Silicon Labs,EFR32MG24 Series,EFR32MG24A410,EFR32MG24A410F1536IM48,cmsis_device_name,tcl/target/silabs/xg24.cfg,not_validated,GeckoPlatform_EFR32MG24_DFP,2025.12.1,https://www.silabs.com/documents/public/cmsis-packs/SiliconLabs.GeckoPlatform_EFR32MG24_DFP.pdsc
Silicon Labs,EFR32MG24 Series,EFR32MG24A420,EFR32MG24A420F1536IM40,cmsis_device_name,tcl/target/silabs/xg24.cfg,not_validated,GeckoPlatform_EFR32MG24_DFP,2025.12.1,https://www.silabs.com/documents/public/cmsis-packs/SiliconLabs.GeckoPlatform_EFR32MG24_DFP.pdsc
Silicon Labs,EFR32MG24 Series,EFR32MG24A420,EFR32MG24A420F1536IM48,cmsis_device_name,tcl/target/silabs/xg24.cfg,not_validated,GeckoPlatform_EFR32MG24_DFP,2025.12.1,https://www.silabs.com/documents/public/cmsis-packs/SiliconLabs.GeckoPlatform_EFR32MG24_DFP.pdsc
Silicon Labs,EFR32MG24 Series,EFR32MG24A610,EFR32MG24A610F1536IM40,cmsis_device_name,tcl/target/silabs/xg24.cfg,not_validated,GeckoPlatform_EFR32MG24_DFP,2025.12.1,https://www.silabs.com/documents/public/cmsis-packs/SiliconLabs.GeckoPlatform_EFR32MG24_DFP.pdsc
Silicon Labs,EFR32MG24 Series,EFR32MG24A620,EFR32MG24A620F1536IM40,cmsis_device_name,tcl/target/silabs/xg24.cfg,not_validated,GeckoPlatform_EFR32MG24_DFP,2025.12.1,https://www.silabs.com/documents/public/cmsis-packs/SiliconLabs.GeckoPlatform_EFR32MG24_DFP.pdsc
Silicon Labs,EFR32MG24 Series,EFR32MG24B010,EFR32MG24B010F1024IM48,cmsis_device_name,tcl/target/silabs/xg24.cfg,not_validated,GeckoPlatform_EFR32MG24_DFP,2025.12.1,https://www.silabs.com/documents/public/cmsis-packs/SiliconLabs.GeckoPlatform_EFR32MG24_DFP.pdsc
Silicon Labs,EFR32MG24 Series,EFR32MG24B010,EFR32MG24B010F1536IM40,cmsis_device_name,tcl/target/silabs/xg24.cfg,not_validated,GeckoPlatform_EFR32MG24_DFP,2025.12.1,https://www.silabs.com/documents/public/cmsis-packs/SiliconLabs.GeckoPlatform_EFR32MG24_DFP.pdsc
Silicon Labs,EFR32MG24 Series,EFR32MG24B010,EFR32MG24B010F1536IM48,cmsis_device_name,tcl/target/silabs/xg24.cfg,not_validated,GeckoPlatform_EFR32MG24_DFP,2025.12.1,https://www.silabs.com/documents/public/cmsis-packs/SiliconLabs.GeckoPlatform_EFR32MG24_DFP.pdsc
Silicon Labs,EFR32MG24 Series,EFR32MG24B020,EFR32MG24B020F1024IM48,cmsis_device_name,tcl/target/silabs/xg24.cfg,not_validated,GeckoPlatform_EFR32MG24_DFP,2025.12.1,https://www.silabs.com/documents/public/cmsis-packs/SiliconLabs.GeckoPlatform_EFR32MG24_DFP.pdsc
Silicon Labs,EFR32MG24 Series,EFR32MG24B020,EFR32MG24B020F1536IM40,cmsis_device_name,tcl/target/silabs/xg24.cfg,not_validated,GeckoPlatform_EFR32MG24_DFP,2025.12.1,https://www.silabs.com/documents/public/cmsis-packs/SiliconLabs.GeckoPlatform_EFR32MG24_DFP.pdsc
Silicon Labs,EFR32MG24 Series,EFR32MG24B020,EFR32MG24B020F1536IM48,cmsis_device_name,tcl/target/silabs/xg24.cfg,not_validated,GeckoPlatform_EFR32MG24_DFP,2025.12.1,https://www.silabs.com/documents/public/cmsis-packs/SiliconLabs.GeckoPlatform_EFR32MG24_DFP.pdsc
Silicon Labs,EFR32MG24 Series,EFR32MG24B110,EFR32MG24B110F1536GM48,cmsis_device_name,tcl/target/silabs/xg24.cfg,not_validated,GeckoPlatform_EFR32MG24_DFP,2025.12.1,https://www.silabs.com/documents/public/cmsis-packs/SiliconLabs.GeckoPlatform_EFR32MG24_DFP.pdsc
Silicon Labs,EFR32MG24 Series,EFR32MG24B110,EFR32MG24B110F1536IM48,cmsis_device_name,tcl/target/silabs/xg24.cfg,not_validated,GeckoPlatform_EFR32MG24_DFP,2025.12.1,https://www.silabs.com/documents/public/cmsis-packs/SiliconLabs.GeckoPlatform_EFR32MG24_DFP.pdsc
Silicon Labs,EFR32MG24 Series,EFR32MG24B120,EFR32MG24B120F1536IM48,cmsis_device_name,tcl/target/silabs/xg24.cfg,not_validated,GeckoPlatform_EFR32MG24_DFP,2025.12.1,https://www.silabs.com/documents/public/cmsis-packs/SiliconLabs.GeckoPlatform_EFR32MG24_DFP.pdsc
Silicon Labs,EFR32MG24 Series,EFR32MG24B210,EFR32MG24B210F1536IM40,cmsis_device_name,tcl/target/silabs/xg24.cfg,not_validated,GeckoPlatform_EFR32MG24_DFP,2025.12.1,https://www.silabs.com/documents/public/cmsis-packs/SiliconLabs.GeckoPlatform_EFR32MG24_DFP.pdsc
Silicon Labs,EFR32MG24 Series,EFR32MG24B210,EFR32MG24B210F1536IM48,cmsis_device_name,tcl/target/silabs/xg24.cfg,not_validated,GeckoPlatform_EFR32MG24_DFP,2025.12.1,https://www.silabs.com/documents/public/cmsis-packs/SiliconLabs.GeckoPlatform_EFR32MG24_DFP.pdsc
Silicon Labs,EFR32MG24 Series,EFR32MG24B220,EFR32MG24B220F1536IM48,cmsis_device_name,tcl/target/silabs/xg24.cfg,not_validated,GeckoPlatform_EFR32MG24_DFP,2025.12.1,https://www.silabs.com/documents/public/cmsis-packs/SiliconLabs.GeckoPlatform_EFR32MG24_DFP.pdsc
Silicon Labs,EFR32MG24 Series,EFR32MG24B310,EFR32MG24B310F1536IM48,cmsis_device_name,tcl/target/silabs/xg24.cfg,not_validated,GeckoPlatform_EFR32MG24_DFP,2025.12.1,https://www.silabs.com/documents/public/cmsis-packs/SiliconLabs.GeckoPlatform_EFR32MG24_DFP.pdsc
Silicon Labs,EFR32MG24 Series,EFR32MG24B610,EFR32MG24B610F1536IM40,cmsis_device_name,tcl/target/silabs/xg24.cfg,not_validated,GeckoPlatform_EFR32MG24_DFP,2025.12.1,https://www.silabs.com/documents/public/cmsis-packs/SiliconLabs.GeckoPlatform_EFR32MG24_DFP.pdsc
Silicon Labs,EFR32MG26 Series,EFR32MG26B211,EFR32MG26B211F2048IM68,cmsis_device_name,tcl/target/silabs/xg26.cfg,not_validated,GeckoPlatform_EFR32MG26_DFP,2025.12.1,https://www.silabs.com/documents/public/cmsis-packs/SiliconLabs.GeckoPlatform_EFR32MG26_DFP.pdsc
Silicon Labs,EFR32MG26 Series,EFR32MG26B211,EFR32MG26B211F3200IM48,cmsis_device_name,tcl/target/silabs/xg26.cfg,not_validated,GeckoPlatform_EFR32MG26_DFP,2025.12.1,https://www.silabs.com/documents/public/cmsis-packs/SiliconLabs.GeckoPlatform_EFR32MG26_DFP.pdsc
Silicon Labs,EFR32MG26 Series,EFR32MG26B221,EFR32MG26B221F2048IM68,cmsis_device_name,tcl/target/silabs/xg26.cfg,not_validated,GeckoPlatform_EFR32MG26_DFP,2025.12.1,https://www.silabs.com/documents/public/cmsis-packs/SiliconLabs.GeckoPlatform_EFR32MG26_DFP.pdsc
Silicon Labs,EFR32MG26 Series,EFR32MG26B221,EFR32MG26B221F3200IM48,cmsis_device_name,tcl/target/silabs/xg26.cfg,not_validated,GeckoPlatform_EFR32MG26_DFP,2025.12.1,https://www.silabs.com/documents/public/cmsis-packs/SiliconLabs.GeckoPlatform_EFR32MG26_DFP.pdsc
Silicon Labs,EFR32MG26 Series,EFR32MG26B311,EFR32MG26B311F3200IL136,cmsis_device_name,tcl/target/silabs/xg26.cfg,not_validated,GeckoPlatform_EFR32MG26_DFP,2025.12.1,https://www.silabs.com/documents/public/cmsis-packs/SiliconLabs.GeckoPlatform_EFR32MG26_DFP.pdsc
Silicon Labs,EFR32MG26 Series,EFR32MG26B410,EFR32MG26B410F3200IM48,cmsis_device_name,tcl/target/silabs/xg26.cfg,not_validated,GeckoPlatform_EFR32MG26_DFP,2025.12.1,https://www.silabs.com/documents/public/cmsis-packs/SiliconLabs.GeckoPlatform_EFR32MG26_DFP.pdsc
Silicon Labs,EFR32MG26 Series,EFR32MG26B410,EFR32MG26B410F3200IM68,cmsis_device_name,tcl/target/silabs/xg26.cfg,not_validated,GeckoPlatform_EFR32MG26_DFP,2025.12.1,https://www.silabs.com/documents/public/cmsis-packs/SiliconLabs.GeckoPlatform_EFR32MG26_DFP.pdsc
Silicon Labs,EFR32MG26 Series,EFR32MG26B411,EFR32MG26B411F3200IM48,cmsis_device_name,tcl/target/silabs/xg26.cfg,not_validated,GeckoPlatform_EFR32MG26_DFP,2025.12.1,https://www.silabs.com/documents/public/cmsis-packs/SiliconLabs.GeckoPlatform_EFR32MG26_DFP.pdsc
Silicon Labs,EFR32MG26 Series,EFR32MG26B411,EFR32MG26B411F3200IM68,cmsis_device_name,tcl/target/silabs/xg26.cfg,not_validated,GeckoPlatform_EFR32MG26_DFP,2025.12.1,https://www.silabs.com/documents/public/cmsis-packs/SiliconLabs.GeckoPlatform_EFR32MG26_DFP.pdsc
Silicon Labs,EFR32MG26 Series,EFR32MG26B420,EFR32MG26B420F3200IM48,cmsis_device_name,tcl/target/silabs/xg26.cfg,not_validated,GeckoPlatform_EFR32MG26_DFP,2025.12.1,https://www.silabs.com/documents/public/cmsis-packs/SiliconLabs.GeckoPlatform_EFR32MG26_DFP.pdsc
Silicon Labs,EFR32MG26 Series,EFR32MG26B420,EFR32MG26B420F3200IM68,cmsis_device_name,tcl/target/silabs/xg26.cfg,not_validated,GeckoPlatform_EFR32MG26_DFP,2025.12.1,https://www.silabs.com/documents/public/cmsis-packs/SiliconLabs.GeckoPlatform_EFR32MG26_DFP.pdsc
Silicon Labs,EFR32MG26 Series,EFR32MG26B421,EFR32MG26B421F3200IM48,cmsis_device_name,tcl/target/silabs/xg26.cfg,not_validated,GeckoPlatform_EFR32MG26_DFP,2025.12.1,https://www.silabs.com/documents/public/cmsis-packs/SiliconLabs.GeckoPlatform_EFR32MG26_DFP.pdsc
Silicon Labs,EFR32MG26 Series,EFR32MG26B421,EFR32MG26B421F3200IM68,cmsis_device_name,tcl/target/silabs/xg26.cfg,not_validated,GeckoPlatform_EFR32MG26_DFP,2025.12.1,https://www.silabs.com/documents/public/cmsis-packs/SiliconLabs.GeckoPlatform_EFR32MG26_DFP.pdsc
Silicon Labs,EFR32MG26 Series,EFR32MG26B510,EFR32MG26B510F3200IL136,cmsis_device_name,tcl/target/silabs/xg26.cfg,not_validated,GeckoPlatform_EFR32MG26_DFP,2025.12.1,https://www.silabs.com/documents/public/cmsis-packs/SiliconLabs.GeckoPlatform_EFR32MG26_DFP.pdsc
Silicon Labs,EFR32MG26 Series,EFR32MG26B510,EFR32MG26B510F3200IM48,cmsis_device_name,tcl/target/silabs/xg26.cfg,not_validated,GeckoPlatform_EFR32MG26_DFP,2025.12.1,https://www.silabs.com/documents/public/cmsis-packs/SiliconLabs.GeckoPlatform_EFR32MG26_DFP.pdsc
Silicon Labs,EFR32MG26 Series,EFR32MG26B510,EFR32MG26B510F3200IM68,cmsis_device_name,tcl/target/silabs/xg26.cfg,not_validated,GeckoPlatform_EFR32MG26_DFP,2025.12.1,https://www.silabs.com/documents/public/cmsis-packs/SiliconLabs.GeckoPlatform_EFR32MG26_DFP.pdsc
Silicon Labs,EFR32MG26 Series,EFR32MG26B511,EFR32MG26B511F3200IL136,cmsis_device_name,tcl/target/silabs/xg26.cfg,not_validated,GeckoPlatform_EFR32MG26_DFP,2025.12.1,https://www.silabs.com/documents/public/cmsis-packs/SiliconLabs.GeckoPlatform_EFR32MG26_DFP.pdsc
Silicon Labs,EFR32MG26 Series,EFR32MG26B511,EFR32MG26B511F3200IM48,cmsis_device_name,tcl/target/silabs/xg26.cfg,not_validated,GeckoPlatform_EFR32MG26_DFP,2025.12.1,https://www.silabs.com/documents/public/cmsis-packs/SiliconLabs.GeckoPlatform_EFR32MG26_DFP.pdsc
Silicon Labs,EFR32MG26 Series,EFR32MG26B511,EFR32MG26B511F3200IM68,cmsis_device_name,tcl/target/silabs/xg26.cfg,not_validated,GeckoPlatform_EFR32MG26_DFP,2025.12.1,https://www.silabs.com/documents/public/cmsis-packs/SiliconLabs.GeckoPlatform_EFR32MG26_DFP.pdsc
Silicon Labs,EFR32MG26 Series,EFR32MG26B520,EFR32MG26B520F3200IM48,cmsis_device_name,tcl/target/silabs/xg26.cfg,not_validated,GeckoPlatform_EFR32MG26_DFP,2025.12.1,https://www.silabs.com/documents/public/cmsis-packs/SiliconLabs.GeckoPlatform_EFR32MG26_DFP.pdsc
Silicon Labs,EFR32MG26 Series,EFR32MG26B520,EFR32MG26B520F3200IM68,cmsis_device_name,tcl/target/silabs/xg26.cfg,not_validated,GeckoPlatform_EFR32MG26_DFP,2025.12.1,https://www.silabs.com/documents/public/cmsis-packs/SiliconLabs.GeckoPlatform_EFR32MG26_DFP.pdsc
Silicon Labs,EFR32MG26 Series,EFR32MG26B521,EFR32MG26B521F3200IM48,cmsis_device_name,tcl/target/silabs/xg26.cfg,not_validated,GeckoPlatform_EFR32MG26_DFP,2025.12.1,https://www.silabs.com/documents/public/cmsis-packs/SiliconLabs.GeckoPlatform_EFR32MG26_DFP.pdsc
Silicon Labs,EFR32MG26 Series,EFR32MG26B521,EFR32MG26B521F3200IM68,cmsis_device_name,tcl/target/silabs/xg26.cfg,not_validated,GeckoPlatform_EFR32MG26_DFP,2025.12.1,https://www.silabs.com/documents/public/cmsis-packs/SiliconLabs.GeckoPlatform_EFR32MG26_DFP.pdsc
Silicon Labs,EFR32MG26 Series,EFR32MG26B610,EFR32MG26B610F3200IM48,cmsis_device_name,tcl/target/silabs/xg26.cfg,not_validated,GeckoPlatform_EFR32MG26_DFP,2025.12.1,https://www.silabs.com/documents/public/cmsis-packs/SiliconLabs.GeckoPlatform_EFR32MG26_DFP.pdsc
Silicon Labs,EFR32MG26 Series,EFR32MG26B611,EFR32MG26B611F2048IM48,cmsis_device_name,tcl/target/silabs/xg26.cfg,not_validated,GeckoPlatform_EFR32MG26_DFP,2025.12.1,https://www.silabs.com/documents/public/cmsis-packs/SiliconLabs.GeckoPlatform_EFR32MG26_DFP.pdsc
Silicon Labs,EFR32MG29 Series,EFR32MG29B140,EFR32MG29B140F1024IM40,cmsis_device_name,tcl/target/silabs/xg29.cfg,not_validated,GeckoPlatform_EFR32MG29_DFP,2025.12.1,https://www.silabs.com/documents/public/cmsis-packs/SiliconLabs.GeckoPlatform_EFR32MG29_DFP.pdsc
Silicon Labs,EFR32MG29 Series,EFR32MG29B230,EFR32MG29B230F1024CM40,cmsis_device_name,tcl/target/silabs/xg29.cfg,not_validated,GeckoPlatform_EFR32MG29_DFP,2025.12.1,https://www.silabs.com/documents/public/cmsis-packs/SiliconLabs.GeckoPlatform_EFR32MG29_DFP.pdsc
Silicon Labs,EFR32MR21 Series,EFR32MR21A020,EFR32MR21A020F512IM32,cmsis_device_name,tcl/target/silabs/xg21.cfg,not_validated,GeckoPlatform_EFR32MR21_DFP,2025.12.1,https://www.silabs.com/documents/public/cmsis-packs/SiliconLabs.GeckoPlatform_EFR32MR21_DFP.pdsc
Silicon Labs,EFR32SG23 Series,EFR32SG23B020,EFR32SG23B020F512IM40,cmsis_device_name,tcl/target/silabs/xg23.cfg,not_validated,GeckoPlatform_EFR32SG23_DFP,2025.12.1,https://www.silabs.com/documents/public/cmsis-packs/SiliconLabs.GeckoPlatform_EFR32SG23_DFP.pdsc
Silicon Labs,EFR32SG23 Series,EFR32SG23B020,EFR32SG23B020F512IM48,cmsis_device_name,tcl/target/silabs/xg23.cfg,not_validated,GeckoPlatform_EFR32SG23_DFP,2025.12.1,https://www.silabs.com/documents/public/cmsis-packs/SiliconLabs.GeckoPlatform_EFR32SG23_DFP.pdsc
Silicon Labs,EFR32SG28 Series,EFR32SG28B320,EFR32SG28B320F1024IM48,cmsis_device_name,tcl/target/silabs/xg28.cfg,not_validated,GeckoPlatform_EFR32SG28_DFP,2025.12.1,https://www.silabs.com/documents/public/cmsis-packs/SiliconLabs.GeckoPlatform_EFR32SG28_DFP.pdsc
Silicon Labs,EFR32SG28 Series,EFR32SG28B320,EFR32SG28B320F1024IM68,cmsis_device_name,tcl/target/silabs/xg28.cfg,not_validated,GeckoPlatform_EFR32SG28_DFP,2025.12.1,https://www.silabs.com/documents/public/cmsis-packs/SiliconLabs.GeckoPlatform_EFR32SG28_DFP.pdsc
Silicon Labs,EFR32SG28 Series,EFR32SG28B322,EFR32SG28B322F1024IM48,cmsis_device_name,tcl/target/silabs/xg28.cfg,not_validated,GeckoPlatform_EFR32SG28_DFP,2025.12.1,https://www.silabs.com/documents/public/cmsis-packs/SiliconLabs.GeckoPlatform_EFR32SG28_DFP.pdsc
Silicon Labs,EFR32SG28 Series,EFR32SG28B322,EFR32SG28B322F1024IM68,cmsis_device_name,tcl/target/silabs/xg28.cfg,not_validated,GeckoPlatform_EFR32SG28_DFP,2025.12.1,https://www.silabs.com/documents/public/cmsis-packs/SiliconLabs.GeckoPlatform_EFR32SG28_DFP.pdsc
Silicon Labs,EFR32ZG13L Series,EFR32ZG13L231,EFR32ZG13L231F512GM32,cmsis_device_name,tcl/target/silabs/series1.cfg,not_validated,GeckoPlatform_EFR32ZG13L_DFP,4.4.0,https://www.silabs.com/documents/public/cmsis-packs/SiliconLabs.GeckoPlatform_EFR32ZG13L_DFP.pdsc
Silicon Labs,EFR32ZG13L Series,EFR32ZG13L231,EFR32ZG13L231F512IM32,cmsis_device_name,tcl/target/silabs/series1.cfg,not_validated,GeckoPlatform_EFR32ZG13L_DFP,4.4.0,https://www.silabs.com/documents/public/cmsis-packs/SiliconLabs.GeckoPlatform_EFR32ZG13L_DFP.pdsc
Silicon Labs,EFR32ZG13P Series,EFR32ZG13P231,EFR32ZG13P231F512GM64,cmsis_device_name,tcl/target/silabs/series1.cfg,not_validated,GeckoPlatform_EFR32ZG13P_DFP,4.4.0,https://www.silabs.com/documents/public/cmsis-packs/SiliconLabs.GeckoPlatform_EFR32ZG13P_DFP.pdsc
Silicon Labs,EFR32ZG13P Series,EFR32ZG13P531,EFR32ZG13P531F512GM32,cmsis_device_name,tcl/target/silabs/series1.cfg,not_validated,GeckoPlatform_EFR32ZG13P_DFP,4.4.0,https://www.silabs.com/documents/public/cmsis-packs/SiliconLabs.GeckoPlatform_EFR32ZG13P_DFP.pdsc
Silicon Labs,EFR32ZG13P Series,EFR32ZG13P531,EFR32ZG13P531F512GM48,cmsis_device_name,tcl/target/silabs/series1.cfg,not_validated,GeckoPlatform_EFR32ZG13P_DFP,4.4.0,https://www.silabs.com/documents/public/cmsis-packs/SiliconLabs.GeckoPlatform_EFR32ZG13P_DFP.pdsc
Silicon Labs,EFR32ZG13S Series,EFR32ZG13S231,EFR32ZG13S231F512GM32,cmsis_device_name,tcl/target/silabs/series1.cfg,not_validated,GeckoPlatform_EFR32ZG13S_DFP,4.4.0,https://www.silabs.com/documents/public/cmsis-packs/SiliconLabs.GeckoPlatform_EFR32ZG13S_DFP.pdsc
Silicon Labs,EFR32ZG14P Series,EFR32ZG14P231,EFR32ZG14P231F256GM32,cmsis_device_name,tcl/target/silabs/series1.cfg,not_validated,GeckoPlatform_EFR32ZG14P_DFP,4.4.0,https://www.silabs.com/documents/public/cmsis-packs/SiliconLabs.GeckoPlatform_EFR32ZG14P_DFP.pdsc
Silicon Labs,EFR32ZG14P Series,EFR32ZG14P731,EFR32ZG14P731F256GM32,cmsis_device_name,tcl/target/silabs/series1.cfg,not_validated,GeckoPlatform_EFR32ZG14P_DFP,4.4.0,https://www.silabs.com/documents/public/cmsis-packs/SiliconLabs.GeckoPlatform_EFR32ZG14P_DFP.pdsc
Silicon Labs,EFR32ZG23 Series,EFR32ZG23A010,EFR32ZG23A010F512GM40,cmsis_device_name,tcl/target/silabs/xg23.cfg,not_validated,GeckoPlatform_EFR32ZG23_DFP,2025.12.1,https://www.silabs.com/documents/public/cmsis-packs/SiliconLabs.GeckoPlatform_EFR32ZG23_DFP.pdsc
Silicon Labs,EFR32ZG23 Series,EFR32ZG23A010,EFR32ZG23A010F512GM48,cmsis_device_name,tcl/target/silabs/xg23.cfg,not_validated,GeckoPlatform_EFR32ZG23_DFP,2025.12.1,https://www.silabs.com/documents/public/cmsis-packs/SiliconLabs.GeckoPlatform_EFR32ZG23_DFP.pdsc
Silicon Labs,EFR32ZG23 Series,EFR32ZG23A020,EFR32ZG23A020F512GM40,cmsis_device_name,tcl/target/silabs/xg23.cfg,not_validated,GeckoPlatform_EFR32ZG23_DFP,2025.12.1,https://www.silabs.com/documents/public/cmsis-packs/SiliconLabs.GeckoPlatform_EFR32ZG23_DFP.pdsc
Silicon Labs,EFR32ZG23 Series,EFR32ZG23A020,EFR32ZG23A020F512GM48,cmsis_device_name,tcl/target/silabs/xg23.cfg,not_validated,GeckoPlatform_EFR32ZG23_DFP,2025.12.1,https://www.silabs.com/documents/public/cmsis-packs/SiliconLabs.GeckoPlatform_EFR32ZG23_DFP.pdsc
Silicon Labs,EFR32ZG23 Series,EFR32ZG23B010,EFR32ZG23B010F512IM40,cmsis_device_name,tcl/target/silabs/xg23.cfg,not_validated,GeckoPlatform_EFR32ZG23_DFP,2025.12.1,https://www.silabs.com/documents/public/cmsis-packs/SiliconLabs.GeckoPlatform_EFR32ZG23_DFP.pdsc
Silicon Labs,EFR32ZG23 Series,EFR32ZG23B010,EFR32ZG23B010F512IM48,cmsis_device_name,tcl/target/silabs/xg23.cfg,not_validated,GeckoPlatform_EFR32ZG23_DFP,2025.12.1,https://www.silabs.com/documents/public/cmsis-packs/SiliconLabs.GeckoPlatform_EFR32ZG23_DFP.pdsc
Silicon Labs,EFR32ZG23 Series,EFR32ZG23B011,EFR32ZG23B011F512IM40,cmsis_device_name,tcl/target/silabs/xg23.cfg,not_validated,GeckoPlatform_EFR32ZG23_DFP,2025.12.1,https://www.silabs.com/documents/public/cmsis-packs/SiliconLabs.GeckoPlatform_EFR32ZG23_DFP.pdsc
Silicon Labs,EFR32ZG23 Series,EFR32ZG23B020,EFR32ZG23B020F512IM40,cmsis_device_name,tcl/target/silabs/xg23.cfg,not_validated,GeckoPlatform_EFR32ZG23_DFP,2025.12.1,https://www.silabs.com/documents/public/cmsis-packs/SiliconLabs.GeckoPlatform_EFR32ZG23_DFP.pdsc
Silicon Labs,EFR32ZG23 Series,EFR32ZG23B020,EFR32ZG23B020F512IM48,cmsis_device_name,tcl/target/silabs/xg23.cfg,not_validated,GeckoPlatform_EFR32ZG23_DFP,2025.12.1,https://www.silabs.com/documents/public/cmsis-packs/SiliconLabs.GeckoPlatform_EFR32ZG23_DFP.pdsc
Silicon Labs,EFR32ZG23 Series,EFR32ZG23B021,EFR32ZG23B021F512IM40,cmsis_device_name,tcl/target/silabs/xg23.cfg,not_validated,GeckoPlatform_EFR32ZG23_DFP,2025.12.1,https://www.silabs.com/documents/public/cmsis-packs/SiliconLabs.GeckoPlatform_EFR32ZG23_DFP.pdsc
Silicon Labs,EFR32ZG28 Series,EFR32ZG28A110,EFR32ZG28A110F1024GM48,cmsis_device_name,tcl/target/silabs/xg28.cfg,not_validated,GeckoPlatform_EFR32ZG28_DFP,2025.12.1,https://www.silabs.com/documents/public/cmsis-packs/SiliconLabs.GeckoPlatform_EFR32ZG28_DFP.pdsc
Silicon Labs,EFR32ZG28 Series,EFR32ZG28A110,EFR32ZG28A110F1024GM68,cmsis_device_name,tcl/target/silabs/xg28.cfg,not_validated,GeckoPlatform_EFR32ZG28_DFP,2025.12.1,https://www.silabs.com/documents/public/cmsis-packs/SiliconLabs.GeckoPlatform_EFR32ZG28_DFP.pdsc
Silicon Labs,EFR32ZG28 Series,EFR32ZG28A112,EFR32ZG28A112F1024GM48,cmsis_device_name,tcl/target/silabs/xg28.cfg,not_validated,GeckoPlatform_EFR32ZG28_DFP,2025.12.1,https://www.silabs.com/documents/public/cmsis-packs/SiliconLabs.GeckoPlatform_EFR32ZG28_DFP.pdsc
Silicon Labs,EFR32ZG28 Series,EFR32ZG28A112,EFR32ZG28A112F1024GM68,cmsis_device_name,tcl/target/silabs/xg28.cfg,not_validated,GeckoPlatform_EFR32ZG28_DFP,2025.12.1,https://www.silabs.com/documents/public/cmsis-packs/SiliconLabs.GeckoPlatform_EFR32ZG28_DFP.pdsc
Silicon Labs,EFR32ZG28 Series,EFR32ZG28A120,EFR32ZG28A120F1024GM48,cmsis_device_name,tcl/target/silabs/xg28.cfg,not_validated,GeckoPlatform_EFR32ZG28_DFP,2025.12.1,https://www.silabs.com/documents/public/cmsis-packs/SiliconLabs.GeckoPlatform_EFR32ZG28_DFP.pdsc
Silicon Labs,EFR32ZG28 Series,EFR32ZG28A120,EFR32ZG28A120F1024GM68,cmsis_device_name,tcl/target/silabs/xg28.cfg,not_validated,GeckoPlatform_EFR32ZG28_DFP,2025.12.1,https://www.silabs.com/documents/public/cmsis-packs/SiliconLabs.GeckoPlatform_EFR32ZG28_DFP.pdsc
Silicon Labs,EFR32ZG28 Series,EFR32ZG28A122,EFR32ZG28A122F1024GM48,cmsis_device_name,tcl/target/silabs/xg28.cfg,not_validated,GeckoPlatform_EFR32ZG28_DFP,2025.12.1,https://www.silabs.com/documents/public/cmsis-packs/SiliconLabs.GeckoPlatform_EFR32ZG28_DFP.pdsc
Silicon Labs,EFR32ZG28 Series,EFR32ZG28A122,EFR32ZG28A122F1024GM68,cmsis_device_name,tcl/target/silabs/xg28.cfg,not_validated,GeckoPlatform_EFR32ZG28_DFP,2025.12.1,https://www.silabs.com/documents/public/cmsis-packs/SiliconLabs.GeckoPlatform_EFR32ZG28_DFP.pdsc
Silicon Labs,EFR32ZG28 Series,EFR32ZG28B310,EFR32ZG28B310F1024IM48,cmsis_device_name,tcl/target/silabs/xg28.cfg,not_validated,GeckoPlatform_EFR32ZG28_DFP,2025.12.1,https://www.silabs.com/documents/public/cmsis-packs/SiliconLabs.GeckoPlatform_EFR32ZG28_DFP.pdsc
Silicon Labs,EFR32ZG28 Series,EFR32ZG28B310,EFR32ZG28B310F1024IM68,cmsis_device_name,tcl/target/silabs/xg28.cfg,not_validated,GeckoPlatform_EFR32ZG28_DFP,2025.12.1,https://www.silabs.com/documents/public/cmsis-packs/SiliconLabs.GeckoPlatform_EFR32ZG28_DFP.pdsc
Silicon Labs,EFR32ZG28 Series,EFR32ZG28B312,EFR32ZG28B312F1024IM48,cmsis_device_name,tcl/target/silabs/xg28.cfg,not_validated,GeckoPlatform_EFR32ZG28_DFP,2025.12.1,https://www.silabs.com/documents/public/cmsis-packs/SiliconLabs.GeckoPlatform_EFR32ZG28_DFP.pdsc
Silicon Labs,EFR32ZG28 Series,EFR32ZG28B312,EFR32ZG28B312F1024IM68,cmsis_device_name,tcl/target/silabs/xg28.cfg,not_validated,GeckoPlatform_EFR32ZG28_DFP,2025.12.1,https://www.silabs.com/documents/public/cmsis-packs/SiliconLabs.GeckoPlatform_EFR32ZG28_DFP.pdsc
Silicon Labs,EFR32ZG28 Series,EFR32ZG28B320,EFR32ZG28B320F1024IM48,cmsis_device_name,tcl/target/silabs/xg28.cfg,not_validated,GeckoPlatform_EFR32ZG28_DFP,2025.12.1,https://www.silabs.com/documents/public/cmsis-packs/SiliconLabs.GeckoPlatform_EFR32ZG28_DFP.pdsc
Silicon Labs,EFR32ZG28 Series,EFR32ZG28B320,EFR32ZG28B320F1024IM68,cmsis_device_name,tcl/target/silabs/xg28.cfg,not_validated,GeckoPlatform_EFR32ZG28_DFP,2025.12.1,https://www.silabs.com/documents/public/cmsis-packs/SiliconLabs.GeckoPlatform_EFR32ZG28_DFP.pdsc
Silicon Labs,EFR32ZG28 Series,EFR32ZG28B322,EFR32ZG28B322F1024IM48,cmsis_device_name,tcl/target/silabs/xg28.cfg,not_validated,GeckoPlatform_EFR32ZG28_DFP,2025.12.1,https://www.silabs.com/documents/public/cmsis-packs/SiliconLabs.GeckoPlatform_EFR32ZG28_DFP.pdsc
Silicon Labs,EFR32ZG28 Series,EFR32ZG28B322,EFR32ZG28B322F1024IM68,cmsis_device_name,tcl/target/silabs/xg28.cfg,not_validated,GeckoPlatform_EFR32ZG28_DFP,2025.12.1,https://www.silabs.com/documents/public/cmsis-packs/SiliconLabs.GeckoPlatform_EFR32ZG28_DFP.pdsc
Silicon Labs,EZR32HG Series,EZR32HG220,EZR32HG220F32R55,cmsis_device_name,tcl/target/efm32.cfg,not_validated,GeckoPlatform_EZR32HG_DFP,4.4.0,https://www.silabs.com/documents/public/cmsis-packs/SiliconLabs.GeckoPlatform_EZR32HG_DFP.pdsc
Silicon Labs,EZR32HG Series,EZR32HG220,EZR32HG220F32R60,cmsis_device_name,tcl/target/efm32.cfg,not_validated,GeckoPlatform_EZR32HG_DFP,4.4.0,https://www.silabs.com/documents/public/cmsis-packs/SiliconLabs.GeckoPlatform_EZR32HG_DFP.pdsc
Silicon Labs,EZR32HG Series,EZR32HG220,EZR32HG220F32R61,cmsis_device_name,tcl/target/efm32.cfg,not_validated,GeckoPlatform_EZR32HG_DFP,4.4.0,https://www.silabs.com/documents/public/cmsis-packs/SiliconLabs.GeckoPlatform_EZR32HG_DFP.pdsc
Silicon Labs,EZR32HG Series,EZR32HG220,EZR32HG220F32R63,cmsis_device_name,tcl/target/efm32.cfg,not_validated,GeckoPlatform_EZR32HG_DFP,4.4.0,https://www.silabs.com/documents/public/cmsis-packs/SiliconLabs.GeckoPlatform_EZR32HG_DFP.pdsc
Silicon Labs,EZR32HG Series,EZR32HG220,EZR32HG220F32R67,cmsis_device_name,tcl/target/efm32.cfg,not_validated,GeckoPlatform_EZR32HG_DFP,4.4.0,https://www.silabs.com/documents/public/cmsis-packs/SiliconLabs.GeckoPlatform_EZR32HG_DFP.pdsc
Silicon Labs,EZR32HG Series,EZR32HG220,EZR32HG220F32R68,cmsis_device_name,tcl/target/efm32.cfg,not_validated,GeckoPlatform_EZR32HG_DFP,4.4.0,https://www.silabs.com/documents/public/cmsis-packs/SiliconLabs.GeckoPlatform_EZR32HG_DFP.pdsc
Silicon Labs,EZR32HG Series,EZR32HG220,EZR32HG220F32R69,cmsis_device_name,tcl/target/efm32.cfg,not_validated,GeckoPlatform_EZR32HG_DFP,4.4.0,https://www.silabs.com/documents/public/cmsis-packs/SiliconLabs.GeckoPlatform_EZR32HG_DFP.pdsc
Silicon Labs,EZR32HG Series,EZR32HG220,EZR32HG220F64R55,cmsis_device_name,tcl/target/efm32.cfg,not_validated,GeckoPlatform_EZR32HG_DFP,4.4.0,https://www.silabs.com/documents/public/cmsis-packs/SiliconLabs.GeckoPlatform_EZR32HG_DFP.pdsc
Silicon Labs,EZR32HG Series,EZR32HG220,EZR32HG220F64R60,cmsis_device_name,tcl/target/efm32.cfg,not_validated,GeckoPlatform_EZR32HG_DFP,4.4.0,https://www.silabs.com/documents/public/cmsis-packs/SiliconLabs.GeckoPlatform_EZR32HG_DFP.pdsc
Silicon Labs,EZR32HG Series,EZR32HG220,EZR32HG220F64R61,cmsis_device_name,tcl/target/efm32.cfg,not_validated,GeckoPlatform_EZR32HG_DFP,4.4.0,https://www.silabs.com/documents/public/cmsis-packs/SiliconLabs.GeckoPlatform_EZR32HG_DFP.pdsc
Silicon Labs,EZR32HG Series,EZR32HG220,EZR32HG220F64R63,cmsis_device_name,tcl/target/efm32.cfg,not_validated,GeckoPlatform_EZR32HG_DFP,4.4.0,https://www.silabs.com/documents/public/cmsis-packs/SiliconLabs.GeckoPlatform_EZR32HG_DFP.pdsc
Silicon Labs,EZR32HG Series,EZR32HG220,EZR32HG220F64R67,cmsis_device_name,tcl/target/efm32.cfg,not_validated,GeckoPlatform_EZR32HG_DFP,4.4.0,https://www.silabs.com/documents/public/cmsis-packs/SiliconLabs.GeckoPlatform_EZR32HG_DFP.pdsc
Silicon Labs,EZR32HG Series,EZR32HG220,EZR32HG220F64R68,cmsis_device_name,tcl/target/efm32.cfg,not_validated,GeckoPlatform_EZR32HG_DFP,4.4.0,https://www.silabs.com/documents/public/cmsis-packs/SiliconLabs.GeckoPlatform_EZR32HG_DFP.pdsc
Silicon Labs,EZR32HG Series,EZR32HG220,EZR32HG220F64R69,cmsis_device_name,tcl/target/efm32.cfg,not_validated,GeckoPlatform_EZR32HG_DFP,4.4.0,https://www.silabs.com/documents/public/cmsis-packs/SiliconLabs.GeckoPlatform_EZR32HG_DFP.pdsc
Silicon Labs,EZR32HG Series,EZR32HG320,EZR32HG320F32R55,cmsis_device_name,tcl/target/efm32.cfg,not_validated,GeckoPlatform_EZR32HG_DFP,4.4.0,https://www.silabs.com/documents/public/cmsis-packs/SiliconLabs.GeckoPlatform_EZR32HG_DFP.pdsc
Silicon Labs,EZR32HG Series,EZR32HG320,EZR32HG320F32R60,cmsis_device_name,tcl/target/efm32.cfg,not_validated,GeckoPlatform_EZR32HG_DFP,4.4.0,https://www.silabs.com/documents/public/cmsis-packs/SiliconLabs.GeckoPlatform_EZR32HG_DFP.pdsc
Silicon Labs,EZR32HG Series,EZR32HG320,EZR32HG320F32R61,cmsis_device_name,tcl/target/efm32.cfg,not_validated,GeckoPlatform_EZR32HG_DFP,4.4.0,https://www.silabs.com/documents/public/cmsis-packs/SiliconLabs.GeckoPlatform_EZR32HG_DFP.pdsc
Silicon Labs,EZR32HG Series,EZR32HG320,EZR32HG320F32R63,cmsis_device_name,tcl/target/efm32.cfg,not_validated,GeckoPlatform_EZR32HG_DFP,4.4.0,https://www.silabs.com/documents/public/cmsis-packs/SiliconLabs.GeckoPlatform_EZR32HG_DFP.pdsc
Silicon Labs,EZR32HG Series,EZR32HG320,EZR32HG320F32R67,cmsis_device_name,tcl/target/efm32.cfg,not_validated,GeckoPlatform_EZR32HG_DFP,4.4.0,https://www.silabs.com/documents/public/cmsis-packs/SiliconLabs.GeckoPlatform_EZR32HG_DFP.pdsc
Silicon Labs,EZR32HG Series,EZR32HG320,EZR32HG320F32R68,cmsis_device_name,tcl/target/efm32.cfg,not_validated,GeckoPlatform_EZR32HG_DFP,4.4.0,https://www.silabs.com/documents/public/cmsis-packs/SiliconLabs.GeckoPlatform_EZR32HG_DFP.pdsc
Silicon Labs,EZR32HG Series,EZR32HG320,EZR32HG320F32R69,cmsis_device_name,tcl/target/efm32.cfg,not_validated,GeckoPlatform_EZR32HG_DFP,4.4.0,https://www.silabs.com/documents/public/cmsis-packs/SiliconLabs.GeckoPlatform_EZR32HG_DFP.pdsc
Silicon Labs,EZR32HG Series,EZR32HG320,EZR32HG320F64R55,cmsis_device_name,tcl/target/efm32.cfg,not_validated,GeckoPlatform_EZR32HG_DFP,4.4.0,https://www.silabs.com/documents/public/cmsis-packs/SiliconLabs.GeckoPlatform_EZR32HG_DFP.pdsc
Silicon Labs,EZR32HG Series,EZR32HG320,EZR32HG320F64R60,cmsis_device_name,tcl/target/efm32.cfg,not_validated,GeckoPlatform_EZR32HG_DFP,4.4.0,https://www.silabs.com/documents/public/cmsis-packs/SiliconLabs.GeckoPlatform_EZR32HG_DFP.pdsc
Silicon Labs,EZR32HG Series,EZR32HG320,EZR32HG320F64R61,cmsis_device_name,tcl/target/efm32.cfg,not_validated,GeckoPlatform_EZR32HG_DFP,4.4.0,https://www.silabs.com/documents/public/cmsis-packs/SiliconLabs.GeckoPlatform_EZR32HG_DFP.pdsc
Silicon Labs,EZR32HG Series,EZR32HG320,EZR32HG320F64R63,cmsis_device_name,tcl/target/efm32.cfg,not_validated,GeckoPlatform_EZR32HG_DFP,4.4.0,https://www.silabs.com/documents/public/cmsis-packs/SiliconLabs.GeckoPlatform_EZR32HG_DFP.pdsc
Silicon Labs,EZR32HG Series,EZR32HG320,EZR32HG320F64R67,cmsis_device_name,tcl/target/efm32.cfg,not_validated,GeckoPlatform_EZR32HG_DFP,4.4.0,https://www.silabs.com/documents/public/cmsis-packs/SiliconLabs.GeckoPlatform_EZR32HG_DFP.pdsc
Silicon Labs,EZR32HG Series,EZR32HG320,EZR32HG320F64R68,cmsis_device_name,tcl/target/efm32.cfg,not_validated,GeckoPlatform_EZR32HG_DFP,4.4.0,https://www.silabs.com/documents/public/cmsis-packs/SiliconLabs.GeckoPlatform_EZR32HG_DFP.pdsc
Silicon Labs,EZR32HG Series,EZR32HG320,EZR32HG320F64R69,cmsis_device_name,tcl/target/efm32.cfg,not_validated,GeckoPlatform_EZR32HG_DFP,4.4.0,https://www.silabs.com/documents/public/cmsis-packs/SiliconLabs.GeckoPlatform_EZR32HG_DFP.pdsc
Silicon Labs,EZR32LG Series,EZR32LG230,EZR32LG230F128R55,cmsis_device_name,tcl/target/efm32.cfg,not_validated,GeckoPlatform_EZR32LG_DFP,4.4.0,https://www.silabs.com/documents/public/cmsis-packs/SiliconLabs.GeckoPlatform_EZR32LG_DFP.pdsc
Silicon Labs,EZR32LG Series,EZR32LG230,EZR32LG230F128R60,cmsis_device_name,tcl/target/efm32.cfg,not_validated,GeckoPlatform_EZR32LG_DFP,4.4.0,https://www.silabs.com/documents/public/cmsis-packs/SiliconLabs.GeckoPlatform_EZR32LG_DFP.pdsc
Silicon Labs,EZR32LG Series,EZR32LG230,EZR32LG230F128R61,cmsis_device_name,tcl/target/efm32.cfg,not_validated,GeckoPlatform_EZR32LG_DFP,4.4.0,https://www.silabs.com/documents/public/cmsis-packs/SiliconLabs.GeckoPlatform_EZR32LG_DFP.pdsc
Silicon Labs,EZR32LG Series,EZR32LG230,EZR32LG230F128R63,cmsis_device_name,tcl/target/efm32.cfg,not_validated,GeckoPlatform_EZR32LG_DFP,4.4.0,https://www.silabs.com/documents/public/cmsis-packs/SiliconLabs.GeckoPlatform_EZR32LG_DFP.pdsc
Silicon Labs,EZR32LG Series,EZR32LG230,EZR32LG230F128R67,cmsis_device_name,tcl/target/efm32.cfg,not_validated,GeckoPlatform_EZR32LG_DFP,4.4.0,https://www.silabs.com/documents/public/cmsis-packs/SiliconLabs.GeckoPlatform_EZR32LG_DFP.pdsc
Silicon Labs,EZR32LG Series,EZR32LG230,EZR32LG230F128R68,cmsis_device_name,tcl/target/efm32.cfg,not_validated,GeckoPlatform_EZR32LG_DFP,4.4.0,https://www.silabs.com/documents/public/cmsis-packs/SiliconLabs.GeckoPlatform_EZR32LG_DFP.pdsc
Silicon Labs,EZR32LG Series,EZR32LG230,EZR32LG230F128R69,cmsis_device_name,tcl/target/efm32.cfg,not_validated,GeckoPlatform_EZR32LG_DFP,4.4.0,https://www.silabs.com/documents/public/cmsis-packs/SiliconLabs.GeckoPlatform_EZR32LG_DFP.pdsc
Silicon Labs,EZR32LG Series,EZR32LG230,EZR32LG230F256R55,cmsis_device_name,tcl/target/efm32.cfg,not_validated,GeckoPlatform_EZR32LG_DFP,4.4.0,https://www.silabs.com/documents/public/cmsis-packs/SiliconLabs.GeckoPlatform_EZR32LG_DFP.pdsc
Silicon Labs,EZR32LG Series,EZR32LG230,EZR32LG230F256R60,cmsis_device_name,tcl/target/efm32.cfg,not_validated,GeckoPlatform_EZR32LG_DFP,4.4.0,https://www.silabs.com/documents/public/cmsis-packs/SiliconLabs.GeckoPlatform_EZR32LG_DFP.pdsc
Silicon Labs,EZR32LG Series,EZR32LG230,EZR32LG230F256R61,cmsis_device_name,tcl/target/efm32.cfg,not_validated,GeckoPlatform_EZR32LG_DFP,4.4.0,https://www.silabs.com/documents/public/cmsis-packs/SiliconLabs.GeckoPlatform_EZR32LG_DFP.pdsc
Silicon Labs,EZR32LG Series,EZR32LG230,EZR32LG230F256R63,cmsis_device_name,tcl/target/efm32.cfg,not_validated,GeckoPlatform_EZR32LG_DFP,4.4.0,https://www.silabs.com/documents/public/cmsis-packs/SiliconLabs.GeckoPlatform_EZR32LG_DFP.pdsc
Silicon Labs,EZR32LG Series,EZR32LG230,EZR32LG230F256R67,cmsis_device_name,tcl/target/efm32.cfg,not_validated,GeckoPlatform_EZR32LG_DFP,4.4.0,https://www.silabs.com/documents/public/cmsis-packs/SiliconLabs.GeckoPlatform_EZR32LG_DFP.pdsc
Silicon Labs,EZR32LG Series,EZR32LG230,EZR32LG230F256R68,cmsis_device_name,tcl/target/efm32.cfg,not_validated,GeckoPlatform_EZR32LG_DFP,4.4.0,https://www.silabs.com/documents/public/cmsis-packs/SiliconLabs.GeckoPlatform_EZR32LG_DFP.pdsc
Silicon Labs,EZR32LG Series,EZR32LG230,EZR32LG230F256R69,cmsis_device_name,tcl/target/efm32.cfg,not_validated,GeckoPlatform_EZR32LG_DFP,4.4.0,https://www.silabs.com/documents/public/cmsis-packs/SiliconLabs.GeckoPlatform_EZR32LG_DFP.pdsc
Silicon Labs,EZR32LG Series,EZR32LG230,EZR32LG230F64R55,cmsis_device_name,tcl/target/efm32.cfg,not_validated,GeckoPlatform_EZR32LG_DFP,4.4.0,https://www.silabs.com/documents/public/cmsis-packs/SiliconLabs.GeckoPlatform_EZR32LG_DFP.pdsc
Silicon Labs,EZR32LG Series,EZR32LG230,EZR32LG230F64R60,cmsis_device_name,tcl/target/efm32.cfg,not_validated,GeckoPlatform_EZR32LG_DFP,4.4.0,https://www.silabs.com/documents/public/cmsis-packs/SiliconLabs.GeckoPlatform_EZR32LG_DFP.pdsc
Silicon Labs,EZR32LG Series,EZR32LG230,EZR32LG230F64R61,cmsis_device_name,tcl/target/efm32.cfg,not_validated,GeckoPlatform_EZR32LG_DFP,4.4.0,https://www.silabs.com/documents/public/cmsis-packs/SiliconLabs.GeckoPlatform_EZR32LG_DFP.pdsc
Silicon Labs,EZR32LG Series,EZR32LG230,EZR32LG230F64R63,cmsis_device_name,tcl/target/efm32.cfg,not_validated,GeckoPlatform_EZR32LG_DFP,4.4.0,https://www.silabs.com/documents/public/cmsis-packs/SiliconLabs.GeckoPlatform_EZR32LG_DFP.pdsc
Silicon Labs,EZR32LG Series,EZR32LG230,EZR32LG230F64R67,cmsis_device_name,tcl/target/efm32.cfg,not_validated,GeckoPlatform_EZR32LG_DFP,4.4.0,https://www.silabs.com/documents/public/cmsis-packs/SiliconLabs.GeckoPlatform_EZR32LG_DFP.pdsc
Silicon Labs,EZR32LG Series,EZR32LG230,EZR32LG230F64R68,cmsis_device_name,tcl/target/efm32.cfg,not_validated,GeckoPlatform_EZR32LG_DFP,4.4.0,https://www.silabs.com/documents/public/cmsis-packs/SiliconLabs.GeckoPlatform_EZR32LG_DFP.pdsc
Silicon Labs,EZR32LG Series,EZR32LG230,EZR32LG230F64R69,cmsis_device_name,tcl/target/efm32.cfg,not_validated,GeckoPlatform_EZR32LG_DFP,4.4.0,https://www.silabs.com/documents/public/cmsis-packs/SiliconLabs.GeckoPlatform_EZR32LG_DFP.pdsc
Silicon Labs,EZR32LG Series,EZR32LG330,EZR32LG330F128R55,cmsis_device_name,tcl/target/efm32.cfg,not_validated,GeckoPlatform_EZR32LG_DFP,4.4.0,https://www.silabs.com/documents/public/cmsis-packs/SiliconLabs.GeckoPlatform_EZR32LG_DFP.pdsc
Silicon Labs,EZR32LG Series,EZR32LG330,EZR32LG330F128R60,cmsis_device_name,tcl/target/efm32.cfg,not_validated,GeckoPlatform_EZR32LG_DFP,4.4.0,https://www.silabs.com/documents/public/cmsis-packs/SiliconLabs.GeckoPlatform_EZR32LG_DFP.pdsc
Silicon Labs,EZR32LG Series,EZR32LG330,EZR32LG330F128R61,cmsis_device_name,tcl/target/efm32.cfg,not_validated,GeckoPlatform_EZR32LG_DFP,4.4.0,https://www.silabs.com/documents/public/cmsis-packs/SiliconLabs.GeckoPlatform_EZR32LG_DFP.pdsc
Silicon Labs,EZR32LG Series,EZR32LG330,EZR32LG330F128R63,cmsis_device_name,tcl/target/efm32.cfg,not_validated,GeckoPlatform_EZR32LG_DFP,4.4.0,https://www.silabs.com/documents/public/cmsis-packs/SiliconLabs.GeckoPlatform_EZR32LG_DFP.pdsc
Silicon Labs,EZR32LG Series,EZR32LG330,EZR32LG330F128R67,cmsis_device_name,tcl/target/efm32.cfg,not_validated,GeckoPlatform_EZR32LG_DFP,4.4.0,https://www.silabs.com/documents/public/cmsis-packs/SiliconLabs.GeckoPlatform_EZR32LG_DFP.pdsc
Silicon Labs,EZR32LG Series,EZR32LG330,EZR32LG330F128R68,cmsis_device_name,tcl/target/efm32.cfg,not_validated,GeckoPlatform_EZR32LG_DFP,4.4.0,https://www.silabs.com/documents/public/cmsis-packs/SiliconLabs.GeckoPlatform_EZR32LG_DFP.pdsc
Silicon Labs,EZR32LG Series,EZR32LG330,EZR32LG330F128R69,cmsis_device_name,tcl/target/efm32.cfg,not_validated,GeckoPlatform_EZR32LG_DFP,4.4.0,https://www.silabs.com/documents/public/cmsis-packs/SiliconLabs.GeckoPlatform_EZR32LG_DFP.pdsc
Silicon Labs,EZR32LG Series,EZR32LG330,EZR32LG330F256R55,cmsis_device_name,tcl/target/efm32.cfg,not_validated,GeckoPlatform_EZR32LG_DFP,4.4.0,https://www.silabs.com/documents/public/cmsis-packs/SiliconLabs.GeckoPlatform_EZR32LG_DFP.pdsc
Silicon Labs,EZR32LG Series,EZR32LG330,EZR32LG330F256R60,cmsis_device_name,tcl/target/efm32.cfg,not_validated,GeckoPlatform_EZR32LG_DFP,4.4.0,https://www.silabs.com/documents/public/cmsis-packs/SiliconLabs.GeckoPlatform_EZR32LG_DFP.pdsc
Silicon Labs,EZR32LG Series,EZR32LG330,EZR32LG330F256R61,cmsis_device_name,tcl/target/efm32.cfg,not_validated,GeckoPlatform_EZR32LG_DFP,4.4.0,https://www.silabs.com/documents/public/cmsis-packs/SiliconLabs.GeckoPlatform_EZR32LG_DFP.pdsc
Silicon Labs,EZR32LG Series,EZR32LG330,EZR32LG330F256R63,cmsis_device_name,tcl/target/efm32.cfg,not_validated,GeckoPlatform_EZR32LG_DFP,4.4.0,https://www.silabs.com/documents/public/cmsis-packs/SiliconLabs.GeckoPlatform_EZR32LG_DFP.pdsc
Silicon Labs,EZR32LG Series,EZR32LG330,EZR32LG330F256R67,cmsis_device_name,tcl/target/efm32.cfg,not_validated,GeckoPlatform_EZR32LG_DFP,4.4.0,https://www.silabs.com/documents/public/cmsis-packs/SiliconLabs.GeckoPlatform_EZR32LG_DFP.pdsc
Silicon Labs,EZR32LG Series,EZR32LG330,EZR32LG330F256R68,cmsis_device_name,tcl/target/efm32.cfg,not_validated,GeckoPlatform_EZR32LG_DFP,4.4.0,https://www.silabs.com/documents/public/cmsis-packs/SiliconLabs.GeckoPlatform_EZR32LG_DFP.pdsc
Silicon Labs,EZR32LG Series,EZR32LG330,EZR32LG330F256R69,cmsis_device_name,tcl/target/efm32.cfg,not_validated,GeckoPlatform_EZR32LG_DFP,4.4.0,https://www.silabs.com/documents/public/cmsis-packs/SiliconLabs.GeckoPlatform_EZR32LG_DFP.pdsc
Silicon Labs,EZR32LG Series,EZR32LG330,EZR32LG330F64R55,cmsis_device_name,tcl/target/efm32.cfg,not_validated,GeckoPlatform_EZR32LG_DFP,4.4.0,https://www.silabs.com/documents/public/cmsis-packs/SiliconLabs.GeckoPlatform_EZR32LG_DFP.pdsc
Silicon Labs,EZR32LG Series,EZR32LG330,EZR32LG330F64R60,cmsis_device_name,tcl/target/efm32.cfg,not_validated,GeckoPlatform_EZR32LG_DFP,4.4.0,https://www.silabs.com/documents/public/cmsis-packs/SiliconLabs.GeckoPlatform_EZR32LG_DFP.pdsc
Silicon Labs,EZR32LG Series,EZR32LG330,EZR32LG330F64R61,cmsis_device_name,tcl/target/efm32.cfg,not_validated,GeckoPlatform_EZR32LG_DFP,4.4.0,https://www.silabs.com/documents/public/cmsis-packs/SiliconLabs.GeckoPlatform_EZR32LG_DFP.pdsc
Silicon Labs,EZR32LG Series,EZR32LG330,EZR32LG330F64R63,cmsis_device_name,tcl/target/efm32.cfg,not_validated,GeckoPlatform_EZR32LG_DFP,4.4.0,https://www.silabs.com/documents/public/cmsis-packs/SiliconLabs.GeckoPlatform_EZR32LG_DFP.pdsc
Silicon Labs,EZR32LG Series,EZR32LG330,EZR32LG330F64R67,cmsis_device_name,tcl/target/efm32.cfg,not_validated,GeckoPlatform_EZR32LG_DFP,4.4.0,https://www.silabs.com/documents/public/cmsis-packs/SiliconLabs.GeckoPlatform_EZR32LG_DFP.pdsc
Silicon Labs,EZR32LG Series,EZR32LG330,EZR32LG330F64R68,cmsis_device_name,tcl/target/efm32.cfg,not_validated,GeckoPlatform_EZR32LG_DFP,4.4.0,https://www.silabs.com/documents/public/cmsis-packs/SiliconLabs.GeckoPlatform_EZR32LG_DFP.pdsc
Silicon Labs,EZR32LG Series,EZR32LG330,EZR32LG330F64R69,cmsis_device_name,tcl/target/efm32.cfg,not_validated,GeckoPlatform_EZR32LG_DFP,4.4.0,https://www.silabs.com/documents/public/cmsis-packs/SiliconLabs.GeckoPlatform_EZR32LG_DFP.pdsc
Silicon Labs,EZR32WG Series,EZR32WG230,EZR32WG230F128R55,cmsis_device_name,tcl/target/efm32.cfg,not_validated,GeckoPlatform_EZR32WG_DFP,4.4.0,https://www.silabs.com/documents/public/cmsis-packs/SiliconLabs.GeckoPlatform_EZR32WG_DFP.pdsc
Silicon Labs,EZR32WG Series,EZR32WG230,EZR32WG230F128R60,cmsis_device_name,tcl/target/efm32.cfg,not_validated,GeckoPlatform_EZR32WG_DFP,4.4.0,https://www.silabs.com/documents/public/cmsis-packs/SiliconLabs.GeckoPlatform_EZR32WG_DFP.pdsc
Silicon Labs,EZR32WG Series,EZR32WG230,EZR32WG230F128R61,cmsis_device_name,tcl/target/efm32.cfg,not_validated,GeckoPlatform_EZR32WG_DFP,4.4.0,https://www.silabs.com/documents/public/cmsis-packs/SiliconLabs.GeckoPlatform_EZR32WG_DFP.pdsc
Silicon Labs,EZR32WG Series,EZR32WG230,EZR32WG230F128R63,cmsis_device_name,tcl/target/efm32.cfg,not_validated,GeckoPlatform_EZR32WG_DFP,4.4.0,https://www.silabs.com/documents/public/cmsis-packs/SiliconLabs.GeckoPlatform_EZR32WG_DFP.pdsc
Silicon Labs,EZR32WG Series,EZR32WG230,EZR32WG230F128R67,cmsis_device_name,tcl/target/efm32.cfg,not_validated,GeckoPlatform_EZR32WG_DFP,4.4.0,https://www.silabs.com/documents/public/cmsis-packs/SiliconLabs.GeckoPlatform_EZR32WG_DFP.pdsc
Silicon Labs,EZR32WG Series,EZR32WG230,EZR32WG230F128R68,cmsis_device_name,tcl/target/efm32.cfg,not_validated,GeckoPlatform_EZR32WG_DFP,4.4.0,https://www.silabs.com/documents/public/cmsis-packs/SiliconLabs.GeckoPlatform_EZR32WG_DFP.pdsc
Silicon Labs,EZR32WG Series,EZR32WG230,EZR32WG230F128R69,cmsis_device_name,tcl/target/efm32.cfg,not_validated,GeckoPlatform_EZR32WG_DFP,4.4.0,https://www.silabs.com/documents/public/cmsis-packs/SiliconLabs.GeckoPlatform_EZR32WG_DFP.pdsc
Silicon Labs,EZR32WG Series,EZR32WG230,EZR32WG230F256R55,cmsis_device_name,tcl/target/efm32.cfg,not_validated,GeckoPlatform_EZR32WG_DFP,4.4.0,https://www.silabs.com/documents/public/cmsis-packs/SiliconLabs.GeckoPlatform_EZR32WG_DFP.pdsc
Silicon Labs,EZR32WG Series,EZR32WG230,EZR32WG230F256R60,cmsis_device_name,tcl/target/efm32.cfg,not_validated,GeckoPlatform_EZR32WG_DFP,4.4.0,https://www.silabs.com/documents/public/cmsis-packs/SiliconLabs.GeckoPlatform_EZR32WG_DFP.pdsc
Silicon Labs,EZR32WG Series,EZR32WG230,EZR32WG230F256R61,cmsis_device_name,tcl/target/efm32.cfg,not_validated,GeckoPlatform_EZR32WG_DFP,4.4.0,https://www.silabs.com/documents/public/cmsis-packs/SiliconLabs.GeckoPlatform_EZR32WG_DFP.pdsc
Silicon Labs,EZR32WG Series,EZR32WG230,EZR32WG230F256R63,cmsis_device_name,tcl/target/efm32.cfg,not_validated,GeckoPlatform_EZR32WG_DFP,4.4.0,https://www.silabs.com/documents/public/cmsis-packs/SiliconLabs.GeckoPlatform_EZR32WG_DFP.pdsc
Silicon Labs,EZR32WG Series,EZR32WG230,EZR32WG230F256R67,cmsis_device_name,tcl/target/efm32.cfg,not_validated,GeckoPlatform_EZR32WG_DFP,4.4.0,https://www.silabs.com/documents/public/cmsis-packs/SiliconLabs.GeckoPlatform_EZR32WG_DFP.pdsc
Silicon Labs,EZR32WG Series,EZR32WG230,EZR32WG230F256R68,cmsis_device_name,tcl/target/efm32.cfg,not_validated,GeckoPlatform_EZR32WG_DFP,4.4.0,https://www.silabs.com/documents/public/cmsis-packs/SiliconLabs.GeckoPlatform_EZR32WG_DFP.pdsc
Silicon Labs,EZR32WG Series,EZR32WG230,EZR32WG230F256R69,cmsis_device_name,tcl/target/efm32.cfg,not_validated,GeckoPlatform_EZR32WG_DFP,4.4.0,https://www.silabs.com/documents/public/cmsis-packs/SiliconLabs.GeckoPlatform_EZR32WG_DFP.pdsc
Silicon Labs,EZR32WG Series,EZR32WG230,EZR32WG230F64R55,cmsis_device_name,tcl/target/efm32.cfg,not_validated,GeckoPlatform_EZR32WG_DFP,4.4.0,https://www.silabs.com/documents/public/cmsis-packs/SiliconLabs.GeckoPlatform_EZR32WG_DFP.pdsc
Silicon Labs,EZR32WG Series,EZR32WG230,EZR32WG230F64R60,cmsis_device_name,tcl/target/efm32.cfg,not_validated,GeckoPlatform_EZR32WG_DFP,4.4.0,https://www.silabs.com/documents/public/cmsis-packs/SiliconLabs.GeckoPlatform_EZR32WG_DFP.pdsc
Silicon Labs,EZR32WG Series,EZR32WG230,EZR32WG230F64R61,cmsis_device_name,tcl/target/efm32.cfg,not_validated,GeckoPlatform_EZR32WG_DFP,4.4.0,https://www.silabs.com/documents/public/cmsis-packs/SiliconLabs.GeckoPlatform_EZR32WG_DFP.pdsc
Silicon Labs,EZR32WG Series,EZR32WG230,EZR32WG230F64R63,cmsis_device_name,tcl/target/efm32.cfg,not_validated,GeckoPlatform_EZR32WG_DFP,4.4.0,https://www.silabs.com/documents/public/cmsis-packs/SiliconLabs.GeckoPlatform_EZR32WG_DFP.pdsc
Silicon Labs,EZR32WG Series,EZR32WG230,EZR32WG230F64R67,cmsis_device_name,tcl/target/efm32.cfg,not_validated,GeckoPlatform_EZR32WG_DFP,4.4.0,https://www.silabs.com/documents/public/cmsis-packs/SiliconLabs.GeckoPlatform_EZR32WG_DFP.pdsc
Silicon Labs,EZR32WG Series,EZR32WG230,EZR32WG230F64R68,cmsis_device_name,tcl/target/efm32.cfg,not_validated,GeckoPlatform_EZR32WG_DFP,4.4.0,https://www.silabs.com/documents/public/cmsis-packs/SiliconLabs.GeckoPlatform_EZR32WG_DFP.pdsc
Silicon Labs,EZR32WG Series,EZR32WG230,EZR32WG230F64R69,cmsis_device_name,tcl/target/efm32.cfg,not_validated,GeckoPlatform_EZR32WG_DFP,4.4.0,https://www.silabs.com/documents/public/cmsis-packs/SiliconLabs.GeckoPlatform_EZR32WG_DFP.pdsc
Silicon Labs,EZR32WG Series,EZR32WG330,EZR32WG330F128R55,cmsis_device_name,tcl/target/efm32.cfg,not_validated,GeckoPlatform_EZR32WG_DFP,4.4.0,https://www.silabs.com/documents/public/cmsis-packs/SiliconLabs.GeckoPlatform_EZR32WG_DFP.pdsc
Silicon Labs,EZR32WG Series,EZR32WG330,EZR32WG330F128R60,cmsis_device_name,tcl/target/efm32.cfg,not_validated,GeckoPlatform_EZR32WG_DFP,4.4.0,https://www.silabs.com/documents/public/cmsis-packs/SiliconLabs.GeckoPlatform_EZR32WG_DFP.pdsc
Silicon Labs,EZR32WG Series,EZR32WG330,EZR32WG330F128R61,cmsis_device_name,tcl/target/efm32.cfg,not_validated,GeckoPlatform_EZR32WG_DFP,4.4.0,https://www.silabs.com/documents/public/cmsis-packs/SiliconLabs.GeckoPlatform_EZR32WG_DFP.pdsc
Silicon Labs,EZR32WG Series,EZR32WG330,EZR32WG330F128R63,cmsis_device_name,tcl/target/efm32.cfg,not_validated,GeckoPlatform_EZR32WG_DFP,4.4.0,https://www.silabs.com/documents/public/cmsis-packs/SiliconLabs.GeckoPlatform_EZR32WG_DFP.pdsc
Silicon Labs,EZR32WG Series,EZR32WG330,EZR32WG330F128R67,cmsis_device_name,tcl/target/efm32.cfg,not_validated,GeckoPlatform_EZR32WG_DFP,4.4.0,https://www.silabs.com/documents/public/cmsis-packs/SiliconLabs.GeckoPlatform_EZR32WG_DFP.pdsc
Silicon Labs,EZR32WG Series,EZR32WG330,EZR32WG330F128R68,cmsis_device_name,tcl/target/efm32.cfg,not_validated,GeckoPlatform_EZR32WG_DFP,4.4.0,https://www.silabs.com/documents/public/cmsis-packs/SiliconLabs.GeckoPlatform_EZR32WG_DFP.pdsc
Silicon Labs,EZR32WG Series,EZR32WG330,EZR32WG330F128R69,cmsis_device_name,tcl/target/efm32.cfg,not_validated,GeckoPlatform_EZR32WG_DFP,4.4.0,https://www.silabs.com/documents/public/cmsis-packs/SiliconLabs.GeckoPlatform_EZR32WG_DFP.pdsc
Silicon Labs,EZR32WG Series,EZR32WG330,EZR32WG330F256R55,cmsis_device_name,tcl/target/efm32.cfg,not_validated,GeckoPlatform_EZR32WG_DFP,4.4.0,https://www.silabs.com/documents/public/cmsis-packs/SiliconLabs.GeckoPlatform_EZR32WG_DFP.pdsc
Silicon Labs,EZR32WG Series,EZR32WG330,EZR32WG330F256R60,cmsis_device_name,tcl/target/efm32.cfg,not_validated,GeckoPlatform_EZR32WG_DFP,4.4.0,https://www.silabs.com/documents/public/cmsis-packs/SiliconLabs.GeckoPlatform_EZR32WG_DFP.pdsc
Silicon Labs,EZR32WG Series,EZR32WG330,EZR32WG330F256R61,cmsis_device_name,tcl/target/efm32.cfg,not_validated,GeckoPlatform_EZR32WG_DFP,4.4.0,https://www.silabs.com/documents/public/cmsis-packs/SiliconLabs.GeckoPlatform_EZR32WG_DFP.pdsc
Silicon Labs,EZR32WG Series,EZR32WG330,EZR32WG330F256R63,cmsis_device_name,tcl/target/efm32.cfg,not_validated,GeckoPlatform_EZR32WG_DFP,4.4.0,https://www.silabs.com/documents/public/cmsis-packs/SiliconLabs.GeckoPlatform_EZR32WG_DFP.pdsc
Silicon Labs,EZR32WG Series,EZR32WG330,EZR32WG330F256R67,cmsis_device_name,tcl/target/efm32.cfg,not_validated,GeckoPlatform_EZR32WG_DFP,4.4.0,https://www.silabs.com/documents/public/cmsis-packs/SiliconLabs.GeckoPlatform_EZR32WG_DFP.pdsc
Silicon Labs,EZR32WG Series,EZR32WG330,EZR32WG330F256R68,cmsis_device_name,tcl/target/efm32.cfg,not_validated,GeckoPlatform_EZR32WG_DFP,4.4.0,https://www.silabs.com/documents/public/cmsis-packs/SiliconLabs.GeckoPlatform_EZR32WG_DFP.pdsc
Silicon Labs,EZR32WG Series,EZR32WG330,EZR32WG330F256R69,cmsis_device_name,tcl/target/efm32.cfg,not_validated,GeckoPlatform_EZR32WG_DFP,4.4.0,https://www.silabs.com/documents/public/cmsis-packs/SiliconLabs.GeckoPlatform_EZR32WG_DFP.pdsc
Silicon Labs,EZR32WG Series,EZR32WG330,EZR32WG330F64R55,cmsis_device_name,tcl/target/efm32.cfg,not_validated,GeckoPlatform_EZR32WG_DFP,4.4.0,https://www.silabs.com/documents/public/cmsis-packs/SiliconLabs.GeckoPlatform_EZR32WG_DFP.pdsc
Silicon Labs,EZR32WG Series,EZR32WG330,EZR32WG330F64R60,cmsis_device_name,tcl/target/efm32.cfg,not_validated,GeckoPlatform_EZR32WG_DFP,4.4.0,https://www.silabs.com/documents/public/cmsis-packs/SiliconLabs.GeckoPlatform_EZR32WG_DFP.pdsc
Silicon Labs,EZR32WG Series,EZR32WG330,EZR32WG330F64R61,cmsis_device_name,tcl/target/efm32.cfg,not_validated,GeckoPlatform_EZR32WG_DFP,4.4.0,https://www.silabs.com/documents/public/cmsis-packs/SiliconLabs.GeckoPlatform_EZR32WG_DFP.pdsc
Silicon Labs,EZR32WG Series,EZR32WG330,EZR32WG330F64R63,cmsis_device_name,tcl/target/efm32.cfg,not_validated,GeckoPlatform_EZR32WG_DFP,4.4.0,https://www.silabs.com/documents/public/cmsis-packs/SiliconLabs.GeckoPlatform_EZR32WG_DFP.pdsc
Silicon Labs,EZR32WG Series,EZR32WG330,EZR32WG330F64R67,cmsis_device_name,tcl/target/efm32.cfg,not_validated,GeckoPlatform_EZR32WG_DFP,4.4.0,https://www.silabs.com/documents/public/cmsis-packs/SiliconLabs.GeckoPlatform_EZR32WG_DFP.pdsc
Silicon Labs,EZR32WG Series,EZR32WG330,EZR32WG330F64R68,cmsis_device_name,tcl/target/efm32.cfg,not_validated,GeckoPlatform_EZR32WG_DFP,4.4.0,https://www.silabs.com/documents/public/cmsis-packs/SiliconLabs.GeckoPlatform_EZR32WG_DFP.pdsc
Silicon Labs,EZR32WG Series,EZR32WG330,EZR32WG330F64R69,cmsis_device_name,tcl/target/efm32.cfg,not_validated,GeckoPlatform_EZR32WG_DFP,4.4.0,https://www.silabs.com/documents/public/cmsis-packs/SiliconLabs.GeckoPlatform_EZR32WG_DFP.pdsc
Silicon Labs,MGM21 Series,MGM210L,MGM210L022JIF,cmsis_device_name,tcl/target/silabs/xg21.cfg,not_validated,GeckoPlatform_MGM21_DFP,2025.12.1,https://www.silabs.com/documents/public/cmsis-packs/SiliconLabs.GeckoPlatform_MGM21_DFP.pdsc
Silicon Labs,MGM21 Series,MGM210L,MGM210L022JNF,cmsis_device_name,tcl/target/silabs/xg21.cfg,not_validated,GeckoPlatform_MGM21_DFP,2025.12.1,https://www.silabs.com/documents/public/cmsis-packs/SiliconLabs.GeckoPlatform_MGM21_DFP.pdsc
Silicon Labs,MGM21 Series,MGM210L,MGM210LA22JIF,cmsis_device_name,tcl/target/silabs/xg21.cfg,not_validated,GeckoPlatform_MGM21_DFP,2025.12.1,https://www.silabs.com/documents/public/cmsis-packs/SiliconLabs.GeckoPlatform_MGM21_DFP.pdsc
Silicon Labs,MGM21 Series,MGM210L,MGM210LA22JNF,cmsis_device_name,tcl/target/silabs/xg21.cfg,not_validated,GeckoPlatform_MGM21_DFP,2025.12.1,https://www.silabs.com/documents/public/cmsis-packs/SiliconLabs.GeckoPlatform_MGM21_DFP.pdsc
Silicon Labs,MGM21 Series,MGM210P,MGM210P022JIA,cmsis_device_name,tcl/target/silabs/xg21.cfg,not_validated,GeckoPlatform_MGM21_DFP,2025.12.1,https://www.silabs.com/documents/public/cmsis-packs/SiliconLabs.GeckoPlatform_MGM21_DFP.pdsc
Silicon Labs,MGM21 Series,MGM210P,MGM210P032JIA,cmsis_device_name,tcl/target/silabs/xg21.cfg,not_validated,GeckoPlatform_MGM21_DFP,2025.12.1,https://www.silabs.com/documents/public/cmsis-packs/SiliconLabs.GeckoPlatform_MGM21_DFP.pdsc
Silicon Labs,MGM21 Series,MGM210P,MGM210PA22JIA,cmsis_device_name,tcl/target/silabs/xg21.cfg,not_validated,GeckoPlatform_MGM21_DFP,2025.12.1,https://www.silabs.com/documents/public/cmsis-packs/SiliconLabs.GeckoPlatform_MGM21_DFP.pdsc
Silicon Labs,MGM21 Series,MGM210P,MGM210PA32JIA,cmsis_device_name,tcl/target/silabs/xg21.cfg,not_validated,GeckoPlatform_MGM21_DFP,2025.12.1,https://www.silabs.com/documents/public/cmsis-packs/SiliconLabs.GeckoPlatform_MGM21_DFP.pdsc
Silicon Labs,MGM21 Series,MGM210P,MGM210PB22JIA,cmsis_device_name,tcl/target/silabs/xg21.cfg,not_validated,GeckoPlatform_MGM21_DFP,2025.12.1,https://www.silabs.com/documents/public/cmsis-packs/SiliconLabs.GeckoPlatform_MGM21_DFP.pdsc
Silicon Labs,MGM21 Series,MGM210P,MGM210PB32JIA,cmsis_device_name,tcl/target/silabs/xg21.cfg,not_validated,GeckoPlatform_MGM21_DFP,2025.12.1,https://www.silabs.com/documents/public/cmsis-packs/SiliconLabs.GeckoPlatform_MGM21_DFP.pdsc
Silicon Labs,MGM21 Series,MGM211L,MGM211LA02JNF,cmsis_device_name,tcl/target/silabs/xg21.cfg,not_validated,GeckoPlatform_MGM21_DFP,2025.12.1,https://www.silabs.com/documents/public/cmsis-packs/SiliconLabs.GeckoPlatform_MGM21_DFP.pdsc
Silicon Labs,MGM24 Series,MGM240L,MGM240L022RNF,cmsis_device_name,tcl/target/silabs/xg24.cfg,not_validated,GeckoPlatform_MGM24_DFP,2025.12.1,https://www.silabs.com/documents/public/cmsis-packs/SiliconLabs.GeckoPlatform_MGM24_DFP.pdsc
Silicon Labs,MGM24 Series,MGM240L,MGM240L022VIF,cmsis_device_name,tcl/target/silabs/xg24.cfg,not_validated,GeckoPlatform_MGM24_DFP,2025.12.1,https://www.silabs.com/documents/public/cmsis-packs/SiliconLabs.GeckoPlatform_MGM24_DFP.pdsc
Silicon Labs,MGM24 Series,MGM240L,MGM240L022VNF,cmsis_device_name,tcl/target/silabs/xg24.cfg,not_validated,GeckoPlatform_MGM24_DFP,2025.12.1,https://www.silabs.com/documents/public/cmsis-packs/SiliconLabs.GeckoPlatform_MGM24_DFP.pdsc
Silicon Labs,MGM24 Series,MGM240L,MGM240LA22UIF,cmsis_device_name,tcl/target/silabs/xg24.cfg,not_validated,GeckoPlatform_MGM24_DFP,2025.12.1,https://www.silabs.com/documents/public/cmsis-packs/SiliconLabs.GeckoPlatform_MGM24_DFP.pdsc
Silicon Labs,MGM24 Series,MGM240L,MGM240LA22VIF,cmsis_device_name,tcl/target/silabs/xg24.cfg,not_validated,GeckoPlatform_MGM24_DFP,2025.12.1,https://www.silabs.com/documents/public/cmsis-packs/SiliconLabs.GeckoPlatform_MGM24_DFP.pdsc
Silicon Labs,MGM24 Series,MGM240L,MGM240LD22VIF,cmsis_device_name,tcl/target/silabs/xg24.cfg,not_validated,GeckoPlatform_MGM24_DFP,2025.12.1,https://www.silabs.com/documents/public/cmsis-packs/SiliconLabs.GeckoPlatform_MGM24_DFP.pdsc
Silicon Labs,MGM24 Series,MGM240P,MGM240PA22VNA,cmsis_device_name,tcl/target/silabs/xg24.cfg,not_validated,GeckoPlatform_MGM24_DFP,2025.12.1,https://www.silabs.com/documents/public/cmsis-packs/SiliconLabs.GeckoPlatform_MGM24_DFP.pdsc
Silicon Labs,MGM24 Series,MGM240P,MGM240PA32VNA,cmsis_device_name,tcl/target/silabs/xg24.cfg,not_validated,GeckoPlatform_MGM24_DFP,2025.12.1,https://www.silabs.com/documents/public/cmsis-packs/SiliconLabs.GeckoPlatform_MGM24_DFP.pdsc
Silicon Labs,MGM24 Series,MGM240P,MGM240PA32VNN,cmsis_device_name,tcl/target/silabs/xg24.cfg,not_validated,GeckoPlatform_MGM24_DFP,2025.12.1,https://www.silabs.com/documents/public/cmsis-packs/SiliconLabs.GeckoPlatform_MGM24_DFP.pdsc
Silicon Labs,MGM24 Series,MGM240P,MGM240PB22VNA,cmsis_device_name,tcl/target/silabs/xg24.cfg,not_validated,GeckoPlatform_MGM24_DFP,2025.12.1,https://www.silabs.com/documents/public/cmsis-packs/SiliconLabs.GeckoPlatform_MGM24_DFP.pdsc
Silicon Labs,MGM24 Series,MGM240P,MGM240PB32VNA,cmsis_device_name,tcl/target/silabs/xg24.cfg,not_validated,GeckoPlatform_MGM24_DFP,2025.12.1,https://www.silabs.com/documents/public/cmsis-packs/SiliconLabs.GeckoPlatform_MGM24_DFP.pdsc
Silicon Labs,MGM24 Series,MGM240P,MGM240PB32VNN,cmsis_device_name,tcl/target/silabs/xg24.cfg,not_validated,GeckoPlatform_MGM24_DFP,2025.12.1,https://www.silabs.com/documents/public/cmsis-packs/SiliconLabs.GeckoPlatform_MGM24_DFP.pdsc
Silicon Labs,MGM24 Series,MGM240S,MGM240SA22VNA,cmsis_device_name,tcl/target/silabs/xg24.cfg,not_validated,GeckoPlatform_MGM24_DFP,2025.12.1,https://www.silabs.com/documents/public/cmsis-packs/SiliconLabs.GeckoPlatform_MGM24_DFP.pdsc
Silicon Labs,MGM24 Series,MGM240S,MGM240SB22VNA,cmsis_device_name,tcl/target/silabs/xg24.cfg,not_validated,GeckoPlatform_MGM24_DFP,2025.12.1,https://www.silabs.com/documents/public/cmsis-packs/SiliconLabs.GeckoPlatform_MGM24_DFP.pdsc
Silicon Labs,MGM24 Series,MGM240S,MGM240SD22VNA,cmsis_device_name,tcl/target/silabs/xg24.cfg,not_validated,GeckoPlatform_MGM24_DFP,2025.12.1,https://www.silabs.com/documents/public/cmsis-packs/SiliconLabs.GeckoPlatform_MGM24_DFP.pdsc
Silicon Labs,MGM26 Series,MGM260P,MGM260PB22VNA,cmsis_device_name,tcl/target/silabs/xg26.cfg,not_validated,GeckoPlatform_MGM26_DFP,2025.12.1,https://www.silabs.com/documents/public/cmsis-packs/SiliconLabs.GeckoPlatform_MGM26_DFP.pdsc
Silicon Labs,MGM26 Series,MGM260P,MGM260PB32VNA,cmsis_device_name,tcl/target/silabs/xg26.cfg,not_validated,GeckoPlatform_MGM26_DFP,2025.12.1,https://www.silabs.com/documents/public/cmsis-packs/SiliconLabs.GeckoPlatform_MGM26_DFP.pdsc
Silicon Labs,MGM26 Series,MGM260P,MGM260PB32VNN,cmsis_device_name,tcl/target/silabs/xg26.cfg,not_validated,GeckoPlatform_MGM26_DFP,2025.12.1,https://www.silabs.com/documents/public/cmsis-packs/SiliconLabs.GeckoPlatform_MGM26_DFP.pdsc
Silicon Labs,MGM26 Series,MGM260P,MGM260PD22VNA,cmsis_device_name,tcl/target/silabs/xg26.cfg,not_validated,GeckoPlatform_MGM26_DFP,2025.12.1,https://www.silabs.com/documents/public/cmsis-packs/SiliconLabs.GeckoPlatform_MGM26_DFP.pdsc
Silicon Labs,MGM26 Series,MGM260P,MGM260PD32VNA,cmsis_device_name,tcl/target/silabs/xg26.cfg,not_validated,GeckoPlatform_MGM26_DFP,2025.12.1,https://www.silabs.com/documents/public/cmsis-packs/SiliconLabs.GeckoPlatform_MGM26_DFP.pdsc
Silicon Labs,MGM26 Series,MGM260P,MGM260PD32VNN,cmsis_device_name,tcl/target/silabs/xg26.cfg,not_validated,GeckoPlatform_MGM26_DFP,2025.12.1,https://www.silabs.com/documents/public/cmsis-packs/SiliconLabs.GeckoPlatform_MGM26_DFP.pdsc
