vendor,family,subfamily,part_number,identifier_kind,target_config,plasma_status,pack_name,pack_version,source_url
Microchip,SAMD09,,ATSAMD09C13A,cmsis_device_name,tcl/target/at91samdXX.cfg,not_validated,SAMD09_DFP,2.5.147,https://packs.download.microchip.com/Microchip.SAMD09_DFP.pdsc
Microchip,SAMD09,,ATSAMD09D14A,cmsis_device_name,tcl/target/at91samdXX.cfg,not_validated,SAMD09_DFP,2.5.147,https://packs.download.microchip.com/Microchip.SAMD09_DFP.pdsc
Microchip,SAMD10,,ATSAMD10C13A,cmsis_device_name,tcl/target/at91samdXX.cfg,not_validated,SAMD10_DFP,2.7.81,https://packs.download.microchip.com/Microchip.SAMD10_DFP.pdsc
Microchip,SAMD10,,ATSAMD10C14A,cmsis_device_name,tcl/target/at91samdXX.cfg,not_validated,SAMD10_DFP,2.7.81,https://packs.download.microchip.com/Microchip.SAMD10_DFP.pdsc
Microchip,SAMD10,,ATSAMD10D13AM,cmsis_device_name,tcl/target/at91samdXX.cfg,not_validated,SAMD10_DFP,2.7.81,https://packs.download.microchip.com/Microchip.SAMD10_DFP.pdsc
Microchip,SAMD10,,ATSAMD10D13AS,cmsis_device_name,tcl/target/at91samdXX.cfg,not_validated,SAMD10_DFP,2.7.81,https://packs.download.microchip.com/Microchip.SAMD10_DFP.pdsc
Microchip,SAMD10,,ATSAMD10D14AM,cmsis_device_name,tcl/target/at91samdXX.cfg,not_validated,SAMD10_DFP,2.7.81,https://packs.download.microchip.com/Microchip.SAMD10_DFP.pdsc
Microchip,SAMD10,,ATSAMD10D14AS,cmsis_device_name,tcl/target/at91samdXX.cfg,not_validated,SAMD10_DFP,2.7.81,https://packs.download.microchip.com/Microchip.SAMD10_DFP.pdsc
Microchip,SAMD10,,ATSAMD10D14AU,cmsis_device_name,tcl/target/at91samdXX.cfg,not_validated,SAMD10_DFP,2.7.81,https://packs.download.microchip.com/Microchip.SAMD10_DFP.pdsc
Microchip,SAMD11,,ATSAMD11C14A,cmsis_device_name,tcl/target/at91samdXX.cfg,not_validated,SAMD11_DFP,2.7.195,https://packs.download.microchip.com/Microchip.SAMD11_DFP.pdsc
Microchip,SAMD11,,ATSAMD11D14AM,cmsis_device_name,tcl/target/at91samdXX.cfg,not_validated,SAMD11_DFP,2.7.195,https://packs.download.microchip.com/Microchip.SAMD11_DFP.pdsc
Microchip,SAMD11,,ATSAMD11D14AS,cmsis_device_name,tcl/target/at91samdXX.cfg,not_validated,SAMD11_DFP,2.7.195,https://packs.download.microchip.com/Microchip.SAMD11_DFP.pdsc
Microchip,SAMD11,,ATSAMD11D14AU,cmsis_device_name,tcl/target/at91samdXX.cfg,not_validated,SAMD11_DFP,2.7.195,https://packs.download.microchip.com/Microchip.SAMD11_DFP.pdsc
Microchip,SAMD20,,ATSAMD20E14,cmsis_device_name,tcl/target/at91samdXX.cfg,not_validated,SAMD20_DFP,3.7.231,https://packs.download.microchip.com/Microchip.SAMD20_DFP.pdsc
Microchip,SAMD20,,ATSAMD20E14B,cmsis_device_name,tcl/target/at91samdXX.cfg,not_validated,SAMD20_DFP,3.7.231,https://packs.download.microchip.com/Microchip.SAMD20_DFP.pdsc
Microchip,SAMD20,,ATSAMD20E15,cmsis_device_name,tcl/target/at91samdXX.cfg,not_validated,SAMD20_DFP,3.7.231,https://packs.download.microchip.com/Microchip.SAMD20_DFP.pdsc
Microchip,SAMD20,,ATSAMD20E15B,cmsis_device_name,tcl/target/at91samdXX.cfg,not_validated,SAMD20_DFP,3.7.231,https://packs.download.microchip.com/Microchip.SAMD20_DFP.pdsc
Microchip,SAMD20,,ATSAMD20E15BU,cmsis_device_name,tcl/target/at91samdXX.cfg,not_validated,SAMD20_DFP,3.7.231,https://packs.download.microchip.com/Microchip.SAMD20_DFP.pdsc
Microchip,SAMD20,,ATSAMD20E16,cmsis_device_name,tcl/target/at91samdXX.cfg,not_validated,SAMD20_DFP,3.7.231,https://packs.download.microchip.com/Microchip.SAMD20_DFP.pdsc
Microchip,SAMD20,,ATSAMD20E16B,cmsis_device_name,tcl/target/at91samdXX.cfg,not_validated,SAMD20_DFP,3.7.231,https://packs.download.microchip.com/Microchip.SAMD20_DFP.pdsc
Microchip,SAMD20,,ATSAMD20E16BU,cmsis_device_name,tcl/target/at91samdXX.cfg,not_validated,SAMD20_DFP,3.7.231,https://packs.download.microchip.com/Microchip.SAMD20_DFP.pdsc
Microchip,SAMD20,,ATSAMD20E17,cmsis_device_name,tcl/target/at91samdXX.cfg,not_validated,SAMD20_DFP,3.7.231,https://packs.download.microchip.com/Microchip.SAMD20_DFP.pdsc
Microchip,SAMD20,,ATSAMD20E18,cmsis_device_name,tcl/target/at91samdXX.cfg,not_validated,SAMD20_DFP,3.7.231,https://packs.download.microchip.com/Microchip.SAMD20_DFP.pdsc
Microchip,SAMD20,,ATSAMD20G14,cmsis_device_name,tcl/target/at91samdXX.cfg,not_validated,SAMD20_DFP,3.7.231,https://packs.download.microchip.com/Microchip.SAMD20_DFP.pdsc
Microchip,SAMD20,,ATSAMD20G14B,cmsis_device_name,tcl/target/at91samdXX.cfg,not_validated,SAMD20_DFP,3.7.231,https://packs.download.microchip.com/Microchip.SAMD20_DFP.pdsc
Microchip,SAMD20,,ATSAMD20G15,cmsis_device_name,tcl/target/at91samdXX.cfg,not_validated,SAMD20_DFP,3.7.231,https://packs.download.microchip.com/Microchip.SAMD20_DFP.pdsc
Microchip,SAMD20,,ATSAMD20G15B,cmsis_device_name,tcl/target/at91samdXX.cfg,not_validated,SAMD20_DFP,3.7.231,https://packs.download.microchip.com/Microchip.SAMD20_DFP.pdsc
Microchip,SAMD20,,ATSAMD20G16,cmsis_device_name,tcl/target/at91samdXX.cfg,not_validated,SAMD20_DFP,3.7.231,https://packs.download.microchip.com/Microchip.SAMD20_DFP.pdsc
Microchip,SAMD20,,ATSAMD20G16B,cmsis_device_name,tcl/target/at91samdXX.cfg,not_validated,SAMD20_DFP,3.7.231,https://packs.download.microchip.com/Microchip.SAMD20_DFP.pdsc
Microchip,SAMD20,,ATSAMD20G17,cmsis_device_name,tcl/target/at91samdXX.cfg,not_validated,SAMD20_DFP,3.7.231,https://packs.download.microchip.com/Microchip.SAMD20_DFP.pdsc
Microchip,SAMD20,,ATSAMD20G17U,cmsis_device_name,tcl/target/at91samdXX.cfg,not_validated,SAMD20_DFP,3.7.231,https://packs.download.microchip.com/Microchip.SAMD20_DFP.pdsc
Microchip,SAMD20,,ATSAMD20G18,cmsis_device_name,tcl/target/at91samdXX.cfg,not_validated,SAMD20_DFP,3.7.231,https://packs.download.microchip.com/Microchip.SAMD20_DFP.pdsc
Microchip,SAMD20,,ATSAMD20G18U,cmsis_device_name,tcl/target/at91samdXX.cfg,not_validated,SAMD20_DFP,3.7.231,https://packs.download.microchip.com/Microchip.SAMD20_DFP.pdsc
Microchip,SAMD20,,ATSAMD20J14,cmsis_device_name,tcl/target/at91samdXX.cfg,not_validated,SAMD20_DFP,3.7.231,https://packs.download.microchip.com/Microchip.SAMD20_DFP.pdsc
Microchip,SAMD20,,ATSAMD20J14B,cmsis_device_name,tcl/target/at91samdXX.cfg,not_validated,SAMD20_DFP,3.7.231,https://packs.download.microchip.com/Microchip.SAMD20_DFP.pdsc
Microchip,SAMD20,,ATSAMD20J15,cmsis_device_name,tcl/target/at91samdXX.cfg,not_validated,SAMD20_DFP,3.7.231,https://packs.download.microchip.com/Microchip.SAMD20_DFP.pdsc
Microchip,SAMD20,,ATSAMD20J15B,cmsis_device_name,tcl/target/at91samdXX.cfg,not_validated,SAMD20_DFP,3.7.231,https://packs.download.microchip.com/Microchip.SAMD20_DFP.pdsc
Microchip,SAMD20,,ATSAMD20J16,cmsis_device_name,tcl/target/at91samdXX.cfg,not_validated,SAMD20_DFP,3.7.231,https://packs.download.microchip.com/Microchip.SAMD20_DFP.pdsc
Microchip,SAMD20,,ATSAMD20J16B,cmsis_device_name,tcl/target/at91samdXX.cfg,not_validated,SAMD20_DFP,3.7.231,https://packs.download.microchip.com/Microchip.SAMD20_DFP.pdsc
Microchip,SAMD20,,ATSAMD20J17,cmsis_device_name,tcl/target/at91samdXX.cfg,not_validated,SAMD20_DFP,3.7.231,https://packs.download.microchip.com/Microchip.SAMD20_DFP.pdsc
Microchip,SAMD20,,ATSAMD20J18,cmsis_device_name,tcl/target/at91samdXX.cfg,not_validated,SAMD20_DFP,3.7.231,https://packs.download.microchip.com/Microchip.SAMD20_DFP.pdsc
Microchip,SAMD21,,ATSAMD21E15A,cmsis_device_name,tcl/target/at91samdXX.cfg,not_validated,SAMD21_DFP,3.8.270,https://packs.download.microchip.com/Microchip.SAMD21_DFP.pdsc
Microchip,SAMD21,,ATSAMD21E15B,cmsis_device_name,tcl/target/at91samdXX.cfg,not_validated,SAMD21_DFP,3.8.270,https://packs.download.microchip.com/Microchip.SAMD21_DFP.pdsc
Microchip,SAMD21,,ATSAMD21E15BU,cmsis_device_name,tcl/target/at91samdXX.cfg,not_validated,SAMD21_DFP,3.8.270,https://packs.download.microchip.com/Microchip.SAMD21_DFP.pdsc
Microchip,SAMD21,,ATSAMD21E15CU,cmsis_device_name,tcl/target/at91samdXX.cfg,not_validated,SAMD21_DFP,3.8.270,https://packs.download.microchip.com/Microchip.SAMD21_DFP.pdsc
Microchip,SAMD21,,ATSAMD21E15L,cmsis_device_name,tcl/target/at91samdXX.cfg,not_validated,SAMD21_DFP,3.8.270,https://packs.download.microchip.com/Microchip.SAMD21_DFP.pdsc
Microchip,SAMD21,,ATSAMD21E16A,cmsis_device_name,tcl/target/at91samdXX.cfg,not_validated,SAMD21_DFP,3.8.270,https://packs.download.microchip.com/Microchip.SAMD21_DFP.pdsc
Microchip,SAMD21,,ATSAMD21E16B,cmsis_device_name,tcl/target/at91samdXX.cfg,not_validated,SAMD21_DFP,3.8.270,https://packs.download.microchip.com/Microchip.SAMD21_DFP.pdsc
Microchip,SAMD21,,ATSAMD21E16BU,cmsis_device_name,tcl/target/at91samdXX.cfg,not_validated,SAMD21_DFP,3.8.270,https://packs.download.microchip.com/Microchip.SAMD21_DFP.pdsc
Microchip,SAMD21,,ATSAMD21E16CU,cmsis_device_name,tcl/target/at91samdXX.cfg,not_validated,SAMD21_DFP,3.8.270,https://packs.download.microchip.com/Microchip.SAMD21_DFP.pdsc
Microchip,SAMD21,,ATSAMD21E16L,cmsis_device_name,tcl/target/at91samdXX.cfg,not_validated,SAMD21_DFP,3.8.270,https://packs.download.microchip.com/Microchip.SAMD21_DFP.pdsc
Microchip,SAMD21,,ATSAMD21E17A,cmsis_device_name,tcl/target/at91samdXX.cfg,not_validated,SAMD21_DFP,3.8.270,https://packs.download.microchip.com/Microchip.SAMD21_DFP.pdsc
Microchip,SAMD21,,ATSAMD21E17D,cmsis_device_name,tcl/target/at91samdXX.cfg,not_validated,SAMD21_DFP,3.8.270,https://packs.download.microchip.com/Microchip.SAMD21_DFP.pdsc
Microchip,SAMD21,,ATSAMD21E17DU,cmsis_device_name,tcl/target/at91samdXX.cfg,not_validated,SAMD21_DFP,3.8.270,https://packs.download.microchip.com/Microchip.SAMD21_DFP.pdsc
Microchip,SAMD21,,ATSAMD21E17L,cmsis_device_name,tcl/target/at91samdXX.cfg,not_validated,SAMD21_DFP,3.8.270,https://packs.download.microchip.com/Microchip.SAMD21_DFP.pdsc
Microchip,SAMD21,,ATSAMD21E18A,cmsis_device_name,tcl/target/at91samdXX.cfg,not_validated,SAMD21_DFP,3.8.270,https://packs.download.microchip.com/Microchip.SAMD21_DFP.pdsc
Microchip,SAMD21,,ATSAMD21G15A,cmsis_device_name,tcl/target/at91samdXX.cfg,not_validated,SAMD21_DFP,3.8.270,https://packs.download.microchip.com/Microchip.SAMD21_DFP.pdsc
Microchip,SAMD21,,ATSAMD21G15B,cmsis_device_name,tcl/target/at91samdXX.cfg,not_validated,SAMD21_DFP,3.8.270,https://packs.download.microchip.com/Microchip.SAMD21_DFP.pdsc
Microchip,SAMD21,,ATSAMD21G15L,cmsis_device_name,tcl/target/at91samdXX.cfg,not_validated,SAMD21_DFP,3.8.270,https://packs.download.microchip.com/Microchip.SAMD21_DFP.pdsc
Microchip,SAMD21,,ATSAMD21G16A,cmsis_device_name,tcl/target/at91samdXX.cfg,not_validated,SAMD21_DFP,3.8.270,https://packs.download.microchip.com/Microchip.SAMD21_DFP.pdsc
Microchip,SAMD21,,ATSAMD21G16B,cmsis_device_name,tcl/target/at91samdXX.cfg,not_validated,SAMD21_DFP,3.8.270,https://packs.download.microchip.com/Microchip.SAMD21_DFP.pdsc
Microchip,SAMD21,,ATSAMD21G16L,cmsis_device_name,tcl/target/at91samdXX.cfg,not_validated,SAMD21_DFP,3.8.270,https://packs.download.microchip.com/Microchip.SAMD21_DFP.pdsc
Microchip,SAMD21,,ATSAMD21G17A,cmsis_device_name,tcl/target/at91samdXX.cfg,not_validated,SAMD21_DFP,3.8.270,https://packs.download.microchip.com/Microchip.SAMD21_DFP.pdsc
Microchip,SAMD21,,ATSAMD21G17AU,cmsis_device_name,tcl/target/at91samdXX.cfg,not_validated,SAMD21_DFP,3.8.270,https://packs.download.microchip.com/Microchip.SAMD21_DFP.pdsc
Microchip,SAMD21,,ATSAMD21G17D,cmsis_device_name,tcl/target/at91samdXX.cfg,not_validated,SAMD21_DFP,3.8.270,https://packs.download.microchip.com/Microchip.SAMD21_DFP.pdsc
Microchip,SAMD21,,ATSAMD21G17L,cmsis_device_name,tcl/target/at91samdXX.cfg,not_validated,SAMD21_DFP,3.8.270,https://packs.download.microchip.com/Microchip.SAMD21_DFP.pdsc
Microchip,SAMD21,,ATSAMD21G18A,cmsis_device_name,tcl/target/at91samdXX.cfg,not_validated,SAMD21_DFP,3.8.270,https://packs.download.microchip.com/Microchip.SAMD21_DFP.pdsc
Microchip,SAMD21,,ATSAMD21G18AU,cmsis_device_name,tcl/target/at91samdXX.cfg,not_validated,SAMD21_DFP,3.8.270,https://packs.download.microchip.com/Microchip.SAMD21_DFP.pdsc
Microchip,SAMD21,,ATSAMD21J15A,cmsis_device_name,tcl/target/at91samdXX.cfg,not_validated,SAMD21_DFP,3.8.270,https://packs.download.microchip.com/Microchip.SAMD21_DFP.pdsc
Microchip,SAMD21,,ATSAMD21J15B,cmsis_device_name,tcl/target/at91samdXX.cfg,not_validated,SAMD21_DFP,3.8.270,https://packs.download.microchip.com/Microchip.SAMD21_DFP.pdsc
Microchip,SAMD21,,ATSAMD21J16A,cmsis_device_name,tcl/target/at91samdXX.cfg,not_validated,SAMD21_DFP,3.8.270,https://packs.download.microchip.com/Microchip.SAMD21_DFP.pdsc
Microchip,SAMD21,,ATSAMD21J16B,cmsis_device_name,tcl/target/at91samdXX.cfg,not_validated,SAMD21_DFP,3.8.270,https://packs.download.microchip.com/Microchip.SAMD21_DFP.pdsc
Microchip,SAMD21,,ATSAMD21J17A,cmsis_device_name,tcl/target/at91samdXX.cfg,not_validated,SAMD21_DFP,3.8.270,https://packs.download.microchip.com/Microchip.SAMD21_DFP.pdsc
Microchip,SAMD21,,ATSAMD21J17D,cmsis_device_name,tcl/target/at91samdXX.cfg,not_validated,SAMD21_DFP,3.8.270,https://packs.download.microchip.com/Microchip.SAMD21_DFP.pdsc
Microchip,SAMD21,,ATSAMD21J18A,cmsis_device_name,tcl/target/at91samdXX.cfg,not_validated,SAMD21_DFP,3.8.270,https://packs.download.microchip.com/Microchip.SAMD21_DFP.pdsc
Microchip,SAMD51,,ATSAMD51G18A,cmsis_device_name,tcl/target/at91samdXX.cfg,not_validated,SAMD51_DFP,3.9.276,https://packs.download.microchip.com/Microchip.SAMD51_DFP.pdsc
Microchip,SAMD51,,ATSAMD51G19A,cmsis_device_name,tcl/target/at91samdXX.cfg,not_validated,SAMD51_DFP,3.9.276,https://packs.download.microchip.com/Microchip.SAMD51_DFP.pdsc
Microchip,SAMD51,,ATSAMD51J18A,cmsis_device_name,tcl/target/at91samdXX.cfg,not_validated,SAMD51_DFP,3.9.276,https://packs.download.microchip.com/Microchip.SAMD51_DFP.pdsc
Microchip,SAMD51,,ATSAMD51J19A,cmsis_device_name,tcl/target/at91samdXX.cfg,not_validated,SAMD51_DFP,3.9.276,https://packs.download.microchip.com/Microchip.SAMD51_DFP.pdsc
Microchip,SAMD51,,ATSAMD51J20A,cmsis_device_name,tcl/target/at91samdXX.cfg,not_validated,SAMD51_DFP,3.9.276,https://packs.download.microchip.com/Microchip.SAMD51_DFP.pdsc
Microchip,SAMD51,,ATSAMD51N19A,cmsis_device_name,tcl/target/at91samdXX.cfg,not_validated,SAMD51_DFP,3.9.276,https://packs.download.microchip.com/Microchip.SAMD51_DFP.pdsc
Microchip,SAMD51,,ATSAMD51N20A,cmsis_device_name,tcl/target/at91samdXX.cfg,not_validated,SAMD51_DFP,3.9.276,https://packs.download.microchip.com/Microchip.SAMD51_DFP.pdsc
Microchip,SAMD51,,ATSAMD51P19A,cmsis_device_name,tcl/target/at91samdXX.cfg,not_validated,SAMD51_DFP,3.9.276,https://packs.download.microchip.com/Microchip.SAMD51_DFP.pdsc
Microchip,SAMD51,,ATSAMD51P20A,cmsis_device_name,tcl/target/at91samdXX.cfg,not_validated,SAMD51_DFP,3.9.276,https://packs.download.microchip.com/Microchip.SAMD51_DFP.pdsc
Microchip,SAMDA1,,ATSAMDA1E14A,cmsis_device_name,tcl/target/at91samdXX.cfg,not_validated,SAMDA1_DFP,2.8.196,https://packs.download.microchip.com/Microchip.SAMDA1_DFP.pdsc
Microchip,SAMDA1,,ATSAMDA1E14B,cmsis_device_name,tcl/target/at91samdXX.cfg,not_validated,SAMDA1_DFP,2.8.196,https://packs.download.microchip.com/Microchip.SAMDA1_DFP.pdsc
Microchip,SAMDA1,,ATSAMDA1E15A,cmsis_device_name,tcl/target/at91samdXX.cfg,not_validated,SAMDA1_DFP,2.8.196,https://packs.download.microchip.com/Microchip.SAMDA1_DFP.pdsc
Microchip,SAMDA1,,ATSAMDA1E15B,cmsis_device_name,tcl/target/at91samdXX.cfg,not_validated,SAMDA1_DFP,2.8.196,https://packs.download.microchip.com/Microchip.SAMDA1_DFP.pdsc
Microchip,SAMDA1,,ATSAMDA1E16A,cmsis_device_name,tcl/target/at91samdXX.cfg,not_validated,SAMDA1_DFP,2.8.196,https://packs.download.microchip.com/Microchip.SAMDA1_DFP.pdsc
Microchip,SAMDA1,,ATSAMDA1E16B,cmsis_device_name,tcl/target/at91samdXX.cfg,not_validated,SAMDA1_DFP,2.8.196,https://packs.download.microchip.com/Microchip.SAMDA1_DFP.pdsc
Microchip,SAMDA1,,ATSAMDA1G14A,cmsis_device_name,tcl/target/at91samdXX.cfg,not_validated,SAMDA1_DFP,2.8.196,https://packs.download.microchip.com/Microchip.SAMDA1_DFP.pdsc
Microchip,SAMDA1,,ATSAMDA1G14B,cmsis_device_name,tcl/target/at91samdXX.cfg,not_validated,SAMDA1_DFP,2.8.196,https://packs.download.microchip.com/Microchip.SAMDA1_DFP.pdsc
Microchip,SAMDA1,,ATSAMDA1G15A,cmsis_device_name,tcl/target/at91samdXX.cfg,not_validated,SAMDA1_DFP,2.8.196,https://packs.download.microchip.com/Microchip.SAMDA1_DFP.pdsc
Microchip,SAMDA1,,ATSAMDA1G15B,cmsis_device_name,tcl/target/at91samdXX.cfg,not_validated,SAMDA1_DFP,2.8.196,https://packs.download.microchip.com/Microchip.SAMDA1_DFP.pdsc
Microchip,SAMDA1,,ATSAMDA1G16A,cmsis_device_name,tcl/target/at91samdXX.cfg,not_validated,SAMDA1_DFP,2.8.196,https://packs.download.microchip.com/Microchip.SAMDA1_DFP.pdsc
Microchip,SAMDA1,,ATSAMDA1G16B,cmsis_device_name,tcl/target/at91samdXX.cfg,not_validated,SAMDA1_DFP,2.8.196,https://packs.download.microchip.com/Microchip.SAMDA1_DFP.pdsc
Microchip,SAMDA1,,ATSAMDA1J14A,cmsis_device_name,tcl/target/at91samdXX.cfg,not_validated,SAMDA1_DFP,2.8.196,https://packs.download.microchip.com/Microchip.SAMDA1_DFP.pdsc
Microchip,SAMDA1,,ATSAMDA1J14B,cmsis_device_name,tcl/target/at91samdXX.cfg,not_validated,SAMDA1_DFP,2.8.196,https://packs.download.microchip.com/Microchip.SAMDA1_DFP.pdsc
Microchip,SAMDA1,,ATSAMDA1J15A,cmsis_device_name,tcl/target/at91samdXX.cfg,not_validated,SAMDA1_DFP,2.8.196,https://packs.download.microchip.com/Microchip.SAMDA1_DFP.pdsc
Microchip,SAMDA1,,ATSAMDA1J15B,cmsis_device_name,tcl/target/at91samdXX.cfg,not_validated,SAMDA1_DFP,2.8.196,https://packs.download.microchip.com/Microchip.SAMDA1_DFP.pdsc
Microchip,SAMDA1,,ATSAMDA1J16A,cmsis_device_name,tcl/target/at91samdXX.cfg,not_validated,SAMDA1_DFP,2.8.196,https://packs.download.microchip.com/Microchip.SAMDA1_DFP.pdsc
Microchip,SAMDA1,,ATSAMDA1J16B,cmsis_device_name,tcl/target/at91samdXX.cfg,not_validated,SAMDA1_DFP,2.8.196,https://packs.download.microchip.com/Microchip.SAMDA1_DFP.pdsc
Microchip,SAME51,,ATSAME51G18A,cmsis_device_name,tcl/target/atsame5x.cfg,not_validated,SAME51_DFP,3.9.267,https://packs.download.microchip.com/Microchip.SAME51_DFP.pdsc
Microchip,SAME51,,ATSAME51G19A,cmsis_device_name,tcl/target/atsame5x.cfg,not_validated,SAME51_DFP,3.9.267,https://packs.download.microchip.com/Microchip.SAME51_DFP.pdsc
Microchip,SAME51,,ATSAME51J18A,cmsis_device_name,tcl/target/atsame5x.cfg,not_validated,SAME51_DFP,3.9.267,https://packs.download.microchip.com/Microchip.SAME51_DFP.pdsc
Microchip,SAME51,,ATSAME51J19A,cmsis_device_name,tcl/target/atsame5x.cfg,not_validated,SAME51_DFP,3.9.267,https://packs.download.microchip.com/Microchip.SAME51_DFP.pdsc
Microchip,SAME51,,ATSAME51J20A,cmsis_device_name,tcl/target/atsame5x.cfg,not_validated,SAME51_DFP,3.9.267,https://packs.download.microchip.com/Microchip.SAME51_DFP.pdsc
Microchip,SAME51,,ATSAME51N19A,cmsis_device_name,tcl/target/atsame5x.cfg,not_validated,SAME51_DFP,3.9.267,https://packs.download.microchip.com/Microchip.SAME51_DFP.pdsc
Microchip,SAME51,,ATSAME51N20A,cmsis_device_name,tcl/target/atsame5x.cfg,not_validated,SAME51_DFP,3.9.267,https://packs.download.microchip.com/Microchip.SAME51_DFP.pdsc
Microchip,SAME53,,ATSAME53J18A,cmsis_device_name,tcl/target/atsame5x.cfg,not_validated,SAME53_DFP,3.10.248,https://packs.download.microchip.com/Microchip.SAME53_DFP.pdsc
Microchip,SAME53,,ATSAME53J19A,cmsis_device_name,tcl/target/atsame5x.cfg,not_validated,SAME53_DFP,3.10.248,https://packs.download.microchip.com/Microchip.SAME53_DFP.pdsc
Microchip,SAME53,,ATSAME53J20A,cmsis_device_name,tcl/target/atsame5x.cfg,not_validated,SAME53_DFP,3.10.248,https://packs.download.microchip.com/Microchip.SAME53_DFP.pdsc
Microchip,SAME53,,ATSAME53N19A,cmsis_device_name,tcl/target/atsame5x.cfg,not_validated,SAME53_DFP,3.10.248,https://packs.download.microchip.com/Microchip.SAME53_DFP.pdsc
Microchip,SAME53,,ATSAME53N20A,cmsis_device_name,tcl/target/atsame5x.cfg,not_validated,SAME53_DFP,3.10.248,https://packs.download.microchip.com/Microchip.SAME53_DFP.pdsc
Microchip,SAME54,,ATSAME54N19A,cmsis_device_name,tcl/target/atsame5x.cfg,not_validated,SAME54_DFP,3.11.261,https://packs.download.microchip.com/Microchip.SAME54_DFP.pdsc
Microchip,SAME54,,ATSAME54N20A,cmsis_device_name,tcl/target/atsame5x.cfg,not_validated,SAME54_DFP,3.11.261,https://packs.download.microchip.com/Microchip.SAME54_DFP.pdsc
Microchip,SAME54,,ATSAME54P19A,cmsis_device_name,tcl/target/atsame5x.cfg,not_validated,SAME54_DFP,3.11.261,https://packs.download.microchip.com/Microchip.SAME54_DFP.pdsc
Microchip,SAME54,,ATSAME54P20A,cmsis_device_name,tcl/target/atsame5x.cfg,not_validated,SAME54_DFP,3.11.261,https://packs.download.microchip.com/Microchip.SAME54_DFP.pdsc
Microchip,SAMV70,,ATSAMV70J19,cmsis_device_name,tcl/target/atsamv.cfg,not_validated,SAMV70_DFP,4.12.233,https://packs.download.microchip.com/Microchip.SAMV70_DFP.pdsc
Microchip,SAMV70,,ATSAMV70J19B,cmsis_device_name,tcl/target/atsamv.cfg,not_validated,SAMV70_DFP,4.12.233,https://packs.download.microchip.com/Microchip.SAMV70_DFP.pdsc
Microchip,SAMV70,,ATSAMV70J20,cmsis_device_name,tcl/target/atsamv.cfg,not_validated,SAMV70_DFP,4.12.233,https://packs.download.microchip.com/Microchip.SAMV70_DFP.pdsc
Microchip,SAMV70,,ATSAMV70J20B,cmsis_device_name,tcl/target/atsamv.cfg,not_validated,SAMV70_DFP,4.12.233,https://packs.download.microchip.com/Microchip.SAMV70_DFP.pdsc
Microchip,SAMV70,,ATSAMV70N19,cmsis_device_name,tcl/target/atsamv.cfg,not_validated,SAMV70_DFP,4.12.233,https://packs.download.microchip.com/Microchip.SAMV70_DFP.pdsc
Microchip,SAMV70,,ATSAMV70N19B,cmsis_device_name,tcl/target/atsamv.cfg,not_validated,SAMV70_DFP,4.12.233,https://packs.download.microchip.com/Microchip.SAMV70_DFP.pdsc
Microchip,SAMV70,,ATSAMV70N20,cmsis_device_name,tcl/target/atsamv.cfg,not_validated,SAMV70_DFP,4.12.233,https://packs.download.microchip.com/Microchip.SAMV70_DFP.pdsc
Microchip,SAMV70,,ATSAMV70N20B,cmsis_device_name,tcl/target/atsamv.cfg,not_validated,SAMV70_DFP,4.12.233,https://packs.download.microchip.com/Microchip.SAMV70_DFP.pdsc
Microchip,SAMV70,,ATSAMV70Q19,cmsis_device_name,tcl/target/atsamv.cfg,not_validated,SAMV70_DFP,4.12.233,https://packs.download.microchip.com/Microchip.SAMV70_DFP.pdsc
Microchip,SAMV70,,ATSAMV70Q19B,cmsis_device_name,tcl/target/atsamv.cfg,not_validated,SAMV70_DFP,4.12.233,https://packs.download.microchip.com/Microchip.SAMV70_DFP.pdsc
Microchip,SAMV70,,ATSAMV70Q20,cmsis_device_name,tcl/target/atsamv.cfg,not_validated,SAMV70_DFP,4.12.233,https://packs.download.microchip.com/Microchip.SAMV70_DFP.pdsc
Microchip,SAMV70,,ATSAMV70Q20B,cmsis_device_name,tcl/target/atsamv.cfg,not_validated,SAMV70_DFP,4.12.233,https://packs.download.microchip.com/Microchip.SAMV70_DFP.pdsc
Microchip,SAMV71,,ATSAMV71J19,cmsis_device_name,tcl/target/atsamv.cfg,not_validated,SAMV71_DFP,4.13.257,https://packs.download.microchip.com/Microchip.SAMV71_DFP.pdsc
Microchip,SAMV71,,ATSAMV71J19B,cmsis_device_name,tcl/target/atsamv.cfg,not_validated,SAMV71_DFP,4.13.257,https://packs.download.microchip.com/Microchip.SAMV71_DFP.pdsc
Microchip,SAMV71,,ATSAMV71J20,cmsis_device_name,tcl/target/atsamv.cfg,not_validated,SAMV71_DFP,4.13.257,https://packs.download.microchip.com/Microchip.SAMV71_DFP.pdsc
Microchip,SAMV71,,ATSAMV71J20B,cmsis_device_name,tcl/target/atsamv.cfg,not_validated,SAMV71_DFP,4.13.257,https://packs.download.microchip.com/Microchip.SAMV71_DFP.pdsc
Microchip,SAMV71,,ATSAMV71J21,cmsis_device_name,tcl/target/atsamv.cfg,not_validated,SAMV71_DFP,4.13.257,https://packs.download.microchip.com/Microchip.SAMV71_DFP.pdsc
Microchip,SAMV71,,ATSAMV71J21B,cmsis_device_name,tcl/target/atsamv.cfg,not_validated,SAMV71_DFP,4.13.257,https://packs.download.microchip.com/Microchip.SAMV71_DFP.pdsc
Microchip,SAMV71,,ATSAMV71N19,cmsis_device_name,tcl/target/atsamv.cfg,not_validated,SAMV71_DFP,4.13.257,https://packs.download.microchip.com/Microchip.SAMV71_DFP.pdsc
Microchip,SAMV71,,ATSAMV71N19B,cmsis_device_name,tcl/target/atsamv.cfg,not_validated,SAMV71_DFP,4.13.257,https://packs.download.microchip.com/Microchip.SAMV71_DFP.pdsc
Microchip,SAMV71,,ATSAMV71N20,cmsis_device_name,tcl/target/atsamv.cfg,not_validated,SAMV71_DFP,4.13.257,https://packs.download.microchip.com/Microchip.SAMV71_DFP.pdsc
Microchip,SAMV71,,ATSAMV71N20B,cmsis_device_name,tcl/target/atsamv.cfg,not_validated,SAMV71_DFP,4.13.257,https://packs.download.microchip.com/Microchip.SAMV71_DFP.pdsc
Microchip,SAMV71,,ATSAMV71N21,cmsis_device_name,tcl/target/atsamv.cfg,not_validated,SAMV71_DFP,4.13.257,https://packs.download.microchip.com/Microchip.SAMV71_DFP.pdsc
Microchip,SAMV71,,ATSAMV71N21B,cmsis_device_name,tcl/target/atsamv.cfg,not_validated,SAMV71_DFP,4.13.257,https://packs.download.microchip.com/Microchip.SAMV71_DFP.pdsc
Microchip,SAMV71,,ATSAMV71Q19,cmsis_device_name,tcl/target/atsamv.cfg,not_validated,SAMV71_DFP,4.13.257,https://packs.download.microchip.com/Microchip.SAMV71_DFP.pdsc
Microchip,SAMV71,,ATSAMV71Q19B,cmsis_device_name,tcl/target/atsamv.cfg,not_validated,SAMV71_DFP,4.13.257,https://packs.download.microchip.com/Microchip.SAMV71_DFP.pdsc
Microchip,SAMV71,,ATSAMV71Q20,cmsis_device_name,tcl/target/atsamv.cfg,not_validated,SAMV71_DFP,4.13.257,https://packs.download.microchip.com/Microchip.SAMV71_DFP.pdsc
Microchip,SAMV71,,ATSAMV71Q20B,cmsis_device_name,tcl/target/atsamv.cfg,not_validated,SAMV71_DFP,4.13.257,https://packs.download.microchip.com/Microchip.SAMV71_DFP.pdsc
Microchip,SAMV71,,ATSAMV71Q21,cmsis_device_name,tcl/target/atsamv.cfg,not_validated,SAMV71_DFP,4.13.257,https://packs.download.microchip.com/Microchip.SAMV71_DFP.pdsc
Microchip,SAMV71,,ATSAMV71Q21B,cmsis_device_name,tcl/target/atsamv.cfg,not_validated,SAMV71_DFP,4.13.257,https://packs.download.microchip.com/Microchip.SAMV71_DFP.pdsc
Microchip,SAMV71-RT,,ATSAMV71Q21RT,cmsis_device_name,tcl/target/atsamv.cfg,not_validated,SAMV71-RT_DFP,1.3.152,https://packs.download.microchip.com/Microchip.SAMV71-RT_DFP.pdsc
NXP,LPC844,,LPC844M201JBD48,cmsis_device_name,tcl/target/lpc84x.cfg,not_validated,LPC844_DFP,26.06.00,https://mcuxpresso.nxp.com/cmsis_pack/repo/NXP.LPC844_DFP.pdsc
NXP,LPC844,,LPC844M201JBD64,cmsis_device_name,tcl/target/lpc84x.cfg,not_validated,LPC844_DFP,26.06.00,https://mcuxpresso.nxp.com/cmsis_pack/repo/NXP.LPC844_DFP.pdsc
NXP,LPC844,,LPC844M201JHI33,cmsis_device_name,tcl/target/lpc84x.cfg,not_validated,LPC844_DFP,26.06.00,https://mcuxpresso.nxp.com/cmsis_pack/repo/NXP.LPC844_DFP.pdsc
NXP,LPC844,,LPC844M201JHI48,cmsis_device_name,tcl/target/lpc84x.cfg,not_validated,LPC844_DFP,26.06.00,https://mcuxpresso.nxp.com/cmsis_pack/repo/NXP.LPC844_DFP.pdsc
NXP,LPC845,,LPC845M301JBD48,cmsis_device_name,tcl/target/lpc84x.cfg,not_validated,LPC845_DFP,26.06.00,https://mcuxpresso.nxp.com/cmsis_pack/repo/NXP.LPC845_DFP.pdsc
NXP,LPC845,,LPC845M301JBD64,cmsis_device_name,tcl/target/lpc84x.cfg,not_validated,LPC845_DFP,26.06.00,https://mcuxpresso.nxp.com/cmsis_pack/repo/NXP.LPC845_DFP.pdsc
NXP,LPC845,,LPC845M301JHI33,cmsis_device_name,tcl/target/lpc84x.cfg,not_validated,LPC845_DFP,26.06.00,https://mcuxpresso.nxp.com/cmsis_pack/repo/NXP.LPC845_DFP.pdsc
NXP,LPC845,,LPC845M301JHI48,cmsis_device_name,tcl/target/lpc84x.cfg,not_validated,LPC845_DFP,26.06.00,https://mcuxpresso.nxp.com/cmsis_pack/repo/NXP.LPC845_DFP.pdsc
NXP,MKE02Z4,,MKE02Z16VFM4,cmsis_device_name,tcl/target/ke0x.cfg,not_validated,MKE02Z4_DFP,26.06.00,https://mcuxpresso.nxp.com/cmsis_pack/repo/NXP.MKE02Z4_DFP.pdsc
NXP,MKE02Z4,,MKE02Z16VLC4,cmsis_device_name,tcl/target/ke0x.cfg,not_validated,MKE02Z4_DFP,26.06.00,https://mcuxpresso.nxp.com/cmsis_pack/repo/NXP.MKE02Z4_DFP.pdsc
NXP,MKE02Z4,,MKE02Z16VLD4,cmsis_device_name,tcl/target/ke0x.cfg,not_validated,MKE02Z4_DFP,26.06.00,https://mcuxpresso.nxp.com/cmsis_pack/repo/NXP.MKE02Z4_DFP.pdsc
NXP,MKE02Z4,,MKE02Z32VFM4,cmsis_device_name,tcl/target/ke0x.cfg,not_validated,MKE02Z4_DFP,26.06.00,https://mcuxpresso.nxp.com/cmsis_pack/repo/NXP.MKE02Z4_DFP.pdsc
NXP,MKE02Z4,,MKE02Z32VLC4,cmsis_device_name,tcl/target/ke0x.cfg,not_validated,MKE02Z4_DFP,26.06.00,https://mcuxpresso.nxp.com/cmsis_pack/repo/NXP.MKE02Z4_DFP.pdsc
NXP,MKE02Z4,,MKE02Z32VLD4,cmsis_device_name,tcl/target/ke0x.cfg,not_validated,MKE02Z4_DFP,26.06.00,https://mcuxpresso.nxp.com/cmsis_pack/repo/NXP.MKE02Z4_DFP.pdsc
NXP,MKE02Z4,,MKE02Z32VLH4,cmsis_device_name,tcl/target/ke0x.cfg,not_validated,MKE02Z4_DFP,26.06.00,https://mcuxpresso.nxp.com/cmsis_pack/repo/NXP.MKE02Z4_DFP.pdsc
NXP,MKE02Z4,,MKE02Z32VQH4,cmsis_device_name,tcl/target/ke0x.cfg,not_validated,MKE02Z4_DFP,26.06.00,https://mcuxpresso.nxp.com/cmsis_pack/repo/NXP.MKE02Z4_DFP.pdsc
NXP,MKE02Z4,,MKE02Z64VFM4,cmsis_device_name,tcl/target/ke0x.cfg,not_validated,MKE02Z4_DFP,26.06.00,https://mcuxpresso.nxp.com/cmsis_pack/repo/NXP.MKE02Z4_DFP.pdsc
NXP,MKE02Z4,,MKE02Z64VLC4,cmsis_device_name,tcl/target/ke0x.cfg,not_validated,MKE02Z4_DFP,26.06.00,https://mcuxpresso.nxp.com/cmsis_pack/repo/NXP.MKE02Z4_DFP.pdsc
NXP,MKE02Z4,,MKE02Z64VLD4,cmsis_device_name,tcl/target/ke0x.cfg,not_validated,MKE02Z4_DFP,26.06.00,https://mcuxpresso.nxp.com/cmsis_pack/repo/NXP.MKE02Z4_DFP.pdsc
NXP,MKE02Z4,,MKE02Z64VLH4,cmsis_device_name,tcl/target/ke0x.cfg,not_validated,MKE02Z4_DFP,26.06.00,https://mcuxpresso.nxp.com/cmsis_pack/repo/NXP.MKE02Z4_DFP.pdsc
NXP,MKE02Z4,,MKE02Z64VQH4,cmsis_device_name,tcl/target/ke0x.cfg,not_validated,MKE02Z4_DFP,26.06.00,https://mcuxpresso.nxp.com/cmsis_pack/repo/NXP.MKE02Z4_DFP.pdsc
NXP,MKE04Z1284,,MKE04Z128VLD4,cmsis_device_name,tcl/target/ke0x.cfg,not_validated,MKE04Z1284_DFP,14.0.0,https://mcuxpresso.nxp.com/cmsis_pack/repo/NXP.MKE04Z1284_DFP.pdsc
NXP,MKE04Z1284,,MKE04Z128VLH4,cmsis_device_name,tcl/target/ke0x.cfg,not_validated,MKE04Z1284_DFP,14.0.0,https://mcuxpresso.nxp.com/cmsis_pack/repo/NXP.MKE04Z1284_DFP.pdsc
NXP,MKE04Z1284,,MKE04Z128VLK4,cmsis_device_name,tcl/target/ke0x.cfg,not_validated,MKE04Z1284_DFP,14.0.0,https://mcuxpresso.nxp.com/cmsis_pack/repo/NXP.MKE04Z1284_DFP.pdsc
NXP,MKE04Z1284,,MKE04Z128VQH4,cmsis_device_name,tcl/target/ke0x.cfg,not_validated,MKE04Z1284_DFP,14.0.0,https://mcuxpresso.nxp.com/cmsis_pack/repo/NXP.MKE04Z1284_DFP.pdsc
NXP,MKE04Z1284,,MKE04Z64VLD4,cmsis_device_name,tcl/target/ke0x.cfg,not_validated,MKE04Z1284_DFP,14.0.0,https://mcuxpresso.nxp.com/cmsis_pack/repo/NXP.MKE04Z1284_DFP.pdsc
NXP,MKE04Z1284,,MKE04Z64VLH4,cmsis_device_name,tcl/target/ke0x.cfg,not_validated,MKE04Z1284_DFP,14.0.0,https://mcuxpresso.nxp.com/cmsis_pack/repo/NXP.MKE04Z1284_DFP.pdsc
NXP,MKE04Z1284,,MKE04Z64VLK4,cmsis_device_name,tcl/target/ke0x.cfg,not_validated,MKE04Z1284_DFP,14.0.0,https://mcuxpresso.nxp.com/cmsis_pack/repo/NXP.MKE04Z1284_DFP.pdsc
NXP,MKE04Z1284,,MKE04Z64VQH4,cmsis_device_name,tcl/target/ke0x.cfg,not_validated,MKE04Z1284_DFP,14.0.0,https://mcuxpresso.nxp.com/cmsis_pack/repo/NXP.MKE04Z1284_DFP.pdsc
NXP,MKE04Z4,,MKE04Z8VFK4,cmsis_device_name,tcl/target/ke0x.cfg,not_validated,MKE04Z4_DFP,14.0.0,https://mcuxpresso.nxp.com/cmsis_pack/repo/NXP.MKE04Z4_DFP.pdsc
NXP,MKE04Z4,,MKE04Z8VTG4,cmsis_device_name,tcl/target/ke0x.cfg,not_validated,MKE04Z4_DFP,14.0.0,https://mcuxpresso.nxp.com/cmsis_pack/repo/NXP.MKE04Z4_DFP.pdsc
NXP,MKE04Z4,,MKE04Z8VWJ4,cmsis_device_name,tcl/target/ke0x.cfg,not_validated,MKE04Z4_DFP,14.0.0,https://mcuxpresso.nxp.com/cmsis_pack/repo/NXP.MKE04Z4_DFP.pdsc
NXP,MKE06Z4,,MKE06Z128VLD4,cmsis_device_name,tcl/target/ke0x.cfg,not_validated,MKE06Z4_DFP,14.0.0,https://mcuxpresso.nxp.com/cmsis_pack/repo/NXP.MKE06Z4_DFP.pdsc
NXP,MKE06Z4,,MKE06Z128VLH4,cmsis_device_name,tcl/target/ke0x.cfg,not_validated,MKE06Z4_DFP,14.0.0,https://mcuxpresso.nxp.com/cmsis_pack/repo/NXP.MKE06Z4_DFP.pdsc
NXP,MKE06Z4,,MKE06Z128VLK4,cmsis_device_name,tcl/target/ke0x.cfg,not_validated,MKE06Z4_DFP,14.0.0,https://mcuxpresso.nxp.com/cmsis_pack/repo/NXP.MKE06Z4_DFP.pdsc
NXP,MKE06Z4,,MKE06Z128VQH4,cmsis_device_name,tcl/target/ke0x.cfg,not_validated,MKE06Z4_DFP,14.0.0,https://mcuxpresso.nxp.com/cmsis_pack/repo/NXP.MKE06Z4_DFP.pdsc
NXP,MKE06Z4,,MKE06Z64VLD4,cmsis_device_name,tcl/target/ke0x.cfg,not_validated,MKE06Z4_DFP,14.0.0,https://mcuxpresso.nxp.com/cmsis_pack/repo/NXP.MKE06Z4_DFP.pdsc
NXP,MKE06Z4,,MKE06Z64VLH4,cmsis_device_name,tcl/target/ke0x.cfg,not_validated,MKE06Z4_DFP,14.0.0,https://mcuxpresso.nxp.com/cmsis_pack/repo/NXP.MKE06Z4_DFP.pdsc
NXP,MKE06Z4,,MKE06Z64VLK4,cmsis_device_name,tcl/target/ke0x.cfg,not_validated,MKE06Z4_DFP,14.0.0,https://mcuxpresso.nxp.com/cmsis_pack/repo/NXP.MKE06Z4_DFP.pdsc
NXP,MKE06Z4,,MKE06Z64VQH4,cmsis_device_name,tcl/target/ke0x.cfg,not_validated,MKE06Z4_DFP,14.0.0,https://mcuxpresso.nxp.com/cmsis_pack/repo/NXP.MKE06Z4_DFP.pdsc
NXP,MKE12Z7,,MKE12Z128VLF7,cmsis_device_name,tcl/target/ke1xf.cfg,not_validated,MKE12Z7_DFP,26.06.00,https://mcuxpresso.nxp.com/cmsis_pack/repo/NXP.MKE12Z7_DFP.pdsc
NXP,MKE12Z7,,MKE12Z128VLH7,cmsis_device_name,tcl/target/ke1xz.cfg,not_validated,MKE12Z7_DFP,26.06.00,https://mcuxpresso.nxp.com/cmsis_pack/repo/NXP.MKE12Z7_DFP.pdsc
NXP,MKE12Z7,,MKE12Z128VLL7,cmsis_device_name,tcl/target/ke1xz.cfg,not_validated,MKE12Z7_DFP,26.06.00,https://mcuxpresso.nxp.com/cmsis_pack/repo/NXP.MKE12Z7_DFP.pdsc
NXP,MKE12Z7,,MKE12Z256VLF7,cmsis_device_name,tcl/target/ke1xf.cfg,not_validated,MKE12Z7_DFP,26.06.00,https://mcuxpresso.nxp.com/cmsis_pack/repo/NXP.MKE12Z7_DFP.pdsc
NXP,MKE12Z7,,MKE12Z256VLH7,cmsis_device_name,tcl/target/ke1xz.cfg,not_validated,MKE12Z7_DFP,26.06.00,https://mcuxpresso.nxp.com/cmsis_pack/repo/NXP.MKE12Z7_DFP.pdsc
NXP,MKE12Z7,,MKE12Z256VLL7,cmsis_device_name,tcl/target/ke1xz.cfg,not_validated,MKE12Z7_DFP,26.06.00,https://mcuxpresso.nxp.com/cmsis_pack/repo/NXP.MKE12Z7_DFP.pdsc
NXP,MKE12Z9,,MKE12Z512VLH9,cmsis_device_name,tcl/target/ke1xz.cfg,not_validated,MKE12Z9_DFP,26.06.00,https://mcuxpresso.nxp.com/cmsis_pack/repo/NXP.MKE12Z9_DFP.pdsc
NXP,MKE12Z9,,MKE12Z512VLL9,cmsis_device_name,tcl/target/ke1xz.cfg,not_validated,MKE12Z9_DFP,26.06.00,https://mcuxpresso.nxp.com/cmsis_pack/repo/NXP.MKE12Z9_DFP.pdsc
NXP,MKE13Z7,,MKE13Z128VLF7,cmsis_device_name,tcl/target/ke1xf.cfg,not_validated,MKE13Z7_DFP,26.06.00,https://mcuxpresso.nxp.com/cmsis_pack/repo/NXP.MKE13Z7_DFP.pdsc
NXP,MKE13Z7,,MKE13Z128VLH7,cmsis_device_name,tcl/target/ke1xz.cfg,not_validated,MKE13Z7_DFP,26.06.00,https://mcuxpresso.nxp.com/cmsis_pack/repo/NXP.MKE13Z7_DFP.pdsc
NXP,MKE13Z7,,MKE13Z128VLL7,cmsis_device_name,tcl/target/ke1xz.cfg,not_validated,MKE13Z7_DFP,26.06.00,https://mcuxpresso.nxp.com/cmsis_pack/repo/NXP.MKE13Z7_DFP.pdsc
NXP,MKE13Z7,,MKE13Z256VLF7,cmsis_device_name,tcl/target/ke1xf.cfg,not_validated,MKE13Z7_DFP,26.06.00,https://mcuxpresso.nxp.com/cmsis_pack/repo/NXP.MKE13Z7_DFP.pdsc
NXP,MKE13Z7,,MKE13Z256VLH7,cmsis_device_name,tcl/target/ke1xz.cfg,not_validated,MKE13Z7_DFP,26.06.00,https://mcuxpresso.nxp.com/cmsis_pack/repo/NXP.MKE13Z7_DFP.pdsc
NXP,MKE13Z7,,MKE13Z256VLL7,cmsis_device_name,tcl/target/ke1xz.cfg,not_validated,MKE13Z7_DFP,26.06.00,https://mcuxpresso.nxp.com/cmsis_pack/repo/NXP.MKE13Z7_DFP.pdsc
NXP,MKE13Z9,,MKE13Z512VLH9,cmsis_device_name,tcl/target/ke1xz.cfg,not_validated,MKE13Z9_DFP,26.06.00,https://mcuxpresso.nxp.com/cmsis_pack/repo/NXP.MKE13Z9_DFP.pdsc
NXP,MKE13Z9,,MKE13Z512VLL9,cmsis_device_name,tcl/target/ke1xz.cfg,not_validated,MKE13Z9_DFP,26.06.00,https://mcuxpresso.nxp.com/cmsis_pack/repo/NXP.MKE13Z9_DFP.pdsc
NXP,MKE14F16,,MKE14F256VLH16,cmsis_device_name,tcl/target/ke1xf.cfg,not_validated,MKE14F16_DFP,12.2.0,https://mcuxpresso.nxp.com/cmsis_pack/repo/NXP.MKE14F16_DFP.pdsc
NXP,MKE14F16,,MKE14F256VLL16,cmsis_device_name,tcl/target/ke1xf.cfg,not_validated,MKE14F16_DFP,12.2.0,https://mcuxpresso.nxp.com/cmsis_pack/repo/NXP.MKE14F16_DFP.pdsc
NXP,MKE14F16,,MKE14F512VLH16,cmsis_device_name,tcl/target/ke1xf.cfg,not_validated,MKE14F16_DFP,12.2.0,https://mcuxpresso.nxp.com/cmsis_pack/repo/NXP.MKE14F16_DFP.pdsc
NXP,MKE14F16,,MKE14F512VLL16,cmsis_device_name,tcl/target/ke1xf.cfg,not_validated,MKE14F16_DFP,12.2.0,https://mcuxpresso.nxp.com/cmsis_pack/repo/NXP.MKE14F16_DFP.pdsc
NXP,MKE14Z4,,MKE14Z32VFP4,cmsis_device_name,tcl/target/ke1xf.cfg,not_validated,MKE14Z4_DFP,26.06.00,https://mcuxpresso.nxp.com/cmsis_pack/repo/NXP.MKE14Z4_DFP.pdsc
NXP,MKE14Z4,,MKE14Z32VLD4,cmsis_device_name,tcl/target/ke1xz.cfg,not_validated,MKE14Z4_DFP,26.06.00,https://mcuxpresso.nxp.com/cmsis_pack/repo/NXP.MKE14Z4_DFP.pdsc
NXP,MKE14Z4,,MKE14Z32VLF4,cmsis_device_name,tcl/target/ke1xf.cfg,not_validated,MKE14Z4_DFP,26.06.00,https://mcuxpresso.nxp.com/cmsis_pack/repo/NXP.MKE14Z4_DFP.pdsc
NXP,MKE14Z4,,MKE14Z64VFP4,cmsis_device_name,tcl/target/ke1xf.cfg,not_validated,MKE14Z4_DFP,26.06.00,https://mcuxpresso.nxp.com/cmsis_pack/repo/NXP.MKE14Z4_DFP.pdsc
NXP,MKE14Z4,,MKE14Z64VLD4,cmsis_device_name,tcl/target/ke1xz.cfg,not_validated,MKE14Z4_DFP,26.06.00,https://mcuxpresso.nxp.com/cmsis_pack/repo/NXP.MKE14Z4_DFP.pdsc
NXP,MKE14Z4,,MKE14Z64VLF4,cmsis_device_name,tcl/target/ke1xf.cfg,not_validated,MKE14Z4_DFP,26.06.00,https://mcuxpresso.nxp.com/cmsis_pack/repo/NXP.MKE14Z4_DFP.pdsc
NXP,MKE14Z7,,MKE14Z128VLH7,cmsis_device_name,tcl/target/ke1xz.cfg,not_validated,MKE14Z7_DFP,26.06.00,https://mcuxpresso.nxp.com/cmsis_pack/repo/NXP.MKE14Z7_DFP.pdsc
NXP,MKE14Z7,,MKE14Z128VLL7,cmsis_device_name,tcl/target/ke1xz.cfg,not_validated,MKE14Z7_DFP,26.06.00,https://mcuxpresso.nxp.com/cmsis_pack/repo/NXP.MKE14Z7_DFP.pdsc
NXP,MKE14Z7,,MKE14Z256VLH7,cmsis_device_name,tcl/target/ke1xz.cfg,not_validated,MKE14Z7_DFP,26.06.00,https://mcuxpresso.nxp.com/cmsis_pack/repo/NXP.MKE14Z7_DFP.pdsc
NXP,MKE14Z7,,MKE14Z256VLL7,cmsis_device_name,tcl/target/ke1xz.cfg,not_validated,MKE14Z7_DFP,26.06.00,https://mcuxpresso.nxp.com/cmsis_pack/repo/NXP.MKE14Z7_DFP.pdsc
NXP,MKE15Z4,,MKE15Z32VFP4,cmsis_device_name,tcl/target/ke1xf.cfg,not_validated,MKE15Z4_DFP,26.06.00,https://mcuxpresso.nxp.com/cmsis_pack/repo/NXP.MKE15Z4_DFP.pdsc
NXP,MKE15Z4,,MKE15Z32VLD4,cmsis_device_name,tcl/target/ke1xz.cfg,not_validated,MKE15Z4_DFP,26.06.00,https://mcuxpresso.nxp.com/cmsis_pack/repo/NXP.MKE15Z4_DFP.pdsc
NXP,MKE15Z4,,MKE15Z32VLF4,cmsis_device_name,tcl/target/ke1xf.cfg,not_validated,MKE15Z4_DFP,26.06.00,https://mcuxpresso.nxp.com/cmsis_pack/repo/NXP.MKE15Z4_DFP.pdsc
NXP,MKE15Z4,,MKE15Z64VFP4,cmsis_device_name,tcl/target/ke1xf.cfg,not_validated,MKE15Z4_DFP,26.06.00,https://mcuxpresso.nxp.com/cmsis_pack/repo/NXP.MKE15Z4_DFP.pdsc
NXP,MKE15Z4,,MKE15Z64VLD4,cmsis_device_name,tcl/target/ke1xz.cfg,not_validated,MKE15Z4_DFP,26.06.00,https://mcuxpresso.nxp.com/cmsis_pack/repo/NXP.MKE15Z4_DFP.pdsc
NXP,MKE15Z4,,MKE15Z64VLF4,cmsis_device_name,tcl/target/ke1xf.cfg,not_validated,MKE15Z4_DFP,26.06.00,https://mcuxpresso.nxp.com/cmsis_pack/repo/NXP.MKE15Z4_DFP.pdsc
NXP,MKE15Z7,,MKE15Z128VLH7,cmsis_device_name,tcl/target/ke1xz.cfg,not_validated,MKE15Z7_DFP,26.06.00,https://mcuxpresso.nxp.com/cmsis_pack/repo/NXP.MKE15Z7_DFP.pdsc
NXP,MKE15Z7,,MKE15Z128VLL7,cmsis_device_name,tcl/target/ke1xz.cfg,not_validated,MKE15Z7_DFP,26.06.00,https://mcuxpresso.nxp.com/cmsis_pack/repo/NXP.MKE15Z7_DFP.pdsc
NXP,MKE15Z7,,MKE15Z256VLH7,cmsis_device_name,tcl/target/ke1xz.cfg,not_validated,MKE15Z7_DFP,26.06.00,https://mcuxpresso.nxp.com/cmsis_pack/repo/NXP.MKE15Z7_DFP.pdsc
NXP,MKE15Z7,,MKE15Z256VLL7,cmsis_device_name,tcl/target/ke1xz.cfg,not_validated,MKE15Z7_DFP,26.06.00,https://mcuxpresso.nxp.com/cmsis_pack/repo/NXP.MKE15Z7_DFP.pdsc
NXP,MKE16F16,,MKE16F256VLH16,cmsis_device_name,tcl/target/ke1xf.cfg,not_validated,MKE16F16_DFP,12.2.0,https://mcuxpresso.nxp.com/cmsis_pack/repo/NXP.MKE16F16_DFP.pdsc
NXP,MKE16F16,,MKE16F256VLL16,cmsis_device_name,tcl/target/ke1xf.cfg,not_validated,MKE16F16_DFP,12.2.0,https://mcuxpresso.nxp.com/cmsis_pack/repo/NXP.MKE16F16_DFP.pdsc
NXP,MKE16F16,,MKE16F512VLH16,cmsis_device_name,tcl/target/ke1xf.cfg,not_validated,MKE16F16_DFP,12.2.0,https://mcuxpresso.nxp.com/cmsis_pack/repo/NXP.MKE16F16_DFP.pdsc
NXP,MKE16F16,,MKE16F512VLL16,cmsis_device_name,tcl/target/ke1xf.cfg,not_validated,MKE16F16_DFP,12.2.0,https://mcuxpresso.nxp.com/cmsis_pack/repo/NXP.MKE16F16_DFP.pdsc
NXP,MKE16Z4,,MKE16Z32VLD4,cmsis_device_name,tcl/target/ke1xz.cfg,not_validated,MKE16Z4_DFP,26.06.00,https://mcuxpresso.nxp.com/cmsis_pack/repo/NXP.MKE16Z4_DFP.pdsc
NXP,MKE16Z4,,MKE16Z32VLF4,cmsis_device_name,tcl/target/ke1xf.cfg,not_validated,MKE16Z4_DFP,26.06.00,https://mcuxpresso.nxp.com/cmsis_pack/repo/NXP.MKE16Z4_DFP.pdsc
NXP,MKE16Z4,,MKE16Z64VLD4,cmsis_device_name,tcl/target/ke1xz.cfg,not_validated,MKE16Z4_DFP,26.06.00,https://mcuxpresso.nxp.com/cmsis_pack/repo/NXP.MKE16Z4_DFP.pdsc
NXP,MKE16Z4,,MKE16Z64VLF4,cmsis_device_name,tcl/target/ke1xf.cfg,not_validated,MKE16Z4_DFP,26.06.00,https://mcuxpresso.nxp.com/cmsis_pack/repo/NXP.MKE16Z4_DFP.pdsc
NXP,MKE17Z7,,MKE17Z128VLF7,cmsis_device_name,tcl/target/ke1xf.cfg,not_validated,MKE17Z7_DFP,26.06.00,https://mcuxpresso.nxp.com/cmsis_pack/repo/NXP.MKE17Z7_DFP.pdsc
NXP,MKE17Z7,,MKE17Z128VLH7,cmsis_device_name,tcl/target/ke1xz.cfg,not_validated,MKE17Z7_DFP,26.06.00,https://mcuxpresso.nxp.com/cmsis_pack/repo/NXP.MKE17Z7_DFP.pdsc
NXP,MKE17Z7,,MKE17Z128VLL7,cmsis_device_name,tcl/target/ke1xz.cfg,not_validated,MKE17Z7_DFP,26.06.00,https://mcuxpresso.nxp.com/cmsis_pack/repo/NXP.MKE17Z7_DFP.pdsc
NXP,MKE17Z7,,MKE17Z256VLF7,cmsis_device_name,tcl/target/ke1xf.cfg,not_validated,MKE17Z7_DFP,26.06.00,https://mcuxpresso.nxp.com/cmsis_pack/repo/NXP.MKE17Z7_DFP.pdsc
NXP,MKE17Z7,,MKE17Z256VLH7,cmsis_device_name,tcl/target/ke1xz.cfg,not_validated,MKE17Z7_DFP,26.06.00,https://mcuxpresso.nxp.com/cmsis_pack/repo/NXP.MKE17Z7_DFP.pdsc
NXP,MKE17Z7,,MKE17Z256VLL7,cmsis_device_name,tcl/target/ke1xz.cfg,not_validated,MKE17Z7_DFP,26.06.00,https://mcuxpresso.nxp.com/cmsis_pack/repo/NXP.MKE17Z7_DFP.pdsc
NXP,MKE17Z9,,MKE17Z512VLH9,cmsis_device_name,tcl/target/ke1xz.cfg,not_validated,MKE17Z9_DFP,26.06.00,https://mcuxpresso.nxp.com/cmsis_pack/repo/NXP.MKE17Z9_DFP.pdsc
NXP,MKE17Z9,,MKE17Z512VLL9,cmsis_device_name,tcl/target/ke1xz.cfg,not_validated,MKE17Z9_DFP,26.06.00,https://mcuxpresso.nxp.com/cmsis_pack/repo/NXP.MKE17Z9_DFP.pdsc
NXP,MKE18F16,,MKE18F256VLH16,cmsis_device_name,tcl/target/ke1xf.cfg,not_validated,MKE18F16_DFP,12.2.0,https://mcuxpresso.nxp.com/cmsis_pack/repo/NXP.MKE18F16_DFP.pdsc
NXP,MKE18F16,,MKE18F256VLL16,cmsis_device_name,tcl/target/ke1xf.cfg,not_validated,MKE18F16_DFP,12.2.0,https://mcuxpresso.nxp.com/cmsis_pack/repo/NXP.MKE18F16_DFP.pdsc
NXP,MKE18F16,,MKE18F512VLH16,cmsis_device_name,tcl/target/ke1xf.cfg,not_validated,MKE18F16_DFP,12.2.0,https://mcuxpresso.nxp.com/cmsis_pack/repo/NXP.MKE18F16_DFP.pdsc
NXP,MKE18F16,,MKE18F512VLL16,cmsis_device_name,tcl/target/ke1xf.cfg,not_validated,MKE18F16_DFP,12.2.0,https://mcuxpresso.nxp.com/cmsis_pack/repo/NXP.MKE18F16_DFP.pdsc
NXP,MKL46Z4,,MKL46Z128VLH4,cmsis_device_name,tcl/target/kl46.cfg,not_validated,MKL46Z4_DFP,10.0.3,https://mcuxpresso.nxp.com/cmsis_pack/repo/NXP.MKL46Z4_DFP.pdsc
NXP,MKL46Z4,,MKL46Z128VLL4,cmsis_device_name,tcl/target/kl46.cfg,not_validated,MKL46Z4_DFP,10.0.3,https://mcuxpresso.nxp.com/cmsis_pack/repo/NXP.MKL46Z4_DFP.pdsc
NXP,MKL46Z4,,MKL46Z128VMC4,cmsis_device_name,tcl/target/kl46.cfg,not_validated,MKL46Z4_DFP,10.0.3,https://mcuxpresso.nxp.com/cmsis_pack/repo/NXP.MKL46Z4_DFP.pdsc
NXP,MKL46Z4,,MKL46Z256VLH4,cmsis_device_name,tcl/target/kl46.cfg,not_validated,MKL46Z4_DFP,10.0.3,https://mcuxpresso.nxp.com/cmsis_pack/repo/NXP.MKL46Z4_DFP.pdsc
NXP,MKL46Z4,,MKL46Z256VLL4,cmsis_device_name,tcl/target/kl46.cfg,not_validated,MKL46Z4_DFP,10.0.3,https://mcuxpresso.nxp.com/cmsis_pack/repo/NXP.MKL46Z4_DFP.pdsc
NXP,MKL46Z4,,MKL46Z256VMC4,cmsis_device_name,tcl/target/kl46.cfg,not_validated,MKL46Z4_DFP,10.0.3,https://mcuxpresso.nxp.com/cmsis_pack/repo/NXP.MKL46Z4_DFP.pdsc
NXP,MKL46Z4,,MKL46Z256VMP4,cmsis_device_name,tcl/target/kl46.cfg,not_validated,MKL46Z4_DFP,10.0.3,https://mcuxpresso.nxp.com/cmsis_pack/repo/NXP.MKL46Z4_DFP.pdsc
NXP,QN908x,QN908xA,QN9080A,cmsis_device_name,tcl/target/qn908x.cfg,not_validated,QN908x_DFP,1.1.5,https://mcuxpresso.nxp.com/cmsis_pack/repo/NXP.QN908x_DFP.pdsc
NXP,QN908x,QN908xB,QN9080B,cmsis_device_name,tcl/target/qn908x.cfg,not_validated,QN908x_DFP,1.1.5,https://mcuxpresso.nxp.com/cmsis_pack/repo/NXP.QN908x_DFP.pdsc
NXP,QN908x,QN908xC,QN9080C,cmsis_device_name,tcl/target/qn908x.cfg,not_validated,QN908x_DFP,1.1.5,https://mcuxpresso.nxp.com/cmsis_pack/repo/NXP.QN908x_DFP.pdsc
NXP,QN908x,QN908xA,QN9083A,cmsis_device_name,tcl/target/qn908x.cfg,not_validated,QN908x_DFP,1.1.5,https://mcuxpresso.nxp.com/cmsis_pack/repo/NXP.QN908x_DFP.pdsc
NXP,QN908x,QN908xB,QN9083B,cmsis_device_name,tcl/target/qn908x.cfg,not_validated,QN908x_DFP,1.1.5,https://mcuxpresso.nxp.com/cmsis_pack/repo/NXP.QN908x_DFP.pdsc
NXP,QN908x,QN908xC,QN9083C,cmsis_device_name,tcl/target/qn908x.cfg,not_validated,QN908x_DFP,1.1.5,https://mcuxpresso.nxp.com/cmsis_pack/repo/NXP.QN908x_DFP.pdsc
Nordic Semiconductor,nRF51 Series,,nRF51422_xxAA,ordering_pattern,tcl/target/nordic/nrf51.cfg,not_validated,nRF_DeviceFamilyPack,8.44.1,https://developer.nordicsemi.com/nRF5_SDK/pieces/nRF_DeviceFamilyPack/NordicSemiconductor.nRF_DeviceFamilyPack.pdsc
Nordic Semiconductor,nRF51 Series,,nRF51422_xxAB,ordering_pattern,tcl/target/nordic/nrf51.cfg,not_validated,nRF_DeviceFamilyPack,8.44.1,https://developer.nordicsemi.com/nRF5_SDK/pieces/nRF_DeviceFamilyPack/NordicSemiconductor.nRF_DeviceFamilyPack.pdsc
Nordic Semiconductor,nRF51 Series,,nRF51422_xxAC,ordering_pattern,tcl/target/nordic/nrf51.cfg,not_validated,nRF_DeviceFamilyPack,8.44.1,https://developer.nordicsemi.com/nRF5_SDK/pieces/nRF_DeviceFamilyPack/NordicSemiconductor.nRF_DeviceFamilyPack.pdsc
Nordic Semiconductor,nRF51 Series,,nRF51801_xxAB,ordering_pattern,tcl/target/nordic/nrf51.cfg,not_validated,nRF_DeviceFamilyPack,8.44.1,https://developer.nordicsemi.com/nRF5_SDK/pieces/nRF_DeviceFamilyPack/NordicSemiconductor.nRF_DeviceFamilyPack.pdsc
Nordic Semiconductor,nRF51 Series,,nRF51802_xxAA,ordering_pattern,tcl/target/nordic/nrf51.cfg,not_validated,nRF_DeviceFamilyPack,8.44.1,https://developer.nordicsemi.com/nRF5_SDK/pieces/nRF_DeviceFamilyPack/NordicSemiconductor.nRF_DeviceFamilyPack.pdsc
Nordic Semiconductor,nRF51 Series,,nRF51822_xxAA,ordering_pattern,tcl/target/nordic/nrf51.cfg,not_validated,nRF_DeviceFamilyPack,8.44.1,https://developer.nordicsemi.com/nRF5_SDK/pieces/nRF_DeviceFamilyPack/NordicSemiconductor.nRF_DeviceFamilyPack.pdsc
Nordic Semiconductor,nRF51 Series,,nRF51822_xxAB,ordering_pattern,tcl/target/nordic/nrf51.cfg,not_validated,nRF_DeviceFamilyPack,8.44.1,https://developer.nordicsemi.com/nRF5_SDK/pieces/nRF_DeviceFamilyPack/NordicSemiconductor.nRF_DeviceFamilyPack.pdsc
Nordic Semiconductor,nRF51 Series,,nRF51822_xxAC,ordering_pattern,tcl/target/nordic/nrf51.cfg,not_validated,nRF_DeviceFamilyPack,8.44.1,https://developer.nordicsemi.com/nRF5_SDK/pieces/nRF_DeviceFamilyPack/NordicSemiconductor.nRF_DeviceFamilyPack.pdsc
Nordic Semiconductor,nRF51 Series,,nRF51824_xxAA,ordering_pattern,tcl/target/nordic/nrf51.cfg,not_validated,nRF_DeviceFamilyPack,8.44.1,https://developer.nordicsemi.com/nRF5_SDK/pieces/nRF_DeviceFamilyPack/NordicSemiconductor.nRF_DeviceFamilyPack.pdsc
Nordic Semiconductor,nRF52 Series,,nRF52805_xxAA,ordering_pattern,tcl/target/nordic/nrf52.cfg,not_validated,nRF_DeviceFamilyPack,8.44.1,https://developer.nordicsemi.com/nRF5_SDK/pieces/nRF_DeviceFamilyPack/NordicSemiconductor.nRF_DeviceFamilyPack.pdsc
Nordic Semiconductor,nRF52 Series,,nRF52810_xxAA,ordering_pattern,tcl/target/nordic/nrf52.cfg,not_validated,nRF_DeviceFamilyPack,8.44.1,https://developer.nordicsemi.com/nRF5_SDK/pieces/nRF_DeviceFamilyPack/NordicSemiconductor.nRF_DeviceFamilyPack.pdsc
Nordic Semiconductor,nRF52 Series,,nRF52811_xxAA,ordering_pattern,tcl/target/nordic/nrf52.cfg,not_validated,nRF_DeviceFamilyPack,8.44.1,https://developer.nordicsemi.com/nRF5_SDK/pieces/nRF_DeviceFamilyPack/NordicSemiconductor.nRF_DeviceFamilyPack.pdsc
Nordic Semiconductor,nRF52 Series,,nRF52820_xxAA,ordering_pattern,tcl/target/nordic/nrf52.cfg,not_validated,nRF_DeviceFamilyPack,8.44.1,https://developer.nordicsemi.com/nRF5_SDK/pieces/nRF_DeviceFamilyPack/NordicSemiconductor.nRF_DeviceFamilyPack.pdsc
Nordic Semiconductor,nRF52 Series,,nRF52832_xxAA,ordering_pattern,tcl/target/nordic/nrf52.cfg,not_validated,nRF_DeviceFamilyPack,8.44.1,https://developer.nordicsemi.com/nRF5_SDK/pieces/nRF_DeviceFamilyPack/NordicSemiconductor.nRF_DeviceFamilyPack.pdsc
Nordic Semiconductor,nRF52 Series,,nRF52832_xxAB,ordering_pattern,tcl/target/nordic/nrf52.cfg,not_validated,nRF_DeviceFamilyPack,8.44.1,https://developer.nordicsemi.com/nRF5_SDK/pieces/nRF_DeviceFamilyPack/NordicSemiconductor.nRF_DeviceFamilyPack.pdsc
Nordic Semiconductor,nRF52 Series,,nRF52833_xxAA,ordering_pattern,tcl/target/nordic/nrf52.cfg,not_validated,nRF_DeviceFamilyPack,8.44.1,https://developer.nordicsemi.com/nRF5_SDK/pieces/nRF_DeviceFamilyPack/NordicSemiconductor.nRF_DeviceFamilyPack.pdsc
Nordic Semiconductor,nRF52 Series,,nRF52840_xxAA,ordering_pattern,tcl/target/nordic/nrf52.cfg,not_validated,nRF_DeviceFamilyPack,8.44.1,https://developer.nordicsemi.com/nRF5_SDK/pieces/nRF_DeviceFamilyPack/NordicSemiconductor.nRF_DeviceFamilyPack.pdsc
Nordic Semiconductor,nRF53 Series,,nRF5340_xxAA,ordering_pattern,tcl/target/nordic/nrf53.cfg,not_validated,nRF_DeviceFamilyPack,8.44.1,https://developer.nordicsemi.com/nRF5_SDK/pieces/nRF_DeviceFamilyPack/NordicSemiconductor.nRF_DeviceFamilyPack.pdsc
Nordic Semiconductor,nRF91 Series,,nRF9160_xxAA,ordering_pattern,tcl/target/nordic/nrf91.cfg,not_validated,nRF_DeviceFamilyPack,8.44.1,https://developer.nordicsemi.com/nRF5_SDK/pieces/nRF_DeviceFamilyPack/NordicSemiconductor.nRF_DeviceFamilyPack.pdsc
STMicroelectronics,STM32C0 Series,STM32C011,STM32C011D6YxTR,cmsis_device_name,tcl/target/stm32c0x.cfg,not_validated,STM32C0xx_DFP,2.4.0,https://www.keil.com/pack/Keil.STM32C0xx_DFP.pdsc
STMicroelectronics,STM32C0 Series,STM32C011,STM32C011F4Px,ordering_pattern,tcl/target/stm32c0x.cfg,not_validated,STM32C0xx_DFP,2.4.0,https://www.keil.com/pack/Keil.STM32C0xx_DFP.pdsc
STMicroelectronics,STM32C0 Series,STM32C011,STM32C011F4Ux,ordering_pattern,tcl/target/stm32c0x.cfg,not_validated,STM32C0xx_DFP,2.4.0,https://www.keil.com/pack/Keil.STM32C0xx_DFP.pdsc
STMicroelectronics,STM32C0 Series,STM32C011,STM32C011F4UxTR,cmsis_device_name,tcl/target/stm32c0x.cfg,not_validated,STM32C0xx_DFP,2.4.0,https://www.keil.com/pack/Keil.STM32C0xx_DFP.pdsc
STMicroelectronics,STM32C0 Series,STM32C011,STM32C011F6Px,ordering_pattern,tcl/target/stm32c0x.cfg,not_validated,STM32C0xx_DFP,2.4.0,https://www.keil.com/pack/Keil.STM32C0xx_DFP.pdsc
STMicroelectronics,STM32C0 Series,STM32C011,STM32C011F6Ux,ordering_pattern,tcl/target/stm32c0x.cfg,not_validated,STM32C0xx_DFP,2.4.0,https://www.keil.com/pack/Keil.STM32C0xx_DFP.pdsc
STMicroelectronics,STM32C0 Series,STM32C011,STM32C011F6UxTR,cmsis_device_name,tcl/target/stm32c0x.cfg,not_validated,STM32C0xx_DFP,2.4.0,https://www.keil.com/pack/Keil.STM32C0xx_DFP.pdsc
STMicroelectronics,STM32C0 Series,STM32C011,STM32C011J4Mx,ordering_pattern,tcl/target/stm32c0x.cfg,not_validated,STM32C0xx_DFP,2.4.0,https://www.keil.com/pack/Keil.STM32C0xx_DFP.pdsc
STMicroelectronics,STM32C0 Series,STM32C011,STM32C011J6Mx,ordering_pattern,tcl/target/stm32c0x.cfg,not_validated,STM32C0xx_DFP,2.4.0,https://www.keil.com/pack/Keil.STM32C0xx_DFP.pdsc
STMicroelectronics,STM32C0 Series,STM32C031,STM32C031C4Tx,ordering_pattern,tcl/target/stm32c0x.cfg,not_validated,STM32C0xx_DFP,2.4.0,https://www.keil.com/pack/Keil.STM32C0xx_DFP.pdsc
STMicroelectronics,STM32C0 Series,STM32C031,STM32C031C4Ux,ordering_pattern,tcl/target/stm32c0x.cfg,not_validated,STM32C0xx_DFP,2.4.0,https://www.keil.com/pack/Keil.STM32C0xx_DFP.pdsc
STMicroelectronics,STM32C0 Series,STM32C031,STM32C031C6Tx,ordering_pattern,tcl/target/stm32c0x.cfg,not_validated,STM32C0xx_DFP,2.4.0,https://www.keil.com/pack/Keil.STM32C0xx_DFP.pdsc
STMicroelectronics,STM32C0 Series,STM32C031,STM32C031C6Ux,ordering_pattern,tcl/target/stm32c0x.cfg,not_validated,STM32C0xx_DFP,2.4.0,https://www.keil.com/pack/Keil.STM32C0xx_DFP.pdsc
STMicroelectronics,STM32C0 Series,STM32C031,STM32C031F4Px,ordering_pattern,tcl/target/stm32c0x.cfg,not_validated,STM32C0xx_DFP,2.4.0,https://www.keil.com/pack/Keil.STM32C0xx_DFP.pdsc
STMicroelectronics,STM32C0 Series,STM32C031,STM32C031F6Px,ordering_pattern,tcl/target/stm32c0x.cfg,not_validated,STM32C0xx_DFP,2.4.0,https://www.keil.com/pack/Keil.STM32C0xx_DFP.pdsc
STMicroelectronics,STM32C0 Series,STM32C031,STM32C031G4Ux,ordering_pattern,tcl/target/stm32c0x.cfg,not_validated,STM32C0xx_DFP,2.4.0,https://www.keil.com/pack/Keil.STM32C0xx_DFP.pdsc
STMicroelectronics,STM32C0 Series,STM32C031,STM32C031G6Ux,ordering_pattern,tcl/target/stm32c0x.cfg,not_validated,STM32C0xx_DFP,2.4.0,https://www.keil.com/pack/Keil.STM32C0xx_DFP.pdsc
STMicroelectronics,STM32C0 Series,STM32C031,STM32C031K4Tx,ordering_pattern,tcl/target/stm32c0x.cfg,not_validated,STM32C0xx_DFP,2.4.0,https://www.keil.com/pack/Keil.STM32C0xx_DFP.pdsc
STMicroelectronics,STM32C0 Series,STM32C031,STM32C031K4Ux,ordering_pattern,tcl/target/stm32c0x.cfg,not_validated,STM32C0xx_DFP,2.4.0,https://www.keil.com/pack/Keil.STM32C0xx_DFP.pdsc
STMicroelectronics,STM32C0 Series,STM32C031,STM32C031K6Tx,ordering_pattern,tcl/target/stm32c0x.cfg,not_validated,STM32C0xx_DFP,2.4.0,https://www.keil.com/pack/Keil.STM32C0xx_DFP.pdsc
STMicroelectronics,STM32C0 Series,STM32C031,STM32C031K6Ux,ordering_pattern,tcl/target/stm32c0x.cfg,not_validated,STM32C0xx_DFP,2.4.0,https://www.keil.com/pack/Keil.STM32C0xx_DFP.pdsc
STMicroelectronics,STM32C0 Series,STM32C051,STM32C051C6Tx,ordering_pattern,tcl/target/stm32c0x.cfg,not_validated,STM32C0xx_DFP,2.4.0,https://www.keil.com/pack/Keil.STM32C0xx_DFP.pdsc
STMicroelectronics,STM32C0 Series,STM32C051,STM32C051C6Ux,ordering_pattern,tcl/target/stm32c0x.cfg,not_validated,STM32C0xx_DFP,2.4.0,https://www.keil.com/pack/Keil.STM32C0xx_DFP.pdsc
STMicroelectronics,STM32C0 Series,STM32C051,STM32C051C8Tx,ordering_pattern,tcl/target/stm32c0x.cfg,not_validated,STM32C0xx_DFP,2.4.0,https://www.keil.com/pack/Keil.STM32C0xx_DFP.pdsc
STMicroelectronics,STM32C0 Series,STM32C051,STM32C051C8Ux,ordering_pattern,tcl/target/stm32c0x.cfg,not_validated,STM32C0xx_DFP,2.4.0,https://www.keil.com/pack/Keil.STM32C0xx_DFP.pdsc
STMicroelectronics,STM32C0 Series,STM32C051,STM32C051D8YxTR,cmsis_device_name,tcl/target/stm32c0x.cfg,not_validated,STM32C0xx_DFP,2.4.0,https://www.keil.com/pack/Keil.STM32C0xx_DFP.pdsc
STMicroelectronics,STM32C0 Series,STM32C051,STM32C051F6Px,ordering_pattern,tcl/target/stm32c0x.cfg,not_validated,STM32C0xx_DFP,2.4.0,https://www.keil.com/pack/Keil.STM32C0xx_DFP.pdsc
STMicroelectronics,STM32C0 Series,STM32C051,STM32C051F8Px,ordering_pattern,tcl/target/stm32c0x.cfg,not_validated,STM32C0xx_DFP,2.4.0,https://www.keil.com/pack/Keil.STM32C0xx_DFP.pdsc
STMicroelectronics,STM32C0 Series,STM32C051,STM32C051G6Ux,ordering_pattern,tcl/target/stm32c0x.cfg,not_validated,STM32C0xx_DFP,2.4.0,https://www.keil.com/pack/Keil.STM32C0xx_DFP.pdsc
STMicroelectronics,STM32C0 Series,STM32C051,STM32C051G8Ux,ordering_pattern,tcl/target/stm32c0x.cfg,not_validated,STM32C0xx_DFP,2.4.0,https://www.keil.com/pack/Keil.STM32C0xx_DFP.pdsc
STMicroelectronics,STM32C0 Series,STM32C051,STM32C051K6Tx,ordering_pattern,tcl/target/stm32c0x.cfg,not_validated,STM32C0xx_DFP,2.4.0,https://www.keil.com/pack/Keil.STM32C0xx_DFP.pdsc
STMicroelectronics,STM32C0 Series,STM32C051,STM32C051K6Ux,ordering_pattern,tcl/target/stm32c0x.cfg,not_validated,STM32C0xx_DFP,2.4.0,https://www.keil.com/pack/Keil.STM32C0xx_DFP.pdsc
STMicroelectronics,STM32C0 Series,STM32C051,STM32C051K8Tx,ordering_pattern,tcl/target/stm32c0x.cfg,not_validated,STM32C0xx_DFP,2.4.0,https://www.keil.com/pack/Keil.STM32C0xx_DFP.pdsc
STMicroelectronics,STM32C0 Series,STM32C071,STM32C071C8Tx,ordering_pattern,tcl/target/stm32c0x.cfg,not_validated,STM32C0xx_DFP,2.4.0,https://www.keil.com/pack/Keil.STM32C0xx_DFP.pdsc
STMicroelectronics,STM32C0 Series,STM32C071,STM32C071C8TxN,cmsis_device_name,tcl/target/stm32c0x.cfg,not_validated,STM32C0xx_DFP,2.4.0,https://www.keil.com/pack/Keil.STM32C0xx_DFP.pdsc
STMicroelectronics,STM32C0 Series,STM32C071,STM32C071C8Ux,ordering_pattern,tcl/target/stm32c0x.cfg,not_validated,STM32C0xx_DFP,2.4.0,https://www.keil.com/pack/Keil.STM32C0xx_DFP.pdsc
STMicroelectronics,STM32C0 Series,STM32C071,STM32C071C8UxN,cmsis_device_name,tcl/target/stm32c0x.cfg,not_validated,STM32C0xx_DFP,2.4.0,https://www.keil.com/pack/Keil.STM32C0xx_DFP.pdsc
STMicroelectronics,STM32C0 Series,STM32C071,STM32C071CBTx,ordering_pattern,tcl/target/stm32c0x.cfg,not_validated,STM32C0xx_DFP,2.4.0,https://www.keil.com/pack/Keil.STM32C0xx_DFP.pdsc
STMicroelectronics,STM32C0 Series,STM32C071,STM32C071CBTxN,cmsis_device_name,tcl/target/stm32c0x.cfg,not_validated,STM32C0xx_DFP,2.4.0,https://www.keil.com/pack/Keil.STM32C0xx_DFP.pdsc
STMicroelectronics,STM32C0 Series,STM32C071,STM32C071CBUx,ordering_pattern,tcl/target/stm32c0x.cfg,not_validated,STM32C0xx_DFP,2.4.0,https://www.keil.com/pack/Keil.STM32C0xx_DFP.pdsc
STMicroelectronics,STM32C0 Series,STM32C071,STM32C071CBUxN,cmsis_device_name,tcl/target/stm32c0x.cfg,not_validated,STM32C0xx_DFP,2.4.0,https://www.keil.com/pack/Keil.STM32C0xx_DFP.pdsc
STMicroelectronics,STM32C0 Series,STM32C071,STM32C071F8Px,ordering_pattern,tcl/target/stm32c0x.cfg,not_validated,STM32C0xx_DFP,2.4.0,https://www.keil.com/pack/Keil.STM32C0xx_DFP.pdsc
STMicroelectronics,STM32C0 Series,STM32C071,STM32C071F8PxN,cmsis_device_name,tcl/target/stm32c0x.cfg,not_validated,STM32C0xx_DFP,2.4.0,https://www.keil.com/pack/Keil.STM32C0xx_DFP.pdsc
STMicroelectronics,STM32C0 Series,STM32C071,STM32C071FBPx,ordering_pattern,tcl/target/stm32c0x.cfg,not_validated,STM32C0xx_DFP,2.4.0,https://www.keil.com/pack/Keil.STM32C0xx_DFP.pdsc
STMicroelectronics,STM32C0 Series,STM32C071,STM32C071FBPxN,cmsis_device_name,tcl/target/stm32c0x.cfg,not_validated,STM32C0xx_DFP,2.4.0,https://www.keil.com/pack/Keil.STM32C0xx_DFP.pdsc
STMicroelectronics,STM32C0 Series,STM32C071,STM32C071FBYxTR,cmsis_device_name,tcl/target/stm32c0x.cfg,not_validated,STM32C0xx_DFP,2.4.0,https://www.keil.com/pack/Keil.STM32C0xx_DFP.pdsc
STMicroelectronics,STM32C0 Series,STM32C071,STM32C071G8Ux,ordering_pattern,tcl/target/stm32c0x.cfg,not_validated,STM32C0xx_DFP,2.4.0,https://www.keil.com/pack/Keil.STM32C0xx_DFP.pdsc
STMicroelectronics,STM32C0 Series,STM32C071,STM32C071G8UxN,cmsis_device_name,tcl/target/stm32c0x.cfg,not_validated,STM32C0xx_DFP,2.4.0,https://www.keil.com/pack/Keil.STM32C0xx_DFP.pdsc
STMicroelectronics,STM32C0 Series,STM32C071,STM32C071GBUx,ordering_pattern,tcl/target/stm32c0x.cfg,not_validated,STM32C0xx_DFP,2.4.0,https://www.keil.com/pack/Keil.STM32C0xx_DFP.pdsc
STMicroelectronics,STM32C0 Series,STM32C071,STM32C071GBUxN,cmsis_device_name,tcl/target/stm32c0x.cfg,not_validated,STM32C0xx_DFP,2.4.0,https://www.keil.com/pack/Keil.STM32C0xx_DFP.pdsc
STMicroelectronics,STM32C0 Series,STM32C071,STM32C071K8Tx,ordering_pattern,tcl/target/stm32c0x.cfg,not_validated,STM32C0xx_DFP,2.4.0,https://www.keil.com/pack/Keil.STM32C0xx_DFP.pdsc
STMicroelectronics,STM32C0 Series,STM32C071,STM32C071K8TxN,cmsis_device_name,tcl/target/stm32c0x.cfg,not_validated,STM32C0xx_DFP,2.4.0,https://www.keil.com/pack/Keil.STM32C0xx_DFP.pdsc
STMicroelectronics,STM32C0 Series,STM32C071,STM32C071K8Ux,ordering_pattern,tcl/target/stm32c0x.cfg,not_validated,STM32C0xx_DFP,2.4.0,https://www.keil.com/pack/Keil.STM32C0xx_DFP.pdsc
STMicroelectronics,STM32C0 Series,STM32C071,STM32C071K8UxN,cmsis_device_name,tcl/target/stm32c0x.cfg,not_validated,STM32C0xx_DFP,2.4.0,https://www.keil.com/pack/Keil.STM32C0xx_DFP.pdsc
STMicroelectronics,STM32C0 Series,STM32C071,STM32C071KBTx,ordering_pattern,tcl/target/stm32c0x.cfg,not_validated,STM32C0xx_DFP,2.4.0,https://www.keil.com/pack/Keil.STM32C0xx_DFP.pdsc
STMicroelectronics,STM32C0 Series,STM32C071,STM32C071KBTxN,cmsis_device_name,tcl/target/stm32c0x.cfg,not_validated,STM32C0xx_DFP,2.4.0,https://www.keil.com/pack/Keil.STM32C0xx_DFP.pdsc
STMicroelectronics,STM32C0 Series,STM32C071,STM32C071KBUx,ordering_pattern,tcl/target/stm32c0x.cfg,not_validated,STM32C0xx_DFP,2.4.0,https://www.keil.com/pack/Keil.STM32C0xx_DFP.pdsc
STMicroelectronics,STM32C0 Series,STM32C071,STM32C071KBUxN,cmsis_device_name,tcl/target/stm32c0x.cfg,not_validated,STM32C0xx_DFP,2.4.0,https://www.keil.com/pack/Keil.STM32C0xx_DFP.pdsc
STMicroelectronics,STM32C0 Series,STM32C071,STM32C071R8Tx,ordering_pattern,tcl/target/stm32c0x.cfg,not_validated,STM32C0xx_DFP,2.4.0,https://www.keil.com/pack/Keil.STM32C0xx_DFP.pdsc
STMicroelectronics,STM32C0 Series,STM32C071,STM32C071R8TxN,cmsis_device_name,tcl/target/stm32c0x.cfg,not_validated,STM32C0xx_DFP,2.4.0,https://www.keil.com/pack/Keil.STM32C0xx_DFP.pdsc
STMicroelectronics,STM32C0 Series,STM32C071,STM32C071RBIxN,cmsis_device_name,tcl/target/stm32c0x.cfg,not_validated,STM32C0xx_DFP,2.4.0,https://www.keil.com/pack/Keil.STM32C0xx_DFP.pdsc
STMicroelectronics,STM32C0 Series,STM32C071,STM32C071RBTx,ordering_pattern,tcl/target/stm32c0x.cfg,not_validated,STM32C0xx_DFP,2.4.0,https://www.keil.com/pack/Keil.STM32C0xx_DFP.pdsc
STMicroelectronics,STM32C0 Series,STM32C071,STM32C071RBTxN,cmsis_device_name,tcl/target/stm32c0x.cfg,not_validated,STM32C0xx_DFP,2.4.0,https://www.keil.com/pack/Keil.STM32C0xx_DFP.pdsc
STMicroelectronics,STM32C0 Series,STM32C091,STM32C091CBTx,ordering_pattern,tcl/target/stm32c0x.cfg,not_validated,STM32C0xx_DFP,2.4.0,https://www.keil.com/pack/Keil.STM32C0xx_DFP.pdsc
STMicroelectronics,STM32C0 Series,STM32C091,STM32C091CBUx,ordering_pattern,tcl/target/stm32c0x.cfg,not_validated,STM32C0xx_DFP,2.4.0,https://www.keil.com/pack/Keil.STM32C0xx_DFP.pdsc
STMicroelectronics,STM32C0 Series,STM32C091,STM32C091CCTx,ordering_pattern,tcl/target/stm32c0x.cfg,not_validated,STM32C0xx_DFP,2.4.0,https://www.keil.com/pack/Keil.STM32C0xx_DFP.pdsc
STMicroelectronics,STM32C0 Series,STM32C091,STM32C091CCUx,ordering_pattern,tcl/target/stm32c0x.cfg,not_validated,STM32C0xx_DFP,2.4.0,https://www.keil.com/pack/Keil.STM32C0xx_DFP.pdsc
STMicroelectronics,STM32C0 Series,STM32C091,STM32C091ECYxTR,cmsis_device_name,tcl/target/stm32c0x.cfg,not_validated,STM32C0xx_DFP,2.4.0,https://www.keil.com/pack/Keil.STM32C0xx_DFP.pdsc
STMicroelectronics,STM32C0 Series,STM32C091,STM32C091FBPx,ordering_pattern,tcl/target/stm32c0x.cfg,not_validated,STM32C0xx_DFP,2.4.0,https://www.keil.com/pack/Keil.STM32C0xx_DFP.pdsc
STMicroelectronics,STM32C0 Series,STM32C091,STM32C091FCPx,ordering_pattern,tcl/target/stm32c0x.cfg,not_validated,STM32C0xx_DFP,2.4.0,https://www.keil.com/pack/Keil.STM32C0xx_DFP.pdsc
STMicroelectronics,STM32C0 Series,STM32C091,STM32C091GBUx,ordering_pattern,tcl/target/stm32c0x.cfg,not_validated,STM32C0xx_DFP,2.4.0,https://www.keil.com/pack/Keil.STM32C0xx_DFP.pdsc
STMicroelectronics,STM32C0 Series,STM32C091,STM32C091GCUx,ordering_pattern,tcl/target/stm32c0x.cfg,not_validated,STM32C0xx_DFP,2.4.0,https://www.keil.com/pack/Keil.STM32C0xx_DFP.pdsc
STMicroelectronics,STM32C0 Series,STM32C091,STM32C091KBTx,ordering_pattern,tcl/target/stm32c0x.cfg,not_validated,STM32C0xx_DFP,2.4.0,https://www.keil.com/pack/Keil.STM32C0xx_DFP.pdsc
STMicroelectronics,STM32C0 Series,STM32C091,STM32C091KBUx,ordering_pattern,tcl/target/stm32c0x.cfg,not_validated,STM32C0xx_DFP,2.4.0,https://www.keil.com/pack/Keil.STM32C0xx_DFP.pdsc
STMicroelectronics,STM32C0 Series,STM32C091,STM32C091KCTx,ordering_pattern,tcl/target/stm32c0x.cfg,not_validated,STM32C0xx_DFP,2.4.0,https://www.keil.com/pack/Keil.STM32C0xx_DFP.pdsc
STMicroelectronics,STM32C0 Series,STM32C091,STM32C091KCUx,ordering_pattern,tcl/target/stm32c0x.cfg,not_validated,STM32C0xx_DFP,2.4.0,https://www.keil.com/pack/Keil.STM32C0xx_DFP.pdsc
STMicroelectronics,STM32C0 Series,STM32C091,STM32C091RBTx,ordering_pattern,tcl/target/stm32c0x.cfg,not_validated,STM32C0xx_DFP,2.4.0,https://www.keil.com/pack/Keil.STM32C0xx_DFP.pdsc
STMicroelectronics,STM32C0 Series,STM32C091,STM32C091RCIx,ordering_pattern,tcl/target/stm32c0x.cfg,not_validated,STM32C0xx_DFP,2.4.0,https://www.keil.com/pack/Keil.STM32C0xx_DFP.pdsc
STMicroelectronics,STM32C0 Series,STM32C091,STM32C091RCTx,ordering_pattern,tcl/target/stm32c0x.cfg,not_validated,STM32C0xx_DFP,2.4.0,https://www.keil.com/pack/Keil.STM32C0xx_DFP.pdsc
STMicroelectronics,STM32C0 Series,STM32C092,STM32C092CBTx,ordering_pattern,tcl/target/stm32c0x.cfg,not_validated,STM32C0xx_DFP,2.4.0,https://www.keil.com/pack/Keil.STM32C0xx_DFP.pdsc
STMicroelectronics,STM32C0 Series,STM32C092,STM32C092CBUx,ordering_pattern,tcl/target/stm32c0x.cfg,not_validated,STM32C0xx_DFP,2.4.0,https://www.keil.com/pack/Keil.STM32C0xx_DFP.pdsc
STMicroelectronics,STM32C0 Series,STM32C092,STM32C092CCTx,ordering_pattern,tcl/target/stm32c0x.cfg,not_validated,STM32C0xx_DFP,2.4.0,https://www.keil.com/pack/Keil.STM32C0xx_DFP.pdsc
STMicroelectronics,STM32C0 Series,STM32C092,STM32C092CCUx,ordering_pattern,tcl/target/stm32c0x.cfg,not_validated,STM32C0xx_DFP,2.4.0,https://www.keil.com/pack/Keil.STM32C0xx_DFP.pdsc
STMicroelectronics,STM32C0 Series,STM32C092,STM32C092ECYxTR,cmsis_device_name,tcl/target/stm32c0x.cfg,not_validated,STM32C0xx_DFP,2.4.0,https://www.keil.com/pack/Keil.STM32C0xx_DFP.pdsc
STMicroelectronics,STM32C0 Series,STM32C092,STM32C092FBPx,ordering_pattern,tcl/target/stm32c0x.cfg,not_validated,STM32C0xx_DFP,2.4.0,https://www.keil.com/pack/Keil.STM32C0xx_DFP.pdsc
STMicroelectronics,STM32C0 Series,STM32C092,STM32C092FCPx,ordering_pattern,tcl/target/stm32c0x.cfg,not_validated,STM32C0xx_DFP,2.4.0,https://www.keil.com/pack/Keil.STM32C0xx_DFP.pdsc
STMicroelectronics,STM32C0 Series,STM32C092,STM32C092GBUx,ordering_pattern,tcl/target/stm32c0x.cfg,not_validated,STM32C0xx_DFP,2.4.0,https://www.keil.com/pack/Keil.STM32C0xx_DFP.pdsc
STMicroelectronics,STM32C0 Series,STM32C092,STM32C092GCUx,ordering_pattern,tcl/target/stm32c0x.cfg,not_validated,STM32C0xx_DFP,2.4.0,https://www.keil.com/pack/Keil.STM32C0xx_DFP.pdsc
STMicroelectronics,STM32C0 Series,STM32C092,STM32C092KBTx,ordering_pattern,tcl/target/stm32c0x.cfg,not_validated,STM32C0xx_DFP,2.4.0,https://www.keil.com/pack/Keil.STM32C0xx_DFP.pdsc
STMicroelectronics,STM32C0 Series,STM32C092,STM32C092KBUx,ordering_pattern,tcl/target/stm32c0x.cfg,not_validated,STM32C0xx_DFP,2.4.0,https://www.keil.com/pack/Keil.STM32C0xx_DFP.pdsc
STMicroelectronics,STM32C0 Series,STM32C092,STM32C092KCTx,ordering_pattern,tcl/target/stm32c0x.cfg,not_validated,STM32C0xx_DFP,2.4.0,https://www.keil.com/pack/Keil.STM32C0xx_DFP.pdsc
STMicroelectronics,STM32C0 Series,STM32C092,STM32C092KCUx,ordering_pattern,tcl/target/stm32c0x.cfg,not_validated,STM32C0xx_DFP,2.4.0,https://www.keil.com/pack/Keil.STM32C0xx_DFP.pdsc
STMicroelectronics,STM32C0 Series,STM32C092,STM32C092RBTx,ordering_pattern,tcl/target/stm32c0x.cfg,not_validated,STM32C0xx_DFP,2.4.0,https://www.keil.com/pack/Keil.STM32C0xx_DFP.pdsc
STMicroelectronics,STM32C0 Series,STM32C092,STM32C092RCIx,ordering_pattern,tcl/target/stm32c0x.cfg,not_validated,STM32C0xx_DFP,2.4.0,https://www.keil.com/pack/Keil.STM32C0xx_DFP.pdsc
STMicroelectronics,STM32C0 Series,STM32C092,STM32C092RCTx,ordering_pattern,tcl/target/stm32c0x.cfg,not_validated,STM32C0xx_DFP,2.4.0,https://www.keil.com/pack/Keil.STM32C0xx_DFP.pdsc
STMicroelectronics,STM32F0 Series,STM32F030,STM32F030C6Tx,ordering_pattern,tcl/target/stm32f0x.cfg,not_validated,STM32F0xx_DFP,3.1.1,https://www.keil.com/pack/Keil.STM32F0xx_DFP.pdsc
STMicroelectronics,STM32F0 Series,STM32F030,STM32F030C8Tx,ordering_pattern,tcl/target/stm32f0x.cfg,not_validated,STM32F0xx_DFP,3.1.1,https://www.keil.com/pack/Keil.STM32F0xx_DFP.pdsc
STMicroelectronics,STM32F0 Series,STM32F030,STM32F030CCTx,ordering_pattern,tcl/target/stm32f0x.cfg,not_validated,STM32F0xx_DFP,3.1.1,https://www.keil.com/pack/Keil.STM32F0xx_DFP.pdsc
STMicroelectronics,STM32F0 Series,STM32F030,STM32F030F4Px,ordering_pattern,tcl/target/stm32f0x.cfg,not_validated,STM32F0xx_DFP,3.1.1,https://www.keil.com/pack/Keil.STM32F0xx_DFP.pdsc
STMicroelectronics,STM32F0 Series,STM32F030,STM32F030K6Tx,ordering_pattern,tcl/target/stm32f0x.cfg,not_validated,STM32F0xx_DFP,3.1.1,https://www.keil.com/pack/Keil.STM32F0xx_DFP.pdsc
STMicroelectronics,STM32F0 Series,STM32F030,STM32F030R8Tx,ordering_pattern,tcl/target/stm32f0x.cfg,not_validated,STM32F0xx_DFP,3.1.1,https://www.keil.com/pack/Keil.STM32F0xx_DFP.pdsc
STMicroelectronics,STM32F0 Series,STM32F030,STM32F030RCTx,ordering_pattern,tcl/target/stm32f0x.cfg,not_validated,STM32F0xx_DFP,3.1.1,https://www.keil.com/pack/Keil.STM32F0xx_DFP.pdsc
STMicroelectronics,STM32F0 Series,STM32F031,STM32F031C4Tx,ordering_pattern,tcl/target/stm32f0x.cfg,not_validated,STM32F0xx_DFP,3.1.1,https://www.keil.com/pack/Keil.STM32F0xx_DFP.pdsc
STMicroelectronics,STM32F0 Series,STM32F031,STM32F031C6Tx,ordering_pattern,tcl/target/stm32f0x.cfg,not_validated,STM32F0xx_DFP,3.1.1,https://www.keil.com/pack/Keil.STM32F0xx_DFP.pdsc
STMicroelectronics,STM32F0 Series,STM32F031,STM32F031E6Yx,ordering_pattern,tcl/target/stm32f0x.cfg,not_validated,STM32F0xx_DFP,3.1.1,https://www.keil.com/pack/Keil.STM32F0xx_DFP.pdsc
STMicroelectronics,STM32F0 Series,STM32F031,STM32F031F4Px,ordering_pattern,tcl/target/stm32f0x.cfg,not_validated,STM32F0xx_DFP,3.1.1,https://www.keil.com/pack/Keil.STM32F0xx_DFP.pdsc
STMicroelectronics,STM32F0 Series,STM32F031,STM32F031F6Px,ordering_pattern,tcl/target/stm32f0x.cfg,not_validated,STM32F0xx_DFP,3.1.1,https://www.keil.com/pack/Keil.STM32F0xx_DFP.pdsc
STMicroelectronics,STM32F0 Series,STM32F031,STM32F031G4Ux,ordering_pattern,tcl/target/stm32f0x.cfg,not_validated,STM32F0xx_DFP,3.1.1,https://www.keil.com/pack/Keil.STM32F0xx_DFP.pdsc
STMicroelectronics,STM32F0 Series,STM32F031,STM32F031G6Ux,ordering_pattern,tcl/target/stm32f0x.cfg,not_validated,STM32F0xx_DFP,3.1.1,https://www.keil.com/pack/Keil.STM32F0xx_DFP.pdsc
STMicroelectronics,STM32F0 Series,STM32F031,STM32F031K4Ux,ordering_pattern,tcl/target/stm32f0x.cfg,not_validated,STM32F0xx_DFP,3.1.1,https://www.keil.com/pack/Keil.STM32F0xx_DFP.pdsc
STMicroelectronics,STM32F0 Series,STM32F031,STM32F031K6Tx,ordering_pattern,tcl/target/stm32f0x.cfg,not_validated,STM32F0xx_DFP,3.1.1,https://www.keil.com/pack/Keil.STM32F0xx_DFP.pdsc
STMicroelectronics,STM32F0 Series,STM32F031,STM32F031K6Ux,ordering_pattern,tcl/target/stm32f0x.cfg,not_validated,STM32F0xx_DFP,3.1.1,https://www.keil.com/pack/Keil.STM32F0xx_DFP.pdsc
STMicroelectronics,STM32F0 Series,STM32F038,STM32F038C6Tx,ordering_pattern,tcl/target/stm32f0x.cfg,not_validated,STM32F0xx_DFP,3.1.1,https://www.keil.com/pack/Keil.STM32F0xx_DFP.pdsc
STMicroelectronics,STM32F0 Series,STM32F038,STM32F038E6Yx,ordering_pattern,tcl/target/stm32f0x.cfg,not_validated,STM32F0xx_DFP,3.1.1,https://www.keil.com/pack/Keil.STM32F0xx_DFP.pdsc
STMicroelectronics,STM32F0 Series,STM32F038,STM32F038F6Px,ordering_pattern,tcl/target/stm32f0x.cfg,not_validated,STM32F0xx_DFP,3.1.1,https://www.keil.com/pack/Keil.STM32F0xx_DFP.pdsc
STMicroelectronics,STM32F0 Series,STM32F038,STM32F038G6Ux,ordering_pattern,tcl/target/stm32f0x.cfg,not_validated,STM32F0xx_DFP,3.1.1,https://www.keil.com/pack/Keil.STM32F0xx_DFP.pdsc
STMicroelectronics,STM32F0 Series,STM32F038,STM32F038K6Ux,ordering_pattern,tcl/target/stm32f0x.cfg,not_validated,STM32F0xx_DFP,3.1.1,https://www.keil.com/pack/Keil.STM32F0xx_DFP.pdsc
STMicroelectronics,STM32F0 Series,STM32F042,STM32F042C4Tx,ordering_pattern,tcl/target/stm32f0x.cfg,not_validated,STM32F0xx_DFP,3.1.1,https://www.keil.com/pack/Keil.STM32F0xx_DFP.pdsc
STMicroelectronics,STM32F0 Series,STM32F042,STM32F042C4Ux,ordering_pattern,tcl/target/stm32f0x.cfg,not_validated,STM32F0xx_DFP,3.1.1,https://www.keil.com/pack/Keil.STM32F0xx_DFP.pdsc
STMicroelectronics,STM32F0 Series,STM32F042,STM32F042C6Tx,ordering_pattern,tcl/target/stm32f0x.cfg,not_validated,STM32F0xx_DFP,3.1.1,https://www.keil.com/pack/Keil.STM32F0xx_DFP.pdsc
STMicroelectronics,STM32F0 Series,STM32F042,STM32F042C6Ux,ordering_pattern,tcl/target/stm32f0x.cfg,not_validated,STM32F0xx_DFP,3.1.1,https://www.keil.com/pack/Keil.STM32F0xx_DFP.pdsc
STMicroelectronics,STM32F0 Series,STM32F042,STM32F042F4Px,ordering_pattern,tcl/target/stm32f0x.cfg,not_validated,STM32F0xx_DFP,3.1.1,https://www.keil.com/pack/Keil.STM32F0xx_DFP.pdsc
STMicroelectronics,STM32F0 Series,STM32F042,STM32F042F6Px,ordering_pattern,tcl/target/stm32f0x.cfg,not_validated,STM32F0xx_DFP,3.1.1,https://www.keil.com/pack/Keil.STM32F0xx_DFP.pdsc
STMicroelectronics,STM32F0 Series,STM32F042,STM32F042G4Ux,ordering_pattern,tcl/target/stm32f0x.cfg,not_validated,STM32F0xx_DFP,3.1.1,https://www.keil.com/pack/Keil.STM32F0xx_DFP.pdsc
STMicroelectronics,STM32F0 Series,STM32F042,STM32F042G6Ux,ordering_pattern,tcl/target/stm32f0x.cfg,not_validated,STM32F0xx_DFP,3.1.1,https://www.keil.com/pack/Keil.STM32F0xx_DFP.pdsc
STMicroelectronics,STM32F0 Series,STM32F042,STM32F042K4Tx,ordering_pattern,tcl/target/stm32f0x.cfg,not_validated,STM32F0xx_DFP,3.1.1,https://www.keil.com/pack/Keil.STM32F0xx_DFP.pdsc
STMicroelectronics,STM32F0 Series,STM32F042,STM32F042K4Ux,ordering_pattern,tcl/target/stm32f0x.cfg,not_validated,STM32F0xx_DFP,3.1.1,https://www.keil.com/pack/Keil.STM32F0xx_DFP.pdsc
STMicroelectronics,STM32F0 Series,STM32F042,STM32F042K6Tx,ordering_pattern,tcl/target/stm32f0x.cfg,not_validated,STM32F0xx_DFP,3.1.1,https://www.keil.com/pack/Keil.STM32F0xx_DFP.pdsc
STMicroelectronics,STM32F0 Series,STM32F042,STM32F042K6Ux,ordering_pattern,tcl/target/stm32f0x.cfg,not_validated,STM32F0xx_DFP,3.1.1,https://www.keil.com/pack/Keil.STM32F0xx_DFP.pdsc
STMicroelectronics,STM32F0 Series,STM32F042,STM32F042T6Yx,ordering_pattern,tcl/target/stm32f0x.cfg,not_validated,STM32F0xx_DFP,3.1.1,https://www.keil.com/pack/Keil.STM32F0xx_DFP.pdsc
STMicroelectronics,STM32F0 Series,STM32F048,STM32F048C6Ux,ordering_pattern,tcl/target/stm32f0x.cfg,not_validated,STM32F0xx_DFP,3.1.1,https://www.keil.com/pack/Keil.STM32F0xx_DFP.pdsc
STMicroelectronics,STM32F0 Series,STM32F048,STM32F048G6Ux,ordering_pattern,tcl/target/stm32f0x.cfg,not_validated,STM32F0xx_DFP,3.1.1,https://www.keil.com/pack/Keil.STM32F0xx_DFP.pdsc
STMicroelectronics,STM32F0 Series,STM32F048,STM32F048T6Yx,ordering_pattern,tcl/target/stm32f0x.cfg,not_validated,STM32F0xx_DFP,3.1.1,https://www.keil.com/pack/Keil.STM32F0xx_DFP.pdsc
STMicroelectronics,STM32F0 Series,STM32F051,STM32F051C4Tx,ordering_pattern,tcl/target/stm32f0x.cfg,not_validated,STM32F0xx_DFP,3.1.1,https://www.keil.com/pack/Keil.STM32F0xx_DFP.pdsc
STMicroelectronics,STM32F0 Series,STM32F051,STM32F051C4Ux,ordering_pattern,tcl/target/stm32f0x.cfg,not_validated,STM32F0xx_DFP,3.1.1,https://www.keil.com/pack/Keil.STM32F0xx_DFP.pdsc
STMicroelectronics,STM32F0 Series,STM32F051,STM32F051C6Tx,ordering_pattern,tcl/target/stm32f0x.cfg,not_validated,STM32F0xx_DFP,3.1.1,https://www.keil.com/pack/Keil.STM32F0xx_DFP.pdsc
STMicroelectronics,STM32F0 Series,STM32F051,STM32F051C6Ux,ordering_pattern,tcl/target/stm32f0x.cfg,not_validated,STM32F0xx_DFP,3.1.1,https://www.keil.com/pack/Keil.STM32F0xx_DFP.pdsc
STMicroelectronics,STM32F0 Series,STM32F051,STM32F051C8Tx,ordering_pattern,tcl/target/stm32f0x.cfg,not_validated,STM32F0xx_DFP,3.1.1,https://www.keil.com/pack/Keil.STM32F0xx_DFP.pdsc
STMicroelectronics,STM32F0 Series,STM32F051,STM32F051C8Ux,ordering_pattern,tcl/target/stm32f0x.cfg,not_validated,STM32F0xx_DFP,3.1.1,https://www.keil.com/pack/Keil.STM32F0xx_DFP.pdsc
STMicroelectronics,STM32F0 Series,STM32F051,STM32F051K4Tx,ordering_pattern,tcl/target/stm32f0x.cfg,not_validated,STM32F0xx_DFP,3.1.1,https://www.keil.com/pack/Keil.STM32F0xx_DFP.pdsc
STMicroelectronics,STM32F0 Series,STM32F051,STM32F051K4Ux,ordering_pattern,tcl/target/stm32f0x.cfg,not_validated,STM32F0xx_DFP,3.1.1,https://www.keil.com/pack/Keil.STM32F0xx_DFP.pdsc
STMicroelectronics,STM32F0 Series,STM32F051,STM32F051K6Tx,ordering_pattern,tcl/target/stm32f0x.cfg,not_validated,STM32F0xx_DFP,3.1.1,https://www.keil.com/pack/Keil.STM32F0xx_DFP.pdsc
STMicroelectronics,STM32F0 Series,STM32F051,STM32F051K6Ux,ordering_pattern,tcl/target/stm32f0x.cfg,not_validated,STM32F0xx_DFP,3.1.1,https://www.keil.com/pack/Keil.STM32F0xx_DFP.pdsc
STMicroelectronics,STM32F0 Series,STM32F051,STM32F051K8Tx,ordering_pattern,tcl/target/stm32f0x.cfg,not_validated,STM32F0xx_DFP,3.1.1,https://www.keil.com/pack/Keil.STM32F0xx_DFP.pdsc
STMicroelectronics,STM32F0 Series,STM32F051,STM32F051K8Ux,ordering_pattern,tcl/target/stm32f0x.cfg,not_validated,STM32F0xx_DFP,3.1.1,https://www.keil.com/pack/Keil.STM32F0xx_DFP.pdsc
STMicroelectronics,STM32F0 Series,STM32F051,STM32F051R4Tx,ordering_pattern,tcl/target/stm32f0x.cfg,not_validated,STM32F0xx_DFP,3.1.1,https://www.keil.com/pack/Keil.STM32F0xx_DFP.pdsc
STMicroelectronics,STM32F0 Series,STM32F051,STM32F051R6Tx,ordering_pattern,tcl/target/stm32f0x.cfg,not_validated,STM32F0xx_DFP,3.1.1,https://www.keil.com/pack/Keil.STM32F0xx_DFP.pdsc
STMicroelectronics,STM32F0 Series,STM32F051,STM32F051R8Hx,ordering_pattern,tcl/target/stm32f0x.cfg,not_validated,STM32F0xx_DFP,3.1.1,https://www.keil.com/pack/Keil.STM32F0xx_DFP.pdsc
STMicroelectronics,STM32F0 Series,STM32F051,STM32F051R8Tx,ordering_pattern,tcl/target/stm32f0x.cfg,not_validated,STM32F0xx_DFP,3.1.1,https://www.keil.com/pack/Keil.STM32F0xx_DFP.pdsc
STMicroelectronics,STM32F0 Series,STM32F051,STM32F051T8Yx,ordering_pattern,tcl/target/stm32f0x.cfg,not_validated,STM32F0xx_DFP,3.1.1,https://www.keil.com/pack/Keil.STM32F0xx_DFP.pdsc
STMicroelectronics,STM32F0 Series,STM32F058,STM32F058C8Ux,ordering_pattern,tcl/target/stm32f0x.cfg,not_validated,STM32F0xx_DFP,3.1.1,https://www.keil.com/pack/Keil.STM32F0xx_DFP.pdsc
STMicroelectronics,STM32F0 Series,STM32F058,STM32F058R8Hx,ordering_pattern,tcl/target/stm32f0x.cfg,not_validated,STM32F0xx_DFP,3.1.1,https://www.keil.com/pack/Keil.STM32F0xx_DFP.pdsc
STMicroelectronics,STM32F0 Series,STM32F058,STM32F058R8Tx,ordering_pattern,tcl/target/stm32f0x.cfg,not_validated,STM32F0xx_DFP,3.1.1,https://www.keil.com/pack/Keil.STM32F0xx_DFP.pdsc
STMicroelectronics,STM32F0 Series,STM32F058,STM32F058T8Yx,ordering_pattern,tcl/target/stm32f0x.cfg,not_validated,STM32F0xx_DFP,3.1.1,https://www.keil.com/pack/Keil.STM32F0xx_DFP.pdsc
STMicroelectronics,STM32F0 Series,STM32F070,STM32F070C6Tx,ordering_pattern,tcl/target/stm32f0x.cfg,not_validated,STM32F0xx_DFP,3.1.1,https://www.keil.com/pack/Keil.STM32F0xx_DFP.pdsc
STMicroelectronics,STM32F0 Series,STM32F070,STM32F070CBTx,ordering_pattern,tcl/target/stm32f0x.cfg,not_validated,STM32F0xx_DFP,3.1.1,https://www.keil.com/pack/Keil.STM32F0xx_DFP.pdsc
STMicroelectronics,STM32F0 Series,STM32F070,STM32F070F6Px,ordering_pattern,tcl/target/stm32f0x.cfg,not_validated,STM32F0xx_DFP,3.1.1,https://www.keil.com/pack/Keil.STM32F0xx_DFP.pdsc
STMicroelectronics,STM32F0 Series,STM32F070,STM32F070RBTx,ordering_pattern,tcl/target/stm32f0x.cfg,not_validated,STM32F0xx_DFP,3.1.1,https://www.keil.com/pack/Keil.STM32F0xx_DFP.pdsc
STMicroelectronics,STM32F0 Series,STM32F071,STM32F071C8Tx,ordering_pattern,tcl/target/stm32f0x.cfg,not_validated,STM32F0xx_DFP,3.1.1,https://www.keil.com/pack/Keil.STM32F0xx_DFP.pdsc
STMicroelectronics,STM32F0 Series,STM32F071,STM32F071C8Ux,ordering_pattern,tcl/target/stm32f0x.cfg,not_validated,STM32F0xx_DFP,3.1.1,https://www.keil.com/pack/Keil.STM32F0xx_DFP.pdsc
STMicroelectronics,STM32F0 Series,STM32F071,STM32F071CBTx,ordering_pattern,tcl/target/stm32f0x.cfg,not_validated,STM32F0xx_DFP,3.1.1,https://www.keil.com/pack/Keil.STM32F0xx_DFP.pdsc
STMicroelectronics,STM32F0 Series,STM32F071,STM32F071CBUx,ordering_pattern,tcl/target/stm32f0x.cfg,not_validated,STM32F0xx_DFP,3.1.1,https://www.keil.com/pack/Keil.STM32F0xx_DFP.pdsc
STMicroelectronics,STM32F0 Series,STM32F071,STM32F071CBYx,ordering_pattern,tcl/target/stm32f0x.cfg,not_validated,STM32F0xx_DFP,3.1.1,https://www.keil.com/pack/Keil.STM32F0xx_DFP.pdsc
STMicroelectronics,STM32F0 Series,STM32F071,STM32F071RBTx,ordering_pattern,tcl/target/stm32f0x.cfg,not_validated,STM32F0xx_DFP,3.1.1,https://www.keil.com/pack/Keil.STM32F0xx_DFP.pdsc
STMicroelectronics,STM32F0 Series,STM32F071,STM32F071V8Hx,ordering_pattern,tcl/target/stm32f0x.cfg,not_validated,STM32F0xx_DFP,3.1.1,https://www.keil.com/pack/Keil.STM32F0xx_DFP.pdsc
STMicroelectronics,STM32F0 Series,STM32F071,STM32F071V8Tx,ordering_pattern,tcl/target/stm32f0x.cfg,not_validated,STM32F0xx_DFP,3.1.1,https://www.keil.com/pack/Keil.STM32F0xx_DFP.pdsc
STMicroelectronics,STM32F0 Series,STM32F071,STM32F071VBHx,ordering_pattern,tcl/target/stm32f0x.cfg,not_validated,STM32F0xx_DFP,3.1.1,https://www.keil.com/pack/Keil.STM32F0xx_DFP.pdsc
STMicroelectronics,STM32F0 Series,STM32F071,STM32F071VBTx,ordering_pattern,tcl/target/stm32f0x.cfg,not_validated,STM32F0xx_DFP,3.1.1,https://www.keil.com/pack/Keil.STM32F0xx_DFP.pdsc
STMicroelectronics,STM32F0 Series,STM32F072,STM32F072C8Tx,ordering_pattern,tcl/target/stm32f0x.cfg,not_validated,STM32F0xx_DFP,3.1.1,https://www.keil.com/pack/Keil.STM32F0xx_DFP.pdsc
STMicroelectronics,STM32F0 Series,STM32F072,STM32F072C8Ux,ordering_pattern,tcl/target/stm32f0x.cfg,not_validated,STM32F0xx_DFP,3.1.1,https://www.keil.com/pack/Keil.STM32F0xx_DFP.pdsc
STMicroelectronics,STM32F0 Series,STM32F072,STM32F072CBTx,ordering_pattern,tcl/target/stm32f0x.cfg,not_validated,STM32F0xx_DFP,3.1.1,https://www.keil.com/pack/Keil.STM32F0xx_DFP.pdsc
STMicroelectronics,STM32F0 Series,STM32F072,STM32F072CBUx,ordering_pattern,tcl/target/stm32f0x.cfg,not_validated,STM32F0xx_DFP,3.1.1,https://www.keil.com/pack/Keil.STM32F0xx_DFP.pdsc
STMicroelectronics,STM32F0 Series,STM32F072,STM32F072CBYx,ordering_pattern,tcl/target/stm32f0x.cfg,not_validated,STM32F0xx_DFP,3.1.1,https://www.keil.com/pack/Keil.STM32F0xx_DFP.pdsc
STMicroelectronics,STM32F0 Series,STM32F072,STM32F072R8Tx,ordering_pattern,tcl/target/stm32f0x.cfg,not_validated,STM32F0xx_DFP,3.1.1,https://www.keil.com/pack/Keil.STM32F0xx_DFP.pdsc
STMicroelectronics,STM32F0 Series,STM32F072,STM32F072RBHx,ordering_pattern,tcl/target/stm32f0x.cfg,not_validated,STM32F0xx_DFP,3.1.1,https://www.keil.com/pack/Keil.STM32F0xx_DFP.pdsc
STMicroelectronics,STM32F0 Series,STM32F072,STM32F072RBIx,ordering_pattern,tcl/target/stm32f0x.cfg,not_validated,STM32F0xx_DFP,3.1.1,https://www.keil.com/pack/Keil.STM32F0xx_DFP.pdsc
STMicroelectronics,STM32F0 Series,STM32F072,STM32F072RBTx,ordering_pattern,tcl/target/stm32f0x.cfg,not_validated,STM32F0xx_DFP,3.1.1,https://www.keil.com/pack/Keil.STM32F0xx_DFP.pdsc
STMicroelectronics,STM32F0 Series,STM32F072,STM32F072V8Hx,ordering_pattern,tcl/target/stm32f0x.cfg,not_validated,STM32F0xx_DFP,3.1.1,https://www.keil.com/pack/Keil.STM32F0xx_DFP.pdsc
STMicroelectronics,STM32F0 Series,STM32F072,STM32F072V8Tx,ordering_pattern,tcl/target/stm32f0x.cfg,not_validated,STM32F0xx_DFP,3.1.1,https://www.keil.com/pack/Keil.STM32F0xx_DFP.pdsc
STMicroelectronics,STM32F0 Series,STM32F072,STM32F072VBHx,ordering_pattern,tcl/target/stm32f0x.cfg,not_validated,STM32F0xx_DFP,3.1.1,https://www.keil.com/pack/Keil.STM32F0xx_DFP.pdsc
STMicroelectronics,STM32F0 Series,STM32F072,STM32F072VBTx,ordering_pattern,tcl/target/stm32f0x.cfg,not_validated,STM32F0xx_DFP,3.1.1,https://www.keil.com/pack/Keil.STM32F0xx_DFP.pdsc
STMicroelectronics,STM32F0 Series,STM32F078,STM32F078CBTx,ordering_pattern,tcl/target/stm32f0x.cfg,not_validated,STM32F0xx_DFP,3.1.1,https://www.keil.com/pack/Keil.STM32F0xx_DFP.pdsc
STMicroelectronics,STM32F0 Series,STM32F078,STM32F078CBUx,ordering_pattern,tcl/target/stm32f0x.cfg,not_validated,STM32F0xx_DFP,3.1.1,https://www.keil.com/pack/Keil.STM32F0xx_DFP.pdsc
STMicroelectronics,STM32F0 Series,STM32F078,STM32F078CBYx,ordering_pattern,tcl/target/stm32f0x.cfg,not_validated,STM32F0xx_DFP,3.1.1,https://www.keil.com/pack/Keil.STM32F0xx_DFP.pdsc
STMicroelectronics,STM32F0 Series,STM32F078,STM32F078RBHx,ordering_pattern,tcl/target/stm32f0x.cfg,not_validated,STM32F0xx_DFP,3.1.1,https://www.keil.com/pack/Keil.STM32F0xx_DFP.pdsc
STMicroelectronics,STM32F0 Series,STM32F078,STM32F078RBTx,ordering_pattern,tcl/target/stm32f0x.cfg,not_validated,STM32F0xx_DFP,3.1.1,https://www.keil.com/pack/Keil.STM32F0xx_DFP.pdsc
STMicroelectronics,STM32F0 Series,STM32F078,STM32F078VBHx,ordering_pattern,tcl/target/stm32f0x.cfg,not_validated,STM32F0xx_DFP,3.1.1,https://www.keil.com/pack/Keil.STM32F0xx_DFP.pdsc
STMicroelectronics,STM32F0 Series,STM32F078,STM32F078VBTx,ordering_pattern,tcl/target/stm32f0x.cfg,not_validated,STM32F0xx_DFP,3.1.1,https://www.keil.com/pack/Keil.STM32F0xx_DFP.pdsc
STMicroelectronics,STM32F0 Series,STM32F091,STM32F091CBTx,ordering_pattern,tcl/target/stm32f0x.cfg,not_validated,STM32F0xx_DFP,3.1.1,https://www.keil.com/pack/Keil.STM32F0xx_DFP.pdsc
STMicroelectronics,STM32F0 Series,STM32F091,STM32F091CBUx,ordering_pattern,tcl/target/stm32f0x.cfg,not_validated,STM32F0xx_DFP,3.1.1,https://www.keil.com/pack/Keil.STM32F0xx_DFP.pdsc
STMicroelectronics,STM32F0 Series,STM32F091,STM32F091CCTx,ordering_pattern,tcl/target/stm32f0x.cfg,not_validated,STM32F0xx_DFP,3.1.1,https://www.keil.com/pack/Keil.STM32F0xx_DFP.pdsc
STMicroelectronics,STM32F0 Series,STM32F091,STM32F091CCUx,ordering_pattern,tcl/target/stm32f0x.cfg,not_validated,STM32F0xx_DFP,3.1.1,https://www.keil.com/pack/Keil.STM32F0xx_DFP.pdsc
STMicroelectronics,STM32F0 Series,STM32F091,STM32F091RBTx,ordering_pattern,tcl/target/stm32f0x.cfg,not_validated,STM32F0xx_DFP,3.1.1,https://www.keil.com/pack/Keil.STM32F0xx_DFP.pdsc
STMicroelectronics,STM32F0 Series,STM32F091,STM32F091RCHx,ordering_pattern,tcl/target/stm32f0x.cfg,not_validated,STM32F0xx_DFP,3.1.1,https://www.keil.com/pack/Keil.STM32F0xx_DFP.pdsc
STMicroelectronics,STM32F0 Series,STM32F091,STM32F091RCTx,ordering_pattern,tcl/target/stm32f0x.cfg,not_validated,STM32F0xx_DFP,3.1.1,https://www.keil.com/pack/Keil.STM32F0xx_DFP.pdsc
STMicroelectronics,STM32F0 Series,STM32F091,STM32F091RCYx,ordering_pattern,tcl/target/stm32f0x.cfg,not_validated,STM32F0xx_DFP,3.1.1,https://www.keil.com/pack/Keil.STM32F0xx_DFP.pdsc
STMicroelectronics,STM32F0 Series,STM32F091,STM32F091VBTx,ordering_pattern,tcl/target/stm32f0x.cfg,not_validated,STM32F0xx_DFP,3.1.1,https://www.keil.com/pack/Keil.STM32F0xx_DFP.pdsc
STMicroelectronics,STM32F0 Series,STM32F091,STM32F091VCHx,ordering_pattern,tcl/target/stm32f0x.cfg,not_validated,STM32F0xx_DFP,3.1.1,https://www.keil.com/pack/Keil.STM32F0xx_DFP.pdsc
STMicroelectronics,STM32F0 Series,STM32F091,STM32F091VCTx,ordering_pattern,tcl/target/stm32f0x.cfg,not_validated,STM32F0xx_DFP,3.1.1,https://www.keil.com/pack/Keil.STM32F0xx_DFP.pdsc
STMicroelectronics,STM32F0 Series,STM32F098,STM32F098CCTx,ordering_pattern,tcl/target/stm32f0x.cfg,not_validated,STM32F0xx_DFP,3.1.1,https://www.keil.com/pack/Keil.STM32F0xx_DFP.pdsc
STMicroelectronics,STM32F0 Series,STM32F098,STM32F098CCUx,ordering_pattern,tcl/target/stm32f0x.cfg,not_validated,STM32F0xx_DFP,3.1.1,https://www.keil.com/pack/Keil.STM32F0xx_DFP.pdsc
STMicroelectronics,STM32F0 Series,STM32F098,STM32F098RCHx,ordering_pattern,tcl/target/stm32f0x.cfg,not_validated,STM32F0xx_DFP,3.1.1,https://www.keil.com/pack/Keil.STM32F0xx_DFP.pdsc
STMicroelectronics,STM32F0 Series,STM32F098,STM32F098RCTx,ordering_pattern,tcl/target/stm32f0x.cfg,not_validated,STM32F0xx_DFP,3.1.1,https://www.keil.com/pack/Keil.STM32F0xx_DFP.pdsc
STMicroelectronics,STM32F0 Series,STM32F098,STM32F098RCYx,ordering_pattern,tcl/target/stm32f0x.cfg,not_validated,STM32F0xx_DFP,3.1.1,https://www.keil.com/pack/Keil.STM32F0xx_DFP.pdsc
STMicroelectronics,STM32F0 Series,STM32F098,STM32F098VCHx,ordering_pattern,tcl/target/stm32f0x.cfg,not_validated,STM32F0xx_DFP,3.1.1,https://www.keil.com/pack/Keil.STM32F0xx_DFP.pdsc
STMicroelectronics,STM32F0 Series,STM32F098,STM32F098VCTx,ordering_pattern,tcl/target/stm32f0x.cfg,not_validated,STM32F0xx_DFP,3.1.1,https://www.keil.com/pack/Keil.STM32F0xx_DFP.pdsc
STMicroelectronics,STM32F1 Series,STM32F100,STM32F100C4,cmsis_device_name,tcl/target/stm32f1x.cfg,not_validated,STM32F1xx_DFP,2.4.1,https://www.keil.com/pack/Keil.STM32F1xx_DFP.pdsc
STMicroelectronics,STM32F1 Series,STM32F100,STM32F100C6,cmsis_device_name,tcl/target/stm32f1x.cfg,not_validated,STM32F1xx_DFP,2.4.1,https://www.keil.com/pack/Keil.STM32F1xx_DFP.pdsc
STMicroelectronics,STM32F1 Series,STM32F100,STM32F100C8,cmsis_device_name,tcl/target/stm32f1x.cfg,not_validated,STM32F1xx_DFP,2.4.1,https://www.keil.com/pack/Keil.STM32F1xx_DFP.pdsc
STMicroelectronics,STM32F1 Series,STM32F100,STM32F100CB,cmsis_device_name,tcl/target/stm32f1x.cfg,not_validated,STM32F1xx_DFP,2.4.1,https://www.keil.com/pack/Keil.STM32F1xx_DFP.pdsc
STMicroelectronics,STM32F1 Series,STM32F100,STM32F100R4,cmsis_device_name,tcl/target/stm32f1x.cfg,not_validated,STM32F1xx_DFP,2.4.1,https://www.keil.com/pack/Keil.STM32F1xx_DFP.pdsc
STMicroelectronics,STM32F1 Series,STM32F100,STM32F100R6,cmsis_device_name,tcl/target/stm32f1x.cfg,not_validated,STM32F1xx_DFP,2.4.1,https://www.keil.com/pack/Keil.STM32F1xx_DFP.pdsc
STMicroelectronics,STM32F1 Series,STM32F100,STM32F100R8,cmsis_device_name,tcl/target/stm32f1x.cfg,not_validated,STM32F1xx_DFP,2.4.1,https://www.keil.com/pack/Keil.STM32F1xx_DFP.pdsc
STMicroelectronics,STM32F1 Series,STM32F100,STM32F100RB,cmsis_device_name,tcl/target/stm32f1x.cfg,not_validated,STM32F1xx_DFP,2.4.1,https://www.keil.com/pack/Keil.STM32F1xx_DFP.pdsc
STMicroelectronics,STM32F1 Series,STM32F100,STM32F100RC,cmsis_device_name,tcl/target/stm32f1x.cfg,not_validated,STM32F1xx_DFP,2.4.1,https://www.keil.com/pack/Keil.STM32F1xx_DFP.pdsc
STMicroelectronics,STM32F1 Series,STM32F100,STM32F100RD,cmsis_device_name,tcl/target/stm32f1x.cfg,not_validated,STM32F1xx_DFP,2.4.1,https://www.keil.com/pack/Keil.STM32F1xx_DFP.pdsc
STMicroelectronics,STM32F1 Series,STM32F100,STM32F100RE,cmsis_device_name,tcl/target/stm32f1x.cfg,not_validated,STM32F1xx_DFP,2.4.1,https://www.keil.com/pack/Keil.STM32F1xx_DFP.pdsc
STMicroelectronics,STM32F1 Series,STM32F100,STM32F100V8,cmsis_device_name,tcl/target/stm32f1x.cfg,not_validated,STM32F1xx_DFP,2.4.1,https://www.keil.com/pack/Keil.STM32F1xx_DFP.pdsc
STMicroelectronics,STM32F1 Series,STM32F100,STM32F100VB,cmsis_device_name,tcl/target/stm32f1x.cfg,not_validated,STM32F1xx_DFP,2.4.1,https://www.keil.com/pack/Keil.STM32F1xx_DFP.pdsc
STMicroelectronics,STM32F1 Series,STM32F100,STM32F100VC,cmsis_device_name,tcl/target/stm32f1x.cfg,not_validated,STM32F1xx_DFP,2.4.1,https://www.keil.com/pack/Keil.STM32F1xx_DFP.pdsc
STMicroelectronics,STM32F1 Series,STM32F100,STM32F100VD,cmsis_device_name,tcl/target/stm32f1x.cfg,not_validated,STM32F1xx_DFP,2.4.1,https://www.keil.com/pack/Keil.STM32F1xx_DFP.pdsc
STMicroelectronics,STM32F1 Series,STM32F100,STM32F100VE,cmsis_device_name,tcl/target/stm32f1x.cfg,not_validated,STM32F1xx_DFP,2.4.1,https://www.keil.com/pack/Keil.STM32F1xx_DFP.pdsc
STMicroelectronics,STM32F1 Series,STM32F100,STM32F100ZC,cmsis_device_name,tcl/target/stm32f1x.cfg,not_validated,STM32F1xx_DFP,2.4.1,https://www.keil.com/pack/Keil.STM32F1xx_DFP.pdsc
STMicroelectronics,STM32F1 Series,STM32F100,STM32F100ZD,cmsis_device_name,tcl/target/stm32f1x.cfg,not_validated,STM32F1xx_DFP,2.4.1,https://www.keil.com/pack/Keil.STM32F1xx_DFP.pdsc
STMicroelectronics,STM32F1 Series,STM32F100,STM32F100ZE,cmsis_device_name,tcl/target/stm32f1x.cfg,not_validated,STM32F1xx_DFP,2.4.1,https://www.keil.com/pack/Keil.STM32F1xx_DFP.pdsc
STMicroelectronics,STM32F1 Series,STM32F101,STM32F101C4,cmsis_device_name,tcl/target/stm32f1x.cfg,not_validated,STM32F1xx_DFP,2.4.1,https://www.keil.com/pack/Keil.STM32F1xx_DFP.pdsc
STMicroelectronics,STM32F1 Series,STM32F101,STM32F101C6,cmsis_device_name,tcl/target/stm32f1x.cfg,not_validated,STM32F1xx_DFP,2.4.1,https://www.keil.com/pack/Keil.STM32F1xx_DFP.pdsc
STMicroelectronics,STM32F1 Series,STM32F101,STM32F101C8,cmsis_device_name,tcl/target/stm32f1x.cfg,not_validated,STM32F1xx_DFP,2.4.1,https://www.keil.com/pack/Keil.STM32F1xx_DFP.pdsc
STMicroelectronics,STM32F1 Series,STM32F101,STM32F101CB,cmsis_device_name,tcl/target/stm32f1x.cfg,not_validated,STM32F1xx_DFP,2.4.1,https://www.keil.com/pack/Keil.STM32F1xx_DFP.pdsc
STMicroelectronics,STM32F1 Series,STM32F101,STM32F101R4,cmsis_device_name,tcl/target/stm32f1x.cfg,not_validated,STM32F1xx_DFP,2.4.1,https://www.keil.com/pack/Keil.STM32F1xx_DFP.pdsc
STMicroelectronics,STM32F1 Series,STM32F101,STM32F101R6,cmsis_device_name,tcl/target/stm32f1x.cfg,not_validated,STM32F1xx_DFP,2.4.1,https://www.keil.com/pack/Keil.STM32F1xx_DFP.pdsc
STMicroelectronics,STM32F1 Series,STM32F101,STM32F101R8,cmsis_device_name,tcl/target/stm32f1x.cfg,not_validated,STM32F1xx_DFP,2.4.1,https://www.keil.com/pack/Keil.STM32F1xx_DFP.pdsc
STMicroelectronics,STM32F1 Series,STM32F101,STM32F101RB,cmsis_device_name,tcl/target/stm32f1x.cfg,not_validated,STM32F1xx_DFP,2.4.1,https://www.keil.com/pack/Keil.STM32F1xx_DFP.pdsc
STMicroelectronics,STM32F1 Series,STM32F101,STM32F101RC,cmsis_device_name,tcl/target/stm32f1x.cfg,not_validated,STM32F1xx_DFP,2.4.1,https://www.keil.com/pack/Keil.STM32F1xx_DFP.pdsc
STMicroelectronics,STM32F1 Series,STM32F101,STM32F101RD,cmsis_device_name,tcl/target/stm32f1x.cfg,not_validated,STM32F1xx_DFP,2.4.1,https://www.keil.com/pack/Keil.STM32F1xx_DFP.pdsc
STMicroelectronics,STM32F1 Series,STM32F101,STM32F101RE,cmsis_device_name,tcl/target/stm32f1x.cfg,not_validated,STM32F1xx_DFP,2.4.1,https://www.keil.com/pack/Keil.STM32F1xx_DFP.pdsc
STMicroelectronics,STM32F1 Series,STM32F101,STM32F101RF,cmsis_device_name,tcl/target/stm32f1x.cfg,not_validated,STM32F1xx_DFP,2.4.1,https://www.keil.com/pack/Keil.STM32F1xx_DFP.pdsc
STMicroelectronics,STM32F1 Series,STM32F101,STM32F101RG,cmsis_device_name,tcl/target/stm32f1x.cfg,not_validated,STM32F1xx_DFP,2.4.1,https://www.keil.com/pack/Keil.STM32F1xx_DFP.pdsc
STMicroelectronics,STM32F1 Series,STM32F101,STM32F101T4,cmsis_device_name,tcl/target/stm32f1x.cfg,not_validated,STM32F1xx_DFP,2.4.1,https://www.keil.com/pack/Keil.STM32F1xx_DFP.pdsc
STMicroelectronics,STM32F1 Series,STM32F101,STM32F101T6,cmsis_device_name,tcl/target/stm32f1x.cfg,not_validated,STM32F1xx_DFP,2.4.1,https://www.keil.com/pack/Keil.STM32F1xx_DFP.pdsc
STMicroelectronics,STM32F1 Series,STM32F101,STM32F101T8,cmsis_device_name,tcl/target/stm32f1x.cfg,not_validated,STM32F1xx_DFP,2.4.1,https://www.keil.com/pack/Keil.STM32F1xx_DFP.pdsc
STMicroelectronics,STM32F1 Series,STM32F101,STM32F101TB,cmsis_device_name,tcl/target/stm32f1x.cfg,not_validated,STM32F1xx_DFP,2.4.1,https://www.keil.com/pack/Keil.STM32F1xx_DFP.pdsc
STMicroelectronics,STM32F1 Series,STM32F101,STM32F101V8,cmsis_device_name,tcl/target/stm32f1x.cfg,not_validated,STM32F1xx_DFP,2.4.1,https://www.keil.com/pack/Keil.STM32F1xx_DFP.pdsc
STMicroelectronics,STM32F1 Series,STM32F101,STM32F101VB,cmsis_device_name,tcl/target/stm32f1x.cfg,not_validated,STM32F1xx_DFP,2.4.1,https://www.keil.com/pack/Keil.STM32F1xx_DFP.pdsc
STMicroelectronics,STM32F1 Series,STM32F101,STM32F101VC,cmsis_device_name,tcl/target/stm32f1x.cfg,not_validated,STM32F1xx_DFP,2.4.1,https://www.keil.com/pack/Keil.STM32F1xx_DFP.pdsc
STMicroelectronics,STM32F1 Series,STM32F101,STM32F101VD,cmsis_device_name,tcl/target/stm32f1x.cfg,not_validated,STM32F1xx_DFP,2.4.1,https://www.keil.com/pack/Keil.STM32F1xx_DFP.pdsc
STMicroelectronics,STM32F1 Series,STM32F101,STM32F101VE,cmsis_device_name,tcl/target/stm32f1x.cfg,not_validated,STM32F1xx_DFP,2.4.1,https://www.keil.com/pack/Keil.STM32F1xx_DFP.pdsc
STMicroelectronics,STM32F1 Series,STM32F101,STM32F101VF,cmsis_device_name,tcl/target/stm32f1x.cfg,not_validated,STM32F1xx_DFP,2.4.1,https://www.keil.com/pack/Keil.STM32F1xx_DFP.pdsc
STMicroelectronics,STM32F1 Series,STM32F101,STM32F101VG,cmsis_device_name,tcl/target/stm32f1x.cfg,not_validated,STM32F1xx_DFP,2.4.1,https://www.keil.com/pack/Keil.STM32F1xx_DFP.pdsc
STMicroelectronics,STM32F1 Series,STM32F101,STM32F101ZC,cmsis_device_name,tcl/target/stm32f1x.cfg,not_validated,STM32F1xx_DFP,2.4.1,https://www.keil.com/pack/Keil.STM32F1xx_DFP.pdsc
STMicroelectronics,STM32F1 Series,STM32F101,STM32F101ZD,cmsis_device_name,tcl/target/stm32f1x.cfg,not_validated,STM32F1xx_DFP,2.4.1,https://www.keil.com/pack/Keil.STM32F1xx_DFP.pdsc
STMicroelectronics,STM32F1 Series,STM32F101,STM32F101ZE,cmsis_device_name,tcl/target/stm32f1x.cfg,not_validated,STM32F1xx_DFP,2.4.1,https://www.keil.com/pack/Keil.STM32F1xx_DFP.pdsc
STMicroelectronics,STM32F1 Series,STM32F101,STM32F101ZF,cmsis_device_name,tcl/target/stm32f1x.cfg,not_validated,STM32F1xx_DFP,2.4.1,https://www.keil.com/pack/Keil.STM32F1xx_DFP.pdsc
STMicroelectronics,STM32F1 Series,STM32F101,STM32F101ZG,cmsis_device_name,tcl/target/stm32f1x.cfg,not_validated,STM32F1xx_DFP,2.4.1,https://www.keil.com/pack/Keil.STM32F1xx_DFP.pdsc
STMicroelectronics,STM32F1 Series,STM32F102,STM32F102C4,cmsis_device_name,tcl/target/stm32f1x.cfg,not_validated,STM32F1xx_DFP,2.4.1,https://www.keil.com/pack/Keil.STM32F1xx_DFP.pdsc
STMicroelectronics,STM32F1 Series,STM32F102,STM32F102C6,cmsis_device_name,tcl/target/stm32f1x.cfg,not_validated,STM32F1xx_DFP,2.4.1,https://www.keil.com/pack/Keil.STM32F1xx_DFP.pdsc
STMicroelectronics,STM32F1 Series,STM32F102,STM32F102C8,cmsis_device_name,tcl/target/stm32f1x.cfg,not_validated,STM32F1xx_DFP,2.4.1,https://www.keil.com/pack/Keil.STM32F1xx_DFP.pdsc
STMicroelectronics,STM32F1 Series,STM32F102,STM32F102CB,cmsis_device_name,tcl/target/stm32f1x.cfg,not_validated,STM32F1xx_DFP,2.4.1,https://www.keil.com/pack/Keil.STM32F1xx_DFP.pdsc
STMicroelectronics,STM32F1 Series,STM32F102,STM32F102R4,cmsis_device_name,tcl/target/stm32f1x.cfg,not_validated,STM32F1xx_DFP,2.4.1,https://www.keil.com/pack/Keil.STM32F1xx_DFP.pdsc
STMicroelectronics,STM32F1 Series,STM32F102,STM32F102R6,cmsis_device_name,tcl/target/stm32f1x.cfg,not_validated,STM32F1xx_DFP,2.4.1,https://www.keil.com/pack/Keil.STM32F1xx_DFP.pdsc
STMicroelectronics,STM32F1 Series,STM32F102,STM32F102R8,cmsis_device_name,tcl/target/stm32f1x.cfg,not_validated,STM32F1xx_DFP,2.4.1,https://www.keil.com/pack/Keil.STM32F1xx_DFP.pdsc
STMicroelectronics,STM32F1 Series,STM32F102,STM32F102RB,cmsis_device_name,tcl/target/stm32f1x.cfg,not_validated,STM32F1xx_DFP,2.4.1,https://www.keil.com/pack/Keil.STM32F1xx_DFP.pdsc
STMicroelectronics,STM32F1 Series,STM32F103,STM32F103C4,cmsis_device_name,tcl/target/stm32f1x.cfg,not_validated,STM32F1xx_DFP,2.4.1,https://www.keil.com/pack/Keil.STM32F1xx_DFP.pdsc
STMicroelectronics,STM32F1 Series,STM32F103,STM32F103C6,cmsis_device_name,tcl/target/stm32f1x.cfg,not_validated,STM32F1xx_DFP,2.4.1,https://www.keil.com/pack/Keil.STM32F1xx_DFP.pdsc
STMicroelectronics,STM32F1 Series,STM32F103,STM32F103C8,cmsis_device_name,tcl/target/stm32f1x.cfg,not_validated,STM32F1xx_DFP,2.4.1,https://www.keil.com/pack/Keil.STM32F1xx_DFP.pdsc
STMicroelectronics,STM32F1 Series,STM32F103,STM32F103CB,cmsis_device_name,tcl/target/stm32f1x.cfg,not_validated,STM32F1xx_DFP,2.4.1,https://www.keil.com/pack/Keil.STM32F1xx_DFP.pdsc
STMicroelectronics,STM32F1 Series,STM32F103,STM32F103R4,cmsis_device_name,tcl/target/stm32f1x.cfg,not_validated,STM32F1xx_DFP,2.4.1,https://www.keil.com/pack/Keil.STM32F1xx_DFP.pdsc
STMicroelectronics,STM32F1 Series,STM32F103,STM32F103R6,cmsis_device_name,tcl/target/stm32f1x.cfg,not_validated,STM32F1xx_DFP,2.4.1,https://www.keil.com/pack/Keil.STM32F1xx_DFP.pdsc
STMicroelectronics,STM32F1 Series,STM32F103,STM32F103R8,cmsis_device_name,tcl/target/stm32f1x.cfg,not_validated,STM32F1xx_DFP,2.4.1,https://www.keil.com/pack/Keil.STM32F1xx_DFP.pdsc
STMicroelectronics,STM32F1 Series,STM32F103,STM32F103RB,cmsis_device_name,tcl/target/stm32f1x.cfg,not_validated,STM32F1xx_DFP,2.4.1,https://www.keil.com/pack/Keil.STM32F1xx_DFP.pdsc
STMicroelectronics,STM32F1 Series,STM32F103,STM32F103RC,cmsis_device_name,tcl/target/stm32f1x.cfg,not_validated,STM32F1xx_DFP,2.4.1,https://www.keil.com/pack/Keil.STM32F1xx_DFP.pdsc
STMicroelectronics,STM32F1 Series,STM32F103,STM32F103RD,cmsis_device_name,tcl/target/stm32f1x.cfg,not_validated,STM32F1xx_DFP,2.4.1,https://www.keil.com/pack/Keil.STM32F1xx_DFP.pdsc
STMicroelectronics,STM32F1 Series,STM32F103,STM32F103RE,cmsis_device_name,tcl/target/stm32f1x.cfg,not_validated,STM32F1xx_DFP,2.4.1,https://www.keil.com/pack/Keil.STM32F1xx_DFP.pdsc
STMicroelectronics,STM32F1 Series,STM32F103,STM32F103RF,cmsis_device_name,tcl/target/stm32f1x.cfg,not_validated,STM32F1xx_DFP,2.4.1,https://www.keil.com/pack/Keil.STM32F1xx_DFP.pdsc
STMicroelectronics,STM32F1 Series,STM32F103,STM32F103RG,cmsis_device_name,tcl/target/stm32f1x.cfg,not_validated,STM32F1xx_DFP,2.4.1,https://www.keil.com/pack/Keil.STM32F1xx_DFP.pdsc
STMicroelectronics,STM32F1 Series,STM32F103,STM32F103T4,cmsis_device_name,tcl/target/stm32f1x.cfg,not_validated,STM32F1xx_DFP,2.4.1,https://www.keil.com/pack/Keil.STM32F1xx_DFP.pdsc
STMicroelectronics,STM32F1 Series,STM32F103,STM32F103T6,cmsis_device_name,tcl/target/stm32f1x.cfg,not_validated,STM32F1xx_DFP,2.4.1,https://www.keil.com/pack/Keil.STM32F1xx_DFP.pdsc
STMicroelectronics,STM32F1 Series,STM32F103,STM32F103T8,cmsis_device_name,tcl/target/stm32f1x.cfg,not_validated,STM32F1xx_DFP,2.4.1,https://www.keil.com/pack/Keil.STM32F1xx_DFP.pdsc
STMicroelectronics,STM32F1 Series,STM32F103,STM32F103TB,cmsis_device_name,tcl/target/stm32f1x.cfg,not_validated,STM32F1xx_DFP,2.4.1,https://www.keil.com/pack/Keil.STM32F1xx_DFP.pdsc
STMicroelectronics,STM32F1 Series,STM32F103,STM32F103V8,cmsis_device_name,tcl/target/stm32f1x.cfg,not_validated,STM32F1xx_DFP,2.4.1,https://www.keil.com/pack/Keil.STM32F1xx_DFP.pdsc
STMicroelectronics,STM32F1 Series,STM32F103,STM32F103VB,cmsis_device_name,tcl/target/stm32f1x.cfg,not_validated,STM32F1xx_DFP,2.4.1,https://www.keil.com/pack/Keil.STM32F1xx_DFP.pdsc
STMicroelectronics,STM32F1 Series,STM32F103,STM32F103VC,cmsis_device_name,tcl/target/stm32f1x.cfg,not_validated,STM32F1xx_DFP,2.4.1,https://www.keil.com/pack/Keil.STM32F1xx_DFP.pdsc
STMicroelectronics,STM32F1 Series,STM32F103,STM32F103VD,cmsis_device_name,tcl/target/stm32f1x.cfg,not_validated,STM32F1xx_DFP,2.4.1,https://www.keil.com/pack/Keil.STM32F1xx_DFP.pdsc
STMicroelectronics,STM32F1 Series,STM32F103,STM32F103VE,cmsis_device_name,tcl/target/stm32f1x.cfg,not_validated,STM32F1xx_DFP,2.4.1,https://www.keil.com/pack/Keil.STM32F1xx_DFP.pdsc
STMicroelectronics,STM32F1 Series,STM32F103,STM32F103VF,cmsis_device_name,tcl/target/stm32f1x.cfg,not_validated,STM32F1xx_DFP,2.4.1,https://www.keil.com/pack/Keil.STM32F1xx_DFP.pdsc
STMicroelectronics,STM32F1 Series,STM32F103,STM32F103VG,cmsis_device_name,tcl/target/stm32f1x.cfg,not_validated,STM32F1xx_DFP,2.4.1,https://www.keil.com/pack/Keil.STM32F1xx_DFP.pdsc
STMicroelectronics,STM32F1 Series,STM32F103,STM32F103ZC,cmsis_device_name,tcl/target/stm32f1x.cfg,not_validated,STM32F1xx_DFP,2.4.1,https://www.keil.com/pack/Keil.STM32F1xx_DFP.pdsc
STMicroelectronics,STM32F1 Series,STM32F103,STM32F103ZD,cmsis_device_name,tcl/target/stm32f1x.cfg,not_validated,STM32F1xx_DFP,2.4.1,https://www.keil.com/pack/Keil.STM32F1xx_DFP.pdsc
STMicroelectronics,STM32F1 Series,STM32F103,STM32F103ZE,cmsis_device_name,tcl/target/stm32f1x.cfg,not_validated,STM32F1xx_DFP,2.4.1,https://www.keil.com/pack/Keil.STM32F1xx_DFP.pdsc
STMicroelectronics,STM32F1 Series,STM32F103,STM32F103ZF,cmsis_device_name,tcl/target/stm32f1x.cfg,not_validated,STM32F1xx_DFP,2.4.1,https://www.keil.com/pack/Keil.STM32F1xx_DFP.pdsc
STMicroelectronics,STM32F1 Series,STM32F103,STM32F103ZG,cmsis_device_name,tcl/target/stm32f1x.cfg,not_validated,STM32F1xx_DFP,2.4.1,https://www.keil.com/pack/Keil.STM32F1xx_DFP.pdsc
STMicroelectronics,STM32F1 Series,STM32F105,STM32F105R8,cmsis_device_name,tcl/target/stm32f1x.cfg,not_validated,STM32F1xx_DFP,2.4.1,https://www.keil.com/pack/Keil.STM32F1xx_DFP.pdsc
STMicroelectronics,STM32F1 Series,STM32F105,STM32F105RB,cmsis_device_name,tcl/target/stm32f1x.cfg,not_validated,STM32F1xx_DFP,2.4.1,https://www.keil.com/pack/Keil.STM32F1xx_DFP.pdsc
STMicroelectronics,STM32F1 Series,STM32F105,STM32F105RC,cmsis_device_name,tcl/target/stm32f1x.cfg,not_validated,STM32F1xx_DFP,2.4.1,https://www.keil.com/pack/Keil.STM32F1xx_DFP.pdsc
STMicroelectronics,STM32F1 Series,STM32F105,STM32F105V8,cmsis_device_name,tcl/target/stm32f1x.cfg,not_validated,STM32F1xx_DFP,2.4.1,https://www.keil.com/pack/Keil.STM32F1xx_DFP.pdsc
STMicroelectronics,STM32F1 Series,STM32F105,STM32F105VB,cmsis_device_name,tcl/target/stm32f1x.cfg,not_validated,STM32F1xx_DFP,2.4.1,https://www.keil.com/pack/Keil.STM32F1xx_DFP.pdsc
STMicroelectronics,STM32F1 Series,STM32F105,STM32F105VC,cmsis_device_name,tcl/target/stm32f1x.cfg,not_validated,STM32F1xx_DFP,2.4.1,https://www.keil.com/pack/Keil.STM32F1xx_DFP.pdsc
STMicroelectronics,STM32F1 Series,STM32F107,STM32F107RB,cmsis_device_name,tcl/target/stm32f1x.cfg,not_validated,STM32F1xx_DFP,2.4.1,https://www.keil.com/pack/Keil.STM32F1xx_DFP.pdsc
STMicroelectronics,STM32F1 Series,STM32F107,STM32F107RC,cmsis_device_name,tcl/target/stm32f1x.cfg,not_validated,STM32F1xx_DFP,2.4.1,https://www.keil.com/pack/Keil.STM32F1xx_DFP.pdsc
STMicroelectronics,STM32F1 Series,STM32F107,STM32F107VB,cmsis_device_name,tcl/target/stm32f1x.cfg,not_validated,STM32F1xx_DFP,2.4.1,https://www.keil.com/pack/Keil.STM32F1xx_DFP.pdsc
STMicroelectronics,STM32F1 Series,STM32F107,STM32F107VC,cmsis_device_name,tcl/target/stm32f1x.cfg,not_validated,STM32F1xx_DFP,2.4.1,https://www.keil.com/pack/Keil.STM32F1xx_DFP.pdsc
STMicroelectronics,STM32F2 Series,STM32F205,STM32F205RBTx,ordering_pattern,tcl/target/stm32f2x.cfg,not_validated,STM32F2xx_DFP,3.1.0,https://www.keil.com/pack/Keil.STM32F2xx_DFP.pdsc
STMicroelectronics,STM32F2 Series,STM32F205,STM32F205RCTx,ordering_pattern,tcl/target/stm32f2x.cfg,not_validated,STM32F2xx_DFP,3.1.0,https://www.keil.com/pack/Keil.STM32F2xx_DFP.pdsc
STMicroelectronics,STM32F2 Series,STM32F205,STM32F205RETx,ordering_pattern,tcl/target/stm32f2x.cfg,not_validated,STM32F2xx_DFP,3.1.0,https://www.keil.com/pack/Keil.STM32F2xx_DFP.pdsc
STMicroelectronics,STM32F2 Series,STM32F205,STM32F205REYx,ordering_pattern,tcl/target/stm32f2x.cfg,not_validated,STM32F2xx_DFP,3.1.0,https://www.keil.com/pack/Keil.STM32F2xx_DFP.pdsc
STMicroelectronics,STM32F2 Series,STM32F205,STM32F205RFTx,ordering_pattern,tcl/target/stm32f2x.cfg,not_validated,STM32F2xx_DFP,3.1.0,https://www.keil.com/pack/Keil.STM32F2xx_DFP.pdsc
STMicroelectronics,STM32F2 Series,STM32F205,STM32F205RGEx,ordering_pattern,tcl/target/stm32f2x.cfg,not_validated,STM32F2xx_DFP,3.1.0,https://www.keil.com/pack/Keil.STM32F2xx_DFP.pdsc
STMicroelectronics,STM32F2 Series,STM32F205,STM32F205RGTx,ordering_pattern,tcl/target/stm32f2x.cfg,not_validated,STM32F2xx_DFP,3.1.0,https://www.keil.com/pack/Keil.STM32F2xx_DFP.pdsc
STMicroelectronics,STM32F2 Series,STM32F205,STM32F205RGYx,ordering_pattern,tcl/target/stm32f2x.cfg,not_validated,STM32F2xx_DFP,3.1.0,https://www.keil.com/pack/Keil.STM32F2xx_DFP.pdsc
STMicroelectronics,STM32F2 Series,STM32F205,STM32F205VBTx,ordering_pattern,tcl/target/stm32f2x.cfg,not_validated,STM32F2xx_DFP,3.1.0,https://www.keil.com/pack/Keil.STM32F2xx_DFP.pdsc
STMicroelectronics,STM32F2 Series,STM32F205,STM32F205VCTx,ordering_pattern,tcl/target/stm32f2x.cfg,not_validated,STM32F2xx_DFP,3.1.0,https://www.keil.com/pack/Keil.STM32F2xx_DFP.pdsc
STMicroelectronics,STM32F2 Series,STM32F205,STM32F205VETx,ordering_pattern,tcl/target/stm32f2x.cfg,not_validated,STM32F2xx_DFP,3.1.0,https://www.keil.com/pack/Keil.STM32F2xx_DFP.pdsc
STMicroelectronics,STM32F2 Series,STM32F205,STM32F205VFTx,ordering_pattern,tcl/target/stm32f2x.cfg,not_validated,STM32F2xx_DFP,3.1.0,https://www.keil.com/pack/Keil.STM32F2xx_DFP.pdsc
STMicroelectronics,STM32F2 Series,STM32F205,STM32F205VGTx,ordering_pattern,tcl/target/stm32f2x.cfg,not_validated,STM32F2xx_DFP,3.1.0,https://www.keil.com/pack/Keil.STM32F2xx_DFP.pdsc
STMicroelectronics,STM32F2 Series,STM32F205,STM32F205ZCTx,ordering_pattern,tcl/target/stm32f2x.cfg,not_validated,STM32F2xx_DFP,3.1.0,https://www.keil.com/pack/Keil.STM32F2xx_DFP.pdsc
STMicroelectronics,STM32F2 Series,STM32F205,STM32F205ZETx,ordering_pattern,tcl/target/stm32f2x.cfg,not_validated,STM32F2xx_DFP,3.1.0,https://www.keil.com/pack/Keil.STM32F2xx_DFP.pdsc
STMicroelectronics,STM32F2 Series,STM32F205,STM32F205ZFTx,ordering_pattern,tcl/target/stm32f2x.cfg,not_validated,STM32F2xx_DFP,3.1.0,https://www.keil.com/pack/Keil.STM32F2xx_DFP.pdsc
STMicroelectronics,STM32F2 Series,STM32F205,STM32F205ZGTx,ordering_pattern,tcl/target/stm32f2x.cfg,not_validated,STM32F2xx_DFP,3.1.0,https://www.keil.com/pack/Keil.STM32F2xx_DFP.pdsc
STMicroelectronics,STM32F2 Series,STM32F207,STM32F207ICHx,ordering_pattern,tcl/target/stm32f2x.cfg,not_validated,STM32F2xx_DFP,3.1.0,https://www.keil.com/pack/Keil.STM32F2xx_DFP.pdsc
STMicroelectronics,STM32F2 Series,STM32F207,STM32F207ICTx,ordering_pattern,tcl/target/stm32f2x.cfg,not_validated,STM32F2xx_DFP,3.1.0,https://www.keil.com/pack/Keil.STM32F2xx_DFP.pdsc
STMicroelectronics,STM32F2 Series,STM32F207,STM32F207IEHx,ordering_pattern,tcl/target/stm32f2x.cfg,not_validated,STM32F2xx_DFP,3.1.0,https://www.keil.com/pack/Keil.STM32F2xx_DFP.pdsc
STMicroelectronics,STM32F2 Series,STM32F207,STM32F207IETx,ordering_pattern,tcl/target/stm32f2x.cfg,not_validated,STM32F2xx_DFP,3.1.0,https://www.keil.com/pack/Keil.STM32F2xx_DFP.pdsc
STMicroelectronics,STM32F2 Series,STM32F207,STM32F207IFHx,ordering_pattern,tcl/target/stm32f2x.cfg,not_validated,STM32F2xx_DFP,3.1.0,https://www.keil.com/pack/Keil.STM32F2xx_DFP.pdsc
STMicroelectronics,STM32F2 Series,STM32F207,STM32F207IFTx,ordering_pattern,tcl/target/stm32f2x.cfg,not_validated,STM32F2xx_DFP,3.1.0,https://www.keil.com/pack/Keil.STM32F2xx_DFP.pdsc
STMicroelectronics,STM32F2 Series,STM32F207,STM32F207IGHx,ordering_pattern,tcl/target/stm32f2x.cfg,not_validated,STM32F2xx_DFP,3.1.0,https://www.keil.com/pack/Keil.STM32F2xx_DFP.pdsc
STMicroelectronics,STM32F2 Series,STM32F207,STM32F207IGTx,ordering_pattern,tcl/target/stm32f2x.cfg,not_validated,STM32F2xx_DFP,3.1.0,https://www.keil.com/pack/Keil.STM32F2xx_DFP.pdsc
STMicroelectronics,STM32F2 Series,STM32F207,STM32F207VCTx,ordering_pattern,tcl/target/stm32f2x.cfg,not_validated,STM32F2xx_DFP,3.1.0,https://www.keil.com/pack/Keil.STM32F2xx_DFP.pdsc
STMicroelectronics,STM32F2 Series,STM32F207,STM32F207VETx,ordering_pattern,tcl/target/stm32f2x.cfg,not_validated,STM32F2xx_DFP,3.1.0,https://www.keil.com/pack/Keil.STM32F2xx_DFP.pdsc
STMicroelectronics,STM32F2 Series,STM32F207,STM32F207VFTx,ordering_pattern,tcl/target/stm32f2x.cfg,not_validated,STM32F2xx_DFP,3.1.0,https://www.keil.com/pack/Keil.STM32F2xx_DFP.pdsc
STMicroelectronics,STM32F2 Series,STM32F207,STM32F207VGTx,ordering_pattern,tcl/target/stm32f2x.cfg,not_validated,STM32F2xx_DFP,3.1.0,https://www.keil.com/pack/Keil.STM32F2xx_DFP.pdsc
STMicroelectronics,STM32F2 Series,STM32F207,STM32F207ZCTx,ordering_pattern,tcl/target/stm32f2x.cfg,not_validated,STM32F2xx_DFP,3.1.0,https://www.keil.com/pack/Keil.STM32F2xx_DFP.pdsc
STMicroelectronics,STM32F2 Series,STM32F207,STM32F207ZETx,ordering_pattern,tcl/target/stm32f2x.cfg,not_validated,STM32F2xx_DFP,3.1.0,https://www.keil.com/pack/Keil.STM32F2xx_DFP.pdsc
STMicroelectronics,STM32F2 Series,STM32F207,STM32F207ZFTx,ordering_pattern,tcl/target/stm32f2x.cfg,not_validated,STM32F2xx_DFP,3.1.0,https://www.keil.com/pack/Keil.STM32F2xx_DFP.pdsc
STMicroelectronics,STM32F2 Series,STM32F207,STM32F207ZGTx,ordering_pattern,tcl/target/stm32f2x.cfg,not_validated,STM32F2xx_DFP,3.1.0,https://www.keil.com/pack/Keil.STM32F2xx_DFP.pdsc
STMicroelectronics,STM32F2 Series,STM32F215,STM32F215RETx,ordering_pattern,tcl/target/stm32f2x.cfg,not_validated,STM32F2xx_DFP,3.1.0,https://www.keil.com/pack/Keil.STM32F2xx_DFP.pdsc
STMicroelectronics,STM32F2 Series,STM32F215,STM32F215RGTx,ordering_pattern,tcl/target/stm32f2x.cfg,not_validated,STM32F2xx_DFP,3.1.0,https://www.keil.com/pack/Keil.STM32F2xx_DFP.pdsc
STMicroelectronics,STM32F2 Series,STM32F215,STM32F215VETx,ordering_pattern,tcl/target/stm32f2x.cfg,not_validated,STM32F2xx_DFP,3.1.0,https://www.keil.com/pack/Keil.STM32F2xx_DFP.pdsc
STMicroelectronics,STM32F2 Series,STM32F215,STM32F215VGTx,ordering_pattern,tcl/target/stm32f2x.cfg,not_validated,STM32F2xx_DFP,3.1.0,https://www.keil.com/pack/Keil.STM32F2xx_DFP.pdsc
STMicroelectronics,STM32F2 Series,STM32F215,STM32F215ZETx,ordering_pattern,tcl/target/stm32f2x.cfg,not_validated,STM32F2xx_DFP,3.1.0,https://www.keil.com/pack/Keil.STM32F2xx_DFP.pdsc
STMicroelectronics,STM32F2 Series,STM32F215,STM32F215ZGTx,ordering_pattern,tcl/target/stm32f2x.cfg,not_validated,STM32F2xx_DFP,3.1.0,https://www.keil.com/pack/Keil.STM32F2xx_DFP.pdsc
STMicroelectronics,STM32F2 Series,STM32F217,STM32F217IEHx,ordering_pattern,tcl/target/stm32f2x.cfg,not_validated,STM32F2xx_DFP,3.1.0,https://www.keil.com/pack/Keil.STM32F2xx_DFP.pdsc
STMicroelectronics,STM32F2 Series,STM32F217,STM32F217IETx,ordering_pattern,tcl/target/stm32f2x.cfg,not_validated,STM32F2xx_DFP,3.1.0,https://www.keil.com/pack/Keil.STM32F2xx_DFP.pdsc
STMicroelectronics,STM32F2 Series,STM32F217,STM32F217IGHx,ordering_pattern,tcl/target/stm32f2x.cfg,not_validated,STM32F2xx_DFP,3.1.0,https://www.keil.com/pack/Keil.STM32F2xx_DFP.pdsc
STMicroelectronics,STM32F2 Series,STM32F217,STM32F217IGTx,ordering_pattern,tcl/target/stm32f2x.cfg,not_validated,STM32F2xx_DFP,3.1.0,https://www.keil.com/pack/Keil.STM32F2xx_DFP.pdsc
STMicroelectronics,STM32F2 Series,STM32F217,STM32F217VETx,ordering_pattern,tcl/target/stm32f2x.cfg,not_validated,STM32F2xx_DFP,3.1.0,https://www.keil.com/pack/Keil.STM32F2xx_DFP.pdsc
STMicroelectronics,STM32F2 Series,STM32F217,STM32F217VGTx,ordering_pattern,tcl/target/stm32f2x.cfg,not_validated,STM32F2xx_DFP,3.1.0,https://www.keil.com/pack/Keil.STM32F2xx_DFP.pdsc
STMicroelectronics,STM32F2 Series,STM32F217,STM32F217ZETx,ordering_pattern,tcl/target/stm32f2x.cfg,not_validated,STM32F2xx_DFP,3.1.0,https://www.keil.com/pack/Keil.STM32F2xx_DFP.pdsc
STMicroelectronics,STM32F2 Series,STM32F217,STM32F217ZGTx,ordering_pattern,tcl/target/stm32f2x.cfg,not_validated,STM32F2xx_DFP,3.1.0,https://www.keil.com/pack/Keil.STM32F2xx_DFP.pdsc
STMicroelectronics,STM32F3 Series,STM32F301,STM32F301C6Tx,ordering_pattern,tcl/target/stm32f3x.cfg,not_validated,STM32F3xx_DFP,3.1.0,https://www.keil.com/pack/Keil.STM32F3xx_DFP.pdsc
STMicroelectronics,STM32F3 Series,STM32F301,STM32F301C8Tx,ordering_pattern,tcl/target/stm32f3x.cfg,not_validated,STM32F3xx_DFP,3.1.0,https://www.keil.com/pack/Keil.STM32F3xx_DFP.pdsc
STMicroelectronics,STM32F3 Series,STM32F301,STM32F301C8Yx,ordering_pattern,tcl/target/stm32f3x.cfg,not_validated,STM32F3xx_DFP,3.1.0,https://www.keil.com/pack/Keil.STM32F3xx_DFP.pdsc
STMicroelectronics,STM32F3 Series,STM32F301,STM32F301K6Ux,ordering_pattern,tcl/target/stm32f3x.cfg,not_validated,STM32F3xx_DFP,3.1.0,https://www.keil.com/pack/Keil.STM32F3xx_DFP.pdsc
STMicroelectronics,STM32F3 Series,STM32F301,STM32F301K8Tx,ordering_pattern,tcl/target/stm32f3x.cfg,not_validated,STM32F3xx_DFP,3.1.0,https://www.keil.com/pack/Keil.STM32F3xx_DFP.pdsc
STMicroelectronics,STM32F3 Series,STM32F301,STM32F301K8Ux,ordering_pattern,tcl/target/stm32f3x.cfg,not_validated,STM32F3xx_DFP,3.1.0,https://www.keil.com/pack/Keil.STM32F3xx_DFP.pdsc
STMicroelectronics,STM32F3 Series,STM32F301,STM32F301R6Tx,ordering_pattern,tcl/target/stm32f3x.cfg,not_validated,STM32F3xx_DFP,3.1.0,https://www.keil.com/pack/Keil.STM32F3xx_DFP.pdsc
STMicroelectronics,STM32F3 Series,STM32F301,STM32F301R8Tx,ordering_pattern,tcl/target/stm32f3x.cfg,not_validated,STM32F3xx_DFP,3.1.0,https://www.keil.com/pack/Keil.STM32F3xx_DFP.pdsc
STMicroelectronics,STM32F3 Series,STM32F302,STM32F302C6Tx,ordering_pattern,tcl/target/stm32f3x.cfg,not_validated,STM32F3xx_DFP,3.1.0,https://www.keil.com/pack/Keil.STM32F3xx_DFP.pdsc
STMicroelectronics,STM32F3 Series,STM32F302,STM32F302C8Tx,ordering_pattern,tcl/target/stm32f3x.cfg,not_validated,STM32F3xx_DFP,3.1.0,https://www.keil.com/pack/Keil.STM32F3xx_DFP.pdsc
STMicroelectronics,STM32F3 Series,STM32F302,STM32F302C8Yx,ordering_pattern,tcl/target/stm32f3x.cfg,not_validated,STM32F3xx_DFP,3.1.0,https://www.keil.com/pack/Keil.STM32F3xx_DFP.pdsc
STMicroelectronics,STM32F3 Series,STM32F302,STM32F302CBTx,ordering_pattern,tcl/target/stm32f3x.cfg,not_validated,STM32F3xx_DFP,3.1.0,https://www.keil.com/pack/Keil.STM32F3xx_DFP.pdsc
STMicroelectronics,STM32F3 Series,STM32F302,STM32F302CCTx,ordering_pattern,tcl/target/stm32f3x.cfg,not_validated,STM32F3xx_DFP,3.1.0,https://www.keil.com/pack/Keil.STM32F3xx_DFP.pdsc
STMicroelectronics,STM32F3 Series,STM32F302,STM32F302K6Ux,ordering_pattern,tcl/target/stm32f3x.cfg,not_validated,STM32F3xx_DFP,3.1.0,https://www.keil.com/pack/Keil.STM32F3xx_DFP.pdsc
STMicroelectronics,STM32F3 Series,STM32F302,STM32F302K8Ux,ordering_pattern,tcl/target/stm32f3x.cfg,not_validated,STM32F3xx_DFP,3.1.0,https://www.keil.com/pack/Keil.STM32F3xx_DFP.pdsc
STMicroelectronics,STM32F3 Series,STM32F302,STM32F302R6Tx,ordering_pattern,tcl/target/stm32f3x.cfg,not_validated,STM32F3xx_DFP,3.1.0,https://www.keil.com/pack/Keil.STM32F3xx_DFP.pdsc
STMicroelectronics,STM32F3 Series,STM32F302,STM32F302R8Tx,ordering_pattern,tcl/target/stm32f3x.cfg,not_validated,STM32F3xx_DFP,3.1.0,https://www.keil.com/pack/Keil.STM32F3xx_DFP.pdsc
STMicroelectronics,STM32F3 Series,STM32F302,STM32F302RBTx,ordering_pattern,tcl/target/stm32f3x.cfg,not_validated,STM32F3xx_DFP,3.1.0,https://www.keil.com/pack/Keil.STM32F3xx_DFP.pdsc
STMicroelectronics,STM32F3 Series,STM32F302,STM32F302RCTx,ordering_pattern,tcl/target/stm32f3x.cfg,not_validated,STM32F3xx_DFP,3.1.0,https://www.keil.com/pack/Keil.STM32F3xx_DFP.pdsc
STMicroelectronics,STM32F3 Series,STM32F302,STM32F302RDTx,ordering_pattern,tcl/target/stm32f3x.cfg,not_validated,STM32F3xx_DFP,3.1.0,https://www.keil.com/pack/Keil.STM32F3xx_DFP.pdsc
STMicroelectronics,STM32F3 Series,STM32F302,STM32F302RETx,ordering_pattern,tcl/target/stm32f3x.cfg,not_validated,STM32F3xx_DFP,3.1.0,https://www.keil.com/pack/Keil.STM32F3xx_DFP.pdsc
STMicroelectronics,STM32F3 Series,STM32F302,STM32F302VBTx,ordering_pattern,tcl/target/stm32f3x.cfg,not_validated,STM32F3xx_DFP,3.1.0,https://www.keil.com/pack/Keil.STM32F3xx_DFP.pdsc
STMicroelectronics,STM32F3 Series,STM32F302,STM32F302VCTx,ordering_pattern,tcl/target/stm32f3x.cfg,not_validated,STM32F3xx_DFP,3.1.0,https://www.keil.com/pack/Keil.STM32F3xx_DFP.pdsc
STMicroelectronics,STM32F3 Series,STM32F302,STM32F302VCYx,ordering_pattern,tcl/target/stm32f3x.cfg,not_validated,STM32F3xx_DFP,3.1.0,https://www.keil.com/pack/Keil.STM32F3xx_DFP.pdsc
STMicroelectronics,STM32F3 Series,STM32F302,STM32F302VDHx,ordering_pattern,tcl/target/stm32f3x.cfg,not_validated,STM32F3xx_DFP,3.1.0,https://www.keil.com/pack/Keil.STM32F3xx_DFP.pdsc
STMicroelectronics,STM32F3 Series,STM32F302,STM32F302VDTx,ordering_pattern,tcl/target/stm32f3x.cfg,not_validated,STM32F3xx_DFP,3.1.0,https://www.keil.com/pack/Keil.STM32F3xx_DFP.pdsc
STMicroelectronics,STM32F3 Series,STM32F302,STM32F302VEHx,ordering_pattern,tcl/target/stm32f3x.cfg,not_validated,STM32F3xx_DFP,3.1.0,https://www.keil.com/pack/Keil.STM32F3xx_DFP.pdsc
STMicroelectronics,STM32F3 Series,STM32F302,STM32F302VETx,ordering_pattern,tcl/target/stm32f3x.cfg,not_validated,STM32F3xx_DFP,3.1.0,https://www.keil.com/pack/Keil.STM32F3xx_DFP.pdsc
STMicroelectronics,STM32F3 Series,STM32F302,STM32F302ZDTx,ordering_pattern,tcl/target/stm32f3x.cfg,not_validated,STM32F3xx_DFP,3.1.0,https://www.keil.com/pack/Keil.STM32F3xx_DFP.pdsc
STMicroelectronics,STM32F3 Series,STM32F302,STM32F302ZETx,ordering_pattern,tcl/target/stm32f3x.cfg,not_validated,STM32F3xx_DFP,3.1.0,https://www.keil.com/pack/Keil.STM32F3xx_DFP.pdsc
STMicroelectronics,STM32F3 Series,STM32F303,STM32F303C6Tx,ordering_pattern,tcl/target/stm32f3x.cfg,not_validated,STM32F3xx_DFP,3.1.0,https://www.keil.com/pack/Keil.STM32F3xx_DFP.pdsc
STMicroelectronics,STM32F3 Series,STM32F303,STM32F303C8Tx,ordering_pattern,tcl/target/stm32f3x.cfg,not_validated,STM32F3xx_DFP,3.1.0,https://www.keil.com/pack/Keil.STM32F3xx_DFP.pdsc
STMicroelectronics,STM32F3 Series,STM32F303,STM32F303CBTx,ordering_pattern,tcl/target/stm32f3x.cfg,not_validated,STM32F3xx_DFP,3.1.0,https://www.keil.com/pack/Keil.STM32F3xx_DFP.pdsc
STMicroelectronics,STM32F3 Series,STM32F303,STM32F303CCTx,ordering_pattern,tcl/target/stm32f3x.cfg,not_validated,STM32F3xx_DFP,3.1.0,https://www.keil.com/pack/Keil.STM32F3xx_DFP.pdsc
STMicroelectronics,STM32F3 Series,STM32F303,STM32F303K6Tx,ordering_pattern,tcl/target/stm32f3x.cfg,not_validated,STM32F3xx_DFP,3.1.0,https://www.keil.com/pack/Keil.STM32F3xx_DFP.pdsc
STMicroelectronics,STM32F3 Series,STM32F303,STM32F303K6Ux,ordering_pattern,tcl/target/stm32f3x.cfg,not_validated,STM32F3xx_DFP,3.1.0,https://www.keil.com/pack/Keil.STM32F3xx_DFP.pdsc
STMicroelectronics,STM32F3 Series,STM32F303,STM32F303K8Tx,ordering_pattern,tcl/target/stm32f3x.cfg,not_validated,STM32F3xx_DFP,3.1.0,https://www.keil.com/pack/Keil.STM32F3xx_DFP.pdsc
STMicroelectronics,STM32F3 Series,STM32F303,STM32F303K8Ux,ordering_pattern,tcl/target/stm32f3x.cfg,not_validated,STM32F3xx_DFP,3.1.0,https://www.keil.com/pack/Keil.STM32F3xx_DFP.pdsc
STMicroelectronics,STM32F3 Series,STM32F303,STM32F303R6Tx,ordering_pattern,tcl/target/stm32f3x.cfg,not_validated,STM32F3xx_DFP,3.1.0,https://www.keil.com/pack/Keil.STM32F3xx_DFP.pdsc
STMicroelectronics,STM32F3 Series,STM32F303,STM32F303R8Tx,ordering_pattern,tcl/target/stm32f3x.cfg,not_validated,STM32F3xx_DFP,3.1.0,https://www.keil.com/pack/Keil.STM32F3xx_DFP.pdsc
STMicroelectronics,STM32F3 Series,STM32F303,STM32F303RBTx,ordering_pattern,tcl/target/stm32f3x.cfg,not_validated,STM32F3xx_DFP,3.1.0,https://www.keil.com/pack/Keil.STM32F3xx_DFP.pdsc
STMicroelectronics,STM32F3 Series,STM32F303,STM32F303RCTx,ordering_pattern,tcl/target/stm32f3x.cfg,not_validated,STM32F3xx_DFP,3.1.0,https://www.keil.com/pack/Keil.STM32F3xx_DFP.pdsc
STMicroelectronics,STM32F3 Series,STM32F303,STM32F303RDTx,ordering_pattern,tcl/target/stm32f3x.cfg,not_validated,STM32F3xx_DFP,3.1.0,https://www.keil.com/pack/Keil.STM32F3xx_DFP.pdsc
STMicroelectronics,STM32F3 Series,STM32F303,STM32F303RETx,ordering_pattern,tcl/target/stm32f3x.cfg,not_validated,STM32F3xx_DFP,3.1.0,https://www.keil.com/pack/Keil.STM32F3xx_DFP.pdsc
STMicroelectronics,STM32F3 Series,STM32F303,STM32F303VBTx,ordering_pattern,tcl/target/stm32f3x.cfg,not_validated,STM32F3xx_DFP,3.1.0,https://www.keil.com/pack/Keil.STM32F3xx_DFP.pdsc
STMicroelectronics,STM32F3 Series,STM32F303,STM32F303VCTx,ordering_pattern,tcl/target/stm32f3x.cfg,not_validated,STM32F3xx_DFP,3.1.0,https://www.keil.com/pack/Keil.STM32F3xx_DFP.pdsc
STMicroelectronics,STM32F3 Series,STM32F303,STM32F303VCYx,ordering_pattern,tcl/target/stm32f3x.cfg,not_validated,STM32F3xx_DFP,3.1.0,https://www.keil.com/pack/Keil.STM32F3xx_DFP.pdsc
STMicroelectronics,STM32F3 Series,STM32F303,STM32F303VDHx,ordering_pattern,tcl/target/stm32f3x.cfg,not_validated,STM32F3xx_DFP,3.1.0,https://www.keil.com/pack/Keil.STM32F3xx_DFP.pdsc
STMicroelectronics,STM32F3 Series,STM32F303,STM32F303VDTx,ordering_pattern,tcl/target/stm32f3x.cfg,not_validated,STM32F3xx_DFP,3.1.0,https://www.keil.com/pack/Keil.STM32F3xx_DFP.pdsc
STMicroelectronics,STM32F3 Series,STM32F303,STM32F303VEHx,ordering_pattern,tcl/target/stm32f3x.cfg,not_validated,STM32F3xx_DFP,3.1.0,https://www.keil.com/pack/Keil.STM32F3xx_DFP.pdsc
STMicroelectronics,STM32F3 Series,STM32F303,STM32F303VETx,ordering_pattern,tcl/target/stm32f3x.cfg,not_validated,STM32F3xx_DFP,3.1.0,https://www.keil.com/pack/Keil.STM32F3xx_DFP.pdsc
STMicroelectronics,STM32F3 Series,STM32F303,STM32F303VEYx,ordering_pattern,tcl/target/stm32f3x.cfg,not_validated,STM32F3xx_DFP,3.1.0,https://www.keil.com/pack/Keil.STM32F3xx_DFP.pdsc
STMicroelectronics,STM32F3 Series,STM32F303,STM32F303ZDTx,ordering_pattern,tcl/target/stm32f3x.cfg,not_validated,STM32F3xx_DFP,3.1.0,https://www.keil.com/pack/Keil.STM32F3xx_DFP.pdsc
STMicroelectronics,STM32F3 Series,STM32F303,STM32F303ZETx,ordering_pattern,tcl/target/stm32f3x.cfg,not_validated,STM32F3xx_DFP,3.1.0,https://www.keil.com/pack/Keil.STM32F3xx_DFP.pdsc
STMicroelectronics,STM32F3 Series,STM32F3x8,STM32F318C8Tx,ordering_pattern,tcl/target/stm32f3x.cfg,not_validated,STM32F3xx_DFP,3.1.0,https://www.keil.com/pack/Keil.STM32F3xx_DFP.pdsc
STMicroelectronics,STM32F3 Series,STM32F3x8,STM32F318C8Yx,ordering_pattern,tcl/target/stm32f3x.cfg,not_validated,STM32F3xx_DFP,3.1.0,https://www.keil.com/pack/Keil.STM32F3xx_DFP.pdsc
STMicroelectronics,STM32F3 Series,STM32F3x8,STM32F318K8Ux,ordering_pattern,tcl/target/stm32f3x.cfg,not_validated,STM32F3xx_DFP,3.1.0,https://www.keil.com/pack/Keil.STM32F3xx_DFP.pdsc
STMicroelectronics,STM32F3 Series,STM32F3x8,STM32F328C8Tx,ordering_pattern,tcl/target/stm32f3x.cfg,not_validated,STM32F3xx_DFP,3.1.0,https://www.keil.com/pack/Keil.STM32F3xx_DFP.pdsc
STMicroelectronics,STM32F3 Series,STM32F3x4,STM32F334C4Tx,ordering_pattern,tcl/target/stm32f3x.cfg,not_validated,STM32F3xx_DFP,3.1.0,https://www.keil.com/pack/Keil.STM32F3xx_DFP.pdsc
STMicroelectronics,STM32F3 Series,STM32F3x4,STM32F334C6Tx,ordering_pattern,tcl/target/stm32f3x.cfg,not_validated,STM32F3xx_DFP,3.1.0,https://www.keil.com/pack/Keil.STM32F3xx_DFP.pdsc
STMicroelectronics,STM32F3 Series,STM32F3x4,STM32F334C8Tx,ordering_pattern,tcl/target/stm32f3x.cfg,not_validated,STM32F3xx_DFP,3.1.0,https://www.keil.com/pack/Keil.STM32F3xx_DFP.pdsc
STMicroelectronics,STM32F3 Series,STM32F3x4,STM32F334C8Yx,ordering_pattern,tcl/target/stm32f3x.cfg,not_validated,STM32F3xx_DFP,3.1.0,https://www.keil.com/pack/Keil.STM32F3xx_DFP.pdsc
STMicroelectronics,STM32F3 Series,STM32F3x4,STM32F334K4Tx,ordering_pattern,tcl/target/stm32f3x.cfg,not_validated,STM32F3xx_DFP,3.1.0,https://www.keil.com/pack/Keil.STM32F3xx_DFP.pdsc
STMicroelectronics,STM32F3 Series,STM32F3x4,STM32F334K4Ux,ordering_pattern,tcl/target/stm32f3x.cfg,not_validated,STM32F3xx_DFP,3.1.0,https://www.keil.com/pack/Keil.STM32F3xx_DFP.pdsc
STMicroelectronics,STM32F3 Series,STM32F3x4,STM32F334K6Tx,ordering_pattern,tcl/target/stm32f3x.cfg,not_validated,STM32F3xx_DFP,3.1.0,https://www.keil.com/pack/Keil.STM32F3xx_DFP.pdsc
STMicroelectronics,STM32F3 Series,STM32F3x4,STM32F334K6Ux,ordering_pattern,tcl/target/stm32f3x.cfg,not_validated,STM32F3xx_DFP,3.1.0,https://www.keil.com/pack/Keil.STM32F3xx_DFP.pdsc
STMicroelectronics,STM32F3 Series,STM32F3x4,STM32F334K8Tx,ordering_pattern,tcl/target/stm32f3x.cfg,not_validated,STM32F3xx_DFP,3.1.0,https://www.keil.com/pack/Keil.STM32F3xx_DFP.pdsc
STMicroelectronics,STM32F3 Series,STM32F3x4,STM32F334K8Ux,ordering_pattern,tcl/target/stm32f3x.cfg,not_validated,STM32F3xx_DFP,3.1.0,https://www.keil.com/pack/Keil.STM32F3xx_DFP.pdsc
STMicroelectronics,STM32F3 Series,STM32F3x4,STM32F334R6Tx,ordering_pattern,tcl/target/stm32f3x.cfg,not_validated,STM32F3xx_DFP,3.1.0,https://www.keil.com/pack/Keil.STM32F3xx_DFP.pdsc
STMicroelectronics,STM32F3 Series,STM32F3x4,STM32F334R8Tx,ordering_pattern,tcl/target/stm32f3x.cfg,not_validated,STM32F3xx_DFP,3.1.0,https://www.keil.com/pack/Keil.STM32F3xx_DFP.pdsc
STMicroelectronics,STM32F3 Series,STM32F3x8,STM32F358CCTx,ordering_pattern,tcl/target/stm32f3x.cfg,not_validated,STM32F3xx_DFP,3.1.0,https://www.keil.com/pack/Keil.STM32F3xx_DFP.pdsc
STMicroelectronics,STM32F3 Series,STM32F3x8,STM32F358RCTx,ordering_pattern,tcl/target/stm32f3x.cfg,not_validated,STM32F3xx_DFP,3.1.0,https://www.keil.com/pack/Keil.STM32F3xx_DFP.pdsc
STMicroelectronics,STM32F3 Series,STM32F3x8,STM32F358VCTx,ordering_pattern,tcl/target/stm32f3x.cfg,not_validated,STM32F3xx_DFP,3.1.0,https://www.keil.com/pack/Keil.STM32F3xx_DFP.pdsc
STMicroelectronics,STM32F3 Series,STM32F373,STM32F373C8Tx,ordering_pattern,tcl/target/stm32f3x.cfg,not_validated,STM32F3xx_DFP,3.1.0,https://www.keil.com/pack/Keil.STM32F3xx_DFP.pdsc
STMicroelectronics,STM32F3 Series,STM32F373,STM32F373CBTx,ordering_pattern,tcl/target/stm32f3x.cfg,not_validated,STM32F3xx_DFP,3.1.0,https://www.keil.com/pack/Keil.STM32F3xx_DFP.pdsc
STMicroelectronics,STM32F3 Series,STM32F373,STM32F373CCTx,ordering_pattern,tcl/target/stm32f3x.cfg,not_validated,STM32F3xx_DFP,3.1.0,https://www.keil.com/pack/Keil.STM32F3xx_DFP.pdsc
STMicroelectronics,STM32F3 Series,STM32F373,STM32F373R8Tx,ordering_pattern,tcl/target/stm32f3x.cfg,not_validated,STM32F3xx_DFP,3.1.0,https://www.keil.com/pack/Keil.STM32F3xx_DFP.pdsc
STMicroelectronics,STM32F3 Series,STM32F373,STM32F373RBTx,ordering_pattern,tcl/target/stm32f3x.cfg,not_validated,STM32F3xx_DFP,3.1.0,https://www.keil.com/pack/Keil.STM32F3xx_DFP.pdsc
STMicroelectronics,STM32F3 Series,STM32F373,STM32F373RCTx,ordering_pattern,tcl/target/stm32f3x.cfg,not_validated,STM32F3xx_DFP,3.1.0,https://www.keil.com/pack/Keil.STM32F3xx_DFP.pdsc
STMicroelectronics,STM32F3 Series,STM32F373,STM32F373V8Hx,ordering_pattern,tcl/target/stm32f3x.cfg,not_validated,STM32F3xx_DFP,3.1.0,https://www.keil.com/pack/Keil.STM32F3xx_DFP.pdsc
STMicroelectronics,STM32F3 Series,STM32F373,STM32F373V8Tx,ordering_pattern,tcl/target/stm32f3x.cfg,not_validated,STM32F3xx_DFP,3.1.0,https://www.keil.com/pack/Keil.STM32F3xx_DFP.pdsc
STMicroelectronics,STM32F3 Series,STM32F373,STM32F373VBHx,ordering_pattern,tcl/target/stm32f3x.cfg,not_validated,STM32F3xx_DFP,3.1.0,https://www.keil.com/pack/Keil.STM32F3xx_DFP.pdsc
STMicroelectronics,STM32F3 Series,STM32F373,STM32F373VBTx,ordering_pattern,tcl/target/stm32f3x.cfg,not_validated,STM32F3xx_DFP,3.1.0,https://www.keil.com/pack/Keil.STM32F3xx_DFP.pdsc
STMicroelectronics,STM32F3 Series,STM32F373,STM32F373VCHx,ordering_pattern,tcl/target/stm32f3x.cfg,not_validated,STM32F3xx_DFP,3.1.0,https://www.keil.com/pack/Keil.STM32F3xx_DFP.pdsc
STMicroelectronics,STM32F3 Series,STM32F373,STM32F373VCTx,ordering_pattern,tcl/target/stm32f3x.cfg,not_validated,STM32F3xx_DFP,3.1.0,https://www.keil.com/pack/Keil.STM32F3xx_DFP.pdsc
STMicroelectronics,STM32F3 Series,STM32F3x8,STM32F378CCTx,ordering_pattern,tcl/target/stm32f3x.cfg,not_validated,STM32F3xx_DFP,3.1.0,https://www.keil.com/pack/Keil.STM32F3xx_DFP.pdsc
STMicroelectronics,STM32F3 Series,STM32F3x8,STM32F378RCTx,ordering_pattern,tcl/target/stm32f3x.cfg,not_validated,STM32F3xx_DFP,3.1.0,https://www.keil.com/pack/Keil.STM32F3xx_DFP.pdsc
STMicroelectronics,STM32F3 Series,STM32F3x8,STM32F378RCYx,ordering_pattern,tcl/target/stm32f3x.cfg,not_validated,STM32F3xx_DFP,3.1.0,https://www.keil.com/pack/Keil.STM32F3xx_DFP.pdsc
STMicroelectronics,STM32F3 Series,STM32F3x8,STM32F378VCTx,ordering_pattern,tcl/target/stm32f3x.cfg,not_validated,STM32F3xx_DFP,3.1.0,https://www.keil.com/pack/Keil.STM32F3xx_DFP.pdsc
STMicroelectronics,STM32F3 Series,STM32F3x8,STM32F398VETx,ordering_pattern,tcl/target/stm32f3x.cfg,not_validated,STM32F3xx_DFP,3.1.0,https://www.keil.com/pack/Keil.STM32F3xx_DFP.pdsc
STMicroelectronics,STM32F4 Series,STM32F401,STM32F401CBUx,ordering_pattern,tcl/target/stm32f4x.cfg,not_validated,STM32F4xx_DFP,3.1.1,https://www.keil.com/pack/Keil.STM32F4xx_DFP.pdsc
STMicroelectronics,STM32F4 Series,STM32F401,STM32F401CBYx,ordering_pattern,tcl/target/stm32f4x.cfg,not_validated,STM32F4xx_DFP,3.1.1,https://www.keil.com/pack/Keil.STM32F4xx_DFP.pdsc
STMicroelectronics,STM32F4 Series,STM32F401,STM32F401CCFx,ordering_pattern,tcl/target/stm32f4x.cfg,not_validated,STM32F4xx_DFP,3.1.1,https://www.keil.com/pack/Keil.STM32F4xx_DFP.pdsc
STMicroelectronics,STM32F4 Series,STM32F401,STM32F401CCUx,ordering_pattern,tcl/target/stm32f4x.cfg,not_validated,STM32F4xx_DFP,3.1.1,https://www.keil.com/pack/Keil.STM32F4xx_DFP.pdsc
STMicroelectronics,STM32F4 Series,STM32F401,STM32F401CCYx,ordering_pattern,tcl/target/stm32f4x.cfg,not_validated,STM32F4xx_DFP,3.1.1,https://www.keil.com/pack/Keil.STM32F4xx_DFP.pdsc
STMicroelectronics,STM32F4 Series,STM32F401,STM32F401CDUx,ordering_pattern,tcl/target/stm32f4x.cfg,not_validated,STM32F4xx_DFP,3.1.1,https://www.keil.com/pack/Keil.STM32F4xx_DFP.pdsc
STMicroelectronics,STM32F4 Series,STM32F401,STM32F401CDYx,ordering_pattern,tcl/target/stm32f4x.cfg,not_validated,STM32F4xx_DFP,3.1.1,https://www.keil.com/pack/Keil.STM32F4xx_DFP.pdsc
STMicroelectronics,STM32F4 Series,STM32F401,STM32F401CEUx,ordering_pattern,tcl/target/stm32f4x.cfg,not_validated,STM32F4xx_DFP,3.1.1,https://www.keil.com/pack/Keil.STM32F4xx_DFP.pdsc
STMicroelectronics,STM32F4 Series,STM32F401,STM32F401CEYx,ordering_pattern,tcl/target/stm32f4x.cfg,not_validated,STM32F4xx_DFP,3.1.1,https://www.keil.com/pack/Keil.STM32F4xx_DFP.pdsc
STMicroelectronics,STM32F4 Series,STM32F401,STM32F401RBTx,ordering_pattern,tcl/target/stm32f4x.cfg,not_validated,STM32F4xx_DFP,3.1.1,https://www.keil.com/pack/Keil.STM32F4xx_DFP.pdsc
STMicroelectronics,STM32F4 Series,STM32F401,STM32F401RCTx,ordering_pattern,tcl/target/stm32f4x.cfg,not_validated,STM32F4xx_DFP,3.1.1,https://www.keil.com/pack/Keil.STM32F4xx_DFP.pdsc
STMicroelectronics,STM32F4 Series,STM32F401,STM32F401RDTx,ordering_pattern,tcl/target/stm32f4x.cfg,not_validated,STM32F4xx_DFP,3.1.1,https://www.keil.com/pack/Keil.STM32F4xx_DFP.pdsc
STMicroelectronics,STM32F4 Series,STM32F401,STM32F401RETx,ordering_pattern,tcl/target/stm32f4x.cfg,not_validated,STM32F4xx_DFP,3.1.1,https://www.keil.com/pack/Keil.STM32F4xx_DFP.pdsc
STMicroelectronics,STM32F4 Series,STM32F401,STM32F401VBHx,ordering_pattern,tcl/target/stm32f4x.cfg,not_validated,STM32F4xx_DFP,3.1.1,https://www.keil.com/pack/Keil.STM32F4xx_DFP.pdsc
STMicroelectronics,STM32F4 Series,STM32F401,STM32F401VBTx,ordering_pattern,tcl/target/stm32f4x.cfg,not_validated,STM32F4xx_DFP,3.1.1,https://www.keil.com/pack/Keil.STM32F4xx_DFP.pdsc
STMicroelectronics,STM32F4 Series,STM32F401,STM32F401VCHx,ordering_pattern,tcl/target/stm32f4x.cfg,not_validated,STM32F4xx_DFP,3.1.1,https://www.keil.com/pack/Keil.STM32F4xx_DFP.pdsc
STMicroelectronics,STM32F4 Series,STM32F401,STM32F401VCTx,ordering_pattern,tcl/target/stm32f4x.cfg,not_validated,STM32F4xx_DFP,3.1.1,https://www.keil.com/pack/Keil.STM32F4xx_DFP.pdsc
STMicroelectronics,STM32F4 Series,STM32F401,STM32F401VDHx,ordering_pattern,tcl/target/stm32f4x.cfg,not_validated,STM32F4xx_DFP,3.1.1,https://www.keil.com/pack/Keil.STM32F4xx_DFP.pdsc
STMicroelectronics,STM32F4 Series,STM32F401,STM32F401VDTx,ordering_pattern,tcl/target/stm32f4x.cfg,not_validated,STM32F4xx_DFP,3.1.1,https://www.keil.com/pack/Keil.STM32F4xx_DFP.pdsc
STMicroelectronics,STM32F4 Series,STM32F401,STM32F401VEHx,ordering_pattern,tcl/target/stm32f4x.cfg,not_validated,STM32F4xx_DFP,3.1.1,https://www.keil.com/pack/Keil.STM32F4xx_DFP.pdsc
STMicroelectronics,STM32F4 Series,STM32F401,STM32F401VETx,ordering_pattern,tcl/target/stm32f4x.cfg,not_validated,STM32F4xx_DFP,3.1.1,https://www.keil.com/pack/Keil.STM32F4xx_DFP.pdsc
STMicroelectronics,STM32F4 Series,STM32F405,STM32F405OEYx,ordering_pattern,tcl/target/stm32f4x.cfg,not_validated,STM32F4xx_DFP,3.1.1,https://www.keil.com/pack/Keil.STM32F4xx_DFP.pdsc
STMicroelectronics,STM32F4 Series,STM32F405,STM32F405OGYx,ordering_pattern,tcl/target/stm32f4x.cfg,not_validated,STM32F4xx_DFP,3.1.1,https://www.keil.com/pack/Keil.STM32F4xx_DFP.pdsc
STMicroelectronics,STM32F4 Series,STM32F405,STM32F405RGTx,ordering_pattern,tcl/target/stm32f4x.cfg,not_validated,STM32F4xx_DFP,3.1.1,https://www.keil.com/pack/Keil.STM32F4xx_DFP.pdsc
STMicroelectronics,STM32F4 Series,STM32F405,STM32F405VGTx,ordering_pattern,tcl/target/stm32f4x.cfg,not_validated,STM32F4xx_DFP,3.1.1,https://www.keil.com/pack/Keil.STM32F4xx_DFP.pdsc
STMicroelectronics,STM32F4 Series,STM32F405,STM32F405ZGTx,ordering_pattern,tcl/target/stm32f4x.cfg,not_validated,STM32F4xx_DFP,3.1.1,https://www.keil.com/pack/Keil.STM32F4xx_DFP.pdsc
STMicroelectronics,STM32F4 Series,STM32F407,STM32F407IEHx,ordering_pattern,tcl/target/stm32f4x.cfg,not_validated,STM32F4xx_DFP,3.1.1,https://www.keil.com/pack/Keil.STM32F4xx_DFP.pdsc
STMicroelectronics,STM32F4 Series,STM32F407,STM32F407IETx,ordering_pattern,tcl/target/stm32f4x.cfg,not_validated,STM32F4xx_DFP,3.1.1,https://www.keil.com/pack/Keil.STM32F4xx_DFP.pdsc
STMicroelectronics,STM32F4 Series,STM32F407,STM32F407IGHx,ordering_pattern,tcl/target/stm32f4x.cfg,not_validated,STM32F4xx_DFP,3.1.1,https://www.keil.com/pack/Keil.STM32F4xx_DFP.pdsc
STMicroelectronics,STM32F4 Series,STM32F407,STM32F407IGTx,ordering_pattern,tcl/target/stm32f4x.cfg,not_validated,STM32F4xx_DFP,3.1.1,https://www.keil.com/pack/Keil.STM32F4xx_DFP.pdsc
STMicroelectronics,STM32F4 Series,STM32F407,STM32F407VETx,ordering_pattern,tcl/target/stm32f4x.cfg,not_validated,STM32F4xx_DFP,3.1.1,https://www.keil.com/pack/Keil.STM32F4xx_DFP.pdsc
STMicroelectronics,STM32F4 Series,STM32F407,STM32F407VGTx,ordering_pattern,tcl/target/stm32f4x.cfg,not_validated,STM32F4xx_DFP,3.1.1,https://www.keil.com/pack/Keil.STM32F4xx_DFP.pdsc
STMicroelectronics,STM32F4 Series,STM32F407,STM32F407ZETx,ordering_pattern,tcl/target/stm32f4x.cfg,not_validated,STM32F4xx_DFP,3.1.1,https://www.keil.com/pack/Keil.STM32F4xx_DFP.pdsc
STMicroelectronics,STM32F4 Series,STM32F407,STM32F407ZGTx,ordering_pattern,tcl/target/stm32f4x.cfg,not_validated,STM32F4xx_DFP,3.1.1,https://www.keil.com/pack/Keil.STM32F4xx_DFP.pdsc
STMicroelectronics,STM32F4 Series,STM32F410,STM32F410C8Tx,ordering_pattern,tcl/target/stm32f4x.cfg,not_validated,STM32F4xx_DFP,3.1.1,https://www.keil.com/pack/Keil.STM32F4xx_DFP.pdsc
STMicroelectronics,STM32F4 Series,STM32F410,STM32F410C8Ux,ordering_pattern,tcl/target/stm32f4x.cfg,not_validated,STM32F4xx_DFP,3.1.1,https://www.keil.com/pack/Keil.STM32F4xx_DFP.pdsc
STMicroelectronics,STM32F4 Series,STM32F410,STM32F410CBTx,ordering_pattern,tcl/target/stm32f4x.cfg,not_validated,STM32F4xx_DFP,3.1.1,https://www.keil.com/pack/Keil.STM32F4xx_DFP.pdsc
STMicroelectronics,STM32F4 Series,STM32F410,STM32F410CBUx,ordering_pattern,tcl/target/stm32f4x.cfg,not_validated,STM32F4xx_DFP,3.1.1,https://www.keil.com/pack/Keil.STM32F4xx_DFP.pdsc
STMicroelectronics,STM32F4 Series,STM32F410,STM32F410R8Ix,ordering_pattern,tcl/target/stm32f4x.cfg,not_validated,STM32F4xx_DFP,3.1.1,https://www.keil.com/pack/Keil.STM32F4xx_DFP.pdsc
STMicroelectronics,STM32F4 Series,STM32F410,STM32F410R8Tx,ordering_pattern,tcl/target/stm32f4x.cfg,not_validated,STM32F4xx_DFP,3.1.1,https://www.keil.com/pack/Keil.STM32F4xx_DFP.pdsc
STMicroelectronics,STM32F4 Series,STM32F410,STM32F410RBIx,ordering_pattern,tcl/target/stm32f4x.cfg,not_validated,STM32F4xx_DFP,3.1.1,https://www.keil.com/pack/Keil.STM32F4xx_DFP.pdsc
STMicroelectronics,STM32F4 Series,STM32F410,STM32F410RBTx,ordering_pattern,tcl/target/stm32f4x.cfg,not_validated,STM32F4xx_DFP,3.1.1,https://www.keil.com/pack/Keil.STM32F4xx_DFP.pdsc
STMicroelectronics,STM32F4 Series,STM32F410,STM32F410T8Yx,ordering_pattern,tcl/target/stm32f4x.cfg,not_validated,STM32F4xx_DFP,3.1.1,https://www.keil.com/pack/Keil.STM32F4xx_DFP.pdsc
STMicroelectronics,STM32F4 Series,STM32F410,STM32F410TBYx,ordering_pattern,tcl/target/stm32f4x.cfg,not_validated,STM32F4xx_DFP,3.1.1,https://www.keil.com/pack/Keil.STM32F4xx_DFP.pdsc
STMicroelectronics,STM32F4 Series,STM32F411,STM32F411CCUx,ordering_pattern,tcl/target/stm32f4x.cfg,not_validated,STM32F4xx_DFP,3.1.1,https://www.keil.com/pack/Keil.STM32F4xx_DFP.pdsc
STMicroelectronics,STM32F4 Series,STM32F411,STM32F411CCYx,ordering_pattern,tcl/target/stm32f4x.cfg,not_validated,STM32F4xx_DFP,3.1.1,https://www.keil.com/pack/Keil.STM32F4xx_DFP.pdsc
STMicroelectronics,STM32F4 Series,STM32F411,STM32F411CEUx,ordering_pattern,tcl/target/stm32f4x.cfg,not_validated,STM32F4xx_DFP,3.1.1,https://www.keil.com/pack/Keil.STM32F4xx_DFP.pdsc
STMicroelectronics,STM32F4 Series,STM32F411,STM32F411CEYx,ordering_pattern,tcl/target/stm32f4x.cfg,not_validated,STM32F4xx_DFP,3.1.1,https://www.keil.com/pack/Keil.STM32F4xx_DFP.pdsc
STMicroelectronics,STM32F4 Series,STM32F411,STM32F411RCTx,ordering_pattern,tcl/target/stm32f4x.cfg,not_validated,STM32F4xx_DFP,3.1.1,https://www.keil.com/pack/Keil.STM32F4xx_DFP.pdsc
STMicroelectronics,STM32F4 Series,STM32F411,STM32F411RETx,ordering_pattern,tcl/target/stm32f4x.cfg,not_validated,STM32F4xx_DFP,3.1.1,https://www.keil.com/pack/Keil.STM32F4xx_DFP.pdsc
STMicroelectronics,STM32F4 Series,STM32F411,STM32F411VCHx,ordering_pattern,tcl/target/stm32f4x.cfg,not_validated,STM32F4xx_DFP,3.1.1,https://www.keil.com/pack/Keil.STM32F4xx_DFP.pdsc
STMicroelectronics,STM32F4 Series,STM32F411,STM32F411VCTx,ordering_pattern,tcl/target/stm32f4x.cfg,not_validated,STM32F4xx_DFP,3.1.1,https://www.keil.com/pack/Keil.STM32F4xx_DFP.pdsc
STMicroelectronics,STM32F4 Series,STM32F411,STM32F411VEHx,ordering_pattern,tcl/target/stm32f4x.cfg,not_validated,STM32F4xx_DFP,3.1.1,https://www.keil.com/pack/Keil.STM32F4xx_DFP.pdsc
STMicroelectronics,STM32F4 Series,STM32F411,STM32F411VETx,ordering_pattern,tcl/target/stm32f4x.cfg,not_validated,STM32F4xx_DFP,3.1.1,https://www.keil.com/pack/Keil.STM32F4xx_DFP.pdsc
STMicroelectronics,STM32F4 Series,STM32F412,STM32F412CEUx,ordering_pattern,tcl/target/stm32f4x.cfg,not_validated,STM32F4xx_DFP,3.1.1,https://www.keil.com/pack/Keil.STM32F4xx_DFP.pdsc
STMicroelectronics,STM32F4 Series,STM32F412,STM32F412CGUx,ordering_pattern,tcl/target/stm32f4x.cfg,not_validated,STM32F4xx_DFP,3.1.1,https://www.keil.com/pack/Keil.STM32F4xx_DFP.pdsc
STMicroelectronics,STM32F4 Series,STM32F412,STM32F412RETx,ordering_pattern,tcl/target/stm32f4x.cfg,not_validated,STM32F4xx_DFP,3.1.1,https://www.keil.com/pack/Keil.STM32F4xx_DFP.pdsc
STMicroelectronics,STM32F4 Series,STM32F412,STM32F412REYx,ordering_pattern,tcl/target/stm32f4x.cfg,not_validated,STM32F4xx_DFP,3.1.1,https://www.keil.com/pack/Keil.STM32F4xx_DFP.pdsc
STMicroelectronics,STM32F4 Series,STM32F412,STM32F412REYxP,cmsis_device_name,tcl/target/stm32f4x.cfg,not_validated,STM32F4xx_DFP,3.1.1,https://www.keil.com/pack/Keil.STM32F4xx_DFP.pdsc
STMicroelectronics,STM32F4 Series,STM32F412,STM32F412RGTx,ordering_pattern,tcl/target/stm32f4x.cfg,not_validated,STM32F4xx_DFP,3.1.1,https://www.keil.com/pack/Keil.STM32F4xx_DFP.pdsc
STMicroelectronics,STM32F4 Series,STM32F412,STM32F412RGYx,ordering_pattern,tcl/target/stm32f4x.cfg,not_validated,STM32F4xx_DFP,3.1.1,https://www.keil.com/pack/Keil.STM32F4xx_DFP.pdsc
STMicroelectronics,STM32F4 Series,STM32F412,STM32F412RGYxP,cmsis_device_name,tcl/target/stm32f4x.cfg,not_validated,STM32F4xx_DFP,3.1.1,https://www.keil.com/pack/Keil.STM32F4xx_DFP.pdsc
STMicroelectronics,STM32F4 Series,STM32F412,STM32F412VEHx,ordering_pattern,tcl/target/stm32f4x.cfg,not_validated,STM32F4xx_DFP,3.1.1,https://www.keil.com/pack/Keil.STM32F4xx_DFP.pdsc
STMicroelectronics,STM32F4 Series,STM32F412,STM32F412VETx,ordering_pattern,tcl/target/stm32f4x.cfg,not_validated,STM32F4xx_DFP,3.1.1,https://www.keil.com/pack/Keil.STM32F4xx_DFP.pdsc
STMicroelectronics,STM32F4 Series,STM32F412,STM32F412VGHx,ordering_pattern,tcl/target/stm32f4x.cfg,not_validated,STM32F4xx_DFP,3.1.1,https://www.keil.com/pack/Keil.STM32F4xx_DFP.pdsc
STMicroelectronics,STM32F4 Series,STM32F412,STM32F412VGTx,ordering_pattern,tcl/target/stm32f4x.cfg,not_validated,STM32F4xx_DFP,3.1.1,https://www.keil.com/pack/Keil.STM32F4xx_DFP.pdsc
STMicroelectronics,STM32F4 Series,STM32F412,STM32F412ZEJx,ordering_pattern,tcl/target/stm32f4x.cfg,not_validated,STM32F4xx_DFP,3.1.1,https://www.keil.com/pack/Keil.STM32F4xx_DFP.pdsc
STMicroelectronics,STM32F4 Series,STM32F412,STM32F412ZETx,ordering_pattern,tcl/target/stm32f4x.cfg,not_validated,STM32F4xx_DFP,3.1.1,https://www.keil.com/pack/Keil.STM32F4xx_DFP.pdsc
STMicroelectronics,STM32F4 Series,STM32F412,STM32F412ZGJx,ordering_pattern,tcl/target/stm32f4x.cfg,not_validated,STM32F4xx_DFP,3.1.1,https://www.keil.com/pack/Keil.STM32F4xx_DFP.pdsc
STMicroelectronics,STM32F4 Series,STM32F412,STM32F412ZGTx,ordering_pattern,tcl/target/stm32f4x.cfg,not_validated,STM32F4xx_DFP,3.1.1,https://www.keil.com/pack/Keil.STM32F4xx_DFP.pdsc
STMicroelectronics,STM32F4 Series,STM32F413,STM32F413CGUx,ordering_pattern,tcl/target/stm32f4x.cfg,not_validated,STM32F4xx_DFP,3.1.1,https://www.keil.com/pack/Keil.STM32F4xx_DFP.pdsc
STMicroelectronics,STM32F4 Series,STM32F413,STM32F413CHUx,ordering_pattern,tcl/target/stm32f4x.cfg,not_validated,STM32F4xx_DFP,3.1.1,https://www.keil.com/pack/Keil.STM32F4xx_DFP.pdsc
STMicroelectronics,STM32F4 Series,STM32F413,STM32F413MGYx,ordering_pattern,tcl/target/stm32f4x.cfg,not_validated,STM32F4xx_DFP,3.1.1,https://www.keil.com/pack/Keil.STM32F4xx_DFP.pdsc
STMicroelectronics,STM32F4 Series,STM32F413,STM32F413MHYx,ordering_pattern,tcl/target/stm32f4x.cfg,not_validated,STM32F4xx_DFP,3.1.1,https://www.keil.com/pack/Keil.STM32F4xx_DFP.pdsc
STMicroelectronics,STM32F4 Series,STM32F413,STM32F413RGTx,ordering_pattern,tcl/target/stm32f4x.cfg,not_validated,STM32F4xx_DFP,3.1.1,https://www.keil.com/pack/Keil.STM32F4xx_DFP.pdsc
STMicroelectronics,STM32F4 Series,STM32F413,STM32F413RHTx,ordering_pattern,tcl/target/stm32f4x.cfg,not_validated,STM32F4xx_DFP,3.1.1,https://www.keil.com/pack/Keil.STM32F4xx_DFP.pdsc
STMicroelectronics,STM32F4 Series,STM32F413,STM32F413VGHx,ordering_pattern,tcl/target/stm32f4x.cfg,not_validated,STM32F4xx_DFP,3.1.1,https://www.keil.com/pack/Keil.STM32F4xx_DFP.pdsc
STMicroelectronics,STM32F4 Series,STM32F413,STM32F413VGTx,ordering_pattern,tcl/target/stm32f4x.cfg,not_validated,STM32F4xx_DFP,3.1.1,https://www.keil.com/pack/Keil.STM32F4xx_DFP.pdsc
STMicroelectronics,STM32F4 Series,STM32F413,STM32F413VHHx,ordering_pattern,tcl/target/stm32f4x.cfg,not_validated,STM32F4xx_DFP,3.1.1,https://www.keil.com/pack/Keil.STM32F4xx_DFP.pdsc
STMicroelectronics,STM32F4 Series,STM32F413,STM32F413VHTx,ordering_pattern,tcl/target/stm32f4x.cfg,not_validated,STM32F4xx_DFP,3.1.1,https://www.keil.com/pack/Keil.STM32F4xx_DFP.pdsc
STMicroelectronics,STM32F4 Series,STM32F413,STM32F413ZGJx,ordering_pattern,tcl/target/stm32f4x.cfg,not_validated,STM32F4xx_DFP,3.1.1,https://www.keil.com/pack/Keil.STM32F4xx_DFP.pdsc
STMicroelectronics,STM32F4 Series,STM32F413,STM32F413ZGTx,ordering_pattern,tcl/target/stm32f4x.cfg,not_validated,STM32F4xx_DFP,3.1.1,https://www.keil.com/pack/Keil.STM32F4xx_DFP.pdsc
STMicroelectronics,STM32F4 Series,STM32F413,STM32F413ZHJx,ordering_pattern,tcl/target/stm32f4x.cfg,not_validated,STM32F4xx_DFP,3.1.1,https://www.keil.com/pack/Keil.STM32F4xx_DFP.pdsc
STMicroelectronics,STM32F4 Series,STM32F413,STM32F413ZHTx,ordering_pattern,tcl/target/stm32f4x.cfg,not_validated,STM32F4xx_DFP,3.1.1,https://www.keil.com/pack/Keil.STM32F4xx_DFP.pdsc
STMicroelectronics,STM32F4 Series,STM32F415,STM32F415OGYx,ordering_pattern,tcl/target/stm32f4x.cfg,not_validated,STM32F4xx_DFP,3.1.1,https://www.keil.com/pack/Keil.STM32F4xx_DFP.pdsc
STMicroelectronics,STM32F4 Series,STM32F415,STM32F415RGTx,ordering_pattern,tcl/target/stm32f4x.cfg,not_validated,STM32F4xx_DFP,3.1.1,https://www.keil.com/pack/Keil.STM32F4xx_DFP.pdsc
STMicroelectronics,STM32F4 Series,STM32F415,STM32F415VGTx,ordering_pattern,tcl/target/stm32f4x.cfg,not_validated,STM32F4xx_DFP,3.1.1,https://www.keil.com/pack/Keil.STM32F4xx_DFP.pdsc
STMicroelectronics,STM32F4 Series,STM32F415,STM32F415ZGTx,ordering_pattern,tcl/target/stm32f4x.cfg,not_validated,STM32F4xx_DFP,3.1.1,https://www.keil.com/pack/Keil.STM32F4xx_DFP.pdsc
STMicroelectronics,STM32F4 Series,STM32F417,STM32F417IEHx,ordering_pattern,tcl/target/stm32f4x.cfg,not_validated,STM32F4xx_DFP,3.1.1,https://www.keil.com/pack/Keil.STM32F4xx_DFP.pdsc
STMicroelectronics,STM32F4 Series,STM32F417,STM32F417IETx,ordering_pattern,tcl/target/stm32f4x.cfg,not_validated,STM32F4xx_DFP,3.1.1,https://www.keil.com/pack/Keil.STM32F4xx_DFP.pdsc
STMicroelectronics,STM32F4 Series,STM32F417,STM32F417IGHx,ordering_pattern,tcl/target/stm32f4x.cfg,not_validated,STM32F4xx_DFP,3.1.1,https://www.keil.com/pack/Keil.STM32F4xx_DFP.pdsc
STMicroelectronics,STM32F4 Series,STM32F417,STM32F417IGTx,ordering_pattern,tcl/target/stm32f4x.cfg,not_validated,STM32F4xx_DFP,3.1.1,https://www.keil.com/pack/Keil.STM32F4xx_DFP.pdsc
STMicroelectronics,STM32F4 Series,STM32F417,STM32F417VETx,ordering_pattern,tcl/target/stm32f4x.cfg,not_validated,STM32F4xx_DFP,3.1.1,https://www.keil.com/pack/Keil.STM32F4xx_DFP.pdsc
STMicroelectronics,STM32F4 Series,STM32F417,STM32F417VGTx,ordering_pattern,tcl/target/stm32f4x.cfg,not_validated,STM32F4xx_DFP,3.1.1,https://www.keil.com/pack/Keil.STM32F4xx_DFP.pdsc
STMicroelectronics,STM32F4 Series,STM32F417,STM32F417ZETx,ordering_pattern,tcl/target/stm32f4x.cfg,not_validated,STM32F4xx_DFP,3.1.1,https://www.keil.com/pack/Keil.STM32F4xx_DFP.pdsc
STMicroelectronics,STM32F4 Series,STM32F417,STM32F417ZGTx,ordering_pattern,tcl/target/stm32f4x.cfg,not_validated,STM32F4xx_DFP,3.1.1,https://www.keil.com/pack/Keil.STM32F4xx_DFP.pdsc
STMicroelectronics,STM32F4 Series,STM32F423,STM32F423CHUx,ordering_pattern,tcl/target/stm32f4x.cfg,not_validated,STM32F4xx_DFP,3.1.1,https://www.keil.com/pack/Keil.STM32F4xx_DFP.pdsc
STMicroelectronics,STM32F4 Series,STM32F423,STM32F423MHYx,ordering_pattern,tcl/target/stm32f4x.cfg,not_validated,STM32F4xx_DFP,3.1.1,https://www.keil.com/pack/Keil.STM32F4xx_DFP.pdsc
STMicroelectronics,STM32F4 Series,STM32F423,STM32F423RHTx,ordering_pattern,tcl/target/stm32f4x.cfg,not_validated,STM32F4xx_DFP,3.1.1,https://www.keil.com/pack/Keil.STM32F4xx_DFP.pdsc
STMicroelectronics,STM32F4 Series,STM32F423,STM32F423VHHx,ordering_pattern,tcl/target/stm32f4x.cfg,not_validated,STM32F4xx_DFP,3.1.1,https://www.keil.com/pack/Keil.STM32F4xx_DFP.pdsc
STMicroelectronics,STM32F4 Series,STM32F423,STM32F423VHTx,ordering_pattern,tcl/target/stm32f4x.cfg,not_validated,STM32F4xx_DFP,3.1.1,https://www.keil.com/pack/Keil.STM32F4xx_DFP.pdsc
STMicroelectronics,STM32F4 Series,STM32F423,STM32F423ZHJx,ordering_pattern,tcl/target/stm32f4x.cfg,not_validated,STM32F4xx_DFP,3.1.1,https://www.keil.com/pack/Keil.STM32F4xx_DFP.pdsc
STMicroelectronics,STM32F4 Series,STM32F423,STM32F423ZHTx,ordering_pattern,tcl/target/stm32f4x.cfg,not_validated,STM32F4xx_DFP,3.1.1,https://www.keil.com/pack/Keil.STM32F4xx_DFP.pdsc
STMicroelectronics,STM32F4 Series,STM32F427,STM32F427AGHx,ordering_pattern,tcl/target/stm32f4x.cfg,not_validated,STM32F4xx_DFP,3.1.1,https://www.keil.com/pack/Keil.STM32F4xx_DFP.pdsc
STMicroelectronics,STM32F4 Series,STM32F427,STM32F427AIHx,ordering_pattern,tcl/target/stm32f4x.cfg,not_validated,STM32F4xx_DFP,3.1.1,https://www.keil.com/pack/Keil.STM32F4xx_DFP.pdsc
STMicroelectronics,STM32F4 Series,STM32F427,STM32F427IGHx,ordering_pattern,tcl/target/stm32f4x.cfg,not_validated,STM32F4xx_DFP,3.1.1,https://www.keil.com/pack/Keil.STM32F4xx_DFP.pdsc
STMicroelectronics,STM32F4 Series,STM32F427,STM32F427IGTx,ordering_pattern,tcl/target/stm32f4x.cfg,not_validated,STM32F4xx_DFP,3.1.1,https://www.keil.com/pack/Keil.STM32F4xx_DFP.pdsc
STMicroelectronics,STM32F4 Series,STM32F427,STM32F427IIHx,ordering_pattern,tcl/target/stm32f4x.cfg,not_validated,STM32F4xx_DFP,3.1.1,https://www.keil.com/pack/Keil.STM32F4xx_DFP.pdsc
STMicroelectronics,STM32F4 Series,STM32F427,STM32F427IITx,ordering_pattern,tcl/target/stm32f4x.cfg,not_validated,STM32F4xx_DFP,3.1.1,https://www.keil.com/pack/Keil.STM32F4xx_DFP.pdsc
STMicroelectronics,STM32F4 Series,STM32F427,STM32F427VGTx,ordering_pattern,tcl/target/stm32f4x.cfg,not_validated,STM32F4xx_DFP,3.1.1,https://www.keil.com/pack/Keil.STM32F4xx_DFP.pdsc
STMicroelectronics,STM32F4 Series,STM32F427,STM32F427VITx,ordering_pattern,tcl/target/stm32f4x.cfg,not_validated,STM32F4xx_DFP,3.1.1,https://www.keil.com/pack/Keil.STM32F4xx_DFP.pdsc
STMicroelectronics,STM32F4 Series,STM32F427,STM32F427ZGTx,ordering_pattern,tcl/target/stm32f4x.cfg,not_validated,STM32F4xx_DFP,3.1.1,https://www.keil.com/pack/Keil.STM32F4xx_DFP.pdsc
STMicroelectronics,STM32F4 Series,STM32F427,STM32F427ZITx,ordering_pattern,tcl/target/stm32f4x.cfg,not_validated,STM32F4xx_DFP,3.1.1,https://www.keil.com/pack/Keil.STM32F4xx_DFP.pdsc
STMicroelectronics,STM32F4 Series,STM32F429,STM32F429AGHx,ordering_pattern,tcl/target/stm32f4x.cfg,not_validated,STM32F4xx_DFP,3.1.1,https://www.keil.com/pack/Keil.STM32F4xx_DFP.pdsc
STMicroelectronics,STM32F4 Series,STM32F429,STM32F429AIHx,ordering_pattern,tcl/target/stm32f4x.cfg,not_validated,STM32F4xx_DFP,3.1.1,https://www.keil.com/pack/Keil.STM32F4xx_DFP.pdsc
STMicroelectronics,STM32F4 Series,STM32F429,STM32F429BETx,ordering_pattern,tcl/target/stm32f4x.cfg,not_validated,STM32F4xx_DFP,3.1.1,https://www.keil.com/pack/Keil.STM32F4xx_DFP.pdsc
STMicroelectronics,STM32F4 Series,STM32F429,STM32F429BGTx,ordering_pattern,tcl/target/stm32f4x.cfg,not_validated,STM32F4xx_DFP,3.1.1,https://www.keil.com/pack/Keil.STM32F4xx_DFP.pdsc
STMicroelectronics,STM32F4 Series,STM32F429,STM32F429BITx,ordering_pattern,tcl/target/stm32f4x.cfg,not_validated,STM32F4xx_DFP,3.1.1,https://www.keil.com/pack/Keil.STM32F4xx_DFP.pdsc
STMicroelectronics,STM32F4 Series,STM32F429,STM32F429IEHx,ordering_pattern,tcl/target/stm32f4x.cfg,not_validated,STM32F4xx_DFP,3.1.1,https://www.keil.com/pack/Keil.STM32F4xx_DFP.pdsc
STMicroelectronics,STM32F4 Series,STM32F429,STM32F429IETx,ordering_pattern,tcl/target/stm32f4x.cfg,not_validated,STM32F4xx_DFP,3.1.1,https://www.keil.com/pack/Keil.STM32F4xx_DFP.pdsc
STMicroelectronics,STM32F4 Series,STM32F429,STM32F429IGHx,ordering_pattern,tcl/target/stm32f4x.cfg,not_validated,STM32F4xx_DFP,3.1.1,https://www.keil.com/pack/Keil.STM32F4xx_DFP.pdsc
STMicroelectronics,STM32F4 Series,STM32F429,STM32F429IGTx,ordering_pattern,tcl/target/stm32f4x.cfg,not_validated,STM32F4xx_DFP,3.1.1,https://www.keil.com/pack/Keil.STM32F4xx_DFP.pdsc
STMicroelectronics,STM32F4 Series,STM32F429,STM32F429IIHx,ordering_pattern,tcl/target/stm32f4x.cfg,not_validated,STM32F4xx_DFP,3.1.1,https://www.keil.com/pack/Keil.STM32F4xx_DFP.pdsc
STMicroelectronics,STM32F4 Series,STM32F429,STM32F429IITx,ordering_pattern,tcl/target/stm32f4x.cfg,not_validated,STM32F4xx_DFP,3.1.1,https://www.keil.com/pack/Keil.STM32F4xx_DFP.pdsc
STMicroelectronics,STM32F4 Series,STM32F429,STM32F429NEHx,ordering_pattern,tcl/target/stm32f4x.cfg,not_validated,STM32F4xx_DFP,3.1.1,https://www.keil.com/pack/Keil.STM32F4xx_DFP.pdsc
STMicroelectronics,STM32F4 Series,STM32F429,STM32F429NGHx,ordering_pattern,tcl/target/stm32f4x.cfg,not_validated,STM32F4xx_DFP,3.1.1,https://www.keil.com/pack/Keil.STM32F4xx_DFP.pdsc
STMicroelectronics,STM32F4 Series,STM32F429,STM32F429NIHx,ordering_pattern,tcl/target/stm32f4x.cfg,not_validated,STM32F4xx_DFP,3.1.1,https://www.keil.com/pack/Keil.STM32F4xx_DFP.pdsc
STMicroelectronics,STM32F4 Series,STM32F429,STM32F429VETx,ordering_pattern,tcl/target/stm32f4x.cfg,not_validated,STM32F4xx_DFP,3.1.1,https://www.keil.com/pack/Keil.STM32F4xx_DFP.pdsc
STMicroelectronics,STM32F4 Series,STM32F429,STM32F429VGTx,ordering_pattern,tcl/target/stm32f4x.cfg,not_validated,STM32F4xx_DFP,3.1.1,https://www.keil.com/pack/Keil.STM32F4xx_DFP.pdsc
STMicroelectronics,STM32F4 Series,STM32F429,STM32F429VITx,ordering_pattern,tcl/target/stm32f4x.cfg,not_validated,STM32F4xx_DFP,3.1.1,https://www.keil.com/pack/Keil.STM32F4xx_DFP.pdsc
STMicroelectronics,STM32F4 Series,STM32F429,STM32F429ZETx,ordering_pattern,tcl/target/stm32f4x.cfg,not_validated,STM32F4xx_DFP,3.1.1,https://www.keil.com/pack/Keil.STM32F4xx_DFP.pdsc
STMicroelectronics,STM32F4 Series,STM32F429,STM32F429ZGTx,ordering_pattern,tcl/target/stm32f4x.cfg,not_validated,STM32F4xx_DFP,3.1.1,https://www.keil.com/pack/Keil.STM32F4xx_DFP.pdsc
STMicroelectronics,STM32F4 Series,STM32F429,STM32F429ZGYx,ordering_pattern,tcl/target/stm32f4x.cfg,not_validated,STM32F4xx_DFP,3.1.1,https://www.keil.com/pack/Keil.STM32F4xx_DFP.pdsc
STMicroelectronics,STM32F4 Series,STM32F429,STM32F429ZITx,ordering_pattern,tcl/target/stm32f4x.cfg,not_validated,STM32F4xx_DFP,3.1.1,https://www.keil.com/pack/Keil.STM32F4xx_DFP.pdsc
STMicroelectronics,STM32F4 Series,STM32F429,STM32F429ZIYx,ordering_pattern,tcl/target/stm32f4x.cfg,not_validated,STM32F4xx_DFP,3.1.1,https://www.keil.com/pack/Keil.STM32F4xx_DFP.pdsc
STMicroelectronics,STM32F4 Series,STM32F437,STM32F437AIHx,ordering_pattern,tcl/target/stm32f4x.cfg,not_validated,STM32F4xx_DFP,3.1.1,https://www.keil.com/pack/Keil.STM32F4xx_DFP.pdsc
STMicroelectronics,STM32F4 Series,STM32F437,STM32F437IGHx,ordering_pattern,tcl/target/stm32f4x.cfg,not_validated,STM32F4xx_DFP,3.1.1,https://www.keil.com/pack/Keil.STM32F4xx_DFP.pdsc
STMicroelectronics,STM32F4 Series,STM32F437,STM32F437IGTx,ordering_pattern,tcl/target/stm32f4x.cfg,not_validated,STM32F4xx_DFP,3.1.1,https://www.keil.com/pack/Keil.STM32F4xx_DFP.pdsc
STMicroelectronics,STM32F4 Series,STM32F437,STM32F437IIHx,ordering_pattern,tcl/target/stm32f4x.cfg,not_validated,STM32F4xx_DFP,3.1.1,https://www.keil.com/pack/Keil.STM32F4xx_DFP.pdsc
STMicroelectronics,STM32F4 Series,STM32F437,STM32F437IITx,ordering_pattern,tcl/target/stm32f4x.cfg,not_validated,STM32F4xx_DFP,3.1.1,https://www.keil.com/pack/Keil.STM32F4xx_DFP.pdsc
STMicroelectronics,STM32F4 Series,STM32F437,STM32F437VGTx,ordering_pattern,tcl/target/stm32f4x.cfg,not_validated,STM32F4xx_DFP,3.1.1,https://www.keil.com/pack/Keil.STM32F4xx_DFP.pdsc
STMicroelectronics,STM32F4 Series,STM32F437,STM32F437VITx,ordering_pattern,tcl/target/stm32f4x.cfg,not_validated,STM32F4xx_DFP,3.1.1,https://www.keil.com/pack/Keil.STM32F4xx_DFP.pdsc
STMicroelectronics,STM32F4 Series,STM32F437,STM32F437ZGTx,ordering_pattern,tcl/target/stm32f4x.cfg,not_validated,STM32F4xx_DFP,3.1.1,https://www.keil.com/pack/Keil.STM32F4xx_DFP.pdsc
STMicroelectronics,STM32F4 Series,STM32F437,STM32F437ZITx,ordering_pattern,tcl/target/stm32f4x.cfg,not_validated,STM32F4xx_DFP,3.1.1,https://www.keil.com/pack/Keil.STM32F4xx_DFP.pdsc
STMicroelectronics,STM32F4 Series,STM32F439,STM32F439AIHx,ordering_pattern,tcl/target/stm32f4x.cfg,not_validated,STM32F4xx_DFP,3.1.1,https://www.keil.com/pack/Keil.STM32F4xx_DFP.pdsc
STMicroelectronics,STM32F4 Series,STM32F439,STM32F439BGTx,ordering_pattern,tcl/target/stm32f4x.cfg,not_validated,STM32F4xx_DFP,3.1.1,https://www.keil.com/pack/Keil.STM32F4xx_DFP.pdsc
STMicroelectronics,STM32F4 Series,STM32F439,STM32F439BITx,ordering_pattern,tcl/target/stm32f4x.cfg,not_validated,STM32F4xx_DFP,3.1.1,https://www.keil.com/pack/Keil.STM32F4xx_DFP.pdsc
STMicroelectronics,STM32F4 Series,STM32F439,STM32F439IGHx,ordering_pattern,tcl/target/stm32f4x.cfg,not_validated,STM32F4xx_DFP,3.1.1,https://www.keil.com/pack/Keil.STM32F4xx_DFP.pdsc
STMicroelectronics,STM32F4 Series,STM32F439,STM32F439IGTx,ordering_pattern,tcl/target/stm32f4x.cfg,not_validated,STM32F4xx_DFP,3.1.1,https://www.keil.com/pack/Keil.STM32F4xx_DFP.pdsc
STMicroelectronics,STM32F4 Series,STM32F439,STM32F439IIHx,ordering_pattern,tcl/target/stm32f4x.cfg,not_validated,STM32F4xx_DFP,3.1.1,https://www.keil.com/pack/Keil.STM32F4xx_DFP.pdsc
STMicroelectronics,STM32F4 Series,STM32F439,STM32F439IITx,ordering_pattern,tcl/target/stm32f4x.cfg,not_validated,STM32F4xx_DFP,3.1.1,https://www.keil.com/pack/Keil.STM32F4xx_DFP.pdsc
STMicroelectronics,STM32F4 Series,STM32F439,STM32F439NGHx,ordering_pattern,tcl/target/stm32f4x.cfg,not_validated,STM32F4xx_DFP,3.1.1,https://www.keil.com/pack/Keil.STM32F4xx_DFP.pdsc
STMicroelectronics,STM32F4 Series,STM32F439,STM32F439NIHx,ordering_pattern,tcl/target/stm32f4x.cfg,not_validated,STM32F4xx_DFP,3.1.1,https://www.keil.com/pack/Keil.STM32F4xx_DFP.pdsc
STMicroelectronics,STM32F4 Series,STM32F439,STM32F439VGTx,ordering_pattern,tcl/target/stm32f4x.cfg,not_validated,STM32F4xx_DFP,3.1.1,https://www.keil.com/pack/Keil.STM32F4xx_DFP.pdsc
STMicroelectronics,STM32F4 Series,STM32F439,STM32F439VITx,ordering_pattern,tcl/target/stm32f4x.cfg,not_validated,STM32F4xx_DFP,3.1.1,https://www.keil.com/pack/Keil.STM32F4xx_DFP.pdsc
STMicroelectronics,STM32F4 Series,STM32F439,STM32F439ZGTx,ordering_pattern,tcl/target/stm32f4x.cfg,not_validated,STM32F4xx_DFP,3.1.1,https://www.keil.com/pack/Keil.STM32F4xx_DFP.pdsc
STMicroelectronics,STM32F4 Series,STM32F439,STM32F439ZGYx,ordering_pattern,tcl/target/stm32f4x.cfg,not_validated,STM32F4xx_DFP,3.1.1,https://www.keil.com/pack/Keil.STM32F4xx_DFP.pdsc
STMicroelectronics,STM32F4 Series,STM32F439,STM32F439ZITx,ordering_pattern,tcl/target/stm32f4x.cfg,not_validated,STM32F4xx_DFP,3.1.1,https://www.keil.com/pack/Keil.STM32F4xx_DFP.pdsc
STMicroelectronics,STM32F4 Series,STM32F439,STM32F439ZIYx,ordering_pattern,tcl/target/stm32f4x.cfg,not_validated,STM32F4xx_DFP,3.1.1,https://www.keil.com/pack/Keil.STM32F4xx_DFP.pdsc
STMicroelectronics,STM32F4 Series,STM32F446,STM32F446MCYx,ordering_pattern,tcl/target/stm32f4x.cfg,not_validated,STM32F4xx_DFP,3.1.1,https://www.keil.com/pack/Keil.STM32F4xx_DFP.pdsc
STMicroelectronics,STM32F4 Series,STM32F446,STM32F446MEYx,ordering_pattern,tcl/target/stm32f4x.cfg,not_validated,STM32F4xx_DFP,3.1.1,https://www.keil.com/pack/Keil.STM32F4xx_DFP.pdsc
STMicroelectronics,STM32F4 Series,STM32F446,STM32F446RCTx,ordering_pattern,tcl/target/stm32f4x.cfg,not_validated,STM32F4xx_DFP,3.1.1,https://www.keil.com/pack/Keil.STM32F4xx_DFP.pdsc
STMicroelectronics,STM32F4 Series,STM32F446,STM32F446RETx,ordering_pattern,tcl/target/stm32f4x.cfg,not_validated,STM32F4xx_DFP,3.1.1,https://www.keil.com/pack/Keil.STM32F4xx_DFP.pdsc
STMicroelectronics,STM32F4 Series,STM32F446,STM32F446VCTx,ordering_pattern,tcl/target/stm32f4x.cfg,not_validated,STM32F4xx_DFP,3.1.1,https://www.keil.com/pack/Keil.STM32F4xx_DFP.pdsc
STMicroelectronics,STM32F4 Series,STM32F446,STM32F446VETx,ordering_pattern,tcl/target/stm32f4x.cfg,not_validated,STM32F4xx_DFP,3.1.1,https://www.keil.com/pack/Keil.STM32F4xx_DFP.pdsc
STMicroelectronics,STM32F4 Series,STM32F446,STM32F446ZCHx,ordering_pattern,tcl/target/stm32f4x.cfg,not_validated,STM32F4xx_DFP,3.1.1,https://www.keil.com/pack/Keil.STM32F4xx_DFP.pdsc
STMicroelectronics,STM32F4 Series,STM32F446,STM32F446ZCJx,ordering_pattern,tcl/target/stm32f4x.cfg,not_validated,STM32F4xx_DFP,3.1.1,https://www.keil.com/pack/Keil.STM32F4xx_DFP.pdsc
STMicroelectronics,STM32F4 Series,STM32F446,STM32F446ZCTx,ordering_pattern,tcl/target/stm32f4x.cfg,not_validated,STM32F4xx_DFP,3.1.1,https://www.keil.com/pack/Keil.STM32F4xx_DFP.pdsc
STMicroelectronics,STM32F4 Series,STM32F446,STM32F446ZEHx,ordering_pattern,tcl/target/stm32f4x.cfg,not_validated,STM32F4xx_DFP,3.1.1,https://www.keil.com/pack/Keil.STM32F4xx_DFP.pdsc
STMicroelectronics,STM32F4 Series,STM32F446,STM32F446ZEJx,ordering_pattern,tcl/target/stm32f4x.cfg,not_validated,STM32F4xx_DFP,3.1.1,https://www.keil.com/pack/Keil.STM32F4xx_DFP.pdsc
STMicroelectronics,STM32F4 Series,STM32F446,STM32F446ZETx,ordering_pattern,tcl/target/stm32f4x.cfg,not_validated,STM32F4xx_DFP,3.1.1,https://www.keil.com/pack/Keil.STM32F4xx_DFP.pdsc
STMicroelectronics,STM32F4 Series,STM32F469,STM32F469AEHx,ordering_pattern,tcl/target/stm32f4x.cfg,not_validated,STM32F4xx_DFP,3.1.1,https://www.keil.com/pack/Keil.STM32F4xx_DFP.pdsc
STMicroelectronics,STM32F4 Series,STM32F469,STM32F469AEYx,ordering_pattern,tcl/target/stm32f4x.cfg,not_validated,STM32F4xx_DFP,3.1.1,https://www.keil.com/pack/Keil.STM32F4xx_DFP.pdsc
STMicroelectronics,STM32F4 Series,STM32F469,STM32F469AGHx,ordering_pattern,tcl/target/stm32f4x.cfg,not_validated,STM32F4xx_DFP,3.1.1,https://www.keil.com/pack/Keil.STM32F4xx_DFP.pdsc
STMicroelectronics,STM32F4 Series,STM32F469,STM32F469AGYx,ordering_pattern,tcl/target/stm32f4x.cfg,not_validated,STM32F4xx_DFP,3.1.1,https://www.keil.com/pack/Keil.STM32F4xx_DFP.pdsc
STMicroelectronics,STM32F4 Series,STM32F469,STM32F469AIHx,ordering_pattern,tcl/target/stm32f4x.cfg,not_validated,STM32F4xx_DFP,3.1.1,https://www.keil.com/pack/Keil.STM32F4xx_DFP.pdsc
STMicroelectronics,STM32F4 Series,STM32F469,STM32F469AIYx,ordering_pattern,tcl/target/stm32f4x.cfg,not_validated,STM32F4xx_DFP,3.1.1,https://www.keil.com/pack/Keil.STM32F4xx_DFP.pdsc
STMicroelectronics,STM32F4 Series,STM32F469,STM32F469BETx,ordering_pattern,tcl/target/stm32f4x.cfg,not_validated,STM32F4xx_DFP,3.1.1,https://www.keil.com/pack/Keil.STM32F4xx_DFP.pdsc
STMicroelectronics,STM32F4 Series,STM32F469,STM32F469BGTx,ordering_pattern,tcl/target/stm32f4x.cfg,not_validated,STM32F4xx_DFP,3.1.1,https://www.keil.com/pack/Keil.STM32F4xx_DFP.pdsc
STMicroelectronics,STM32F4 Series,STM32F469,STM32F469BITx,ordering_pattern,tcl/target/stm32f4x.cfg,not_validated,STM32F4xx_DFP,3.1.1,https://www.keil.com/pack/Keil.STM32F4xx_DFP.pdsc
STMicroelectronics,STM32F4 Series,STM32F469,STM32F469IEHx,ordering_pattern,tcl/target/stm32f4x.cfg,not_validated,STM32F4xx_DFP,3.1.1,https://www.keil.com/pack/Keil.STM32F4xx_DFP.pdsc
STMicroelectronics,STM32F4 Series,STM32F469,STM32F469IETx,ordering_pattern,tcl/target/stm32f4x.cfg,not_validated,STM32F4xx_DFP,3.1.1,https://www.keil.com/pack/Keil.STM32F4xx_DFP.pdsc
STMicroelectronics,STM32F4 Series,STM32F469,STM32F469IGHx,ordering_pattern,tcl/target/stm32f4x.cfg,not_validated,STM32F4xx_DFP,3.1.1,https://www.keil.com/pack/Keil.STM32F4xx_DFP.pdsc
STMicroelectronics,STM32F4 Series,STM32F469,STM32F469IGTx,ordering_pattern,tcl/target/stm32f4x.cfg,not_validated,STM32F4xx_DFP,3.1.1,https://www.keil.com/pack/Keil.STM32F4xx_DFP.pdsc
STMicroelectronics,STM32F4 Series,STM32F469,STM32F469IIHx,ordering_pattern,tcl/target/stm32f4x.cfg,not_validated,STM32F4xx_DFP,3.1.1,https://www.keil.com/pack/Keil.STM32F4xx_DFP.pdsc
STMicroelectronics,STM32F4 Series,STM32F469,STM32F469IITx,ordering_pattern,tcl/target/stm32f4x.cfg,not_validated,STM32F4xx_DFP,3.1.1,https://www.keil.com/pack/Keil.STM32F4xx_DFP.pdsc
STMicroelectronics,STM32F4 Series,STM32F469,STM32F469NEHx,ordering_pattern,tcl/target/stm32f4x.cfg,not_validated,STM32F4xx_DFP,3.1.1,https://www.keil.com/pack/Keil.STM32F4xx_DFP.pdsc
STMicroelectronics,STM32F4 Series,STM32F469,STM32F469NGHx,ordering_pattern,tcl/target/stm32f4x.cfg,not_validated,STM32F4xx_DFP,3.1.1,https://www.keil.com/pack/Keil.STM32F4xx_DFP.pdsc
STMicroelectronics,STM32F4 Series,STM32F469,STM32F469NIHx,ordering_pattern,tcl/target/stm32f4x.cfg,not_validated,STM32F4xx_DFP,3.1.1,https://www.keil.com/pack/Keil.STM32F4xx_DFP.pdsc
STMicroelectronics,STM32F4 Series,STM32F469,STM32F469VETx,ordering_pattern,tcl/target/stm32f4x.cfg,not_validated,STM32F4xx_DFP,3.1.1,https://www.keil.com/pack/Keil.STM32F4xx_DFP.pdsc
STMicroelectronics,STM32F4 Series,STM32F469,STM32F469VGTx,ordering_pattern,tcl/target/stm32f4x.cfg,not_validated,STM32F4xx_DFP,3.1.1,https://www.keil.com/pack/Keil.STM32F4xx_DFP.pdsc
STMicroelectronics,STM32F4 Series,STM32F469,STM32F469VITx,ordering_pattern,tcl/target/stm32f4x.cfg,not_validated,STM32F4xx_DFP,3.1.1,https://www.keil.com/pack/Keil.STM32F4xx_DFP.pdsc
STMicroelectronics,STM32F4 Series,STM32F469,STM32F469ZETx,ordering_pattern,tcl/target/stm32f4x.cfg,not_validated,STM32F4xx_DFP,3.1.1,https://www.keil.com/pack/Keil.STM32F4xx_DFP.pdsc
STMicroelectronics,STM32F4 Series,STM32F469,STM32F469ZGTx,ordering_pattern,tcl/target/stm32f4x.cfg,not_validated,STM32F4xx_DFP,3.1.1,https://www.keil.com/pack/Keil.STM32F4xx_DFP.pdsc
STMicroelectronics,STM32F4 Series,STM32F469,STM32F469ZITx,ordering_pattern,tcl/target/stm32f4x.cfg,not_validated,STM32F4xx_DFP,3.1.1,https://www.keil.com/pack/Keil.STM32F4xx_DFP.pdsc
STMicroelectronics,STM32F4 Series,STM32F479,STM32F479AGHx,ordering_pattern,tcl/target/stm32f4x.cfg,not_validated,STM32F4xx_DFP,3.1.1,https://www.keil.com/pack/Keil.STM32F4xx_DFP.pdsc
STMicroelectronics,STM32F4 Series,STM32F479,STM32F479AGYx,ordering_pattern,tcl/target/stm32f4x.cfg,not_validated,STM32F4xx_DFP,3.1.1,https://www.keil.com/pack/Keil.STM32F4xx_DFP.pdsc
STMicroelectronics,STM32F4 Series,STM32F479,STM32F479AIHx,ordering_pattern,tcl/target/stm32f4x.cfg,not_validated,STM32F4xx_DFP,3.1.1,https://www.keil.com/pack/Keil.STM32F4xx_DFP.pdsc
STMicroelectronics,STM32F4 Series,STM32F479,STM32F479AIYx,ordering_pattern,tcl/target/stm32f4x.cfg,not_validated,STM32F4xx_DFP,3.1.1,https://www.keil.com/pack/Keil.STM32F4xx_DFP.pdsc
STMicroelectronics,STM32F4 Series,STM32F479,STM32F479BGTx,ordering_pattern,tcl/target/stm32f4x.cfg,not_validated,STM32F4xx_DFP,3.1.1,https://www.keil.com/pack/Keil.STM32F4xx_DFP.pdsc
STMicroelectronics,STM32F4 Series,STM32F479,STM32F479BITx,ordering_pattern,tcl/target/stm32f4x.cfg,not_validated,STM32F4xx_DFP,3.1.1,https://www.keil.com/pack/Keil.STM32F4xx_DFP.pdsc
STMicroelectronics,STM32F4 Series,STM32F479,STM32F479IGHx,ordering_pattern,tcl/target/stm32f4x.cfg,not_validated,STM32F4xx_DFP,3.1.1,https://www.keil.com/pack/Keil.STM32F4xx_DFP.pdsc
STMicroelectronics,STM32F4 Series,STM32F479,STM32F479IGTx,ordering_pattern,tcl/target/stm32f4x.cfg,not_validated,STM32F4xx_DFP,3.1.1,https://www.keil.com/pack/Keil.STM32F4xx_DFP.pdsc
STMicroelectronics,STM32F4 Series,STM32F479,STM32F479IIHx,ordering_pattern,tcl/target/stm32f4x.cfg,not_validated,STM32F4xx_DFP,3.1.1,https://www.keil.com/pack/Keil.STM32F4xx_DFP.pdsc
STMicroelectronics,STM32F4 Series,STM32F479,STM32F479IITx,ordering_pattern,tcl/target/stm32f4x.cfg,not_validated,STM32F4xx_DFP,3.1.1,https://www.keil.com/pack/Keil.STM32F4xx_DFP.pdsc
STMicroelectronics,STM32F4 Series,STM32F479,STM32F479NGHx,ordering_pattern,tcl/target/stm32f4x.cfg,not_validated,STM32F4xx_DFP,3.1.1,https://www.keil.com/pack/Keil.STM32F4xx_DFP.pdsc
STMicroelectronics,STM32F4 Series,STM32F479,STM32F479NIHx,ordering_pattern,tcl/target/stm32f4x.cfg,not_validated,STM32F4xx_DFP,3.1.1,https://www.keil.com/pack/Keil.STM32F4xx_DFP.pdsc
STMicroelectronics,STM32F4 Series,STM32F479,STM32F479VGTx,ordering_pattern,tcl/target/stm32f4x.cfg,not_validated,STM32F4xx_DFP,3.1.1,https://www.keil.com/pack/Keil.STM32F4xx_DFP.pdsc
STMicroelectronics,STM32F4 Series,STM32F479,STM32F479VITx,ordering_pattern,tcl/target/stm32f4x.cfg,not_validated,STM32F4xx_DFP,3.1.1,https://www.keil.com/pack/Keil.STM32F4xx_DFP.pdsc
STMicroelectronics,STM32F4 Series,STM32F479,STM32F479ZGTx,ordering_pattern,tcl/target/stm32f4x.cfg,not_validated,STM32F4xx_DFP,3.1.1,https://www.keil.com/pack/Keil.STM32F4xx_DFP.pdsc
STMicroelectronics,STM32F4 Series,STM32F479,STM32F479ZITx,ordering_pattern,tcl/target/stm32f4x.cfg,not_validated,STM32F4xx_DFP,3.1.1,https://www.keil.com/pack/Keil.STM32F4xx_DFP.pdsc
STMicroelectronics,STM32F7 Series,STM32F722,STM32F722ICKx,ordering_pattern,tcl/target/stm32f7x.cfg,not_validated,STM32F7xx_DFP,3.1.1,https://www.keil.com/pack/Keil.STM32F7xx_DFP.pdsc
STMicroelectronics,STM32F7 Series,STM32F722,STM32F722ICTx,ordering_pattern,tcl/target/stm32f7x.cfg,not_validated,STM32F7xx_DFP,3.1.1,https://www.keil.com/pack/Keil.STM32F7xx_DFP.pdsc
STMicroelectronics,STM32F7 Series,STM32F722,STM32F722IEKx,ordering_pattern,tcl/target/stm32f7x.cfg,not_validated,STM32F7xx_DFP,3.1.1,https://www.keil.com/pack/Keil.STM32F7xx_DFP.pdsc
STMicroelectronics,STM32F7 Series,STM32F722,STM32F722IETx,ordering_pattern,tcl/target/stm32f7x.cfg,not_validated,STM32F7xx_DFP,3.1.1,https://www.keil.com/pack/Keil.STM32F7xx_DFP.pdsc
STMicroelectronics,STM32F7 Series,STM32F722,STM32F722RCTx,ordering_pattern,tcl/target/stm32f7x.cfg,not_validated,STM32F7xx_DFP,3.1.1,https://www.keil.com/pack/Keil.STM32F7xx_DFP.pdsc
STMicroelectronics,STM32F7 Series,STM32F722,STM32F722RETx,ordering_pattern,tcl/target/stm32f7x.cfg,not_validated,STM32F7xx_DFP,3.1.1,https://www.keil.com/pack/Keil.STM32F7xx_DFP.pdsc
STMicroelectronics,STM32F7 Series,STM32F722,STM32F722VCTx,ordering_pattern,tcl/target/stm32f7x.cfg,not_validated,STM32F7xx_DFP,3.1.1,https://www.keil.com/pack/Keil.STM32F7xx_DFP.pdsc
STMicroelectronics,STM32F7 Series,STM32F722,STM32F722VETx,ordering_pattern,tcl/target/stm32f7x.cfg,not_validated,STM32F7xx_DFP,3.1.1,https://www.keil.com/pack/Keil.STM32F7xx_DFP.pdsc
STMicroelectronics,STM32F7 Series,STM32F722,STM32F722ZCTx,ordering_pattern,tcl/target/stm32f7x.cfg,not_validated,STM32F7xx_DFP,3.1.1,https://www.keil.com/pack/Keil.STM32F7xx_DFP.pdsc
STMicroelectronics,STM32F7 Series,STM32F722,STM32F722ZETx,ordering_pattern,tcl/target/stm32f7x.cfg,not_validated,STM32F7xx_DFP,3.1.1,https://www.keil.com/pack/Keil.STM32F7xx_DFP.pdsc
STMicroelectronics,STM32F7 Series,STM32F723,STM32F723ICKx,ordering_pattern,tcl/target/stm32f7x.cfg,not_validated,STM32F7xx_DFP,3.1.1,https://www.keil.com/pack/Keil.STM32F7xx_DFP.pdsc
STMicroelectronics,STM32F7 Series,STM32F723,STM32F723ICTx,ordering_pattern,tcl/target/stm32f7x.cfg,not_validated,STM32F7xx_DFP,3.1.1,https://www.keil.com/pack/Keil.STM32F7xx_DFP.pdsc
STMicroelectronics,STM32F7 Series,STM32F723,STM32F723IEKx,ordering_pattern,tcl/target/stm32f7x.cfg,not_validated,STM32F7xx_DFP,3.1.1,https://www.keil.com/pack/Keil.STM32F7xx_DFP.pdsc
STMicroelectronics,STM32F7 Series,STM32F723,STM32F723IETx,ordering_pattern,tcl/target/stm32f7x.cfg,not_validated,STM32F7xx_DFP,3.1.1,https://www.keil.com/pack/Keil.STM32F7xx_DFP.pdsc
STMicroelectronics,STM32F7 Series,STM32F723,STM32F723VCTx,ordering_pattern,tcl/target/stm32f7x.cfg,not_validated,STM32F7xx_DFP,3.1.1,https://www.keil.com/pack/Keil.STM32F7xx_DFP.pdsc
STMicroelectronics,STM32F7 Series,STM32F723,STM32F723VCYx,ordering_pattern,tcl/target/stm32f7x.cfg,not_validated,STM32F7xx_DFP,3.1.1,https://www.keil.com/pack/Keil.STM32F7xx_DFP.pdsc
STMicroelectronics,STM32F7 Series,STM32F723,STM32F723VETx,ordering_pattern,tcl/target/stm32f7x.cfg,not_validated,STM32F7xx_DFP,3.1.1,https://www.keil.com/pack/Keil.STM32F7xx_DFP.pdsc
STMicroelectronics,STM32F7 Series,STM32F723,STM32F723VEYx,ordering_pattern,tcl/target/stm32f7x.cfg,not_validated,STM32F7xx_DFP,3.1.1,https://www.keil.com/pack/Keil.STM32F7xx_DFP.pdsc
STMicroelectronics,STM32F7 Series,STM32F723,STM32F723ZCIx,ordering_pattern,tcl/target/stm32f7x.cfg,not_validated,STM32F7xx_DFP,3.1.1,https://www.keil.com/pack/Keil.STM32F7xx_DFP.pdsc
STMicroelectronics,STM32F7 Series,STM32F723,STM32F723ZCTx,ordering_pattern,tcl/target/stm32f7x.cfg,not_validated,STM32F7xx_DFP,3.1.1,https://www.keil.com/pack/Keil.STM32F7xx_DFP.pdsc
STMicroelectronics,STM32F7 Series,STM32F723,STM32F723ZEIx,ordering_pattern,tcl/target/stm32f7x.cfg,not_validated,STM32F7xx_DFP,3.1.1,https://www.keil.com/pack/Keil.STM32F7xx_DFP.pdsc
STMicroelectronics,STM32F7 Series,STM32F723,STM32F723ZETx,ordering_pattern,tcl/target/stm32f7x.cfg,not_validated,STM32F7xx_DFP,3.1.1,https://www.keil.com/pack/Keil.STM32F7xx_DFP.pdsc
STMicroelectronics,STM32F7 Series,STM32F730,STM32F730I8Kx,ordering_pattern,tcl/target/stm32f7x.cfg,not_validated,STM32F7xx_DFP,3.1.1,https://www.keil.com/pack/Keil.STM32F7xx_DFP.pdsc
STMicroelectronics,STM32F7 Series,STM32F730,STM32F730R8Tx,ordering_pattern,tcl/target/stm32f7x.cfg,not_validated,STM32F7xx_DFP,3.1.1,https://www.keil.com/pack/Keil.STM32F7xx_DFP.pdsc
STMicroelectronics,STM32F7 Series,STM32F730,STM32F730V8Tx,ordering_pattern,tcl/target/stm32f7x.cfg,not_validated,STM32F7xx_DFP,3.1.1,https://www.keil.com/pack/Keil.STM32F7xx_DFP.pdsc
STMicroelectronics,STM32F7 Series,STM32F730,STM32F730Z8Tx,ordering_pattern,tcl/target/stm32f7x.cfg,not_validated,STM32F7xx_DFP,3.1.1,https://www.keil.com/pack/Keil.STM32F7xx_DFP.pdsc
STMicroelectronics,STM32F7 Series,STM32F732,STM32F732IEKx,ordering_pattern,tcl/target/stm32f7x.cfg,not_validated,STM32F7xx_DFP,3.1.1,https://www.keil.com/pack/Keil.STM32F7xx_DFP.pdsc
STMicroelectronics,STM32F7 Series,STM32F732,STM32F732IETx,ordering_pattern,tcl/target/stm32f7x.cfg,not_validated,STM32F7xx_DFP,3.1.1,https://www.keil.com/pack/Keil.STM32F7xx_DFP.pdsc
STMicroelectronics,STM32F7 Series,STM32F732,STM32F732RETx,ordering_pattern,tcl/target/stm32f7x.cfg,not_validated,STM32F7xx_DFP,3.1.1,https://www.keil.com/pack/Keil.STM32F7xx_DFP.pdsc
STMicroelectronics,STM32F7 Series,STM32F732,STM32F732VETx,ordering_pattern,tcl/target/stm32f7x.cfg,not_validated,STM32F7xx_DFP,3.1.1,https://www.keil.com/pack/Keil.STM32F7xx_DFP.pdsc
STMicroelectronics,STM32F7 Series,STM32F732,STM32F732ZETx,ordering_pattern,tcl/target/stm32f7x.cfg,not_validated,STM32F7xx_DFP,3.1.1,https://www.keil.com/pack/Keil.STM32F7xx_DFP.pdsc
STMicroelectronics,STM32F7 Series,STM32F733,STM32F733IEKx,ordering_pattern,tcl/target/stm32f7x.cfg,not_validated,STM32F7xx_DFP,3.1.1,https://www.keil.com/pack/Keil.STM32F7xx_DFP.pdsc
STMicroelectronics,STM32F7 Series,STM32F733,STM32F733IETx,ordering_pattern,tcl/target/stm32f7x.cfg,not_validated,STM32F7xx_DFP,3.1.1,https://www.keil.com/pack/Keil.STM32F7xx_DFP.pdsc
STMicroelectronics,STM32F7 Series,STM32F733,STM32F733VETx,ordering_pattern,tcl/target/stm32f7x.cfg,not_validated,STM32F7xx_DFP,3.1.1,https://www.keil.com/pack/Keil.STM32F7xx_DFP.pdsc
STMicroelectronics,STM32F7 Series,STM32F733,STM32F733VEYx,ordering_pattern,tcl/target/stm32f7x.cfg,not_validated,STM32F7xx_DFP,3.1.1,https://www.keil.com/pack/Keil.STM32F7xx_DFP.pdsc
STMicroelectronics,STM32F7 Series,STM32F733,STM32F733ZEIx,ordering_pattern,tcl/target/stm32f7x.cfg,not_validated,STM32F7xx_DFP,3.1.1,https://www.keil.com/pack/Keil.STM32F7xx_DFP.pdsc
STMicroelectronics,STM32F7 Series,STM32F733,STM32F733ZETx,ordering_pattern,tcl/target/stm32f7x.cfg,not_validated,STM32F7xx_DFP,3.1.1,https://www.keil.com/pack/Keil.STM32F7xx_DFP.pdsc
STMicroelectronics,STM32F7 Series,STM32F745,STM32F745IEKx,ordering_pattern,tcl/target/stm32f7x.cfg,not_validated,STM32F7xx_DFP,3.1.1,https://www.keil.com/pack/Keil.STM32F7xx_DFP.pdsc
STMicroelectronics,STM32F7 Series,STM32F745,STM32F745IETx,ordering_pattern,tcl/target/stm32f7x.cfg,not_validated,STM32F7xx_DFP,3.1.1,https://www.keil.com/pack/Keil.STM32F7xx_DFP.pdsc
STMicroelectronics,STM32F7 Series,STM32F745,STM32F745IGKx,ordering_pattern,tcl/target/stm32f7x.cfg,not_validated,STM32F7xx_DFP,3.1.1,https://www.keil.com/pack/Keil.STM32F7xx_DFP.pdsc
STMicroelectronics,STM32F7 Series,STM32F745,STM32F745IGTx,ordering_pattern,tcl/target/stm32f7x.cfg,not_validated,STM32F7xx_DFP,3.1.1,https://www.keil.com/pack/Keil.STM32F7xx_DFP.pdsc
STMicroelectronics,STM32F7 Series,STM32F745,STM32F745VEHx,ordering_pattern,tcl/target/stm32f7x.cfg,not_validated,STM32F7xx_DFP,3.1.1,https://www.keil.com/pack/Keil.STM32F7xx_DFP.pdsc
STMicroelectronics,STM32F7 Series,STM32F745,STM32F745VETx,ordering_pattern,tcl/target/stm32f7x.cfg,not_validated,STM32F7xx_DFP,3.1.1,https://www.keil.com/pack/Keil.STM32F7xx_DFP.pdsc
STMicroelectronics,STM32F7 Series,STM32F745,STM32F745VGHx,ordering_pattern,tcl/target/stm32f7x.cfg,not_validated,STM32F7xx_DFP,3.1.1,https://www.keil.com/pack/Keil.STM32F7xx_DFP.pdsc
STMicroelectronics,STM32F7 Series,STM32F745,STM32F745VGTx,ordering_pattern,tcl/target/stm32f7x.cfg,not_validated,STM32F7xx_DFP,3.1.1,https://www.keil.com/pack/Keil.STM32F7xx_DFP.pdsc
STMicroelectronics,STM32F7 Series,STM32F745,STM32F745ZETx,ordering_pattern,tcl/target/stm32f7x.cfg,not_validated,STM32F7xx_DFP,3.1.1,https://www.keil.com/pack/Keil.STM32F7xx_DFP.pdsc
STMicroelectronics,STM32F7 Series,STM32F745,STM32F745ZGTx,ordering_pattern,tcl/target/stm32f7x.cfg,not_validated,STM32F7xx_DFP,3.1.1,https://www.keil.com/pack/Keil.STM32F7xx_DFP.pdsc
STMicroelectronics,STM32F7 Series,STM32F746,STM32F746BETx,ordering_pattern,tcl/target/stm32f7x.cfg,not_validated,STM32F7xx_DFP,3.1.1,https://www.keil.com/pack/Keil.STM32F7xx_DFP.pdsc
STMicroelectronics,STM32F7 Series,STM32F746,STM32F746BGTx,ordering_pattern,tcl/target/stm32f7x.cfg,not_validated,STM32F7xx_DFP,3.1.1,https://www.keil.com/pack/Keil.STM32F7xx_DFP.pdsc
STMicroelectronics,STM32F7 Series,STM32F746,STM32F746IEKx,ordering_pattern,tcl/target/stm32f7x.cfg,not_validated,STM32F7xx_DFP,3.1.1,https://www.keil.com/pack/Keil.STM32F7xx_DFP.pdsc
STMicroelectronics,STM32F7 Series,STM32F746,STM32F746IETx,ordering_pattern,tcl/target/stm32f7x.cfg,not_validated,STM32F7xx_DFP,3.1.1,https://www.keil.com/pack/Keil.STM32F7xx_DFP.pdsc
STMicroelectronics,STM32F7 Series,STM32F746,STM32F746IGKx,ordering_pattern,tcl/target/stm32f7x.cfg,not_validated,STM32F7xx_DFP,3.1.1,https://www.keil.com/pack/Keil.STM32F7xx_DFP.pdsc
STMicroelectronics,STM32F7 Series,STM32F746,STM32F746IGTx,ordering_pattern,tcl/target/stm32f7x.cfg,not_validated,STM32F7xx_DFP,3.1.1,https://www.keil.com/pack/Keil.STM32F7xx_DFP.pdsc
STMicroelectronics,STM32F7 Series,STM32F746,STM32F746NEHx,ordering_pattern,tcl/target/stm32f7x.cfg,not_validated,STM32F7xx_DFP,3.1.1,https://www.keil.com/pack/Keil.STM32F7xx_DFP.pdsc
STMicroelectronics,STM32F7 Series,STM32F746,STM32F746NGHx,ordering_pattern,tcl/target/stm32f7x.cfg,not_validated,STM32F7xx_DFP,3.1.1,https://www.keil.com/pack/Keil.STM32F7xx_DFP.pdsc
STMicroelectronics,STM32F7 Series,STM32F746,STM32F746VEHx,ordering_pattern,tcl/target/stm32f7x.cfg,not_validated,STM32F7xx_DFP,3.1.1,https://www.keil.com/pack/Keil.STM32F7xx_DFP.pdsc
STMicroelectronics,STM32F7 Series,STM32F746,STM32F746VETx,ordering_pattern,tcl/target/stm32f7x.cfg,not_validated,STM32F7xx_DFP,3.1.1,https://www.keil.com/pack/Keil.STM32F7xx_DFP.pdsc
STMicroelectronics,STM32F7 Series,STM32F746,STM32F746VGHx,ordering_pattern,tcl/target/stm32f7x.cfg,not_validated,STM32F7xx_DFP,3.1.1,https://www.keil.com/pack/Keil.STM32F7xx_DFP.pdsc
STMicroelectronics,STM32F7 Series,STM32F746,STM32F746VGTx,ordering_pattern,tcl/target/stm32f7x.cfg,not_validated,STM32F7xx_DFP,3.1.1,https://www.keil.com/pack/Keil.STM32F7xx_DFP.pdsc
STMicroelectronics,STM32F7 Series,STM32F746,STM32F746ZETx,ordering_pattern,tcl/target/stm32f7x.cfg,not_validated,STM32F7xx_DFP,3.1.1,https://www.keil.com/pack/Keil.STM32F7xx_DFP.pdsc
STMicroelectronics,STM32F7 Series,STM32F746,STM32F746ZEYx,ordering_pattern,tcl/target/stm32f7x.cfg,not_validated,STM32F7xx_DFP,3.1.1,https://www.keil.com/pack/Keil.STM32F7xx_DFP.pdsc
STMicroelectronics,STM32F7 Series,STM32F746,STM32F746ZGTx,ordering_pattern,tcl/target/stm32f7x.cfg,not_validated,STM32F7xx_DFP,3.1.1,https://www.keil.com/pack/Keil.STM32F7xx_DFP.pdsc
STMicroelectronics,STM32F7 Series,STM32F746,STM32F746ZGYx,ordering_pattern,tcl/target/stm32f7x.cfg,not_validated,STM32F7xx_DFP,3.1.1,https://www.keil.com/pack/Keil.STM32F7xx_DFP.pdsc
STMicroelectronics,STM32F7 Series,STM32F750,STM32F750N8Hx,ordering_pattern,tcl/target/stm32f7x.cfg,not_validated,STM32F7xx_DFP,3.1.1,https://www.keil.com/pack/Keil.STM32F7xx_DFP.pdsc
STMicroelectronics,STM32F7 Series,STM32F750,STM32F750V8Tx,ordering_pattern,tcl/target/stm32f7x.cfg,not_validated,STM32F7xx_DFP,3.1.1,https://www.keil.com/pack/Keil.STM32F7xx_DFP.pdsc
STMicroelectronics,STM32F7 Series,STM32F750,STM32F750Z8Tx,ordering_pattern,tcl/target/stm32f7x.cfg,not_validated,STM32F7xx_DFP,3.1.1,https://www.keil.com/pack/Keil.STM32F7xx_DFP.pdsc
STMicroelectronics,STM32F7 Series,STM32F756,STM32F756BGTx,ordering_pattern,tcl/target/stm32f7x.cfg,not_validated,STM32F7xx_DFP,3.1.1,https://www.keil.com/pack/Keil.STM32F7xx_DFP.pdsc
STMicroelectronics,STM32F7 Series,STM32F756,STM32F756IGKx,ordering_pattern,tcl/target/stm32f7x.cfg,not_validated,STM32F7xx_DFP,3.1.1,https://www.keil.com/pack/Keil.STM32F7xx_DFP.pdsc
STMicroelectronics,STM32F7 Series,STM32F756,STM32F756IGTx,ordering_pattern,tcl/target/stm32f7x.cfg,not_validated,STM32F7xx_DFP,3.1.1,https://www.keil.com/pack/Keil.STM32F7xx_DFP.pdsc
STMicroelectronics,STM32F7 Series,STM32F756,STM32F756NGHx,ordering_pattern,tcl/target/stm32f7x.cfg,not_validated,STM32F7xx_DFP,3.1.1,https://www.keil.com/pack/Keil.STM32F7xx_DFP.pdsc
STMicroelectronics,STM32F7 Series,STM32F756,STM32F756VGHx,ordering_pattern,tcl/target/stm32f7x.cfg,not_validated,STM32F7xx_DFP,3.1.1,https://www.keil.com/pack/Keil.STM32F7xx_DFP.pdsc
STMicroelectronics,STM32F7 Series,STM32F756,STM32F756VGTx,ordering_pattern,tcl/target/stm32f7x.cfg,not_validated,STM32F7xx_DFP,3.1.1,https://www.keil.com/pack/Keil.STM32F7xx_DFP.pdsc
STMicroelectronics,STM32F7 Series,STM32F756,STM32F756ZGTx,ordering_pattern,tcl/target/stm32f7x.cfg,not_validated,STM32F7xx_DFP,3.1.1,https://www.keil.com/pack/Keil.STM32F7xx_DFP.pdsc
STMicroelectronics,STM32F7 Series,STM32F756,STM32F756ZGYx,ordering_pattern,tcl/target/stm32f7x.cfg,not_validated,STM32F7xx_DFP,3.1.1,https://www.keil.com/pack/Keil.STM32F7xx_DFP.pdsc
STMicroelectronics,STM32F7 Series,STM32F765,STM32F765BGTx,ordering_pattern,tcl/target/stm32f7x.cfg,not_validated,STM32F7xx_DFP,3.1.1,https://www.keil.com/pack/Keil.STM32F7xx_DFP.pdsc
STMicroelectronics,STM32F7 Series,STM32F765,STM32F765BITx,ordering_pattern,tcl/target/stm32f7x.cfg,not_validated,STM32F7xx_DFP,3.1.1,https://www.keil.com/pack/Keil.STM32F7xx_DFP.pdsc
STMicroelectronics,STM32F7 Series,STM32F765,STM32F765IGKx,ordering_pattern,tcl/target/stm32f7x.cfg,not_validated,STM32F7xx_DFP,3.1.1,https://www.keil.com/pack/Keil.STM32F7xx_DFP.pdsc
STMicroelectronics,STM32F7 Series,STM32F765,STM32F765IGTx,ordering_pattern,tcl/target/stm32f7x.cfg,not_validated,STM32F7xx_DFP,3.1.1,https://www.keil.com/pack/Keil.STM32F7xx_DFP.pdsc
STMicroelectronics,STM32F7 Series,STM32F765,STM32F765IIKx,ordering_pattern,tcl/target/stm32f7x.cfg,not_validated,STM32F7xx_DFP,3.1.1,https://www.keil.com/pack/Keil.STM32F7xx_DFP.pdsc
STMicroelectronics,STM32F7 Series,STM32F765,STM32F765IITx,ordering_pattern,tcl/target/stm32f7x.cfg,not_validated,STM32F7xx_DFP,3.1.1,https://www.keil.com/pack/Keil.STM32F7xx_DFP.pdsc
STMicroelectronics,STM32F7 Series,STM32F765,STM32F765NGHx,ordering_pattern,tcl/target/stm32f7x.cfg,not_validated,STM32F7xx_DFP,3.1.1,https://www.keil.com/pack/Keil.STM32F7xx_DFP.pdsc
STMicroelectronics,STM32F7 Series,STM32F765,STM32F765NIHx,ordering_pattern,tcl/target/stm32f7x.cfg,not_validated,STM32F7xx_DFP,3.1.1,https://www.keil.com/pack/Keil.STM32F7xx_DFP.pdsc
STMicroelectronics,STM32F7 Series,STM32F765,STM32F765VGHx,ordering_pattern,tcl/target/stm32f7x.cfg,not_validated,STM32F7xx_DFP,3.1.1,https://www.keil.com/pack/Keil.STM32F7xx_DFP.pdsc
STMicroelectronics,STM32F7 Series,STM32F765,STM32F765VGTx,ordering_pattern,tcl/target/stm32f7x.cfg,not_validated,STM32F7xx_DFP,3.1.1,https://www.keil.com/pack/Keil.STM32F7xx_DFP.pdsc
STMicroelectronics,STM32F7 Series,STM32F765,STM32F765VIHx,ordering_pattern,tcl/target/stm32f7x.cfg,not_validated,STM32F7xx_DFP,3.1.1,https://www.keil.com/pack/Keil.STM32F7xx_DFP.pdsc
STMicroelectronics,STM32F7 Series,STM32F765,STM32F765VITx,ordering_pattern,tcl/target/stm32f7x.cfg,not_validated,STM32F7xx_DFP,3.1.1,https://www.keil.com/pack/Keil.STM32F7xx_DFP.pdsc
STMicroelectronics,STM32F7 Series,STM32F765,STM32F765ZGTx,ordering_pattern,tcl/target/stm32f7x.cfg,not_validated,STM32F7xx_DFP,3.1.1,https://www.keil.com/pack/Keil.STM32F7xx_DFP.pdsc
STMicroelectronics,STM32F7 Series,STM32F765,STM32F765ZITx,ordering_pattern,tcl/target/stm32f7x.cfg,not_validated,STM32F7xx_DFP,3.1.1,https://www.keil.com/pack/Keil.STM32F7xx_DFP.pdsc
STMicroelectronics,STM32F7 Series,STM32F767,STM32F767BGTx,ordering_pattern,tcl/target/stm32f7x.cfg,not_validated,STM32F7xx_DFP,3.1.1,https://www.keil.com/pack/Keil.STM32F7xx_DFP.pdsc
STMicroelectronics,STM32F7 Series,STM32F767,STM32F767BITx,ordering_pattern,tcl/target/stm32f7x.cfg,not_validated,STM32F7xx_DFP,3.1.1,https://www.keil.com/pack/Keil.STM32F7xx_DFP.pdsc
STMicroelectronics,STM32F7 Series,STM32F767,STM32F767IGKx,ordering_pattern,tcl/target/stm32f7x.cfg,not_validated,STM32F7xx_DFP,3.1.1,https://www.keil.com/pack/Keil.STM32F7xx_DFP.pdsc
STMicroelectronics,STM32F7 Series,STM32F767,STM32F767IGTx,ordering_pattern,tcl/target/stm32f7x.cfg,not_validated,STM32F7xx_DFP,3.1.1,https://www.keil.com/pack/Keil.STM32F7xx_DFP.pdsc
STMicroelectronics,STM32F7 Series,STM32F767,STM32F767IIKx,ordering_pattern,tcl/target/stm32f7x.cfg,not_validated,STM32F7xx_DFP,3.1.1,https://www.keil.com/pack/Keil.STM32F7xx_DFP.pdsc
STMicroelectronics,STM32F7 Series,STM32F767,STM32F767IITx,ordering_pattern,tcl/target/stm32f7x.cfg,not_validated,STM32F7xx_DFP,3.1.1,https://www.keil.com/pack/Keil.STM32F7xx_DFP.pdsc
STMicroelectronics,STM32F7 Series,STM32F767,STM32F767NGHx,ordering_pattern,tcl/target/stm32f7x.cfg,not_validated,STM32F7xx_DFP,3.1.1,https://www.keil.com/pack/Keil.STM32F7xx_DFP.pdsc
STMicroelectronics,STM32F7 Series,STM32F767,STM32F767NIHx,ordering_pattern,tcl/target/stm32f7x.cfg,not_validated,STM32F7xx_DFP,3.1.1,https://www.keil.com/pack/Keil.STM32F7xx_DFP.pdsc
STMicroelectronics,STM32F7 Series,STM32F767,STM32F767VGHx,ordering_pattern,tcl/target/stm32f7x.cfg,not_validated,STM32F7xx_DFP,3.1.1,https://www.keil.com/pack/Keil.STM32F7xx_DFP.pdsc
STMicroelectronics,STM32F7 Series,STM32F767,STM32F767VGTx,ordering_pattern,tcl/target/stm32f7x.cfg,not_validated,STM32F7xx_DFP,3.1.1,https://www.keil.com/pack/Keil.STM32F7xx_DFP.pdsc
STMicroelectronics,STM32F7 Series,STM32F767,STM32F767VIHx,ordering_pattern,tcl/target/stm32f7x.cfg,not_validated,STM32F7xx_DFP,3.1.1,https://www.keil.com/pack/Keil.STM32F7xx_DFP.pdsc
STMicroelectronics,STM32F7 Series,STM32F767,STM32F767VITx,ordering_pattern,tcl/target/stm32f7x.cfg,not_validated,STM32F7xx_DFP,3.1.1,https://www.keil.com/pack/Keil.STM32F7xx_DFP.pdsc
STMicroelectronics,STM32F7 Series,STM32F767,STM32F767ZGTx,ordering_pattern,tcl/target/stm32f7x.cfg,not_validated,STM32F7xx_DFP,3.1.1,https://www.keil.com/pack/Keil.STM32F7xx_DFP.pdsc
STMicroelectronics,STM32F7 Series,STM32F767,STM32F767ZITx,ordering_pattern,tcl/target/stm32f7x.cfg,not_validated,STM32F7xx_DFP,3.1.1,https://www.keil.com/pack/Keil.STM32F7xx_DFP.pdsc
STMicroelectronics,STM32F7 Series,STM32F768,STM32F768AIYx,ordering_pattern,tcl/target/stm32f7x.cfg,not_validated,STM32F7xx_DFP,3.1.1,https://www.keil.com/pack/Keil.STM32F7xx_DFP.pdsc
STMicroelectronics,STM32F7 Series,STM32F769,STM32F769AGYx,ordering_pattern,tcl/target/stm32f7x.cfg,not_validated,STM32F7xx_DFP,3.1.1,https://www.keil.com/pack/Keil.STM32F7xx_DFP.pdsc
STMicroelectronics,STM32F7 Series,STM32F769,STM32F769AIYx,ordering_pattern,tcl/target/stm32f7x.cfg,not_validated,STM32F7xx_DFP,3.1.1,https://www.keil.com/pack/Keil.STM32F7xx_DFP.pdsc
STMicroelectronics,STM32F7 Series,STM32F769,STM32F769BGTx,ordering_pattern,tcl/target/stm32f7x.cfg,not_validated,STM32F7xx_DFP,3.1.1,https://www.keil.com/pack/Keil.STM32F7xx_DFP.pdsc
STMicroelectronics,STM32F7 Series,STM32F769,STM32F769BITx,ordering_pattern,tcl/target/stm32f7x.cfg,not_validated,STM32F7xx_DFP,3.1.1,https://www.keil.com/pack/Keil.STM32F7xx_DFP.pdsc
STMicroelectronics,STM32F7 Series,STM32F769,STM32F769IGTx,ordering_pattern,tcl/target/stm32f7x.cfg,not_validated,STM32F7xx_DFP,3.1.1,https://www.keil.com/pack/Keil.STM32F7xx_DFP.pdsc
STMicroelectronics,STM32F7 Series,STM32F769,STM32F769IITx,ordering_pattern,tcl/target/stm32f7x.cfg,not_validated,STM32F7xx_DFP,3.1.1,https://www.keil.com/pack/Keil.STM32F7xx_DFP.pdsc
STMicroelectronics,STM32F7 Series,STM32F769,STM32F769NGHx,ordering_pattern,tcl/target/stm32f7x.cfg,not_validated,STM32F7xx_DFP,3.1.1,https://www.keil.com/pack/Keil.STM32F7xx_DFP.pdsc
STMicroelectronics,STM32F7 Series,STM32F769,STM32F769NIHx,ordering_pattern,tcl/target/stm32f7x.cfg,not_validated,STM32F7xx_DFP,3.1.1,https://www.keil.com/pack/Keil.STM32F7xx_DFP.pdsc
STMicroelectronics,STM32F7 Series,STM32F777,STM32F777BITx,ordering_pattern,tcl/target/stm32f7x.cfg,not_validated,STM32F7xx_DFP,3.1.1,https://www.keil.com/pack/Keil.STM32F7xx_DFP.pdsc
STMicroelectronics,STM32F7 Series,STM32F777,STM32F777IIKx,ordering_pattern,tcl/target/stm32f7x.cfg,not_validated,STM32F7xx_DFP,3.1.1,https://www.keil.com/pack/Keil.STM32F7xx_DFP.pdsc
STMicroelectronics,STM32F7 Series,STM32F777,STM32F777IITx,ordering_pattern,tcl/target/stm32f7x.cfg,not_validated,STM32F7xx_DFP,3.1.1,https://www.keil.com/pack/Keil.STM32F7xx_DFP.pdsc
STMicroelectronics,STM32F7 Series,STM32F777,STM32F777NIHx,ordering_pattern,tcl/target/stm32f7x.cfg,not_validated,STM32F7xx_DFP,3.1.1,https://www.keil.com/pack/Keil.STM32F7xx_DFP.pdsc
STMicroelectronics,STM32F7 Series,STM32F777,STM32F777VIHx,ordering_pattern,tcl/target/stm32f7x.cfg,not_validated,STM32F7xx_DFP,3.1.1,https://www.keil.com/pack/Keil.STM32F7xx_DFP.pdsc
STMicroelectronics,STM32F7 Series,STM32F777,STM32F777VITx,ordering_pattern,tcl/target/stm32f7x.cfg,not_validated,STM32F7xx_DFP,3.1.1,https://www.keil.com/pack/Keil.STM32F7xx_DFP.pdsc
STMicroelectronics,STM32F7 Series,STM32F777,STM32F777ZITx,ordering_pattern,tcl/target/stm32f7x.cfg,not_validated,STM32F7xx_DFP,3.1.1,https://www.keil.com/pack/Keil.STM32F7xx_DFP.pdsc
STMicroelectronics,STM32F7 Series,STM32F778,STM32F778AIYx,ordering_pattern,tcl/target/stm32f7x.cfg,not_validated,STM32F7xx_DFP,3.1.1,https://www.keil.com/pack/Keil.STM32F7xx_DFP.pdsc
STMicroelectronics,STM32F7 Series,STM32F779,STM32F779AIYx,ordering_pattern,tcl/target/stm32f7x.cfg,not_validated,STM32F7xx_DFP,3.1.1,https://www.keil.com/pack/Keil.STM32F7xx_DFP.pdsc
STMicroelectronics,STM32F7 Series,STM32F779,STM32F779BITx,ordering_pattern,tcl/target/stm32f7x.cfg,not_validated,STM32F7xx_DFP,3.1.1,https://www.keil.com/pack/Keil.STM32F7xx_DFP.pdsc
STMicroelectronics,STM32F7 Series,STM32F779,STM32F779IITx,ordering_pattern,tcl/target/stm32f7x.cfg,not_validated,STM32F7xx_DFP,3.1.1,https://www.keil.com/pack/Keil.STM32F7xx_DFP.pdsc
STMicroelectronics,STM32F7 Series,STM32F779,STM32F779NIHx,ordering_pattern,tcl/target/stm32f7x.cfg,not_validated,STM32F7xx_DFP,3.1.1,https://www.keil.com/pack/Keil.STM32F7xx_DFP.pdsc
STMicroelectronics,STM32G0 Series,STM32G030,STM32G030C6Tx,ordering_pattern,tcl/target/stm32g0x.cfg,not_validated,STM32G0xx_DFP,2.1.0,https://www.keil.com/pack/Keil.STM32G0xx_DFP.pdsc
STMicroelectronics,STM32G0 Series,STM32G030,STM32G030C8Tx,ordering_pattern,tcl/target/stm32g0x.cfg,not_validated,STM32G0xx_DFP,2.1.0,https://www.keil.com/pack/Keil.STM32G0xx_DFP.pdsc
STMicroelectronics,STM32G0 Series,STM32G030,STM32G030F6Px,ordering_pattern,tcl/target/stm32g0x.cfg,not_validated,STM32G0xx_DFP,2.1.0,https://www.keil.com/pack/Keil.STM32G0xx_DFP.pdsc
STMicroelectronics,STM32G0 Series,STM32G030,STM32G030J6Mx,ordering_pattern,tcl/target/stm32g0x.cfg,not_validated,STM32G0xx_DFP,2.1.0,https://www.keil.com/pack/Keil.STM32G0xx_DFP.pdsc
STMicroelectronics,STM32G0 Series,STM32G030,STM32G030K6Tx,ordering_pattern,tcl/target/stm32g0x.cfg,not_validated,STM32G0xx_DFP,2.1.0,https://www.keil.com/pack/Keil.STM32G0xx_DFP.pdsc
STMicroelectronics,STM32G0 Series,STM32G030,STM32G030K8Tx,ordering_pattern,tcl/target/stm32g0x.cfg,not_validated,STM32G0xx_DFP,2.1.0,https://www.keil.com/pack/Keil.STM32G0xx_DFP.pdsc
STMicroelectronics,STM32G0 Series,STM32G031,STM32G031C4Tx,ordering_pattern,tcl/target/stm32g0x.cfg,not_validated,STM32G0xx_DFP,2.1.0,https://www.keil.com/pack/Keil.STM32G0xx_DFP.pdsc
STMicroelectronics,STM32G0 Series,STM32G031,STM32G031C4Ux,ordering_pattern,tcl/target/stm32g0x.cfg,not_validated,STM32G0xx_DFP,2.1.0,https://www.keil.com/pack/Keil.STM32G0xx_DFP.pdsc
STMicroelectronics,STM32G0 Series,STM32G031,STM32G031C6Tx,ordering_pattern,tcl/target/stm32g0x.cfg,not_validated,STM32G0xx_DFP,2.1.0,https://www.keil.com/pack/Keil.STM32G0xx_DFP.pdsc
STMicroelectronics,STM32G0 Series,STM32G031,STM32G031C6Ux,ordering_pattern,tcl/target/stm32g0x.cfg,not_validated,STM32G0xx_DFP,2.1.0,https://www.keil.com/pack/Keil.STM32G0xx_DFP.pdsc
STMicroelectronics,STM32G0 Series,STM32G031,STM32G031C8Tx,ordering_pattern,tcl/target/stm32g0x.cfg,not_validated,STM32G0xx_DFP,2.1.0,https://www.keil.com/pack/Keil.STM32G0xx_DFP.pdsc
STMicroelectronics,STM32G0 Series,STM32G031,STM32G031C8Ux,ordering_pattern,tcl/target/stm32g0x.cfg,not_validated,STM32G0xx_DFP,2.1.0,https://www.keil.com/pack/Keil.STM32G0xx_DFP.pdsc
STMicroelectronics,STM32G0 Series,STM32G031,STM32G031F4Px,ordering_pattern,tcl/target/stm32g0x.cfg,not_validated,STM32G0xx_DFP,2.1.0,https://www.keil.com/pack/Keil.STM32G0xx_DFP.pdsc
STMicroelectronics,STM32G0 Series,STM32G031,STM32G031F6Px,ordering_pattern,tcl/target/stm32g0x.cfg,not_validated,STM32G0xx_DFP,2.1.0,https://www.keil.com/pack/Keil.STM32G0xx_DFP.pdsc
STMicroelectronics,STM32G0 Series,STM32G031,STM32G031F8Px,ordering_pattern,tcl/target/stm32g0x.cfg,not_validated,STM32G0xx_DFP,2.1.0,https://www.keil.com/pack/Keil.STM32G0xx_DFP.pdsc
STMicroelectronics,STM32G0 Series,STM32G031,STM32G031G4Ux,ordering_pattern,tcl/target/stm32g0x.cfg,not_validated,STM32G0xx_DFP,2.1.0,https://www.keil.com/pack/Keil.STM32G0xx_DFP.pdsc
STMicroelectronics,STM32G0 Series,STM32G031,STM32G031G6Ux,ordering_pattern,tcl/target/stm32g0x.cfg,not_validated,STM32G0xx_DFP,2.1.0,https://www.keil.com/pack/Keil.STM32G0xx_DFP.pdsc
STMicroelectronics,STM32G0 Series,STM32G031,STM32G031G8Ux,ordering_pattern,tcl/target/stm32g0x.cfg,not_validated,STM32G0xx_DFP,2.1.0,https://www.keil.com/pack/Keil.STM32G0xx_DFP.pdsc
STMicroelectronics,STM32G0 Series,STM32G031,STM32G031J4Mx,ordering_pattern,tcl/target/stm32g0x.cfg,not_validated,STM32G0xx_DFP,2.1.0,https://www.keil.com/pack/Keil.STM32G0xx_DFP.pdsc
STMicroelectronics,STM32G0 Series,STM32G031,STM32G031J6Mx,ordering_pattern,tcl/target/stm32g0x.cfg,not_validated,STM32G0xx_DFP,2.1.0,https://www.keil.com/pack/Keil.STM32G0xx_DFP.pdsc
STMicroelectronics,STM32G0 Series,STM32G031,STM32G031K4Tx,ordering_pattern,tcl/target/stm32g0x.cfg,not_validated,STM32G0xx_DFP,2.1.0,https://www.keil.com/pack/Keil.STM32G0xx_DFP.pdsc
STMicroelectronics,STM32G0 Series,STM32G031,STM32G031K4Ux,ordering_pattern,tcl/target/stm32g0x.cfg,not_validated,STM32G0xx_DFP,2.1.0,https://www.keil.com/pack/Keil.STM32G0xx_DFP.pdsc
STMicroelectronics,STM32G0 Series,STM32G031,STM32G031K6Tx,ordering_pattern,tcl/target/stm32g0x.cfg,not_validated,STM32G0xx_DFP,2.1.0,https://www.keil.com/pack/Keil.STM32G0xx_DFP.pdsc
STMicroelectronics,STM32G0 Series,STM32G031,STM32G031K6Ux,ordering_pattern,tcl/target/stm32g0x.cfg,not_validated,STM32G0xx_DFP,2.1.0,https://www.keil.com/pack/Keil.STM32G0xx_DFP.pdsc
STMicroelectronics,STM32G0 Series,STM32G031,STM32G031K8Tx,ordering_pattern,tcl/target/stm32g0x.cfg,not_validated,STM32G0xx_DFP,2.1.0,https://www.keil.com/pack/Keil.STM32G0xx_DFP.pdsc
STMicroelectronics,STM32G0 Series,STM32G031,STM32G031K8Ux,ordering_pattern,tcl/target/stm32g0x.cfg,not_validated,STM32G0xx_DFP,2.1.0,https://www.keil.com/pack/Keil.STM32G0xx_DFP.pdsc
STMicroelectronics,STM32G0 Series,STM32G031,STM32G031Y8Yx,ordering_pattern,tcl/target/stm32g0x.cfg,not_validated,STM32G0xx_DFP,2.1.0,https://www.keil.com/pack/Keil.STM32G0xx_DFP.pdsc
STMicroelectronics,STM32G0 Series,STM32G041,STM32G041C6Tx,ordering_pattern,tcl/target/stm32g0x.cfg,not_validated,STM32G0xx_DFP,2.1.0,https://www.keil.com/pack/Keil.STM32G0xx_DFP.pdsc
STMicroelectronics,STM32G0 Series,STM32G041,STM32G041C6Ux,ordering_pattern,tcl/target/stm32g0x.cfg,not_validated,STM32G0xx_DFP,2.1.0,https://www.keil.com/pack/Keil.STM32G0xx_DFP.pdsc
STMicroelectronics,STM32G0 Series,STM32G041,STM32G041C8Tx,ordering_pattern,tcl/target/stm32g0x.cfg,not_validated,STM32G0xx_DFP,2.1.0,https://www.keil.com/pack/Keil.STM32G0xx_DFP.pdsc
STMicroelectronics,STM32G0 Series,STM32G041,STM32G041C8Ux,ordering_pattern,tcl/target/stm32g0x.cfg,not_validated,STM32G0xx_DFP,2.1.0,https://www.keil.com/pack/Keil.STM32G0xx_DFP.pdsc
STMicroelectronics,STM32G0 Series,STM32G041,STM32G041F6Px,ordering_pattern,tcl/target/stm32g0x.cfg,not_validated,STM32G0xx_DFP,2.1.0,https://www.keil.com/pack/Keil.STM32G0xx_DFP.pdsc
STMicroelectronics,STM32G0 Series,STM32G041,STM32G041F8Px,ordering_pattern,tcl/target/stm32g0x.cfg,not_validated,STM32G0xx_DFP,2.1.0,https://www.keil.com/pack/Keil.STM32G0xx_DFP.pdsc
STMicroelectronics,STM32G0 Series,STM32G041,STM32G041G6Ux,ordering_pattern,tcl/target/stm32g0x.cfg,not_validated,STM32G0xx_DFP,2.1.0,https://www.keil.com/pack/Keil.STM32G0xx_DFP.pdsc
STMicroelectronics,STM32G0 Series,STM32G041,STM32G041G8Ux,ordering_pattern,tcl/target/stm32g0x.cfg,not_validated,STM32G0xx_DFP,2.1.0,https://www.keil.com/pack/Keil.STM32G0xx_DFP.pdsc
STMicroelectronics,STM32G0 Series,STM32G041,STM32G041J6Mx,ordering_pattern,tcl/target/stm32g0x.cfg,not_validated,STM32G0xx_DFP,2.1.0,https://www.keil.com/pack/Keil.STM32G0xx_DFP.pdsc
STMicroelectronics,STM32G0 Series,STM32G041,STM32G041K6Tx,ordering_pattern,tcl/target/stm32g0x.cfg,not_validated,STM32G0xx_DFP,2.1.0,https://www.keil.com/pack/Keil.STM32G0xx_DFP.pdsc
STMicroelectronics,STM32G0 Series,STM32G041,STM32G041K6Ux,ordering_pattern,tcl/target/stm32g0x.cfg,not_validated,STM32G0xx_DFP,2.1.0,https://www.keil.com/pack/Keil.STM32G0xx_DFP.pdsc
STMicroelectronics,STM32G0 Series,STM32G041,STM32G041K8Tx,ordering_pattern,tcl/target/stm32g0x.cfg,not_validated,STM32G0xx_DFP,2.1.0,https://www.keil.com/pack/Keil.STM32G0xx_DFP.pdsc
STMicroelectronics,STM32G0 Series,STM32G041,STM32G041K8Ux,ordering_pattern,tcl/target/stm32g0x.cfg,not_validated,STM32G0xx_DFP,2.1.0,https://www.keil.com/pack/Keil.STM32G0xx_DFP.pdsc
STMicroelectronics,STM32G0 Series,STM32G041,STM32G041Y8Yx,ordering_pattern,tcl/target/stm32g0x.cfg,not_validated,STM32G0xx_DFP,2.1.0,https://www.keil.com/pack/Keil.STM32G0xx_DFP.pdsc
STMicroelectronics,STM32G0 Series,STM32G050,STM32G050C6Tx,ordering_pattern,tcl/target/stm32g0x.cfg,not_validated,STM32G0xx_DFP,2.1.0,https://www.keil.com/pack/Keil.STM32G0xx_DFP.pdsc
STMicroelectronics,STM32G0 Series,STM32G050,STM32G050C8Tx,ordering_pattern,tcl/target/stm32g0x.cfg,not_validated,STM32G0xx_DFP,2.1.0,https://www.keil.com/pack/Keil.STM32G0xx_DFP.pdsc
STMicroelectronics,STM32G0 Series,STM32G050,STM32G050F6Px,ordering_pattern,tcl/target/stm32g0x.cfg,not_validated,STM32G0xx_DFP,2.1.0,https://www.keil.com/pack/Keil.STM32G0xx_DFP.pdsc
STMicroelectronics,STM32G0 Series,STM32G050,STM32G050K6Tx,ordering_pattern,tcl/target/stm32g0x.cfg,not_validated,STM32G0xx_DFP,2.1.0,https://www.keil.com/pack/Keil.STM32G0xx_DFP.pdsc
STMicroelectronics,STM32G0 Series,STM32G050,STM32G050K8Tx,ordering_pattern,tcl/target/stm32g0x.cfg,not_validated,STM32G0xx_DFP,2.1.0,https://www.keil.com/pack/Keil.STM32G0xx_DFP.pdsc
STMicroelectronics,STM32G0 Series,STM32G051,STM32G051C6Tx,ordering_pattern,tcl/target/stm32g0x.cfg,not_validated,STM32G0xx_DFP,2.1.0,https://www.keil.com/pack/Keil.STM32G0xx_DFP.pdsc
STMicroelectronics,STM32G0 Series,STM32G051,STM32G051C6Ux,ordering_pattern,tcl/target/stm32g0x.cfg,not_validated,STM32G0xx_DFP,2.1.0,https://www.keil.com/pack/Keil.STM32G0xx_DFP.pdsc
STMicroelectronics,STM32G0 Series,STM32G051,STM32G051C8Tx,ordering_pattern,tcl/target/stm32g0x.cfg,not_validated,STM32G0xx_DFP,2.1.0,https://www.keil.com/pack/Keil.STM32G0xx_DFP.pdsc
STMicroelectronics,STM32G0 Series,STM32G051,STM32G051C8Ux,ordering_pattern,tcl/target/stm32g0x.cfg,not_validated,STM32G0xx_DFP,2.1.0,https://www.keil.com/pack/Keil.STM32G0xx_DFP.pdsc
STMicroelectronics,STM32G0 Series,STM32G051,STM32G051F6Px,ordering_pattern,tcl/target/stm32g0x.cfg,not_validated,STM32G0xx_DFP,2.1.0,https://www.keil.com/pack/Keil.STM32G0xx_DFP.pdsc
STMicroelectronics,STM32G0 Series,STM32G051,STM32G051F8Px,ordering_pattern,tcl/target/stm32g0x.cfg,not_validated,STM32G0xx_DFP,2.1.0,https://www.keil.com/pack/Keil.STM32G0xx_DFP.pdsc
STMicroelectronics,STM32G0 Series,STM32G051,STM32G051F8Yx,ordering_pattern,tcl/target/stm32g0x.cfg,not_validated,STM32G0xx_DFP,2.1.0,https://www.keil.com/pack/Keil.STM32G0xx_DFP.pdsc
STMicroelectronics,STM32G0 Series,STM32G051,STM32G051G6Ux,ordering_pattern,tcl/target/stm32g0x.cfg,not_validated,STM32G0xx_DFP,2.1.0,https://www.keil.com/pack/Keil.STM32G0xx_DFP.pdsc
STMicroelectronics,STM32G0 Series,STM32G051,STM32G051G8Ux,ordering_pattern,tcl/target/stm32g0x.cfg,not_validated,STM32G0xx_DFP,2.1.0,https://www.keil.com/pack/Keil.STM32G0xx_DFP.pdsc
STMicroelectronics,STM32G0 Series,STM32G051,STM32G051K6Tx,ordering_pattern,tcl/target/stm32g0x.cfg,not_validated,STM32G0xx_DFP,2.1.0,https://www.keil.com/pack/Keil.STM32G0xx_DFP.pdsc
STMicroelectronics,STM32G0 Series,STM32G051,STM32G051K6Ux,ordering_pattern,tcl/target/stm32g0x.cfg,not_validated,STM32G0xx_DFP,2.1.0,https://www.keil.com/pack/Keil.STM32G0xx_DFP.pdsc
STMicroelectronics,STM32G0 Series,STM32G051,STM32G051K8Tx,ordering_pattern,tcl/target/stm32g0x.cfg,not_validated,STM32G0xx_DFP,2.1.0,https://www.keil.com/pack/Keil.STM32G0xx_DFP.pdsc
STMicroelectronics,STM32G0 Series,STM32G051,STM32G051K8Ux,ordering_pattern,tcl/target/stm32g0x.cfg,not_validated,STM32G0xx_DFP,2.1.0,https://www.keil.com/pack/Keil.STM32G0xx_DFP.pdsc
STMicroelectronics,STM32G0 Series,STM32G061,STM32G061C6Tx,ordering_pattern,tcl/target/stm32g0x.cfg,not_validated,STM32G0xx_DFP,2.1.0,https://www.keil.com/pack/Keil.STM32G0xx_DFP.pdsc
STMicroelectronics,STM32G0 Series,STM32G061,STM32G061C6Ux,ordering_pattern,tcl/target/stm32g0x.cfg,not_validated,STM32G0xx_DFP,2.1.0,https://www.keil.com/pack/Keil.STM32G0xx_DFP.pdsc
STMicroelectronics,STM32G0 Series,STM32G061,STM32G061C8Tx,ordering_pattern,tcl/target/stm32g0x.cfg,not_validated,STM32G0xx_DFP,2.1.0,https://www.keil.com/pack/Keil.STM32G0xx_DFP.pdsc
STMicroelectronics,STM32G0 Series,STM32G061,STM32G061C8Ux,ordering_pattern,tcl/target/stm32g0x.cfg,not_validated,STM32G0xx_DFP,2.1.0,https://www.keil.com/pack/Keil.STM32G0xx_DFP.pdsc
STMicroelectronics,STM32G0 Series,STM32G061,STM32G061F6Px,ordering_pattern,tcl/target/stm32g0x.cfg,not_validated,STM32G0xx_DFP,2.1.0,https://www.keil.com/pack/Keil.STM32G0xx_DFP.pdsc
STMicroelectronics,STM32G0 Series,STM32G061,STM32G061F8Px,ordering_pattern,tcl/target/stm32g0x.cfg,not_validated,STM32G0xx_DFP,2.1.0,https://www.keil.com/pack/Keil.STM32G0xx_DFP.pdsc
STMicroelectronics,STM32G0 Series,STM32G061,STM32G061F8Yx,ordering_pattern,tcl/target/stm32g0x.cfg,not_validated,STM32G0xx_DFP,2.1.0,https://www.keil.com/pack/Keil.STM32G0xx_DFP.pdsc
STMicroelectronics,STM32G0 Series,STM32G061,STM32G061G6Ux,ordering_pattern,tcl/target/stm32g0x.cfg,not_validated,STM32G0xx_DFP,2.1.0,https://www.keil.com/pack/Keil.STM32G0xx_DFP.pdsc
STMicroelectronics,STM32G0 Series,STM32G061,STM32G061G8Ux,ordering_pattern,tcl/target/stm32g0x.cfg,not_validated,STM32G0xx_DFP,2.1.0,https://www.keil.com/pack/Keil.STM32G0xx_DFP.pdsc
STMicroelectronics,STM32G0 Series,STM32G061,STM32G061K6Tx,ordering_pattern,tcl/target/stm32g0x.cfg,not_validated,STM32G0xx_DFP,2.1.0,https://www.keil.com/pack/Keil.STM32G0xx_DFP.pdsc
STMicroelectronics,STM32G0 Series,STM32G061,STM32G061K6Ux,ordering_pattern,tcl/target/stm32g0x.cfg,not_validated,STM32G0xx_DFP,2.1.0,https://www.keil.com/pack/Keil.STM32G0xx_DFP.pdsc
STMicroelectronics,STM32G0 Series,STM32G061,STM32G061K8Tx,ordering_pattern,tcl/target/stm32g0x.cfg,not_validated,STM32G0xx_DFP,2.1.0,https://www.keil.com/pack/Keil.STM32G0xx_DFP.pdsc
STMicroelectronics,STM32G0 Series,STM32G061,STM32G061K8Ux,ordering_pattern,tcl/target/stm32g0x.cfg,not_validated,STM32G0xx_DFP,2.1.0,https://www.keil.com/pack/Keil.STM32G0xx_DFP.pdsc
STMicroelectronics,STM32G0 Series,STM32G070,STM32G070CBTx,ordering_pattern,tcl/target/stm32g0x.cfg,not_validated,STM32G0xx_DFP,2.1.0,https://www.keil.com/pack/Keil.STM32G0xx_DFP.pdsc
STMicroelectronics,STM32G0 Series,STM32G070,STM32G070KBTx,ordering_pattern,tcl/target/stm32g0x.cfg,not_validated,STM32G0xx_DFP,2.1.0,https://www.keil.com/pack/Keil.STM32G0xx_DFP.pdsc
STMicroelectronics,STM32G0 Series,STM32G070,STM32G070RBTx,ordering_pattern,tcl/target/stm32g0x.cfg,not_validated,STM32G0xx_DFP,2.1.0,https://www.keil.com/pack/Keil.STM32G0xx_DFP.pdsc
STMicroelectronics,STM32G0 Series,STM32G071,STM32G071C8Tx,ordering_pattern,tcl/target/stm32g0x.cfg,not_validated,STM32G0xx_DFP,2.1.0,https://www.keil.com/pack/Keil.STM32G0xx_DFP.pdsc
STMicroelectronics,STM32G0 Series,STM32G071,STM32G071C8Ux,ordering_pattern,tcl/target/stm32g0x.cfg,not_validated,STM32G0xx_DFP,2.1.0,https://www.keil.com/pack/Keil.STM32G0xx_DFP.pdsc
STMicroelectronics,STM32G0 Series,STM32G071,STM32G071CBTx,ordering_pattern,tcl/target/stm32g0x.cfg,not_validated,STM32G0xx_DFP,2.1.0,https://www.keil.com/pack/Keil.STM32G0xx_DFP.pdsc
STMicroelectronics,STM32G0 Series,STM32G071,STM32G071CBUx,ordering_pattern,tcl/target/stm32g0x.cfg,not_validated,STM32G0xx_DFP,2.1.0,https://www.keil.com/pack/Keil.STM32G0xx_DFP.pdsc
STMicroelectronics,STM32G0 Series,STM32G071,STM32G071EBYx,ordering_pattern,tcl/target/stm32g0x.cfg,not_validated,STM32G0xx_DFP,2.1.0,https://www.keil.com/pack/Keil.STM32G0xx_DFP.pdsc
STMicroelectronics,STM32G0 Series,STM32G071,STM32G071G8Ux,ordering_pattern,tcl/target/stm32g0x.cfg,not_validated,STM32G0xx_DFP,2.1.0,https://www.keil.com/pack/Keil.STM32G0xx_DFP.pdsc
STMicroelectronics,STM32G0 Series,STM32G071,STM32G071G8UxN,cmsis_device_name,tcl/target/stm32g0x.cfg,not_validated,STM32G0xx_DFP,2.1.0,https://www.keil.com/pack/Keil.STM32G0xx_DFP.pdsc
STMicroelectronics,STM32G0 Series,STM32G071,STM32G071GBUx,ordering_pattern,tcl/target/stm32g0x.cfg,not_validated,STM32G0xx_DFP,2.1.0,https://www.keil.com/pack/Keil.STM32G0xx_DFP.pdsc
STMicroelectronics,STM32G0 Series,STM32G071,STM32G071GBUxN,cmsis_device_name,tcl/target/stm32g0x.cfg,not_validated,STM32G0xx_DFP,2.1.0,https://www.keil.com/pack/Keil.STM32G0xx_DFP.pdsc
STMicroelectronics,STM32G0 Series,STM32G071,STM32G071K8Tx,ordering_pattern,tcl/target/stm32g0x.cfg,not_validated,STM32G0xx_DFP,2.1.0,https://www.keil.com/pack/Keil.STM32G0xx_DFP.pdsc
STMicroelectronics,STM32G0 Series,STM32G071,STM32G071K8TxN,cmsis_device_name,tcl/target/stm32g0x.cfg,not_validated,STM32G0xx_DFP,2.1.0,https://www.keil.com/pack/Keil.STM32G0xx_DFP.pdsc
STMicroelectronics,STM32G0 Series,STM32G071,STM32G071K8Ux,ordering_pattern,tcl/target/stm32g0x.cfg,not_validated,STM32G0xx_DFP,2.1.0,https://www.keil.com/pack/Keil.STM32G0xx_DFP.pdsc
STMicroelectronics,STM32G0 Series,STM32G071,STM32G071K8UxN,cmsis_device_name,tcl/target/stm32g0x.cfg,not_validated,STM32G0xx_DFP,2.1.0,https://www.keil.com/pack/Keil.STM32G0xx_DFP.pdsc
STMicroelectronics,STM32G0 Series,STM32G071,STM32G071KBTx,ordering_pattern,tcl/target/stm32g0x.cfg,not_validated,STM32G0xx_DFP,2.1.0,https://www.keil.com/pack/Keil.STM32G0xx_DFP.pdsc
STMicroelectronics,STM32G0 Series,STM32G071,STM32G071KBTxN,cmsis_device_name,tcl/target/stm32g0x.cfg,not_validated,STM32G0xx_DFP,2.1.0,https://www.keil.com/pack/Keil.STM32G0xx_DFP.pdsc
STMicroelectronics,STM32G0 Series,STM32G071,STM32G071KBUx,ordering_pattern,tcl/target/stm32g0x.cfg,not_validated,STM32G0xx_DFP,2.1.0,https://www.keil.com/pack/Keil.STM32G0xx_DFP.pdsc
STMicroelectronics,STM32G0 Series,STM32G071,STM32G071KBUxN,cmsis_device_name,tcl/target/stm32g0x.cfg,not_validated,STM32G0xx_DFP,2.1.0,https://www.keil.com/pack/Keil.STM32G0xx_DFP.pdsc
STMicroelectronics,STM32G0 Series,STM32G071,STM32G071R8Tx,ordering_pattern,tcl/target/stm32g0x.cfg,not_validated,STM32G0xx_DFP,2.1.0,https://www.keil.com/pack/Keil.STM32G0xx_DFP.pdsc
STMicroelectronics,STM32G0 Series,STM32G071,STM32G071RBIx,ordering_pattern,tcl/target/stm32g0x.cfg,not_validated,STM32G0xx_DFP,2.1.0,https://www.keil.com/pack/Keil.STM32G0xx_DFP.pdsc
STMicroelectronics,STM32G0 Series,STM32G071,STM32G071RBTx,ordering_pattern,tcl/target/stm32g0x.cfg,not_validated,STM32G0xx_DFP,2.1.0,https://www.keil.com/pack/Keil.STM32G0xx_DFP.pdsc
STMicroelectronics,STM32G0 Series,STM32G081,STM32G081CBTx,ordering_pattern,tcl/target/stm32g0x.cfg,not_validated,STM32G0xx_DFP,2.1.0,https://www.keil.com/pack/Keil.STM32G0xx_DFP.pdsc
STMicroelectronics,STM32G0 Series,STM32G081,STM32G081CBUx,ordering_pattern,tcl/target/stm32g0x.cfg,not_validated,STM32G0xx_DFP,2.1.0,https://www.keil.com/pack/Keil.STM32G0xx_DFP.pdsc
STMicroelectronics,STM32G0 Series,STM32G081,STM32G081EBYx,ordering_pattern,tcl/target/stm32g0x.cfg,not_validated,STM32G0xx_DFP,2.1.0,https://www.keil.com/pack/Keil.STM32G0xx_DFP.pdsc
STMicroelectronics,STM32G0 Series,STM32G081,STM32G081GBUx,ordering_pattern,tcl/target/stm32g0x.cfg,not_validated,STM32G0xx_DFP,2.1.0,https://www.keil.com/pack/Keil.STM32G0xx_DFP.pdsc
STMicroelectronics,STM32G0 Series,STM32G081,STM32G081GBUxN,cmsis_device_name,tcl/target/stm32g0x.cfg,not_validated,STM32G0xx_DFP,2.1.0,https://www.keil.com/pack/Keil.STM32G0xx_DFP.pdsc
STMicroelectronics,STM32G0 Series,STM32G081,STM32G081KBTx,ordering_pattern,tcl/target/stm32g0x.cfg,not_validated,STM32G0xx_DFP,2.1.0,https://www.keil.com/pack/Keil.STM32G0xx_DFP.pdsc
STMicroelectronics,STM32G0 Series,STM32G081,STM32G081KBTxN,cmsis_device_name,tcl/target/stm32g0x.cfg,not_validated,STM32G0xx_DFP,2.1.0,https://www.keil.com/pack/Keil.STM32G0xx_DFP.pdsc
STMicroelectronics,STM32G0 Series,STM32G081,STM32G081KBUx,ordering_pattern,tcl/target/stm32g0x.cfg,not_validated,STM32G0xx_DFP,2.1.0,https://www.keil.com/pack/Keil.STM32G0xx_DFP.pdsc
STMicroelectronics,STM32G0 Series,STM32G081,STM32G081KBUxN,cmsis_device_name,tcl/target/stm32g0x.cfg,not_validated,STM32G0xx_DFP,2.1.0,https://www.keil.com/pack/Keil.STM32G0xx_DFP.pdsc
STMicroelectronics,STM32G0 Series,STM32G081,STM32G081RBIx,ordering_pattern,tcl/target/stm32g0x.cfg,not_validated,STM32G0xx_DFP,2.1.0,https://www.keil.com/pack/Keil.STM32G0xx_DFP.pdsc
STMicroelectronics,STM32G0 Series,STM32G081,STM32G081RBTx,ordering_pattern,tcl/target/stm32g0x.cfg,not_validated,STM32G0xx_DFP,2.1.0,https://www.keil.com/pack/Keil.STM32G0xx_DFP.pdsc
STMicroelectronics,STM32G0 Series,STM32G0B0,STM32G0B0CETx,ordering_pattern,tcl/target/stm32g0x.cfg,not_validated,STM32G0xx_DFP,2.1.0,https://www.keil.com/pack/Keil.STM32G0xx_DFP.pdsc
STMicroelectronics,STM32G0 Series,STM32G0B0,STM32G0B0KETx,ordering_pattern,tcl/target/stm32g0x.cfg,not_validated,STM32G0xx_DFP,2.1.0,https://www.keil.com/pack/Keil.STM32G0xx_DFP.pdsc
STMicroelectronics,STM32G0 Series,STM32G0B0,STM32G0B0RETx,ordering_pattern,tcl/target/stm32g0x.cfg,not_validated,STM32G0xx_DFP,2.1.0,https://www.keil.com/pack/Keil.STM32G0xx_DFP.pdsc
STMicroelectronics,STM32G0 Series,STM32G0B0,STM32G0B0VETx,ordering_pattern,tcl/target/stm32g0x.cfg,not_validated,STM32G0xx_DFP,2.1.0,https://www.keil.com/pack/Keil.STM32G0xx_DFP.pdsc
STMicroelectronics,STM32G0 Series,STM32G0B1,STM32G0B1CBTx,ordering_pattern,tcl/target/stm32g0x.cfg,not_validated,STM32G0xx_DFP,2.1.0,https://www.keil.com/pack/Keil.STM32G0xx_DFP.pdsc
STMicroelectronics,STM32G0 Series,STM32G0B1,STM32G0B1CBTxN,cmsis_device_name,tcl/target/stm32g0x.cfg,not_validated,STM32G0xx_DFP,2.1.0,https://www.keil.com/pack/Keil.STM32G0xx_DFP.pdsc
STMicroelectronics,STM32G0 Series,STM32G0B1,STM32G0B1CBUx,ordering_pattern,tcl/target/stm32g0x.cfg,not_validated,STM32G0xx_DFP,2.1.0,https://www.keil.com/pack/Keil.STM32G0xx_DFP.pdsc
STMicroelectronics,STM32G0 Series,STM32G0B1,STM32G0B1CBUxN,cmsis_device_name,tcl/target/stm32g0x.cfg,not_validated,STM32G0xx_DFP,2.1.0,https://www.keil.com/pack/Keil.STM32G0xx_DFP.pdsc
STMicroelectronics,STM32G0 Series,STM32G0B1,STM32G0B1CCTx,ordering_pattern,tcl/target/stm32g0x.cfg,not_validated,STM32G0xx_DFP,2.1.0,https://www.keil.com/pack/Keil.STM32G0xx_DFP.pdsc
STMicroelectronics,STM32G0 Series,STM32G0B1,STM32G0B1CCTxN,cmsis_device_name,tcl/target/stm32g0x.cfg,not_validated,STM32G0xx_DFP,2.1.0,https://www.keil.com/pack/Keil.STM32G0xx_DFP.pdsc
STMicroelectronics,STM32G0 Series,STM32G0B1,STM32G0B1CCUx,ordering_pattern,tcl/target/stm32g0x.cfg,not_validated,STM32G0xx_DFP,2.1.0,https://www.keil.com/pack/Keil.STM32G0xx_DFP.pdsc
STMicroelectronics,STM32G0 Series,STM32G0B1,STM32G0B1CCUxN,cmsis_device_name,tcl/target/stm32g0x.cfg,not_validated,STM32G0xx_DFP,2.1.0,https://www.keil.com/pack/Keil.STM32G0xx_DFP.pdsc
STMicroelectronics,STM32G0 Series,STM32G0B1,STM32G0B1CETx,ordering_pattern,tcl/target/stm32g0x.cfg,not_validated,STM32G0xx_DFP,2.1.0,https://www.keil.com/pack/Keil.STM32G0xx_DFP.pdsc
STMicroelectronics,STM32G0 Series,STM32G0B1,STM32G0B1CETxN,cmsis_device_name,tcl/target/stm32g0x.cfg,not_validated,STM32G0xx_DFP,2.1.0,https://www.keil.com/pack/Keil.STM32G0xx_DFP.pdsc
STMicroelectronics,STM32G0 Series,STM32G0B1,STM32G0B1CEUx,ordering_pattern,tcl/target/stm32g0x.cfg,not_validated,STM32G0xx_DFP,2.1.0,https://www.keil.com/pack/Keil.STM32G0xx_DFP.pdsc
STMicroelectronics,STM32G0 Series,STM32G0B1,STM32G0B1CEUxN,cmsis_device_name,tcl/target/stm32g0x.cfg,not_validated,STM32G0xx_DFP,2.1.0,https://www.keil.com/pack/Keil.STM32G0xx_DFP.pdsc
STMicroelectronics,STM32G0 Series,STM32G0B1,STM32G0B1KBTx,ordering_pattern,tcl/target/stm32g0x.cfg,not_validated,STM32G0xx_DFP,2.1.0,https://www.keil.com/pack/Keil.STM32G0xx_DFP.pdsc
STMicroelectronics,STM32G0 Series,STM32G0B1,STM32G0B1KBTxN,cmsis_device_name,tcl/target/stm32g0x.cfg,not_validated,STM32G0xx_DFP,2.1.0,https://www.keil.com/pack/Keil.STM32G0xx_DFP.pdsc
STMicroelectronics,STM32G0 Series,STM32G0B1,STM32G0B1KBUx,ordering_pattern,tcl/target/stm32g0x.cfg,not_validated,STM32G0xx_DFP,2.1.0,https://www.keil.com/pack/Keil.STM32G0xx_DFP.pdsc
STMicroelectronics,STM32G0 Series,STM32G0B1,STM32G0B1KBUxN,cmsis_device_name,tcl/target/stm32g0x.cfg,not_validated,STM32G0xx_DFP,2.1.0,https://www.keil.com/pack/Keil.STM32G0xx_DFP.pdsc
STMicroelectronics,STM32G0 Series,STM32G0B1,STM32G0B1KCTx,ordering_pattern,tcl/target/stm32g0x.cfg,not_validated,STM32G0xx_DFP,2.1.0,https://www.keil.com/pack/Keil.STM32G0xx_DFP.pdsc
STMicroelectronics,STM32G0 Series,STM32G0B1,STM32G0B1KCTxN,cmsis_device_name,tcl/target/stm32g0x.cfg,not_validated,STM32G0xx_DFP,2.1.0,https://www.keil.com/pack/Keil.STM32G0xx_DFP.pdsc
STMicroelectronics,STM32G0 Series,STM32G0B1,STM32G0B1KCUx,ordering_pattern,tcl/target/stm32g0x.cfg,not_validated,STM32G0xx_DFP,2.1.0,https://www.keil.com/pack/Keil.STM32G0xx_DFP.pdsc
STMicroelectronics,STM32G0 Series,STM32G0B1,STM32G0B1KCUxN,cmsis_device_name,tcl/target/stm32g0x.cfg,not_validated,STM32G0xx_DFP,2.1.0,https://www.keil.com/pack/Keil.STM32G0xx_DFP.pdsc
STMicroelectronics,STM32G0 Series,STM32G0B1,STM32G0B1KETx,ordering_pattern,tcl/target/stm32g0x.cfg,not_validated,STM32G0xx_DFP,2.1.0,https://www.keil.com/pack/Keil.STM32G0xx_DFP.pdsc
STMicroelectronics,STM32G0 Series,STM32G0B1,STM32G0B1KETxN,cmsis_device_name,tcl/target/stm32g0x.cfg,not_validated,STM32G0xx_DFP,2.1.0,https://www.keil.com/pack/Keil.STM32G0xx_DFP.pdsc
STMicroelectronics,STM32G0 Series,STM32G0B1,STM32G0B1KEUx,ordering_pattern,tcl/target/stm32g0x.cfg,not_validated,STM32G0xx_DFP,2.1.0,https://www.keil.com/pack/Keil.STM32G0xx_DFP.pdsc
STMicroelectronics,STM32G0 Series,STM32G0B1,STM32G0B1KEUxN,cmsis_device_name,tcl/target/stm32g0x.cfg,not_validated,STM32G0xx_DFP,2.1.0,https://www.keil.com/pack/Keil.STM32G0xx_DFP.pdsc
STMicroelectronics,STM32G0 Series,STM32G0B1,STM32G0B1MBTx,ordering_pattern,tcl/target/stm32g0x.cfg,not_validated,STM32G0xx_DFP,2.1.0,https://www.keil.com/pack/Keil.STM32G0xx_DFP.pdsc
STMicroelectronics,STM32G0 Series,STM32G0B1,STM32G0B1MCTx,ordering_pattern,tcl/target/stm32g0x.cfg,not_validated,STM32G0xx_DFP,2.1.0,https://www.keil.com/pack/Keil.STM32G0xx_DFP.pdsc
STMicroelectronics,STM32G0 Series,STM32G0B1,STM32G0B1METx,ordering_pattern,tcl/target/stm32g0x.cfg,not_validated,STM32G0xx_DFP,2.1.0,https://www.keil.com/pack/Keil.STM32G0xx_DFP.pdsc
STMicroelectronics,STM32G0 Series,STM32G0B1,STM32G0B1NEYx,ordering_pattern,tcl/target/stm32g0x.cfg,not_validated,STM32G0xx_DFP,2.1.0,https://www.keil.com/pack/Keil.STM32G0xx_DFP.pdsc
STMicroelectronics,STM32G0 Series,STM32G0B1,STM32G0B1RBIxN,cmsis_device_name,tcl/target/stm32g0x.cfg,not_validated,STM32G0xx_DFP,2.1.0,https://www.keil.com/pack/Keil.STM32G0xx_DFP.pdsc
STMicroelectronics,STM32G0 Series,STM32G0B1,STM32G0B1RBTx,ordering_pattern,tcl/target/stm32g0x.cfg,not_validated,STM32G0xx_DFP,2.1.0,https://www.keil.com/pack/Keil.STM32G0xx_DFP.pdsc
STMicroelectronics,STM32G0 Series,STM32G0B1,STM32G0B1RBTxN,cmsis_device_name,tcl/target/stm32g0x.cfg,not_validated,STM32G0xx_DFP,2.1.0,https://www.keil.com/pack/Keil.STM32G0xx_DFP.pdsc
STMicroelectronics,STM32G0 Series,STM32G0B1,STM32G0B1RCIxN,cmsis_device_name,tcl/target/stm32g0x.cfg,not_validated,STM32G0xx_DFP,2.1.0,https://www.keil.com/pack/Keil.STM32G0xx_DFP.pdsc
STMicroelectronics,STM32G0 Series,STM32G0B1,STM32G0B1RCTx,ordering_pattern,tcl/target/stm32g0x.cfg,not_validated,STM32G0xx_DFP,2.1.0,https://www.keil.com/pack/Keil.STM32G0xx_DFP.pdsc
STMicroelectronics,STM32G0 Series,STM32G0B1,STM32G0B1RCTxN,cmsis_device_name,tcl/target/stm32g0x.cfg,not_validated,STM32G0xx_DFP,2.1.0,https://www.keil.com/pack/Keil.STM32G0xx_DFP.pdsc
STMicroelectronics,STM32G0 Series,STM32G0B1,STM32G0B1REIxN,cmsis_device_name,tcl/target/stm32g0x.cfg,not_validated,STM32G0xx_DFP,2.1.0,https://www.keil.com/pack/Keil.STM32G0xx_DFP.pdsc
STMicroelectronics,STM32G0 Series,STM32G0B1,STM32G0B1RETx,ordering_pattern,tcl/target/stm32g0x.cfg,not_validated,STM32G0xx_DFP,2.1.0,https://www.keil.com/pack/Keil.STM32G0xx_DFP.pdsc
STMicroelectronics,STM32G0 Series,STM32G0B1,STM32G0B1RETxN,cmsis_device_name,tcl/target/stm32g0x.cfg,not_validated,STM32G0xx_DFP,2.1.0,https://www.keil.com/pack/Keil.STM32G0xx_DFP.pdsc
STMicroelectronics,STM32G0 Series,STM32G0B1,STM32G0B1VBIx,ordering_pattern,tcl/target/stm32g0x.cfg,not_validated,STM32G0xx_DFP,2.1.0,https://www.keil.com/pack/Keil.STM32G0xx_DFP.pdsc
STMicroelectronics,STM32G0 Series,STM32G0B1,STM32G0B1VBTx,ordering_pattern,tcl/target/stm32g0x.cfg,not_validated,STM32G0xx_DFP,2.1.0,https://www.keil.com/pack/Keil.STM32G0xx_DFP.pdsc
STMicroelectronics,STM32G0 Series,STM32G0B1,STM32G0B1VCIx,ordering_pattern,tcl/target/stm32g0x.cfg,not_validated,STM32G0xx_DFP,2.1.0,https://www.keil.com/pack/Keil.STM32G0xx_DFP.pdsc
STMicroelectronics,STM32G0 Series,STM32G0B1,STM32G0B1VCTx,ordering_pattern,tcl/target/stm32g0x.cfg,not_validated,STM32G0xx_DFP,2.1.0,https://www.keil.com/pack/Keil.STM32G0xx_DFP.pdsc
STMicroelectronics,STM32G0 Series,STM32G0B1,STM32G0B1VEIx,ordering_pattern,tcl/target/stm32g0x.cfg,not_validated,STM32G0xx_DFP,2.1.0,https://www.keil.com/pack/Keil.STM32G0xx_DFP.pdsc
STMicroelectronics,STM32G0 Series,STM32G0B1,STM32G0B1VETx,ordering_pattern,tcl/target/stm32g0x.cfg,not_validated,STM32G0xx_DFP,2.1.0,https://www.keil.com/pack/Keil.STM32G0xx_DFP.pdsc
STMicroelectronics,STM32G0 Series,STM32G0C1,STM32G0C1CCTx,ordering_pattern,tcl/target/stm32g0x.cfg,not_validated,STM32G0xx_DFP,2.1.0,https://www.keil.com/pack/Keil.STM32G0xx_DFP.pdsc
STMicroelectronics,STM32G0 Series,STM32G0C1,STM32G0C1CCTxN,cmsis_device_name,tcl/target/stm32g0x.cfg,not_validated,STM32G0xx_DFP,2.1.0,https://www.keil.com/pack/Keil.STM32G0xx_DFP.pdsc
STMicroelectronics,STM32G0 Series,STM32G0C1,STM32G0C1CCUx,ordering_pattern,tcl/target/stm32g0x.cfg,not_validated,STM32G0xx_DFP,2.1.0,https://www.keil.com/pack/Keil.STM32G0xx_DFP.pdsc
STMicroelectronics,STM32G0 Series,STM32G0C1,STM32G0C1CCUxN,cmsis_device_name,tcl/target/stm32g0x.cfg,not_validated,STM32G0xx_DFP,2.1.0,https://www.keil.com/pack/Keil.STM32G0xx_DFP.pdsc
STMicroelectronics,STM32G0 Series,STM32G0C1,STM32G0C1CETx,ordering_pattern,tcl/target/stm32g0x.cfg,not_validated,STM32G0xx_DFP,2.1.0,https://www.keil.com/pack/Keil.STM32G0xx_DFP.pdsc
STMicroelectronics,STM32G0 Series,STM32G0C1,STM32G0C1CETxN,cmsis_device_name,tcl/target/stm32g0x.cfg,not_validated,STM32G0xx_DFP,2.1.0,https://www.keil.com/pack/Keil.STM32G0xx_DFP.pdsc
STMicroelectronics,STM32G0 Series,STM32G0C1,STM32G0C1CEUx,ordering_pattern,tcl/target/stm32g0x.cfg,not_validated,STM32G0xx_DFP,2.1.0,https://www.keil.com/pack/Keil.STM32G0xx_DFP.pdsc
STMicroelectronics,STM32G0 Series,STM32G0C1,STM32G0C1CEUxN,cmsis_device_name,tcl/target/stm32g0x.cfg,not_validated,STM32G0xx_DFP,2.1.0,https://www.keil.com/pack/Keil.STM32G0xx_DFP.pdsc
STMicroelectronics,STM32G0 Series,STM32G0C1,STM32G0C1KCTx,ordering_pattern,tcl/target/stm32g0x.cfg,not_validated,STM32G0xx_DFP,2.1.0,https://www.keil.com/pack/Keil.STM32G0xx_DFP.pdsc
STMicroelectronics,STM32G0 Series,STM32G0C1,STM32G0C1KCTxN,cmsis_device_name,tcl/target/stm32g0x.cfg,not_validated,STM32G0xx_DFP,2.1.0,https://www.keil.com/pack/Keil.STM32G0xx_DFP.pdsc
STMicroelectronics,STM32G0 Series,STM32G0C1,STM32G0C1KCUx,ordering_pattern,tcl/target/stm32g0x.cfg,not_validated,STM32G0xx_DFP,2.1.0,https://www.keil.com/pack/Keil.STM32G0xx_DFP.pdsc
STMicroelectronics,STM32G0 Series,STM32G0C1,STM32G0C1KCUxN,cmsis_device_name,tcl/target/stm32g0x.cfg,not_validated,STM32G0xx_DFP,2.1.0,https://www.keil.com/pack/Keil.STM32G0xx_DFP.pdsc
STMicroelectronics,STM32G0 Series,STM32G0C1,STM32G0C1KETx,ordering_pattern,tcl/target/stm32g0x.cfg,not_validated,STM32G0xx_DFP,2.1.0,https://www.keil.com/pack/Keil.STM32G0xx_DFP.pdsc
STMicroelectronics,STM32G0 Series,STM32G0C1,STM32G0C1KETxN,cmsis_device_name,tcl/target/stm32g0x.cfg,not_validated,STM32G0xx_DFP,2.1.0,https://www.keil.com/pack/Keil.STM32G0xx_DFP.pdsc
STMicroelectronics,STM32G0 Series,STM32G0C1,STM32G0C1KEUx,ordering_pattern,tcl/target/stm32g0x.cfg,not_validated,STM32G0xx_DFP,2.1.0,https://www.keil.com/pack/Keil.STM32G0xx_DFP.pdsc
STMicroelectronics,STM32G0 Series,STM32G0C1,STM32G0C1KEUxN,cmsis_device_name,tcl/target/stm32g0x.cfg,not_validated,STM32G0xx_DFP,2.1.0,https://www.keil.com/pack/Keil.STM32G0xx_DFP.pdsc
STMicroelectronics,STM32G0 Series,STM32G0C1,STM32G0C1MCTx,ordering_pattern,tcl/target/stm32g0x.cfg,not_validated,STM32G0xx_DFP,2.1.0,https://www.keil.com/pack/Keil.STM32G0xx_DFP.pdsc
STMicroelectronics,STM32G0 Series,STM32G0C1,STM32G0C1METx,ordering_pattern,tcl/target/stm32g0x.cfg,not_validated,STM32G0xx_DFP,2.1.0,https://www.keil.com/pack/Keil.STM32G0xx_DFP.pdsc
STMicroelectronics,STM32G0 Series,STM32G0C1,STM32G0C1NEYx,ordering_pattern,tcl/target/stm32g0x.cfg,not_validated,STM32G0xx_DFP,2.1.0,https://www.keil.com/pack/Keil.STM32G0xx_DFP.pdsc
STMicroelectronics,STM32G0 Series,STM32G0C1,STM32G0C1RCIxN,cmsis_device_name,tcl/target/stm32g0x.cfg,not_validated,STM32G0xx_DFP,2.1.0,https://www.keil.com/pack/Keil.STM32G0xx_DFP.pdsc
STMicroelectronics,STM32G0 Series,STM32G0C1,STM32G0C1RCTx,ordering_pattern,tcl/target/stm32g0x.cfg,not_validated,STM32G0xx_DFP,2.1.0,https://www.keil.com/pack/Keil.STM32G0xx_DFP.pdsc
STMicroelectronics,STM32G0 Series,STM32G0C1,STM32G0C1RCTxN,cmsis_device_name,tcl/target/stm32g0x.cfg,not_validated,STM32G0xx_DFP,2.1.0,https://www.keil.com/pack/Keil.STM32G0xx_DFP.pdsc
STMicroelectronics,STM32G0 Series,STM32G0C1,STM32G0C1REIxN,cmsis_device_name,tcl/target/stm32g0x.cfg,not_validated,STM32G0xx_DFP,2.1.0,https://www.keil.com/pack/Keil.STM32G0xx_DFP.pdsc
STMicroelectronics,STM32G0 Series,STM32G0C1,STM32G0C1RETx,ordering_pattern,tcl/target/stm32g0x.cfg,not_validated,STM32G0xx_DFP,2.1.0,https://www.keil.com/pack/Keil.STM32G0xx_DFP.pdsc
STMicroelectronics,STM32G0 Series,STM32G0C1,STM32G0C1RETxN,cmsis_device_name,tcl/target/stm32g0x.cfg,not_validated,STM32G0xx_DFP,2.1.0,https://www.keil.com/pack/Keil.STM32G0xx_DFP.pdsc
STMicroelectronics,STM32G0 Series,STM32G0C1,STM32G0C1VCIx,ordering_pattern,tcl/target/stm32g0x.cfg,not_validated,STM32G0xx_DFP,2.1.0,https://www.keil.com/pack/Keil.STM32G0xx_DFP.pdsc
STMicroelectronics,STM32G0 Series,STM32G0C1,STM32G0C1VCTx,ordering_pattern,tcl/target/stm32g0x.cfg,not_validated,STM32G0xx_DFP,2.1.0,https://www.keil.com/pack/Keil.STM32G0xx_DFP.pdsc
STMicroelectronics,STM32G0 Series,STM32G0C1,STM32G0C1VEIx,ordering_pattern,tcl/target/stm32g0x.cfg,not_validated,STM32G0xx_DFP,2.1.0,https://www.keil.com/pack/Keil.STM32G0xx_DFP.pdsc
STMicroelectronics,STM32G0 Series,STM32G0C1,STM32G0C1VETx,ordering_pattern,tcl/target/stm32g0x.cfg,not_validated,STM32G0xx_DFP,2.1.0,https://www.keil.com/pack/Keil.STM32G0xx_DFP.pdsc
STMicroelectronics,STM32G4 Series,STM32G411,STM32G411C6Tx,ordering_pattern,tcl/target/stm32g4x.cfg,not_validated,STM32G4xx_DFP,2.2.0,https://www.keil.com/pack/Keil.STM32G4xx_DFP.pdsc
STMicroelectronics,STM32G4 Series,STM32G411,STM32G411C6Ux,ordering_pattern,tcl/target/stm32g4x.cfg,not_validated,STM32G4xx_DFP,2.2.0,https://www.keil.com/pack/Keil.STM32G4xx_DFP.pdsc
STMicroelectronics,STM32G4 Series,STM32G411,STM32G411C8Tx,ordering_pattern,tcl/target/stm32g4x.cfg,not_validated,STM32G4xx_DFP,2.2.0,https://www.keil.com/pack/Keil.STM32G4xx_DFP.pdsc
STMicroelectronics,STM32G4 Series,STM32G411,STM32G411C8Ux,ordering_pattern,tcl/target/stm32g4x.cfg,not_validated,STM32G4xx_DFP,2.2.0,https://www.keil.com/pack/Keil.STM32G4xx_DFP.pdsc
STMicroelectronics,STM32G4 Series,STM32G411,STM32G411CBTx,ordering_pattern,tcl/target/stm32g4x.cfg,not_validated,STM32G4xx_DFP,2.2.0,https://www.keil.com/pack/Keil.STM32G4xx_DFP.pdsc
STMicroelectronics,STM32G4 Series,STM32G411,STM32G411CBUx,ordering_pattern,tcl/target/stm32g4x.cfg,not_validated,STM32G4xx_DFP,2.2.0,https://www.keil.com/pack/Keil.STM32G4xx_DFP.pdsc
STMicroelectronics,STM32G4 Series,STM32G411,STM32G411CCTx,ordering_pattern,tcl/target/stm32g4x.cfg,not_validated,STM32G4xx_DFP,2.2.0,https://www.keil.com/pack/Keil.STM32G4xx_DFP.pdsc
STMicroelectronics,STM32G4 Series,STM32G411,STM32G411CCUx,ordering_pattern,tcl/target/stm32g4x.cfg,not_validated,STM32G4xx_DFP,2.2.0,https://www.keil.com/pack/Keil.STM32G4xx_DFP.pdsc
STMicroelectronics,STM32G4 Series,STM32G411,STM32G411K6Tx,ordering_pattern,tcl/target/stm32g4x.cfg,not_validated,STM32G4xx_DFP,2.2.0,https://www.keil.com/pack/Keil.STM32G4xx_DFP.pdsc
STMicroelectronics,STM32G4 Series,STM32G411,STM32G411K6Ux,ordering_pattern,tcl/target/stm32g4x.cfg,not_validated,STM32G4xx_DFP,2.2.0,https://www.keil.com/pack/Keil.STM32G4xx_DFP.pdsc
STMicroelectronics,STM32G4 Series,STM32G411,STM32G411K8Tx,ordering_pattern,tcl/target/stm32g4x.cfg,not_validated,STM32G4xx_DFP,2.2.0,https://www.keil.com/pack/Keil.STM32G4xx_DFP.pdsc
STMicroelectronics,STM32G4 Series,STM32G411,STM32G411K8Ux,ordering_pattern,tcl/target/stm32g4x.cfg,not_validated,STM32G4xx_DFP,2.2.0,https://www.keil.com/pack/Keil.STM32G4xx_DFP.pdsc
STMicroelectronics,STM32G4 Series,STM32G411,STM32G411KBTx,ordering_pattern,tcl/target/stm32g4x.cfg,not_validated,STM32G4xx_DFP,2.2.0,https://www.keil.com/pack/Keil.STM32G4xx_DFP.pdsc
STMicroelectronics,STM32G4 Series,STM32G411,STM32G411KBUx,ordering_pattern,tcl/target/stm32g4x.cfg,not_validated,STM32G4xx_DFP,2.2.0,https://www.keil.com/pack/Keil.STM32G4xx_DFP.pdsc
STMicroelectronics,STM32G4 Series,STM32G411,STM32G411M6Tx,ordering_pattern,tcl/target/stm32g4x.cfg,not_validated,STM32G4xx_DFP,2.2.0,https://www.keil.com/pack/Keil.STM32G4xx_DFP.pdsc
STMicroelectronics,STM32G4 Series,STM32G411,STM32G411M8Tx,ordering_pattern,tcl/target/stm32g4x.cfg,not_validated,STM32G4xx_DFP,2.2.0,https://www.keil.com/pack/Keil.STM32G4xx_DFP.pdsc
STMicroelectronics,STM32G4 Series,STM32G411,STM32G411MBTx,ordering_pattern,tcl/target/stm32g4x.cfg,not_validated,STM32G4xx_DFP,2.2.0,https://www.keil.com/pack/Keil.STM32G4xx_DFP.pdsc
STMicroelectronics,STM32G4 Series,STM32G411,STM32G411MCTx,ordering_pattern,tcl/target/stm32g4x.cfg,not_validated,STM32G4xx_DFP,2.2.0,https://www.keil.com/pack/Keil.STM32G4xx_DFP.pdsc
STMicroelectronics,STM32G4 Series,STM32G411,STM32G411R6Tx,ordering_pattern,tcl/target/stm32g4x.cfg,not_validated,STM32G4xx_DFP,2.2.0,https://www.keil.com/pack/Keil.STM32G4xx_DFP.pdsc
STMicroelectronics,STM32G4 Series,STM32G411,STM32G411R8Tx,ordering_pattern,tcl/target/stm32g4x.cfg,not_validated,STM32G4xx_DFP,2.2.0,https://www.keil.com/pack/Keil.STM32G4xx_DFP.pdsc
STMicroelectronics,STM32G4 Series,STM32G411,STM32G411RBTx,ordering_pattern,tcl/target/stm32g4x.cfg,not_validated,STM32G4xx_DFP,2.2.0,https://www.keil.com/pack/Keil.STM32G4xx_DFP.pdsc
STMicroelectronics,STM32G4 Series,STM32G411,STM32G411RCTx,ordering_pattern,tcl/target/stm32g4x.cfg,not_validated,STM32G4xx_DFP,2.2.0,https://www.keil.com/pack/Keil.STM32G4xx_DFP.pdsc
STMicroelectronics,STM32G4 Series,STM32G414,STM32G414CBTx,ordering_pattern,tcl/target/stm32g4x.cfg,not_validated,STM32G4xx_DFP,2.2.0,https://www.keil.com/pack/Keil.STM32G4xx_DFP.pdsc
STMicroelectronics,STM32G4 Series,STM32G414,STM32G414CBUx,ordering_pattern,tcl/target/stm32g4x.cfg,not_validated,STM32G4xx_DFP,2.2.0,https://www.keil.com/pack/Keil.STM32G4xx_DFP.pdsc
STMicroelectronics,STM32G4 Series,STM32G414,STM32G414CCTx,ordering_pattern,tcl/target/stm32g4x.cfg,not_validated,STM32G4xx_DFP,2.2.0,https://www.keil.com/pack/Keil.STM32G4xx_DFP.pdsc
STMicroelectronics,STM32G4 Series,STM32G414,STM32G414CCUx,ordering_pattern,tcl/target/stm32g4x.cfg,not_validated,STM32G4xx_DFP,2.2.0,https://www.keil.com/pack/Keil.STM32G4xx_DFP.pdsc
STMicroelectronics,STM32G4 Series,STM32G414,STM32G414MBTx,ordering_pattern,tcl/target/stm32g4x.cfg,not_validated,STM32G4xx_DFP,2.2.0,https://www.keil.com/pack/Keil.STM32G4xx_DFP.pdsc
STMicroelectronics,STM32G4 Series,STM32G414,STM32G414MCTx,ordering_pattern,tcl/target/stm32g4x.cfg,not_validated,STM32G4xx_DFP,2.2.0,https://www.keil.com/pack/Keil.STM32G4xx_DFP.pdsc
STMicroelectronics,STM32G4 Series,STM32G414,STM32G414RBTx,ordering_pattern,tcl/target/stm32g4x.cfg,not_validated,STM32G4xx_DFP,2.2.0,https://www.keil.com/pack/Keil.STM32G4xx_DFP.pdsc
STMicroelectronics,STM32G4 Series,STM32G414,STM32G414RCTx,ordering_pattern,tcl/target/stm32g4x.cfg,not_validated,STM32G4xx_DFP,2.2.0,https://www.keil.com/pack/Keil.STM32G4xx_DFP.pdsc
STMicroelectronics,STM32G4 Series,STM32G414,STM32G414VBTx,ordering_pattern,tcl/target/stm32g4x.cfg,not_validated,STM32G4xx_DFP,2.2.0,https://www.keil.com/pack/Keil.STM32G4xx_DFP.pdsc
STMicroelectronics,STM32G4 Series,STM32G414,STM32G414VCTx,ordering_pattern,tcl/target/stm32g4x.cfg,not_validated,STM32G4xx_DFP,2.2.0,https://www.keil.com/pack/Keil.STM32G4xx_DFP.pdsc
STMicroelectronics,STM32G4 Series,STM32G431,STM32G431C6Tx,ordering_pattern,tcl/target/stm32g4x.cfg,not_validated,STM32G4xx_DFP,2.2.0,https://www.keil.com/pack/Keil.STM32G4xx_DFP.pdsc
STMicroelectronics,STM32G4 Series,STM32G431,STM32G431C6Ux,ordering_pattern,tcl/target/stm32g4x.cfg,not_validated,STM32G4xx_DFP,2.2.0,https://www.keil.com/pack/Keil.STM32G4xx_DFP.pdsc
STMicroelectronics,STM32G4 Series,STM32G431,STM32G431C8Tx,ordering_pattern,tcl/target/stm32g4x.cfg,not_validated,STM32G4xx_DFP,2.2.0,https://www.keil.com/pack/Keil.STM32G4xx_DFP.pdsc
STMicroelectronics,STM32G4 Series,STM32G431,STM32G431C8Ux,ordering_pattern,tcl/target/stm32g4x.cfg,not_validated,STM32G4xx_DFP,2.2.0,https://www.keil.com/pack/Keil.STM32G4xx_DFP.pdsc
STMicroelectronics,STM32G4 Series,STM32G431,STM32G431CBTx,ordering_pattern,tcl/target/stm32g4x.cfg,not_validated,STM32G4xx_DFP,2.2.0,https://www.keil.com/pack/Keil.STM32G4xx_DFP.pdsc
STMicroelectronics,STM32G4 Series,STM32G431,STM32G431CBTxZ,cmsis_device_name,tcl/target/stm32g4x.cfg,not_validated,STM32G4xx_DFP,2.2.0,https://www.keil.com/pack/Keil.STM32G4xx_DFP.pdsc
STMicroelectronics,STM32G4 Series,STM32G431,STM32G431CBUx,ordering_pattern,tcl/target/stm32g4x.cfg,not_validated,STM32G4xx_DFP,2.2.0,https://www.keil.com/pack/Keil.STM32G4xx_DFP.pdsc
STMicroelectronics,STM32G4 Series,STM32G431,STM32G431CBYx,ordering_pattern,tcl/target/stm32g4x.cfg,not_validated,STM32G4xx_DFP,2.2.0,https://www.keil.com/pack/Keil.STM32G4xx_DFP.pdsc
STMicroelectronics,STM32G4 Series,STM32G431,STM32G431K6Tx,ordering_pattern,tcl/target/stm32g4x.cfg,not_validated,STM32G4xx_DFP,2.2.0,https://www.keil.com/pack/Keil.STM32G4xx_DFP.pdsc
STMicroelectronics,STM32G4 Series,STM32G431,STM32G431K6Ux,ordering_pattern,tcl/target/stm32g4x.cfg,not_validated,STM32G4xx_DFP,2.2.0,https://www.keil.com/pack/Keil.STM32G4xx_DFP.pdsc
STMicroelectronics,STM32G4 Series,STM32G431,STM32G431K8Tx,ordering_pattern,tcl/target/stm32g4x.cfg,not_validated,STM32G4xx_DFP,2.2.0,https://www.keil.com/pack/Keil.STM32G4xx_DFP.pdsc
STMicroelectronics,STM32G4 Series,STM32G431,STM32G431K8Ux,ordering_pattern,tcl/target/stm32g4x.cfg,not_validated,STM32G4xx_DFP,2.2.0,https://www.keil.com/pack/Keil.STM32G4xx_DFP.pdsc
STMicroelectronics,STM32G4 Series,STM32G431,STM32G431KBTx,ordering_pattern,tcl/target/stm32g4x.cfg,not_validated,STM32G4xx_DFP,2.2.0,https://www.keil.com/pack/Keil.STM32G4xx_DFP.pdsc
STMicroelectronics,STM32G4 Series,STM32G431,STM32G431KBUx,ordering_pattern,tcl/target/stm32g4x.cfg,not_validated,STM32G4xx_DFP,2.2.0,https://www.keil.com/pack/Keil.STM32G4xx_DFP.pdsc
STMicroelectronics,STM32G4 Series,STM32G431,STM32G431M6Tx,ordering_pattern,tcl/target/stm32g4x.cfg,not_validated,STM32G4xx_DFP,2.2.0,https://www.keil.com/pack/Keil.STM32G4xx_DFP.pdsc
STMicroelectronics,STM32G4 Series,STM32G431,STM32G431M8Tx,ordering_pattern,tcl/target/stm32g4x.cfg,not_validated,STM32G4xx_DFP,2.2.0,https://www.keil.com/pack/Keil.STM32G4xx_DFP.pdsc
STMicroelectronics,STM32G4 Series,STM32G431,STM32G431MBTx,ordering_pattern,tcl/target/stm32g4x.cfg,not_validated,STM32G4xx_DFP,2.2.0,https://www.keil.com/pack/Keil.STM32G4xx_DFP.pdsc
STMicroelectronics,STM32G4 Series,STM32G431,STM32G431R6Ix,ordering_pattern,tcl/target/stm32g4x.cfg,not_validated,STM32G4xx_DFP,2.2.0,https://www.keil.com/pack/Keil.STM32G4xx_DFP.pdsc
STMicroelectronics,STM32G4 Series,STM32G431,STM32G431R6Tx,ordering_pattern,tcl/target/stm32g4x.cfg,not_validated,STM32G4xx_DFP,2.2.0,https://www.keil.com/pack/Keil.STM32G4xx_DFP.pdsc
STMicroelectronics,STM32G4 Series,STM32G431,STM32G431R8Ix,ordering_pattern,tcl/target/stm32g4x.cfg,not_validated,STM32G4xx_DFP,2.2.0,https://www.keil.com/pack/Keil.STM32G4xx_DFP.pdsc
STMicroelectronics,STM32G4 Series,STM32G431,STM32G431R8Tx,ordering_pattern,tcl/target/stm32g4x.cfg,not_validated,STM32G4xx_DFP,2.2.0,https://www.keil.com/pack/Keil.STM32G4xx_DFP.pdsc
STMicroelectronics,STM32G4 Series,STM32G431,STM32G431RBIx,ordering_pattern,tcl/target/stm32g4x.cfg,not_validated,STM32G4xx_DFP,2.2.0,https://www.keil.com/pack/Keil.STM32G4xx_DFP.pdsc
STMicroelectronics,STM32G4 Series,STM32G431,STM32G431RBTx,ordering_pattern,tcl/target/stm32g4x.cfg,not_validated,STM32G4xx_DFP,2.2.0,https://www.keil.com/pack/Keil.STM32G4xx_DFP.pdsc
STMicroelectronics,STM32G4 Series,STM32G431,STM32G431RBTxZ,cmsis_device_name,tcl/target/stm32g4x.cfg,not_validated,STM32G4xx_DFP,2.2.0,https://www.keil.com/pack/Keil.STM32G4xx_DFP.pdsc
STMicroelectronics,STM32G4 Series,STM32G431,STM32G431V6Tx,ordering_pattern,tcl/target/stm32g4x.cfg,not_validated,STM32G4xx_DFP,2.2.0,https://www.keil.com/pack/Keil.STM32G4xx_DFP.pdsc
STMicroelectronics,STM32G4 Series,STM32G431,STM32G431V8Tx,ordering_pattern,tcl/target/stm32g4x.cfg,not_validated,STM32G4xx_DFP,2.2.0,https://www.keil.com/pack/Keil.STM32G4xx_DFP.pdsc
STMicroelectronics,STM32G4 Series,STM32G431,STM32G431VBTx,ordering_pattern,tcl/target/stm32g4x.cfg,not_validated,STM32G4xx_DFP,2.2.0,https://www.keil.com/pack/Keil.STM32G4xx_DFP.pdsc
STMicroelectronics,STM32G4 Series,STM32G441,STM32G441CBTx,ordering_pattern,tcl/target/stm32g4x.cfg,not_validated,STM32G4xx_DFP,2.2.0,https://www.keil.com/pack/Keil.STM32G4xx_DFP.pdsc
STMicroelectronics,STM32G4 Series,STM32G441,STM32G441CBUx,ordering_pattern,tcl/target/stm32g4x.cfg,not_validated,STM32G4xx_DFP,2.2.0,https://www.keil.com/pack/Keil.STM32G4xx_DFP.pdsc
STMicroelectronics,STM32G4 Series,STM32G441,STM32G441CBYx,ordering_pattern,tcl/target/stm32g4x.cfg,not_validated,STM32G4xx_DFP,2.2.0,https://www.keil.com/pack/Keil.STM32G4xx_DFP.pdsc
STMicroelectronics,STM32G4 Series,STM32G441,STM32G441KBTx,ordering_pattern,tcl/target/stm32g4x.cfg,not_validated,STM32G4xx_DFP,2.2.0,https://www.keil.com/pack/Keil.STM32G4xx_DFP.pdsc
STMicroelectronics,STM32G4 Series,STM32G441,STM32G441KBUx,ordering_pattern,tcl/target/stm32g4x.cfg,not_validated,STM32G4xx_DFP,2.2.0,https://www.keil.com/pack/Keil.STM32G4xx_DFP.pdsc
STMicroelectronics,STM32G4 Series,STM32G441,STM32G441MBTx,ordering_pattern,tcl/target/stm32g4x.cfg,not_validated,STM32G4xx_DFP,2.2.0,https://www.keil.com/pack/Keil.STM32G4xx_DFP.pdsc
STMicroelectronics,STM32G4 Series,STM32G441,STM32G441RBIx,ordering_pattern,tcl/target/stm32g4x.cfg,not_validated,STM32G4xx_DFP,2.2.0,https://www.keil.com/pack/Keil.STM32G4xx_DFP.pdsc
STMicroelectronics,STM32G4 Series,STM32G441,STM32G441RBTx,ordering_pattern,tcl/target/stm32g4x.cfg,not_validated,STM32G4xx_DFP,2.2.0,https://www.keil.com/pack/Keil.STM32G4xx_DFP.pdsc
STMicroelectronics,STM32G4 Series,STM32G441,STM32G441VBTx,ordering_pattern,tcl/target/stm32g4x.cfg,not_validated,STM32G4xx_DFP,2.2.0,https://www.keil.com/pack/Keil.STM32G4xx_DFP.pdsc
STMicroelectronics,STM32G4 Series,STM32G471,STM32G471CCTx,ordering_pattern,tcl/target/stm32g4x.cfg,not_validated,STM32G4xx_DFP,2.2.0,https://www.keil.com/pack/Keil.STM32G4xx_DFP.pdsc
STMicroelectronics,STM32G4 Series,STM32G471,STM32G471CCUx,ordering_pattern,tcl/target/stm32g4x.cfg,not_validated,STM32G4xx_DFP,2.2.0,https://www.keil.com/pack/Keil.STM32G4xx_DFP.pdsc
STMicroelectronics,STM32G4 Series,STM32G471,STM32G471CETx,ordering_pattern,tcl/target/stm32g4x.cfg,not_validated,STM32G4xx_DFP,2.2.0,https://www.keil.com/pack/Keil.STM32G4xx_DFP.pdsc
STMicroelectronics,STM32G4 Series,STM32G471,STM32G471CEUx,ordering_pattern,tcl/target/stm32g4x.cfg,not_validated,STM32G4xx_DFP,2.2.0,https://www.keil.com/pack/Keil.STM32G4xx_DFP.pdsc
STMicroelectronics,STM32G4 Series,STM32G471,STM32G471MCTx,ordering_pattern,tcl/target/stm32g4x.cfg,not_validated,STM32G4xx_DFP,2.2.0,https://www.keil.com/pack/Keil.STM32G4xx_DFP.pdsc
STMicroelectronics,STM32G4 Series,STM32G471,STM32G471METx,ordering_pattern,tcl/target/stm32g4x.cfg,not_validated,STM32G4xx_DFP,2.2.0,https://www.keil.com/pack/Keil.STM32G4xx_DFP.pdsc
STMicroelectronics,STM32G4 Series,STM32G471,STM32G471MEYx,ordering_pattern,tcl/target/stm32g4x.cfg,not_validated,STM32G4xx_DFP,2.2.0,https://www.keil.com/pack/Keil.STM32G4xx_DFP.pdsc
STMicroelectronics,STM32G4 Series,STM32G471,STM32G471QCTx,ordering_pattern,tcl/target/stm32g4x.cfg,not_validated,STM32G4xx_DFP,2.2.0,https://www.keil.com/pack/Keil.STM32G4xx_DFP.pdsc
STMicroelectronics,STM32G4 Series,STM32G471,STM32G471QETx,ordering_pattern,tcl/target/stm32g4x.cfg,not_validated,STM32G4xx_DFP,2.2.0,https://www.keil.com/pack/Keil.STM32G4xx_DFP.pdsc
STMicroelectronics,STM32G4 Series,STM32G471,STM32G471RCTx,ordering_pattern,tcl/target/stm32g4x.cfg,not_validated,STM32G4xx_DFP,2.2.0,https://www.keil.com/pack/Keil.STM32G4xx_DFP.pdsc
STMicroelectronics,STM32G4 Series,STM32G471,STM32G471RETx,ordering_pattern,tcl/target/stm32g4x.cfg,not_validated,STM32G4xx_DFP,2.2.0,https://www.keil.com/pack/Keil.STM32G4xx_DFP.pdsc
STMicroelectronics,STM32G4 Series,STM32G471,STM32G471VCHx,ordering_pattern,tcl/target/stm32g4x.cfg,not_validated,STM32G4xx_DFP,2.2.0,https://www.keil.com/pack/Keil.STM32G4xx_DFP.pdsc
STMicroelectronics,STM32G4 Series,STM32G471,STM32G471VCIx,ordering_pattern,tcl/target/stm32g4x.cfg,not_validated,STM32G4xx_DFP,2.2.0,https://www.keil.com/pack/Keil.STM32G4xx_DFP.pdsc
STMicroelectronics,STM32G4 Series,STM32G471,STM32G471VCTx,ordering_pattern,tcl/target/stm32g4x.cfg,not_validated,STM32G4xx_DFP,2.2.0,https://www.keil.com/pack/Keil.STM32G4xx_DFP.pdsc
STMicroelectronics,STM32G4 Series,STM32G471,STM32G471VEHx,ordering_pattern,tcl/target/stm32g4x.cfg,not_validated,STM32G4xx_DFP,2.2.0,https://www.keil.com/pack/Keil.STM32G4xx_DFP.pdsc
STMicroelectronics,STM32G4 Series,STM32G471,STM32G471VEIx,ordering_pattern,tcl/target/stm32g4x.cfg,not_validated,STM32G4xx_DFP,2.2.0,https://www.keil.com/pack/Keil.STM32G4xx_DFP.pdsc
STMicroelectronics,STM32G4 Series,STM32G471,STM32G471VETx,ordering_pattern,tcl/target/stm32g4x.cfg,not_validated,STM32G4xx_DFP,2.2.0,https://www.keil.com/pack/Keil.STM32G4xx_DFP.pdsc
STMicroelectronics,STM32G4 Series,STM32G473,STM32G473CBTx,ordering_pattern,tcl/target/stm32g4x.cfg,not_validated,STM32G4xx_DFP,2.2.0,https://www.keil.com/pack/Keil.STM32G4xx_DFP.pdsc
STMicroelectronics,STM32G4 Series,STM32G473,STM32G473CBUx,ordering_pattern,tcl/target/stm32g4x.cfg,not_validated,STM32G4xx_DFP,2.2.0,https://www.keil.com/pack/Keil.STM32G4xx_DFP.pdsc
STMicroelectronics,STM32G4 Series,STM32G473,STM32G473CCTx,ordering_pattern,tcl/target/stm32g4x.cfg,not_validated,STM32G4xx_DFP,2.2.0,https://www.keil.com/pack/Keil.STM32G4xx_DFP.pdsc
STMicroelectronics,STM32G4 Series,STM32G473,STM32G473CCUx,ordering_pattern,tcl/target/stm32g4x.cfg,not_validated,STM32G4xx_DFP,2.2.0,https://www.keil.com/pack/Keil.STM32G4xx_DFP.pdsc
STMicroelectronics,STM32G4 Series,STM32G473,STM32G473CETx,ordering_pattern,tcl/target/stm32g4x.cfg,not_validated,STM32G4xx_DFP,2.2.0,https://www.keil.com/pack/Keil.STM32G4xx_DFP.pdsc
STMicroelectronics,STM32G4 Series,STM32G473,STM32G473CEUx,ordering_pattern,tcl/target/stm32g4x.cfg,not_validated,STM32G4xx_DFP,2.2.0,https://www.keil.com/pack/Keil.STM32G4xx_DFP.pdsc
STMicroelectronics,STM32G4 Series,STM32G473,STM32G473MBTx,ordering_pattern,tcl/target/stm32g4x.cfg,not_validated,STM32G4xx_DFP,2.2.0,https://www.keil.com/pack/Keil.STM32G4xx_DFP.pdsc
STMicroelectronics,STM32G4 Series,STM32G473,STM32G473MCTx,ordering_pattern,tcl/target/stm32g4x.cfg,not_validated,STM32G4xx_DFP,2.2.0,https://www.keil.com/pack/Keil.STM32G4xx_DFP.pdsc
STMicroelectronics,STM32G4 Series,STM32G473,STM32G473METx,ordering_pattern,tcl/target/stm32g4x.cfg,not_validated,STM32G4xx_DFP,2.2.0,https://www.keil.com/pack/Keil.STM32G4xx_DFP.pdsc
STMicroelectronics,STM32G4 Series,STM32G473,STM32G473MEYx,ordering_pattern,tcl/target/stm32g4x.cfg,not_validated,STM32G4xx_DFP,2.2.0,https://www.keil.com/pack/Keil.STM32G4xx_DFP.pdsc
STMicroelectronics,STM32G4 Series,STM32G473,STM32G473PBIx,ordering_pattern,tcl/target/stm32g4x.cfg,not_validated,STM32G4xx_DFP,2.2.0,https://www.keil.com/pack/Keil.STM32G4xx_DFP.pdsc
STMicroelectronics,STM32G4 Series,STM32G473,STM32G473PCIx,ordering_pattern,tcl/target/stm32g4x.cfg,not_validated,STM32G4xx_DFP,2.2.0,https://www.keil.com/pack/Keil.STM32G4xx_DFP.pdsc
STMicroelectronics,STM32G4 Series,STM32G473,STM32G473PEIx,ordering_pattern,tcl/target/stm32g4x.cfg,not_validated,STM32G4xx_DFP,2.2.0,https://www.keil.com/pack/Keil.STM32G4xx_DFP.pdsc
STMicroelectronics,STM32G4 Series,STM32G473,STM32G473QBTx,ordering_pattern,tcl/target/stm32g4x.cfg,not_validated,STM32G4xx_DFP,2.2.0,https://www.keil.com/pack/Keil.STM32G4xx_DFP.pdsc
STMicroelectronics,STM32G4 Series,STM32G473,STM32G473QCTx,ordering_pattern,tcl/target/stm32g4x.cfg,not_validated,STM32G4xx_DFP,2.2.0,https://www.keil.com/pack/Keil.STM32G4xx_DFP.pdsc
STMicroelectronics,STM32G4 Series,STM32G473,STM32G473QETx,ordering_pattern,tcl/target/stm32g4x.cfg,not_validated,STM32G4xx_DFP,2.2.0,https://www.keil.com/pack/Keil.STM32G4xx_DFP.pdsc
STMicroelectronics,STM32G4 Series,STM32G473,STM32G473QETxZ,cmsis_device_name,tcl/target/stm32g4x.cfg,not_validated,STM32G4xx_DFP,2.2.0,https://www.keil.com/pack/Keil.STM32G4xx_DFP.pdsc
STMicroelectronics,STM32G4 Series,STM32G473,STM32G473RBTx,ordering_pattern,tcl/target/stm32g4x.cfg,not_validated,STM32G4xx_DFP,2.2.0,https://www.keil.com/pack/Keil.STM32G4xx_DFP.pdsc
STMicroelectronics,STM32G4 Series,STM32G473,STM32G473RCTx,ordering_pattern,tcl/target/stm32g4x.cfg,not_validated,STM32G4xx_DFP,2.2.0,https://www.keil.com/pack/Keil.STM32G4xx_DFP.pdsc
STMicroelectronics,STM32G4 Series,STM32G473,STM32G473RETx,ordering_pattern,tcl/target/stm32g4x.cfg,not_validated,STM32G4xx_DFP,2.2.0,https://www.keil.com/pack/Keil.STM32G4xx_DFP.pdsc
STMicroelectronics,STM32G4 Series,STM32G473,STM32G473RETxZ,cmsis_device_name,tcl/target/stm32g4x.cfg,not_validated,STM32G4xx_DFP,2.2.0,https://www.keil.com/pack/Keil.STM32G4xx_DFP.pdsc
STMicroelectronics,STM32G4 Series,STM32G473,STM32G473VBHx,ordering_pattern,tcl/target/stm32g4x.cfg,not_validated,STM32G4xx_DFP,2.2.0,https://www.keil.com/pack/Keil.STM32G4xx_DFP.pdsc
STMicroelectronics,STM32G4 Series,STM32G473,STM32G473VBTx,ordering_pattern,tcl/target/stm32g4x.cfg,not_validated,STM32G4xx_DFP,2.2.0,https://www.keil.com/pack/Keil.STM32G4xx_DFP.pdsc
STMicroelectronics,STM32G4 Series,STM32G473,STM32G473VCHx,ordering_pattern,tcl/target/stm32g4x.cfg,not_validated,STM32G4xx_DFP,2.2.0,https://www.keil.com/pack/Keil.STM32G4xx_DFP.pdsc
STMicroelectronics,STM32G4 Series,STM32G473,STM32G473VCTx,ordering_pattern,tcl/target/stm32g4x.cfg,not_validated,STM32G4xx_DFP,2.2.0,https://www.keil.com/pack/Keil.STM32G4xx_DFP.pdsc
STMicroelectronics,STM32G4 Series,STM32G473,STM32G473VEHx,ordering_pattern,tcl/target/stm32g4x.cfg,not_validated,STM32G4xx_DFP,2.2.0,https://www.keil.com/pack/Keil.STM32G4xx_DFP.pdsc
STMicroelectronics,STM32G4 Series,STM32G473,STM32G473VETx,ordering_pattern,tcl/target/stm32g4x.cfg,not_validated,STM32G4xx_DFP,2.2.0,https://www.keil.com/pack/Keil.STM32G4xx_DFP.pdsc
STMicroelectronics,STM32G4 Series,STM32G474,STM32G474CBTx,ordering_pattern,tcl/target/stm32g4x.cfg,not_validated,STM32G4xx_DFP,2.2.0,https://www.keil.com/pack/Keil.STM32G4xx_DFP.pdsc
STMicroelectronics,STM32G4 Series,STM32G474,STM32G474CBUx,ordering_pattern,tcl/target/stm32g4x.cfg,not_validated,STM32G4xx_DFP,2.2.0,https://www.keil.com/pack/Keil.STM32G4xx_DFP.pdsc
STMicroelectronics,STM32G4 Series,STM32G474,STM32G474CCTx,ordering_pattern,tcl/target/stm32g4x.cfg,not_validated,STM32G4xx_DFP,2.2.0,https://www.keil.com/pack/Keil.STM32G4xx_DFP.pdsc
STMicroelectronics,STM32G4 Series,STM32G474,STM32G474CCUx,ordering_pattern,tcl/target/stm32g4x.cfg,not_validated,STM32G4xx_DFP,2.2.0,https://www.keil.com/pack/Keil.STM32G4xx_DFP.pdsc
STMicroelectronics,STM32G4 Series,STM32G474,STM32G474CETx,ordering_pattern,tcl/target/stm32g4x.cfg,not_validated,STM32G4xx_DFP,2.2.0,https://www.keil.com/pack/Keil.STM32G4xx_DFP.pdsc
STMicroelectronics,STM32G4 Series,STM32G474,STM32G474CEUx,ordering_pattern,tcl/target/stm32g4x.cfg,not_validated,STM32G4xx_DFP,2.2.0,https://www.keil.com/pack/Keil.STM32G4xx_DFP.pdsc
STMicroelectronics,STM32G4 Series,STM32G474,STM32G474MBTx,ordering_pattern,tcl/target/stm32g4x.cfg,not_validated,STM32G4xx_DFP,2.2.0,https://www.keil.com/pack/Keil.STM32G4xx_DFP.pdsc
STMicroelectronics,STM32G4 Series,STM32G474,STM32G474MCTx,ordering_pattern,tcl/target/stm32g4x.cfg,not_validated,STM32G4xx_DFP,2.2.0,https://www.keil.com/pack/Keil.STM32G4xx_DFP.pdsc
STMicroelectronics,STM32G4 Series,STM32G474,STM32G474METx,ordering_pattern,tcl/target/stm32g4x.cfg,not_validated,STM32G4xx_DFP,2.2.0,https://www.keil.com/pack/Keil.STM32G4xx_DFP.pdsc
STMicroelectronics,STM32G4 Series,STM32G474,STM32G474MEYx,ordering_pattern,tcl/target/stm32g4x.cfg,not_validated,STM32G4xx_DFP,2.2.0,https://www.keil.com/pack/Keil.STM32G4xx_DFP.pdsc
STMicroelectronics,STM32G4 Series,STM32G474,STM32G474PBIx,ordering_pattern,tcl/target/stm32g4x.cfg,not_validated,STM32G4xx_DFP,2.2.0,https://www.keil.com/pack/Keil.STM32G4xx_DFP.pdsc
STMicroelectronics,STM32G4 Series,STM32G474,STM32G474PCIx,ordering_pattern,tcl/target/stm32g4x.cfg,not_validated,STM32G4xx_DFP,2.2.0,https://www.keil.com/pack/Keil.STM32G4xx_DFP.pdsc
STMicroelectronics,STM32G4 Series,STM32G474,STM32G474PEIx,ordering_pattern,tcl/target/stm32g4x.cfg,not_validated,STM32G4xx_DFP,2.2.0,https://www.keil.com/pack/Keil.STM32G4xx_DFP.pdsc
STMicroelectronics,STM32G4 Series,STM32G474,STM32G474QBTx,ordering_pattern,tcl/target/stm32g4x.cfg,not_validated,STM32G4xx_DFP,2.2.0,https://www.keil.com/pack/Keil.STM32G4xx_DFP.pdsc
STMicroelectronics,STM32G4 Series,STM32G474,STM32G474QCTx,ordering_pattern,tcl/target/stm32g4x.cfg,not_validated,STM32G4xx_DFP,2.2.0,https://www.keil.com/pack/Keil.STM32G4xx_DFP.pdsc
STMicroelectronics,STM32G4 Series,STM32G474,STM32G474QETx,ordering_pattern,tcl/target/stm32g4x.cfg,not_validated,STM32G4xx_DFP,2.2.0,https://www.keil.com/pack/Keil.STM32G4xx_DFP.pdsc
STMicroelectronics,STM32G4 Series,STM32G474,STM32G474RBTx,ordering_pattern,tcl/target/stm32g4x.cfg,not_validated,STM32G4xx_DFP,2.2.0,https://www.keil.com/pack/Keil.STM32G4xx_DFP.pdsc
STMicroelectronics,STM32G4 Series,STM32G474,STM32G474RCTx,ordering_pattern,tcl/target/stm32g4x.cfg,not_validated,STM32G4xx_DFP,2.2.0,https://www.keil.com/pack/Keil.STM32G4xx_DFP.pdsc
STMicroelectronics,STM32G4 Series,STM32G474,STM32G474RETx,ordering_pattern,tcl/target/stm32g4x.cfg,not_validated,STM32G4xx_DFP,2.2.0,https://www.keil.com/pack/Keil.STM32G4xx_DFP.pdsc
STMicroelectronics,STM32G4 Series,STM32G474,STM32G474VBHx,ordering_pattern,tcl/target/stm32g4x.cfg,not_validated,STM32G4xx_DFP,2.2.0,https://www.keil.com/pack/Keil.STM32G4xx_DFP.pdsc
STMicroelectronics,STM32G4 Series,STM32G474,STM32G474VBTx,ordering_pattern,tcl/target/stm32g4x.cfg,not_validated,STM32G4xx_DFP,2.2.0,https://www.keil.com/pack/Keil.STM32G4xx_DFP.pdsc
STMicroelectronics,STM32G4 Series,STM32G474,STM32G474VCHx,ordering_pattern,tcl/target/stm32g4x.cfg,not_validated,STM32G4xx_DFP,2.2.0,https://www.keil.com/pack/Keil.STM32G4xx_DFP.pdsc
STMicroelectronics,STM32G4 Series,STM32G474,STM32G474VCTx,ordering_pattern,tcl/target/stm32g4x.cfg,not_validated,STM32G4xx_DFP,2.2.0,https://www.keil.com/pack/Keil.STM32G4xx_DFP.pdsc
STMicroelectronics,STM32G4 Series,STM32G474,STM32G474VEHx,ordering_pattern,tcl/target/stm32g4x.cfg,not_validated,STM32G4xx_DFP,2.2.0,https://www.keil.com/pack/Keil.STM32G4xx_DFP.pdsc
STMicroelectronics,STM32G4 Series,STM32G474,STM32G474VETx,ordering_pattern,tcl/target/stm32g4x.cfg,not_validated,STM32G4xx_DFP,2.2.0,https://www.keil.com/pack/Keil.STM32G4xx_DFP.pdsc
STMicroelectronics,STM32G4 Series,STM32G483,STM32G483CETx,ordering_pattern,tcl/target/stm32g4x.cfg,not_validated,STM32G4xx_DFP,2.2.0,https://www.keil.com/pack/Keil.STM32G4xx_DFP.pdsc
STMicroelectronics,STM32G4 Series,STM32G483,STM32G483CEUx,ordering_pattern,tcl/target/stm32g4x.cfg,not_validated,STM32G4xx_DFP,2.2.0,https://www.keil.com/pack/Keil.STM32G4xx_DFP.pdsc
STMicroelectronics,STM32G4 Series,STM32G483,STM32G483METx,ordering_pattern,tcl/target/stm32g4x.cfg,not_validated,STM32G4xx_DFP,2.2.0,https://www.keil.com/pack/Keil.STM32G4xx_DFP.pdsc
STMicroelectronics,STM32G4 Series,STM32G483,STM32G483MEYx,ordering_pattern,tcl/target/stm32g4x.cfg,not_validated,STM32G4xx_DFP,2.2.0,https://www.keil.com/pack/Keil.STM32G4xx_DFP.pdsc
STMicroelectronics,STM32G4 Series,STM32G483,STM32G483PEIx,ordering_pattern,tcl/target/stm32g4x.cfg,not_validated,STM32G4xx_DFP,2.2.0,https://www.keil.com/pack/Keil.STM32G4xx_DFP.pdsc
STMicroelectronics,STM32G4 Series,STM32G483,STM32G483QETx,ordering_pattern,tcl/target/stm32g4x.cfg,not_validated,STM32G4xx_DFP,2.2.0,https://www.keil.com/pack/Keil.STM32G4xx_DFP.pdsc
STMicroelectronics,STM32G4 Series,STM32G483,STM32G483RETx,ordering_pattern,tcl/target/stm32g4x.cfg,not_validated,STM32G4xx_DFP,2.2.0,https://www.keil.com/pack/Keil.STM32G4xx_DFP.pdsc
STMicroelectronics,STM32G4 Series,STM32G483,STM32G483VEHx,ordering_pattern,tcl/target/stm32g4x.cfg,not_validated,STM32G4xx_DFP,2.2.0,https://www.keil.com/pack/Keil.STM32G4xx_DFP.pdsc
STMicroelectronics,STM32G4 Series,STM32G483,STM32G483VETx,ordering_pattern,tcl/target/stm32g4x.cfg,not_validated,STM32G4xx_DFP,2.2.0,https://www.keil.com/pack/Keil.STM32G4xx_DFP.pdsc
STMicroelectronics,STM32G4 Series,STM32G484,STM32G484CETx,ordering_pattern,tcl/target/stm32g4x.cfg,not_validated,STM32G4xx_DFP,2.2.0,https://www.keil.com/pack/Keil.STM32G4xx_DFP.pdsc
STMicroelectronics,STM32G4 Series,STM32G484,STM32G484CEUx,ordering_pattern,tcl/target/stm32g4x.cfg,not_validated,STM32G4xx_DFP,2.2.0,https://www.keil.com/pack/Keil.STM32G4xx_DFP.pdsc
STMicroelectronics,STM32G4 Series,STM32G484,STM32G484METx,ordering_pattern,tcl/target/stm32g4x.cfg,not_validated,STM32G4xx_DFP,2.2.0,https://www.keil.com/pack/Keil.STM32G4xx_DFP.pdsc
STMicroelectronics,STM32G4 Series,STM32G484,STM32G484MEYx,ordering_pattern,tcl/target/stm32g4x.cfg,not_validated,STM32G4xx_DFP,2.2.0,https://www.keil.com/pack/Keil.STM32G4xx_DFP.pdsc
STMicroelectronics,STM32G4 Series,STM32G484,STM32G484PEIx,ordering_pattern,tcl/target/stm32g4x.cfg,not_validated,STM32G4xx_DFP,2.2.0,https://www.keil.com/pack/Keil.STM32G4xx_DFP.pdsc
STMicroelectronics,STM32G4 Series,STM32G484,STM32G484QETx,ordering_pattern,tcl/target/stm32g4x.cfg,not_validated,STM32G4xx_DFP,2.2.0,https://www.keil.com/pack/Keil.STM32G4xx_DFP.pdsc
STMicroelectronics,STM32G4 Series,STM32G484,STM32G484RETx,ordering_pattern,tcl/target/stm32g4x.cfg,not_validated,STM32G4xx_DFP,2.2.0,https://www.keil.com/pack/Keil.STM32G4xx_DFP.pdsc
STMicroelectronics,STM32G4 Series,STM32G484,STM32G484VEHx,ordering_pattern,tcl/target/stm32g4x.cfg,not_validated,STM32G4xx_DFP,2.2.0,https://www.keil.com/pack/Keil.STM32G4xx_DFP.pdsc
STMicroelectronics,STM32G4 Series,STM32G484,STM32G484VETx,ordering_pattern,tcl/target/stm32g4x.cfg,not_validated,STM32G4xx_DFP,2.2.0,https://www.keil.com/pack/Keil.STM32G4xx_DFP.pdsc
STMicroelectronics,STM32G4 Series,STM32G491,STM32G491CCTx,ordering_pattern,tcl/target/stm32g4x.cfg,not_validated,STM32G4xx_DFP,2.2.0,https://www.keil.com/pack/Keil.STM32G4xx_DFP.pdsc
STMicroelectronics,STM32G4 Series,STM32G491,STM32G491CCUx,ordering_pattern,tcl/target/stm32g4x.cfg,not_validated,STM32G4xx_DFP,2.2.0,https://www.keil.com/pack/Keil.STM32G4xx_DFP.pdsc
STMicroelectronics,STM32G4 Series,STM32G491,STM32G491CETx,ordering_pattern,tcl/target/stm32g4x.cfg,not_validated,STM32G4xx_DFP,2.2.0,https://www.keil.com/pack/Keil.STM32G4xx_DFP.pdsc
STMicroelectronics,STM32G4 Series,STM32G491,STM32G491CETxZ,cmsis_device_name,tcl/target/stm32g4x.cfg,not_validated,STM32G4xx_DFP,2.2.0,https://www.keil.com/pack/Keil.STM32G4xx_DFP.pdsc
STMicroelectronics,STM32G4 Series,STM32G491,STM32G491CEUx,ordering_pattern,tcl/target/stm32g4x.cfg,not_validated,STM32G4xx_DFP,2.2.0,https://www.keil.com/pack/Keil.STM32G4xx_DFP.pdsc
STMicroelectronics,STM32G4 Series,STM32G491,STM32G491KCUx,ordering_pattern,tcl/target/stm32g4x.cfg,not_validated,STM32G4xx_DFP,2.2.0,https://www.keil.com/pack/Keil.STM32G4xx_DFP.pdsc
STMicroelectronics,STM32G4 Series,STM32G491,STM32G491KEUx,ordering_pattern,tcl/target/stm32g4x.cfg,not_validated,STM32G4xx_DFP,2.2.0,https://www.keil.com/pack/Keil.STM32G4xx_DFP.pdsc
STMicroelectronics,STM32G4 Series,STM32G491,STM32G491MCSx,ordering_pattern,tcl/target/stm32g4x.cfg,not_validated,STM32G4xx_DFP,2.2.0,https://www.keil.com/pack/Keil.STM32G4xx_DFP.pdsc
STMicroelectronics,STM32G4 Series,STM32G491,STM32G491MCTx,ordering_pattern,tcl/target/stm32g4x.cfg,not_validated,STM32G4xx_DFP,2.2.0,https://www.keil.com/pack/Keil.STM32G4xx_DFP.pdsc
STMicroelectronics,STM32G4 Series,STM32G491,STM32G491MESx,ordering_pattern,tcl/target/stm32g4x.cfg,not_validated,STM32G4xx_DFP,2.2.0,https://www.keil.com/pack/Keil.STM32G4xx_DFP.pdsc
STMicroelectronics,STM32G4 Series,STM32G491,STM32G491METx,ordering_pattern,tcl/target/stm32g4x.cfg,not_validated,STM32G4xx_DFP,2.2.0,https://www.keil.com/pack/Keil.STM32G4xx_DFP.pdsc
STMicroelectronics,STM32G4 Series,STM32G491,STM32G491RCIx,ordering_pattern,tcl/target/stm32g4x.cfg,not_validated,STM32G4xx_DFP,2.2.0,https://www.keil.com/pack/Keil.STM32G4xx_DFP.pdsc
STMicroelectronics,STM32G4 Series,STM32G491,STM32G491RCTx,ordering_pattern,tcl/target/stm32g4x.cfg,not_validated,STM32G4xx_DFP,2.2.0,https://www.keil.com/pack/Keil.STM32G4xx_DFP.pdsc
STMicroelectronics,STM32G4 Series,STM32G491,STM32G491REIx,ordering_pattern,tcl/target/stm32g4x.cfg,not_validated,STM32G4xx_DFP,2.2.0,https://www.keil.com/pack/Keil.STM32G4xx_DFP.pdsc
STMicroelectronics,STM32G4 Series,STM32G491,STM32G491RETx,ordering_pattern,tcl/target/stm32g4x.cfg,not_validated,STM32G4xx_DFP,2.2.0,https://www.keil.com/pack/Keil.STM32G4xx_DFP.pdsc
STMicroelectronics,STM32G4 Series,STM32G491,STM32G491RETxZ,cmsis_device_name,tcl/target/stm32g4x.cfg,not_validated,STM32G4xx_DFP,2.2.0,https://www.keil.com/pack/Keil.STM32G4xx_DFP.pdsc
STMicroelectronics,STM32G4 Series,STM32G491,STM32G491REYx,ordering_pattern,tcl/target/stm32g4x.cfg,not_validated,STM32G4xx_DFP,2.2.0,https://www.keil.com/pack/Keil.STM32G4xx_DFP.pdsc
STMicroelectronics,STM32G4 Series,STM32G491,STM32G491VCTx,ordering_pattern,tcl/target/stm32g4x.cfg,not_validated,STM32G4xx_DFP,2.2.0,https://www.keil.com/pack/Keil.STM32G4xx_DFP.pdsc
STMicroelectronics,STM32G4 Series,STM32G491,STM32G491VETx,ordering_pattern,tcl/target/stm32g4x.cfg,not_validated,STM32G4xx_DFP,2.2.0,https://www.keil.com/pack/Keil.STM32G4xx_DFP.pdsc
STMicroelectronics,STM32G4 Series,STM32G4A1,STM32G4A1CETx,ordering_pattern,tcl/target/stm32g4x.cfg,not_validated,STM32G4xx_DFP,2.2.0,https://www.keil.com/pack/Keil.STM32G4xx_DFP.pdsc
STMicroelectronics,STM32G4 Series,STM32G4A1,STM32G4A1CEUx,ordering_pattern,tcl/target/stm32g4x.cfg,not_validated,STM32G4xx_DFP,2.2.0,https://www.keil.com/pack/Keil.STM32G4xx_DFP.pdsc
STMicroelectronics,STM32G4 Series,STM32G4A1,STM32G4A1KEUx,ordering_pattern,tcl/target/stm32g4x.cfg,not_validated,STM32G4xx_DFP,2.2.0,https://www.keil.com/pack/Keil.STM32G4xx_DFP.pdsc
STMicroelectronics,STM32G4 Series,STM32G4A1,STM32G4A1MESx,ordering_pattern,tcl/target/stm32g4x.cfg,not_validated,STM32G4xx_DFP,2.2.0,https://www.keil.com/pack/Keil.STM32G4xx_DFP.pdsc
STMicroelectronics,STM32G4 Series,STM32G4A1,STM32G4A1METx,ordering_pattern,tcl/target/stm32g4x.cfg,not_validated,STM32G4xx_DFP,2.2.0,https://www.keil.com/pack/Keil.STM32G4xx_DFP.pdsc
STMicroelectronics,STM32G4 Series,STM32G4A1,STM32G4A1REIx,ordering_pattern,tcl/target/stm32g4x.cfg,not_validated,STM32G4xx_DFP,2.2.0,https://www.keil.com/pack/Keil.STM32G4xx_DFP.pdsc
STMicroelectronics,STM32G4 Series,STM32G4A1,STM32G4A1RETx,ordering_pattern,tcl/target/stm32g4x.cfg,not_validated,STM32G4xx_DFP,2.2.0,https://www.keil.com/pack/Keil.STM32G4xx_DFP.pdsc
STMicroelectronics,STM32G4 Series,STM32G4A1,STM32G4A1REYx,ordering_pattern,tcl/target/stm32g4x.cfg,not_validated,STM32G4xx_DFP,2.2.0,https://www.keil.com/pack/Keil.STM32G4xx_DFP.pdsc
STMicroelectronics,STM32G4 Series,STM32G4A1,STM32G4A1VETx,ordering_pattern,tcl/target/stm32g4x.cfg,not_validated,STM32G4xx_DFP,2.2.0,https://www.keil.com/pack/Keil.STM32G4xx_DFP.pdsc
STMicroelectronics,STM32H7 Series,STM32H723,STM32H723VEHx,ordering_pattern,tcl/target/stm32h7x.cfg,not_validated,STM32H7xx_DFP,4.1.3,https://www.keil.com/pack/Keil.STM32H7xx_DFP.pdsc
STMicroelectronics,STM32H7 Series,STM32H723,STM32H723VETx,ordering_pattern,tcl/target/stm32h7x.cfg,not_validated,STM32H7xx_DFP,4.1.3,https://www.keil.com/pack/Keil.STM32H7xx_DFP.pdsc
STMicroelectronics,STM32H7 Series,STM32H723,STM32H723VGHx,ordering_pattern,tcl/target/stm32h7x.cfg,not_validated,STM32H7xx_DFP,4.1.3,https://www.keil.com/pack/Keil.STM32H7xx_DFP.pdsc
STMicroelectronics,STM32H7 Series,STM32H723,STM32H723VGTx,ordering_pattern,tcl/target/stm32h7x.cfg,not_validated,STM32H7xx_DFP,4.1.3,https://www.keil.com/pack/Keil.STM32H7xx_DFP.pdsc
STMicroelectronics,STM32H7 Series,STM32H723,STM32H723ZEIx,ordering_pattern,tcl/target/stm32h7x.cfg,not_validated,STM32H7xx_DFP,4.1.3,https://www.keil.com/pack/Keil.STM32H7xx_DFP.pdsc
STMicroelectronics,STM32H7 Series,STM32H723,STM32H723ZETx,ordering_pattern,tcl/target/stm32h7x.cfg,not_validated,STM32H7xx_DFP,4.1.3,https://www.keil.com/pack/Keil.STM32H7xx_DFP.pdsc
STMicroelectronics,STM32H7 Series,STM32H723,STM32H723ZGIx,ordering_pattern,tcl/target/stm32h7x.cfg,not_validated,STM32H7xx_DFP,4.1.3,https://www.keil.com/pack/Keil.STM32H7xx_DFP.pdsc
STMicroelectronics,STM32H7 Series,STM32H723,STM32H723ZGTx,ordering_pattern,tcl/target/stm32h7x.cfg,not_validated,STM32H7xx_DFP,4.1.3,https://www.keil.com/pack/Keil.STM32H7xx_DFP.pdsc
STMicroelectronics,STM32H7 Series,STM32H725,STM32H725AEIx,ordering_pattern,tcl/target/stm32h7x.cfg,not_validated,STM32H7xx_DFP,4.1.3,https://www.keil.com/pack/Keil.STM32H7xx_DFP.pdsc
STMicroelectronics,STM32H7 Series,STM32H725,STM32H725AGIx,ordering_pattern,tcl/target/stm32h7x.cfg,not_validated,STM32H7xx_DFP,4.1.3,https://www.keil.com/pack/Keil.STM32H7xx_DFP.pdsc
STMicroelectronics,STM32H7 Series,STM32H725,STM32H725IEKx,ordering_pattern,tcl/target/stm32h7x.cfg,not_validated,STM32H7xx_DFP,4.1.3,https://www.keil.com/pack/Keil.STM32H7xx_DFP.pdsc
STMicroelectronics,STM32H7 Series,STM32H725,STM32H725IETx,ordering_pattern,tcl/target/stm32h7x.cfg,not_validated,STM32H7xx_DFP,4.1.3,https://www.keil.com/pack/Keil.STM32H7xx_DFP.pdsc
STMicroelectronics,STM32H7 Series,STM32H725,STM32H725IGKx,ordering_pattern,tcl/target/stm32h7x.cfg,not_validated,STM32H7xx_DFP,4.1.3,https://www.keil.com/pack/Keil.STM32H7xx_DFP.pdsc
STMicroelectronics,STM32H7 Series,STM32H725,STM32H725IGTx,ordering_pattern,tcl/target/stm32h7x.cfg,not_validated,STM32H7xx_DFP,4.1.3,https://www.keil.com/pack/Keil.STM32H7xx_DFP.pdsc
STMicroelectronics,STM32H7 Series,STM32H725,STM32H725REVx,ordering_pattern,tcl/target/stm32h7x.cfg,not_validated,STM32H7xx_DFP,4.1.3,https://www.keil.com/pack/Keil.STM32H7xx_DFP.pdsc
STMicroelectronics,STM32H7 Series,STM32H725,STM32H725RGVx,ordering_pattern,tcl/target/stm32h7x.cfg,not_validated,STM32H7xx_DFP,4.1.3,https://www.keil.com/pack/Keil.STM32H7xx_DFP.pdsc
STMicroelectronics,STM32H7 Series,STM32H725,STM32H725VEHx,ordering_pattern,tcl/target/stm32h7x.cfg,not_validated,STM32H7xx_DFP,4.1.3,https://www.keil.com/pack/Keil.STM32H7xx_DFP.pdsc
STMicroelectronics,STM32H7 Series,STM32H725,STM32H725VETx,ordering_pattern,tcl/target/stm32h7x.cfg,not_validated,STM32H7xx_DFP,4.1.3,https://www.keil.com/pack/Keil.STM32H7xx_DFP.pdsc
STMicroelectronics,STM32H7 Series,STM32H725,STM32H725VGHx,ordering_pattern,tcl/target/stm32h7x.cfg,not_validated,STM32H7xx_DFP,4.1.3,https://www.keil.com/pack/Keil.STM32H7xx_DFP.pdsc
STMicroelectronics,STM32H7 Series,STM32H725,STM32H725VGTx,ordering_pattern,tcl/target/stm32h7x.cfg,not_validated,STM32H7xx_DFP,4.1.3,https://www.keil.com/pack/Keil.STM32H7xx_DFP.pdsc
STMicroelectronics,STM32H7 Series,STM32H725,STM32H725VGYx,ordering_pattern,tcl/target/stm32h7x.cfg,not_validated,STM32H7xx_DFP,4.1.3,https://www.keil.com/pack/Keil.STM32H7xx_DFP.pdsc
STMicroelectronics,STM32H7 Series,STM32H725,STM32H725ZETx,ordering_pattern,tcl/target/stm32h7x.cfg,not_validated,STM32H7xx_DFP,4.1.3,https://www.keil.com/pack/Keil.STM32H7xx_DFP.pdsc
STMicroelectronics,STM32H7 Series,STM32H725,STM32H725ZGTx,ordering_pattern,tcl/target/stm32h7x.cfg,not_validated,STM32H7xx_DFP,4.1.3,https://www.keil.com/pack/Keil.STM32H7xx_DFP.pdsc
STMicroelectronics,STM32H7 Series,STM32H730,STM32H730ABIxQ,cmsis_device_name,tcl/target/stm32h7x.cfg,not_validated,STM32H7xx_DFP,4.1.3,https://www.keil.com/pack/Keil.STM32H7xx_DFP.pdsc
STMicroelectronics,STM32H7 Series,STM32H730,STM32H730IBKxQ,cmsis_device_name,tcl/target/stm32h7x.cfg,not_validated,STM32H7xx_DFP,4.1.3,https://www.keil.com/pack/Keil.STM32H7xx_DFP.pdsc
STMicroelectronics,STM32H7 Series,STM32H730,STM32H730IBTxQ,cmsis_device_name,tcl/target/stm32h7x.cfg,not_validated,STM32H7xx_DFP,4.1.3,https://www.keil.com/pack/Keil.STM32H7xx_DFP.pdsc
STMicroelectronics,STM32H7 Series,STM32H730,STM32H730VBHx,ordering_pattern,tcl/target/stm32h7x.cfg,not_validated,STM32H7xx_DFP,4.1.3,https://www.keil.com/pack/Keil.STM32H7xx_DFP.pdsc
STMicroelectronics,STM32H7 Series,STM32H730,STM32H730VBTx,ordering_pattern,tcl/target/stm32h7x.cfg,not_validated,STM32H7xx_DFP,4.1.3,https://www.keil.com/pack/Keil.STM32H7xx_DFP.pdsc
STMicroelectronics,STM32H7 Series,STM32H730,STM32H730ZBIx,ordering_pattern,tcl/target/stm32h7x.cfg,not_validated,STM32H7xx_DFP,4.1.3,https://www.keil.com/pack/Keil.STM32H7xx_DFP.pdsc
STMicroelectronics,STM32H7 Series,STM32H730,STM32H730ZBTx,ordering_pattern,tcl/target/stm32h7x.cfg,not_validated,STM32H7xx_DFP,4.1.3,https://www.keil.com/pack/Keil.STM32H7xx_DFP.pdsc
STMicroelectronics,STM32H7 Series,STM32H733,STM32H733VGHx,ordering_pattern,tcl/target/stm32h7x.cfg,not_validated,STM32H7xx_DFP,4.1.3,https://www.keil.com/pack/Keil.STM32H7xx_DFP.pdsc
STMicroelectronics,STM32H7 Series,STM32H733,STM32H733VGTx,ordering_pattern,tcl/target/stm32h7x.cfg,not_validated,STM32H7xx_DFP,4.1.3,https://www.keil.com/pack/Keil.STM32H7xx_DFP.pdsc
STMicroelectronics,STM32H7 Series,STM32H733,STM32H733ZGIx,ordering_pattern,tcl/target/stm32h7x.cfg,not_validated,STM32H7xx_DFP,4.1.3,https://www.keil.com/pack/Keil.STM32H7xx_DFP.pdsc
STMicroelectronics,STM32H7 Series,STM32H733,STM32H733ZGTx,ordering_pattern,tcl/target/stm32h7x.cfg,not_validated,STM32H7xx_DFP,4.1.3,https://www.keil.com/pack/Keil.STM32H7xx_DFP.pdsc
STMicroelectronics,STM32H7 Series,STM32H735,STM32H735AGIx,ordering_pattern,tcl/target/stm32h7x.cfg,not_validated,STM32H7xx_DFP,4.1.3,https://www.keil.com/pack/Keil.STM32H7xx_DFP.pdsc
STMicroelectronics,STM32H7 Series,STM32H735,STM32H735IGKx,ordering_pattern,tcl/target/stm32h7x.cfg,not_validated,STM32H7xx_DFP,4.1.3,https://www.keil.com/pack/Keil.STM32H7xx_DFP.pdsc
STMicroelectronics,STM32H7 Series,STM32H735,STM32H735IGTx,ordering_pattern,tcl/target/stm32h7x.cfg,not_validated,STM32H7xx_DFP,4.1.3,https://www.keil.com/pack/Keil.STM32H7xx_DFP.pdsc
STMicroelectronics,STM32H7 Series,STM32H735,STM32H735RGVx,ordering_pattern,tcl/target/stm32h7x.cfg,not_validated,STM32H7xx_DFP,4.1.3,https://www.keil.com/pack/Keil.STM32H7xx_DFP.pdsc
STMicroelectronics,STM32H7 Series,STM32H735,STM32H735VGHx,ordering_pattern,tcl/target/stm32h7x.cfg,not_validated,STM32H7xx_DFP,4.1.3,https://www.keil.com/pack/Keil.STM32H7xx_DFP.pdsc
STMicroelectronics,STM32H7 Series,STM32H735,STM32H735VGTx,ordering_pattern,tcl/target/stm32h7x.cfg,not_validated,STM32H7xx_DFP,4.1.3,https://www.keil.com/pack/Keil.STM32H7xx_DFP.pdsc
STMicroelectronics,STM32H7 Series,STM32H735,STM32H735VGYx,ordering_pattern,tcl/target/stm32h7x.cfg,not_validated,STM32H7xx_DFP,4.1.3,https://www.keil.com/pack/Keil.STM32H7xx_DFP.pdsc
STMicroelectronics,STM32H7 Series,STM32H735,STM32H735ZGTx,ordering_pattern,tcl/target/stm32h7x.cfg,not_validated,STM32H7xx_DFP,4.1.3,https://www.keil.com/pack/Keil.STM32H7xx_DFP.pdsc
STMicroelectronics,STM32H7 Series,STM32H742,STM32H742AGIx,ordering_pattern,tcl/target/stm32h7x.cfg,not_validated,STM32H7xx_DFP,4.1.3,https://www.keil.com/pack/Keil.STM32H7xx_DFP.pdsc
STMicroelectronics,STM32H7 Series,STM32H742,STM32H742AIIx,ordering_pattern,tcl/target/stm32h7x.cfg,not_validated,STM32H7xx_DFP,4.1.3,https://www.keil.com/pack/Keil.STM32H7xx_DFP.pdsc
STMicroelectronics,STM32H7 Series,STM32H742,STM32H742BGTx,ordering_pattern,tcl/target/stm32h7x.cfg,not_validated,STM32H7xx_DFP,4.1.3,https://www.keil.com/pack/Keil.STM32H7xx_DFP.pdsc
STMicroelectronics,STM32H7 Series,STM32H742,STM32H742BITx,ordering_pattern,tcl/target/stm32h7x.cfg,not_validated,STM32H7xx_DFP,4.1.3,https://www.keil.com/pack/Keil.STM32H7xx_DFP.pdsc
STMicroelectronics,STM32H7 Series,STM32H742,STM32H742IGKx,ordering_pattern,tcl/target/stm32h7x.cfg,not_validated,STM32H7xx_DFP,4.1.3,https://www.keil.com/pack/Keil.STM32H7xx_DFP.pdsc
STMicroelectronics,STM32H7 Series,STM32H742,STM32H742IGTx,ordering_pattern,tcl/target/stm32h7x.cfg,not_validated,STM32H7xx_DFP,4.1.3,https://www.keil.com/pack/Keil.STM32H7xx_DFP.pdsc
STMicroelectronics,STM32H7 Series,STM32H742,STM32H742IIKx,ordering_pattern,tcl/target/stm32h7x.cfg,not_validated,STM32H7xx_DFP,4.1.3,https://www.keil.com/pack/Keil.STM32H7xx_DFP.pdsc
STMicroelectronics,STM32H7 Series,STM32H742,STM32H742IITx,ordering_pattern,tcl/target/stm32h7x.cfg,not_validated,STM32H7xx_DFP,4.1.3,https://www.keil.com/pack/Keil.STM32H7xx_DFP.pdsc
STMicroelectronics,STM32H7 Series,STM32H742,STM32H742VGHx,ordering_pattern,tcl/target/stm32h7x.cfg,not_validated,STM32H7xx_DFP,4.1.3,https://www.keil.com/pack/Keil.STM32H7xx_DFP.pdsc
STMicroelectronics,STM32H7 Series,STM32H742,STM32H742VGTx,ordering_pattern,tcl/target/stm32h7x.cfg,not_validated,STM32H7xx_DFP,4.1.3,https://www.keil.com/pack/Keil.STM32H7xx_DFP.pdsc
STMicroelectronics,STM32H7 Series,STM32H742,STM32H742VIHx,ordering_pattern,tcl/target/stm32h7x.cfg,not_validated,STM32H7xx_DFP,4.1.3,https://www.keil.com/pack/Keil.STM32H7xx_DFP.pdsc
STMicroelectronics,STM32H7 Series,STM32H742,STM32H742VITx,ordering_pattern,tcl/target/stm32h7x.cfg,not_validated,STM32H7xx_DFP,4.1.3,https://www.keil.com/pack/Keil.STM32H7xx_DFP.pdsc
STMicroelectronics,STM32H7 Series,STM32H742,STM32H742XGHx,ordering_pattern,tcl/target/stm32h7x.cfg,not_validated,STM32H7xx_DFP,4.1.3,https://www.keil.com/pack/Keil.STM32H7xx_DFP.pdsc
STMicroelectronics,STM32H7 Series,STM32H742,STM32H742XIHx,ordering_pattern,tcl/target/stm32h7x.cfg,not_validated,STM32H7xx_DFP,4.1.3,https://www.keil.com/pack/Keil.STM32H7xx_DFP.pdsc
STMicroelectronics,STM32H7 Series,STM32H742,STM32H742ZGTx,ordering_pattern,tcl/target/stm32h7x.cfg,not_validated,STM32H7xx_DFP,4.1.3,https://www.keil.com/pack/Keil.STM32H7xx_DFP.pdsc
STMicroelectronics,STM32H7 Series,STM32H742,STM32H742ZITx,ordering_pattern,tcl/target/stm32h7x.cfg,not_validated,STM32H7xx_DFP,4.1.3,https://www.keil.com/pack/Keil.STM32H7xx_DFP.pdsc
STMicroelectronics,STM32H7 Series,STM32H743,STM32H743AGIx,ordering_pattern,tcl/target/stm32h7x.cfg,not_validated,STM32H7xx_DFP,4.1.3,https://www.keil.com/pack/Keil.STM32H7xx_DFP.pdsc
STMicroelectronics,STM32H7 Series,STM32H743,STM32H743AIIx,ordering_pattern,tcl/target/stm32h7x.cfg,not_validated,STM32H7xx_DFP,4.1.3,https://www.keil.com/pack/Keil.STM32H7xx_DFP.pdsc
STMicroelectronics,STM32H7 Series,STM32H743,STM32H743BGTx,ordering_pattern,tcl/target/stm32h7x.cfg,not_validated,STM32H7xx_DFP,4.1.3,https://www.keil.com/pack/Keil.STM32H7xx_DFP.pdsc
STMicroelectronics,STM32H7 Series,STM32H743,STM32H743BITx,ordering_pattern,tcl/target/stm32h7x.cfg,not_validated,STM32H7xx_DFP,4.1.3,https://www.keil.com/pack/Keil.STM32H7xx_DFP.pdsc
STMicroelectronics,STM32H7 Series,STM32H743,STM32H743IGKx,ordering_pattern,tcl/target/stm32h7x.cfg,not_validated,STM32H7xx_DFP,4.1.3,https://www.keil.com/pack/Keil.STM32H7xx_DFP.pdsc
STMicroelectronics,STM32H7 Series,STM32H743,STM32H743IGTx,ordering_pattern,tcl/target/stm32h7x.cfg,not_validated,STM32H7xx_DFP,4.1.3,https://www.keil.com/pack/Keil.STM32H7xx_DFP.pdsc
STMicroelectronics,STM32H7 Series,STM32H743,STM32H743IIKx,ordering_pattern,tcl/target/stm32h7x.cfg,not_validated,STM32H7xx_DFP,4.1.3,https://www.keil.com/pack/Keil.STM32H7xx_DFP.pdsc
STMicroelectronics,STM32H7 Series,STM32H743,STM32H743IITx,ordering_pattern,tcl/target/stm32h7x.cfg,not_validated,STM32H7xx_DFP,4.1.3,https://www.keil.com/pack/Keil.STM32H7xx_DFP.pdsc
STMicroelectronics,STM32H7 Series,STM32H743,STM32H743VGHx,ordering_pattern,tcl/target/stm32h7x.cfg,not_validated,STM32H7xx_DFP,4.1.3,https://www.keil.com/pack/Keil.STM32H7xx_DFP.pdsc
STMicroelectronics,STM32H7 Series,STM32H743,STM32H743VGTx,ordering_pattern,tcl/target/stm32h7x.cfg,not_validated,STM32H7xx_DFP,4.1.3,https://www.keil.com/pack/Keil.STM32H7xx_DFP.pdsc
STMicroelectronics,STM32H7 Series,STM32H743,STM32H743VIHx,ordering_pattern,tcl/target/stm32h7x.cfg,not_validated,STM32H7xx_DFP,4.1.3,https://www.keil.com/pack/Keil.STM32H7xx_DFP.pdsc
STMicroelectronics,STM32H7 Series,STM32H743,STM32H743VITx,ordering_pattern,tcl/target/stm32h7x.cfg,not_validated,STM32H7xx_DFP,4.1.3,https://www.keil.com/pack/Keil.STM32H7xx_DFP.pdsc
STMicroelectronics,STM32H7 Series,STM32H743,STM32H743XGHx,ordering_pattern,tcl/target/stm32h7x.cfg,not_validated,STM32H7xx_DFP,4.1.3,https://www.keil.com/pack/Keil.STM32H7xx_DFP.pdsc
STMicroelectronics,STM32H7 Series,STM32H743,STM32H743XIHx,ordering_pattern,tcl/target/stm32h7x.cfg,not_validated,STM32H7xx_DFP,4.1.3,https://www.keil.com/pack/Keil.STM32H7xx_DFP.pdsc
STMicroelectronics,STM32H7 Series,STM32H743,STM32H743ZGTx,ordering_pattern,tcl/target/stm32h7x.cfg,not_validated,STM32H7xx_DFP,4.1.3,https://www.keil.com/pack/Keil.STM32H7xx_DFP.pdsc
STMicroelectronics,STM32H7 Series,STM32H743,STM32H743ZITx,ordering_pattern,tcl/target/stm32h7x.cfg,not_validated,STM32H7xx_DFP,4.1.3,https://www.keil.com/pack/Keil.STM32H7xx_DFP.pdsc
STMicroelectronics,STM32H7 Series,STM32H745,STM32H745BGTx,ordering_pattern,tcl/target/stm32h7x.cfg,not_validated,STM32H7xx_DFP,4.1.3,https://www.keil.com/pack/Keil.STM32H7xx_DFP.pdsc
STMicroelectronics,STM32H7 Series,STM32H745,STM32H745BITx,ordering_pattern,tcl/target/stm32h7x.cfg,not_validated,STM32H7xx_DFP,4.1.3,https://www.keil.com/pack/Keil.STM32H7xx_DFP.pdsc
STMicroelectronics,STM32H7 Series,STM32H745,STM32H745IGKx,ordering_pattern,tcl/target/stm32h7x.cfg,not_validated,STM32H7xx_DFP,4.1.3,https://www.keil.com/pack/Keil.STM32H7xx_DFP.pdsc
STMicroelectronics,STM32H7 Series,STM32H745,STM32H745IGTx,ordering_pattern,tcl/target/stm32h7x.cfg,not_validated,STM32H7xx_DFP,4.1.3,https://www.keil.com/pack/Keil.STM32H7xx_DFP.pdsc
STMicroelectronics,STM32H7 Series,STM32H745,STM32H745IIKx,ordering_pattern,tcl/target/stm32h7x.cfg,not_validated,STM32H7xx_DFP,4.1.3,https://www.keil.com/pack/Keil.STM32H7xx_DFP.pdsc
STMicroelectronics,STM32H7 Series,STM32H745,STM32H745IITx,ordering_pattern,tcl/target/stm32h7x.cfg,not_validated,STM32H7xx_DFP,4.1.3,https://www.keil.com/pack/Keil.STM32H7xx_DFP.pdsc
STMicroelectronics,STM32H7 Series,STM32H745,STM32H745XGHx,ordering_pattern,tcl/target/stm32h7x.cfg,not_validated,STM32H7xx_DFP,4.1.3,https://www.keil.com/pack/Keil.STM32H7xx_DFP.pdsc
STMicroelectronics,STM32H7 Series,STM32H745,STM32H745XIHx,ordering_pattern,tcl/target/stm32h7x.cfg,not_validated,STM32H7xx_DFP,4.1.3,https://www.keil.com/pack/Keil.STM32H7xx_DFP.pdsc
STMicroelectronics,STM32H7 Series,STM32H745,STM32H745ZGTx,ordering_pattern,tcl/target/stm32h7x.cfg,not_validated,STM32H7xx_DFP,4.1.3,https://www.keil.com/pack/Keil.STM32H7xx_DFP.pdsc
STMicroelectronics,STM32H7 Series,STM32H745,STM32H745ZITx,ordering_pattern,tcl/target/stm32h7x.cfg,not_validated,STM32H7xx_DFP,4.1.3,https://www.keil.com/pack/Keil.STM32H7xx_DFP.pdsc
STMicroelectronics,STM32H7 Series,STM32H747,STM32H747AGIx,ordering_pattern,tcl/target/stm32h7x.cfg,not_validated,STM32H7xx_DFP,4.1.3,https://www.keil.com/pack/Keil.STM32H7xx_DFP.pdsc
STMicroelectronics,STM32H7 Series,STM32H747,STM32H747AIIx,ordering_pattern,tcl/target/stm32h7x.cfg,not_validated,STM32H7xx_DFP,4.1.3,https://www.keil.com/pack/Keil.STM32H7xx_DFP.pdsc
STMicroelectronics,STM32H7 Series,STM32H747,STM32H747BGTx,ordering_pattern,tcl/target/stm32h7x.cfg,not_validated,STM32H7xx_DFP,4.1.3,https://www.keil.com/pack/Keil.STM32H7xx_DFP.pdsc
STMicroelectronics,STM32H7 Series,STM32H747,STM32H747BITx,ordering_pattern,tcl/target/stm32h7x.cfg,not_validated,STM32H7xx_DFP,4.1.3,https://www.keil.com/pack/Keil.STM32H7xx_DFP.pdsc
STMicroelectronics,STM32H7 Series,STM32H747,STM32H747IGTx,ordering_pattern,tcl/target/stm32h7x.cfg,not_validated,STM32H7xx_DFP,4.1.3,https://www.keil.com/pack/Keil.STM32H7xx_DFP.pdsc
STMicroelectronics,STM32H7 Series,STM32H747,STM32H747IITx,ordering_pattern,tcl/target/stm32h7x.cfg,not_validated,STM32H7xx_DFP,4.1.3,https://www.keil.com/pack/Keil.STM32H7xx_DFP.pdsc
STMicroelectronics,STM32H7 Series,STM32H747,STM32H747XGHx,ordering_pattern,tcl/target/stm32h7x.cfg,not_validated,STM32H7xx_DFP,4.1.3,https://www.keil.com/pack/Keil.STM32H7xx_DFP.pdsc
STMicroelectronics,STM32H7 Series,STM32H747,STM32H747XIHx,ordering_pattern,tcl/target/stm32h7x.cfg,not_validated,STM32H7xx_DFP,4.1.3,https://www.keil.com/pack/Keil.STM32H7xx_DFP.pdsc
STMicroelectronics,STM32H7 Series,STM32H747,STM32H747ZIYx,ordering_pattern,tcl/target/stm32h7x.cfg,not_validated,STM32H7xx_DFP,4.1.3,https://www.keil.com/pack/Keil.STM32H7xx_DFP.pdsc
STMicroelectronics,STM32H7 Series,STM32H750,STM32H750IBKx,ordering_pattern,tcl/target/stm32h7x.cfg,not_validated,STM32H7xx_DFP,4.1.3,https://www.keil.com/pack/Keil.STM32H7xx_DFP.pdsc
STMicroelectronics,STM32H7 Series,STM32H750,STM32H750IBTx,ordering_pattern,tcl/target/stm32h7x.cfg,not_validated,STM32H7xx_DFP,4.1.3,https://www.keil.com/pack/Keil.STM32H7xx_DFP.pdsc
STMicroelectronics,STM32H7 Series,STM32H750,STM32H750VBTx,ordering_pattern,tcl/target/stm32h7x.cfg,not_validated,STM32H7xx_DFP,4.1.3,https://www.keil.com/pack/Keil.STM32H7xx_DFP.pdsc
STMicroelectronics,STM32H7 Series,STM32H750,STM32H750XBHx,ordering_pattern,tcl/target/stm32h7x.cfg,not_validated,STM32H7xx_DFP,4.1.3,https://www.keil.com/pack/Keil.STM32H7xx_DFP.pdsc
STMicroelectronics,STM32H7 Series,STM32H750,STM32H750ZBTx,ordering_pattern,tcl/target/stm32h7x.cfg,not_validated,STM32H7xx_DFP,4.1.3,https://www.keil.com/pack/Keil.STM32H7xx_DFP.pdsc
STMicroelectronics,STM32H7 Series,STM32H753,STM32H753AIIx,ordering_pattern,tcl/target/stm32h7x.cfg,not_validated,STM32H7xx_DFP,4.1.3,https://www.keil.com/pack/Keil.STM32H7xx_DFP.pdsc
STMicroelectronics,STM32H7 Series,STM32H753,STM32H753BITx,ordering_pattern,tcl/target/stm32h7x.cfg,not_validated,STM32H7xx_DFP,4.1.3,https://www.keil.com/pack/Keil.STM32H7xx_DFP.pdsc
STMicroelectronics,STM32H7 Series,STM32H753,STM32H753IIKx,ordering_pattern,tcl/target/stm32h7x.cfg,not_validated,STM32H7xx_DFP,4.1.3,https://www.keil.com/pack/Keil.STM32H7xx_DFP.pdsc
STMicroelectronics,STM32H7 Series,STM32H753,STM32H753IITx,ordering_pattern,tcl/target/stm32h7x.cfg,not_validated,STM32H7xx_DFP,4.1.3,https://www.keil.com/pack/Keil.STM32H7xx_DFP.pdsc
STMicroelectronics,STM32H7 Series,STM32H753,STM32H753VIHx,ordering_pattern,tcl/target/stm32h7x.cfg,not_validated,STM32H7xx_DFP,4.1.3,https://www.keil.com/pack/Keil.STM32H7xx_DFP.pdsc
STMicroelectronics,STM32H7 Series,STM32H753,STM32H753VITx,ordering_pattern,tcl/target/stm32h7x.cfg,not_validated,STM32H7xx_DFP,4.1.3,https://www.keil.com/pack/Keil.STM32H7xx_DFP.pdsc
STMicroelectronics,STM32H7 Series,STM32H753,STM32H753XIHx,ordering_pattern,tcl/target/stm32h7x.cfg,not_validated,STM32H7xx_DFP,4.1.3,https://www.keil.com/pack/Keil.STM32H7xx_DFP.pdsc
STMicroelectronics,STM32H7 Series,STM32H753,STM32H753ZITx,ordering_pattern,tcl/target/stm32h7x.cfg,not_validated,STM32H7xx_DFP,4.1.3,https://www.keil.com/pack/Keil.STM32H7xx_DFP.pdsc
STMicroelectronics,STM32H7 Series,STM32H755,STM32H755BITx,ordering_pattern,tcl/target/stm32h7x.cfg,not_validated,STM32H7xx_DFP,4.1.3,https://www.keil.com/pack/Keil.STM32H7xx_DFP.pdsc
STMicroelectronics,STM32H7 Series,STM32H755,STM32H755IIKx,ordering_pattern,tcl/target/stm32h7x.cfg,not_validated,STM32H7xx_DFP,4.1.3,https://www.keil.com/pack/Keil.STM32H7xx_DFP.pdsc
STMicroelectronics,STM32H7 Series,STM32H755,STM32H755IITx,ordering_pattern,tcl/target/stm32h7x.cfg,not_validated,STM32H7xx_DFP,4.1.3,https://www.keil.com/pack/Keil.STM32H7xx_DFP.pdsc
STMicroelectronics,STM32H7 Series,STM32H755,STM32H755XIHx,ordering_pattern,tcl/target/stm32h7x.cfg,not_validated,STM32H7xx_DFP,4.1.3,https://www.keil.com/pack/Keil.STM32H7xx_DFP.pdsc
STMicroelectronics,STM32H7 Series,STM32H755,STM32H755ZITx,ordering_pattern,tcl/target/stm32h7x.cfg,not_validated,STM32H7xx_DFP,4.1.3,https://www.keil.com/pack/Keil.STM32H7xx_DFP.pdsc
STMicroelectronics,STM32H7 Series,STM32H757,STM32H757AIIx,ordering_pattern,tcl/target/stm32h7x.cfg,not_validated,STM32H7xx_DFP,4.1.3,https://www.keil.com/pack/Keil.STM32H7xx_DFP.pdsc
STMicroelectronics,STM32H7 Series,STM32H757,STM32H757BITx,ordering_pattern,tcl/target/stm32h7x.cfg,not_validated,STM32H7xx_DFP,4.1.3,https://www.keil.com/pack/Keil.STM32H7xx_DFP.pdsc
STMicroelectronics,STM32H7 Series,STM32H757,STM32H757IITx,ordering_pattern,tcl/target/stm32h7x.cfg,not_validated,STM32H7xx_DFP,4.1.3,https://www.keil.com/pack/Keil.STM32H7xx_DFP.pdsc
STMicroelectronics,STM32H7 Series,STM32H757,STM32H757XIHx,ordering_pattern,tcl/target/stm32h7x.cfg,not_validated,STM32H7xx_DFP,4.1.3,https://www.keil.com/pack/Keil.STM32H7xx_DFP.pdsc
STMicroelectronics,STM32H7 Series,STM32H757,STM32H757ZIYx,ordering_pattern,tcl/target/stm32h7x.cfg,not_validated,STM32H7xx_DFP,4.1.3,https://www.keil.com/pack/Keil.STM32H7xx_DFP.pdsc
STMicroelectronics,STM32H7 Series,STM32H7A3,STM32H7A3AGIxQ,cmsis_device_name,tcl/target/stm32h7x.cfg,not_validated,STM32H7xx_DFP,4.1.3,https://www.keil.com/pack/Keil.STM32H7xx_DFP.pdsc
STMicroelectronics,STM32H7 Series,STM32H7A3,STM32H7A3AIIxQ,cmsis_device_name,tcl/target/stm32h7x.cfg,not_validated,STM32H7xx_DFP,4.1.3,https://www.keil.com/pack/Keil.STM32H7xx_DFP.pdsc
STMicroelectronics,STM32H7 Series,STM32H7A3,STM32H7A3IGKx,ordering_pattern,tcl/target/stm32h7x.cfg,not_validated,STM32H7xx_DFP,4.1.3,https://www.keil.com/pack/Keil.STM32H7xx_DFP.pdsc
STMicroelectronics,STM32H7 Series,STM32H7A3,STM32H7A3IGKxQ,cmsis_device_name,tcl/target/stm32h7x.cfg,not_validated,STM32H7xx_DFP,4.1.3,https://www.keil.com/pack/Keil.STM32H7xx_DFP.pdsc
STMicroelectronics,STM32H7 Series,STM32H7A3,STM32H7A3IGTx,ordering_pattern,tcl/target/stm32h7x.cfg,not_validated,STM32H7xx_DFP,4.1.3,https://www.keil.com/pack/Keil.STM32H7xx_DFP.pdsc
STMicroelectronics,STM32H7 Series,STM32H7A3,STM32H7A3IGTxQ,cmsis_device_name,tcl/target/stm32h7x.cfg,not_validated,STM32H7xx_DFP,4.1.3,https://www.keil.com/pack/Keil.STM32H7xx_DFP.pdsc
STMicroelectronics,STM32H7 Series,STM32H7A3,STM32H7A3IIKx,ordering_pattern,tcl/target/stm32h7x.cfg,not_validated,STM32H7xx_DFP,4.1.3,https://www.keil.com/pack/Keil.STM32H7xx_DFP.pdsc
STMicroelectronics,STM32H7 Series,STM32H7A3,STM32H7A3IIKxQ,cmsis_device_name,tcl/target/stm32h7x.cfg,not_validated,STM32H7xx_DFP,4.1.3,https://www.keil.com/pack/Keil.STM32H7xx_DFP.pdsc
STMicroelectronics,STM32H7 Series,STM32H7A3,STM32H7A3IITx,ordering_pattern,tcl/target/stm32h7x.cfg,not_validated,STM32H7xx_DFP,4.1.3,https://www.keil.com/pack/Keil.STM32H7xx_DFP.pdsc
STMicroelectronics,STM32H7 Series,STM32H7A3,STM32H7A3IITxQ,cmsis_device_name,tcl/target/stm32h7x.cfg,not_validated,STM32H7xx_DFP,4.1.3,https://www.keil.com/pack/Keil.STM32H7xx_DFP.pdsc
STMicroelectronics,STM32H7 Series,STM32H7A3,STM32H7A3LGHxQ,cmsis_device_name,tcl/target/stm32h7x.cfg,not_validated,STM32H7xx_DFP,4.1.3,https://www.keil.com/pack/Keil.STM32H7xx_DFP.pdsc
STMicroelectronics,STM32H7 Series,STM32H7A3,STM32H7A3LIHxQ,cmsis_device_name,tcl/target/stm32h7x.cfg,not_validated,STM32H7xx_DFP,4.1.3,https://www.keil.com/pack/Keil.STM32H7xx_DFP.pdsc
STMicroelectronics,STM32H7 Series,STM32H7A3,STM32H7A3NGHx,ordering_pattern,tcl/target/stm32h7x.cfg,not_validated,STM32H7xx_DFP,4.1.3,https://www.keil.com/pack/Keil.STM32H7xx_DFP.pdsc
STMicroelectronics,STM32H7 Series,STM32H7A3,STM32H7A3NIHx,ordering_pattern,tcl/target/stm32h7x.cfg,not_validated,STM32H7xx_DFP,4.1.3,https://www.keil.com/pack/Keil.STM32H7xx_DFP.pdsc
STMicroelectronics,STM32H7 Series,STM32H7A3,STM32H7A3QIYxQ,cmsis_device_name,tcl/target/stm32h7x.cfg,not_validated,STM32H7xx_DFP,4.1.3,https://www.keil.com/pack/Keil.STM32H7xx_DFP.pdsc
STMicroelectronics,STM32H7 Series,STM32H7A3,STM32H7A3RGTx,ordering_pattern,tcl/target/stm32h7x.cfg,not_validated,STM32H7xx_DFP,4.1.3,https://www.keil.com/pack/Keil.STM32H7xx_DFP.pdsc
STMicroelectronics,STM32H7 Series,STM32H7A3,STM32H7A3RITx,ordering_pattern,tcl/target/stm32h7x.cfg,not_validated,STM32H7xx_DFP,4.1.3,https://www.keil.com/pack/Keil.STM32H7xx_DFP.pdsc
STMicroelectronics,STM32H7 Series,STM32H7A3,STM32H7A3VGHx,ordering_pattern,tcl/target/stm32h7x.cfg,not_validated,STM32H7xx_DFP,4.1.3,https://www.keil.com/pack/Keil.STM32H7xx_DFP.pdsc
STMicroelectronics,STM32H7 Series,STM32H7A3,STM32H7A3VGHxQ,cmsis_device_name,tcl/target/stm32h7x.cfg,not_validated,STM32H7xx_DFP,4.1.3,https://www.keil.com/pack/Keil.STM32H7xx_DFP.pdsc
STMicroelectronics,STM32H7 Series,STM32H7A3,STM32H7A3VGTx,ordering_pattern,tcl/target/stm32h7x.cfg,not_validated,STM32H7xx_DFP,4.1.3,https://www.keil.com/pack/Keil.STM32H7xx_DFP.pdsc
STMicroelectronics,STM32H7 Series,STM32H7A3,STM32H7A3VGTxQ,cmsis_device_name,tcl/target/stm32h7x.cfg,not_validated,STM32H7xx_DFP,4.1.3,https://www.keil.com/pack/Keil.STM32H7xx_DFP.pdsc
STMicroelectronics,STM32H7 Series,STM32H7A3,STM32H7A3VIHx,ordering_pattern,tcl/target/stm32h7x.cfg,not_validated,STM32H7xx_DFP,4.1.3,https://www.keil.com/pack/Keil.STM32H7xx_DFP.pdsc
STMicroelectronics,STM32H7 Series,STM32H7A3,STM32H7A3VIHxQ,cmsis_device_name,tcl/target/stm32h7x.cfg,not_validated,STM32H7xx_DFP,4.1.3,https://www.keil.com/pack/Keil.STM32H7xx_DFP.pdsc
STMicroelectronics,STM32H7 Series,STM32H7A3,STM32H7A3VITx,ordering_pattern,tcl/target/stm32h7x.cfg,not_validated,STM32H7xx_DFP,4.1.3,https://www.keil.com/pack/Keil.STM32H7xx_DFP.pdsc
STMicroelectronics,STM32H7 Series,STM32H7A3,STM32H7A3VITxQ,cmsis_device_name,tcl/target/stm32h7x.cfg,not_validated,STM32H7xx_DFP,4.1.3,https://www.keil.com/pack/Keil.STM32H7xx_DFP.pdsc
STMicroelectronics,STM32H7 Series,STM32H7A3,STM32H7A3ZGTx,ordering_pattern,tcl/target/stm32h7x.cfg,not_validated,STM32H7xx_DFP,4.1.3,https://www.keil.com/pack/Keil.STM32H7xx_DFP.pdsc
STMicroelectronics,STM32H7 Series,STM32H7A3,STM32H7A3ZGTxQ,cmsis_device_name,tcl/target/stm32h7x.cfg,not_validated,STM32H7xx_DFP,4.1.3,https://www.keil.com/pack/Keil.STM32H7xx_DFP.pdsc
STMicroelectronics,STM32H7 Series,STM32H7A3,STM32H7A3ZITx,ordering_pattern,tcl/target/stm32h7x.cfg,not_validated,STM32H7xx_DFP,4.1.3,https://www.keil.com/pack/Keil.STM32H7xx_DFP.pdsc
STMicroelectronics,STM32H7 Series,STM32H7A3,STM32H7A3ZITxQ,cmsis_device_name,tcl/target/stm32h7x.cfg,not_validated,STM32H7xx_DFP,4.1.3,https://www.keil.com/pack/Keil.STM32H7xx_DFP.pdsc
STMicroelectronics,STM32H7 Series,STM32H7B0,STM32H7B0ABIxQ,cmsis_device_name,tcl/target/stm32h7x.cfg,not_validated,STM32H7xx_DFP,4.1.3,https://www.keil.com/pack/Keil.STM32H7xx_DFP.pdsc
STMicroelectronics,STM32H7 Series,STM32H7B0,STM32H7B0IBKxQ,cmsis_device_name,tcl/target/stm32h7x.cfg,not_validated,STM32H7xx_DFP,4.1.3,https://www.keil.com/pack/Keil.STM32H7xx_DFP.pdsc
STMicroelectronics,STM32H7 Series,STM32H7B0,STM32H7B0IBTx,ordering_pattern,tcl/target/stm32h7x.cfg,not_validated,STM32H7xx_DFP,4.1.3,https://www.keil.com/pack/Keil.STM32H7xx_DFP.pdsc
STMicroelectronics,STM32H7 Series,STM32H7B0,STM32H7B0RBTx,ordering_pattern,tcl/target/stm32h7x.cfg,not_validated,STM32H7xx_DFP,4.1.3,https://www.keil.com/pack/Keil.STM32H7xx_DFP.pdsc
STMicroelectronics,STM32H7 Series,STM32H7B0,STM32H7B0VBTx,ordering_pattern,tcl/target/stm32h7x.cfg,not_validated,STM32H7xx_DFP,4.1.3,https://www.keil.com/pack/Keil.STM32H7xx_DFP.pdsc
STMicroelectronics,STM32H7 Series,STM32H7B0,STM32H7B0ZBTx,ordering_pattern,tcl/target/stm32h7x.cfg,not_validated,STM32H7xx_DFP,4.1.3,https://www.keil.com/pack/Keil.STM32H7xx_DFP.pdsc
STMicroelectronics,STM32H7 Series,STM32H7B3,STM32H7B3AIIxQ,cmsis_device_name,tcl/target/stm32h7x.cfg,not_validated,STM32H7xx_DFP,4.1.3,https://www.keil.com/pack/Keil.STM32H7xx_DFP.pdsc
STMicroelectronics,STM32H7 Series,STM32H7B3,STM32H7B3IIKx,ordering_pattern,tcl/target/stm32h7x.cfg,not_validated,STM32H7xx_DFP,4.1.3,https://www.keil.com/pack/Keil.STM32H7xx_DFP.pdsc
STMicroelectronics,STM32H7 Series,STM32H7B3,STM32H7B3IIKxQ,cmsis_device_name,tcl/target/stm32h7x.cfg,not_validated,STM32H7xx_DFP,4.1.3,https://www.keil.com/pack/Keil.STM32H7xx_DFP.pdsc
STMicroelectronics,STM32H7 Series,STM32H7B3,STM32H7B3IITx,ordering_pattern,tcl/target/stm32h7x.cfg,not_validated,STM32H7xx_DFP,4.1.3,https://www.keil.com/pack/Keil.STM32H7xx_DFP.pdsc
STMicroelectronics,STM32H7 Series,STM32H7B3,STM32H7B3IITxQ,cmsis_device_name,tcl/target/stm32h7x.cfg,not_validated,STM32H7xx_DFP,4.1.3,https://www.keil.com/pack/Keil.STM32H7xx_DFP.pdsc
STMicroelectronics,STM32H7 Series,STM32H7B3,STM32H7B3LIHxQ,cmsis_device_name,tcl/target/stm32h7x.cfg,not_validated,STM32H7xx_DFP,4.1.3,https://www.keil.com/pack/Keil.STM32H7xx_DFP.pdsc
STMicroelectronics,STM32H7 Series,STM32H7B3,STM32H7B3NIHx,ordering_pattern,tcl/target/stm32h7x.cfg,not_validated,STM32H7xx_DFP,4.1.3,https://www.keil.com/pack/Keil.STM32H7xx_DFP.pdsc
STMicroelectronics,STM32H7 Series,STM32H7B3,STM32H7B3QIYxQ,cmsis_device_name,tcl/target/stm32h7x.cfg,not_validated,STM32H7xx_DFP,4.1.3,https://www.keil.com/pack/Keil.STM32H7xx_DFP.pdsc
STMicroelectronics,STM32H7 Series,STM32H7B3,STM32H7B3RITx,ordering_pattern,tcl/target/stm32h7x.cfg,not_validated,STM32H7xx_DFP,4.1.3,https://www.keil.com/pack/Keil.STM32H7xx_DFP.pdsc
STMicroelectronics,STM32H7 Series,STM32H7B3,STM32H7B3VIHx,ordering_pattern,tcl/target/stm32h7x.cfg,not_validated,STM32H7xx_DFP,4.1.3,https://www.keil.com/pack/Keil.STM32H7xx_DFP.pdsc
STMicroelectronics,STM32H7 Series,STM32H7B3,STM32H7B3VIHxQ,cmsis_device_name,tcl/target/stm32h7x.cfg,not_validated,STM32H7xx_DFP,4.1.3,https://www.keil.com/pack/Keil.STM32H7xx_DFP.pdsc
STMicroelectronics,STM32H7 Series,STM32H7B3,STM32H7B3VITx,ordering_pattern,tcl/target/stm32h7x.cfg,not_validated,STM32H7xx_DFP,4.1.3,https://www.keil.com/pack/Keil.STM32H7xx_DFP.pdsc
STMicroelectronics,STM32H7 Series,STM32H7B3,STM32H7B3VITxQ,cmsis_device_name,tcl/target/stm32h7x.cfg,not_validated,STM32H7xx_DFP,4.1.3,https://www.keil.com/pack/Keil.STM32H7xx_DFP.pdsc
STMicroelectronics,STM32H7 Series,STM32H7B3,STM32H7B3ZITx,ordering_pattern,tcl/target/stm32h7x.cfg,not_validated,STM32H7xx_DFP,4.1.3,https://www.keil.com/pack/Keil.STM32H7xx_DFP.pdsc
STMicroelectronics,STM32H7 Series,STM32H7B3,STM32H7B3ZITxQ,cmsis_device_name,tcl/target/stm32h7x.cfg,not_validated,STM32H7xx_DFP,4.1.3,https://www.keil.com/pack/Keil.STM32H7xx_DFP.pdsc
STMicroelectronics,STM32H7RS Series,STM32H7R3,STM32H7R3A8Ix,ordering_pattern,tcl/target/stm32h7x.cfg,not_validated,STM32H7RSxx_DFP,1.1.0,https://www.keil.com/pack/Keil.STM32H7RSxx_DFP.pdsc
STMicroelectronics,STM32H7RS Series,STM32H7R3,STM32H7R3I8Kx,ordering_pattern,tcl/target/stm32h7x.cfg,not_validated,STM32H7RSxx_DFP,1.1.0,https://www.keil.com/pack/Keil.STM32H7RSxx_DFP.pdsc
STMicroelectronics,STM32H7RS Series,STM32H7R3,STM32H7R3I8Tx,ordering_pattern,tcl/target/stm32h7x.cfg,not_validated,STM32H7RSxx_DFP,1.1.0,https://www.keil.com/pack/Keil.STM32H7RSxx_DFP.pdsc
STMicroelectronics,STM32H7RS Series,STM32H7R3,STM32H7R3L8Hx,ordering_pattern,tcl/target/stm32h7x.cfg,not_validated,STM32H7RSxx_DFP,1.1.0,https://www.keil.com/pack/Keil.STM32H7RSxx_DFP.pdsc
STMicroelectronics,STM32H7RS Series,STM32H7R3,STM32H7R3L8HxH,cmsis_device_name,tcl/target/stm32h7x.cfg,not_validated,STM32H7RSxx_DFP,1.1.0,https://www.keil.com/pack/Keil.STM32H7RSxx_DFP.pdsc
STMicroelectronics,STM32H7RS Series,STM32H7R3,STM32H7R3R8Vx,ordering_pattern,tcl/target/stm32h7x.cfg,not_validated,STM32H7RSxx_DFP,1.1.0,https://www.keil.com/pack/Keil.STM32H7RSxx_DFP.pdsc
STMicroelectronics,STM32H7RS Series,STM32H7R3,STM32H7R3V8Hx,ordering_pattern,tcl/target/stm32h7x.cfg,not_validated,STM32H7RSxx_DFP,1.1.0,https://www.keil.com/pack/Keil.STM32H7RSxx_DFP.pdsc
STMicroelectronics,STM32H7RS Series,STM32H7R3,STM32H7R3V8Tx,ordering_pattern,tcl/target/stm32h7x.cfg,not_validated,STM32H7RSxx_DFP,1.1.0,https://www.keil.com/pack/Keil.STM32H7RSxx_DFP.pdsc
STMicroelectronics,STM32H7RS Series,STM32H7R3,STM32H7R3V8Yx,ordering_pattern,tcl/target/stm32h7x.cfg,not_validated,STM32H7RSxx_DFP,1.1.0,https://www.keil.com/pack/Keil.STM32H7RSxx_DFP.pdsc
STMicroelectronics,STM32H7RS Series,STM32H7R3,STM32H7R3Z8Jx,ordering_pattern,tcl/target/stm32h7x.cfg,not_validated,STM32H7RSxx_DFP,1.1.0,https://www.keil.com/pack/Keil.STM32H7RSxx_DFP.pdsc
STMicroelectronics,STM32H7RS Series,STM32H7R3,STM32H7R3Z8Tx,ordering_pattern,tcl/target/stm32h7x.cfg,not_validated,STM32H7RSxx_DFP,1.1.0,https://www.keil.com/pack/Keil.STM32H7RSxx_DFP.pdsc
STMicroelectronics,STM32H7RS Series,STM32H7R7,STM32H7R7A8Ix,ordering_pattern,tcl/target/stm32h7x.cfg,not_validated,STM32H7RSxx_DFP,1.1.0,https://www.keil.com/pack/Keil.STM32H7RSxx_DFP.pdsc
STMicroelectronics,STM32H7RS Series,STM32H7R7,STM32H7R7I8Kx,ordering_pattern,tcl/target/stm32h7x.cfg,not_validated,STM32H7RSxx_DFP,1.1.0,https://www.keil.com/pack/Keil.STM32H7RSxx_DFP.pdsc
STMicroelectronics,STM32H7RS Series,STM32H7R7,STM32H7R7I8Tx,ordering_pattern,tcl/target/stm32h7x.cfg,not_validated,STM32H7RSxx_DFP,1.1.0,https://www.keil.com/pack/Keil.STM32H7RSxx_DFP.pdsc
STMicroelectronics,STM32H7RS Series,STM32H7R7,STM32H7R7L8Hx,ordering_pattern,tcl/target/stm32h7x.cfg,not_validated,STM32H7RSxx_DFP,1.1.0,https://www.keil.com/pack/Keil.STM32H7RSxx_DFP.pdsc
STMicroelectronics,STM32H7RS Series,STM32H7R7,STM32H7R7L8HxH,cmsis_device_name,tcl/target/stm32h7x.cfg,not_validated,STM32H7RSxx_DFP,1.1.0,https://www.keil.com/pack/Keil.STM32H7RSxx_DFP.pdsc
STMicroelectronics,STM32H7RS Series,STM32H7R7,STM32H7R7Z8Jx,ordering_pattern,tcl/target/stm32h7x.cfg,not_validated,STM32H7RSxx_DFP,1.1.0,https://www.keil.com/pack/Keil.STM32H7RSxx_DFP.pdsc
STMicroelectronics,STM32H7RS Series,STM32H7S3,STM32H7S3A8Ix,ordering_pattern,tcl/target/stm32h7x.cfg,not_validated,STM32H7RSxx_DFP,1.1.0,https://www.keil.com/pack/Keil.STM32H7RSxx_DFP.pdsc
STMicroelectronics,STM32H7RS Series,STM32H7S3,STM32H7S3I8Kx,ordering_pattern,tcl/target/stm32h7x.cfg,not_validated,STM32H7RSxx_DFP,1.1.0,https://www.keil.com/pack/Keil.STM32H7RSxx_DFP.pdsc
STMicroelectronics,STM32H7RS Series,STM32H7S3,STM32H7S3I8Tx,ordering_pattern,tcl/target/stm32h7x.cfg,not_validated,STM32H7RSxx_DFP,1.1.0,https://www.keil.com/pack/Keil.STM32H7RSxx_DFP.pdsc
STMicroelectronics,STM32H7RS Series,STM32H7S3,STM32H7S3L8Hx,ordering_pattern,tcl/target/stm32h7x.cfg,not_validated,STM32H7RSxx_DFP,1.1.0,https://www.keil.com/pack/Keil.STM32H7RSxx_DFP.pdsc
STMicroelectronics,STM32H7RS Series,STM32H7S3,STM32H7S3L8HxH,cmsis_device_name,tcl/target/stm32h7x.cfg,not_validated,STM32H7RSxx_DFP,1.1.0,https://www.keil.com/pack/Keil.STM32H7RSxx_DFP.pdsc
STMicroelectronics,STM32H7RS Series,STM32H7S3,STM32H7S3R8Vx,ordering_pattern,tcl/target/stm32h7x.cfg,not_validated,STM32H7RSxx_DFP,1.1.0,https://www.keil.com/pack/Keil.STM32H7RSxx_DFP.pdsc
STMicroelectronics,STM32H7RS Series,STM32H7S3,STM32H7S3V8Hx,ordering_pattern,tcl/target/stm32h7x.cfg,not_validated,STM32H7RSxx_DFP,1.1.0,https://www.keil.com/pack/Keil.STM32H7RSxx_DFP.pdsc
STMicroelectronics,STM32H7RS Series,STM32H7S3,STM32H7S3V8Tx,ordering_pattern,tcl/target/stm32h7x.cfg,not_validated,STM32H7RSxx_DFP,1.1.0,https://www.keil.com/pack/Keil.STM32H7RSxx_DFP.pdsc
STMicroelectronics,STM32H7RS Series,STM32H7S3,STM32H7S3V8Yx,ordering_pattern,tcl/target/stm32h7x.cfg,not_validated,STM32H7RSxx_DFP,1.1.0,https://www.keil.com/pack/Keil.STM32H7RSxx_DFP.pdsc
STMicroelectronics,STM32H7RS Series,STM32H7S3,STM32H7S3Z8Jx,ordering_pattern,tcl/target/stm32h7x.cfg,not_validated,STM32H7RSxx_DFP,1.1.0,https://www.keil.com/pack/Keil.STM32H7RSxx_DFP.pdsc
STMicroelectronics,STM32H7RS Series,STM32H7S3,STM32H7S3Z8Tx,ordering_pattern,tcl/target/stm32h7x.cfg,not_validated,STM32H7RSxx_DFP,1.1.0,https://www.keil.com/pack/Keil.STM32H7RSxx_DFP.pdsc
STMicroelectronics,STM32H7RS Series,STM32H7S7,STM32H7S7A8Ix,ordering_pattern,tcl/target/stm32h7x.cfg,not_validated,STM32H7RSxx_DFP,1.1.0,https://www.keil.com/pack/Keil.STM32H7RSxx_DFP.pdsc
STMicroelectronics,STM32H7RS Series,STM32H7S7,STM32H7S7I8Kx,ordering_pattern,tcl/target/stm32h7x.cfg,not_validated,STM32H7RSxx_DFP,1.1.0,https://www.keil.com/pack/Keil.STM32H7RSxx_DFP.pdsc
STMicroelectronics,STM32H7RS Series,STM32H7S7,STM32H7S7I8Tx,ordering_pattern,tcl/target/stm32h7x.cfg,not_validated,STM32H7RSxx_DFP,1.1.0,https://www.keil.com/pack/Keil.STM32H7RSxx_DFP.pdsc
STMicroelectronics,STM32H7RS Series,STM32H7S7,STM32H7S7L8Hx,ordering_pattern,tcl/target/stm32h7x.cfg,not_validated,STM32H7RSxx_DFP,1.1.0,https://www.keil.com/pack/Keil.STM32H7RSxx_DFP.pdsc
STMicroelectronics,STM32H7RS Series,STM32H7S7,STM32H7S7L8HxH,cmsis_device_name,tcl/target/stm32h7x.cfg,not_validated,STM32H7RSxx_DFP,1.1.0,https://www.keil.com/pack/Keil.STM32H7RSxx_DFP.pdsc
STMicroelectronics,STM32H7RS Series,STM32H7S7,STM32H7S7Z8Jx,ordering_pattern,tcl/target/stm32h7x.cfg,not_validated,STM32H7RSxx_DFP,1.1.0,https://www.keil.com/pack/Keil.STM32H7RSxx_DFP.pdsc
STMicroelectronics,STM32L0 Series,STM32L010,STM32L010C6Tx,ordering_pattern,tcl/target/stm32l0.cfg,not_validated,STM32L0xx_DFP,3.1.0,https://www.keil.com/pack/Keil.STM32L0xx_DFP.pdsc
STMicroelectronics,STM32L0 Series,STM32L010,STM32L010F4Px,ordering_pattern,tcl/target/stm32l0.cfg,not_validated,STM32L0xx_DFP,3.1.0,https://www.keil.com/pack/Keil.STM32L0xx_DFP.pdsc
STMicroelectronics,STM32L0 Series,STM32L010,STM32L010K4Tx,ordering_pattern,tcl/target/stm32l0.cfg,not_validated,STM32L0xx_DFP,3.1.0,https://www.keil.com/pack/Keil.STM32L0xx_DFP.pdsc
STMicroelectronics,STM32L0 Series,STM32L010,STM32L010K8Tx,ordering_pattern,tcl/target/stm32l0.cfg,not_validated,STM32L0xx_DFP,3.1.0,https://www.keil.com/pack/Keil.STM32L0xx_DFP.pdsc
STMicroelectronics,STM32L0 Series,STM32L010,STM32L010R8Tx,ordering_pattern,tcl/target/stm32l0.cfg,not_validated,STM32L0xx_DFP,3.1.0,https://www.keil.com/pack/Keil.STM32L0xx_DFP.pdsc
STMicroelectronics,STM32L0 Series,STM32L010,STM32L010RBTx,ordering_pattern,tcl/target/stm32l0.cfg,not_validated,STM32L0xx_DFP,3.1.0,https://www.keil.com/pack/Keil.STM32L0xx_DFP.pdsc
STMicroelectronics,STM32L0 Series,STM32L011,STM32L011D3Px,ordering_pattern,tcl/target/stm32l0.cfg,not_validated,STM32L0xx_DFP,3.1.0,https://www.keil.com/pack/Keil.STM32L0xx_DFP.pdsc
STMicroelectronics,STM32L0 Series,STM32L011,STM32L011D4Px,ordering_pattern,tcl/target/stm32l0.cfg,not_validated,STM32L0xx_DFP,3.1.0,https://www.keil.com/pack/Keil.STM32L0xx_DFP.pdsc
STMicroelectronics,STM32L0 Series,STM32L011,STM32L011E3Yx,ordering_pattern,tcl/target/stm32l0.cfg,not_validated,STM32L0xx_DFP,3.1.0,https://www.keil.com/pack/Keil.STM32L0xx_DFP.pdsc
STMicroelectronics,STM32L0 Series,STM32L011,STM32L011E4Yx,ordering_pattern,tcl/target/stm32l0.cfg,not_validated,STM32L0xx_DFP,3.1.0,https://www.keil.com/pack/Keil.STM32L0xx_DFP.pdsc
STMicroelectronics,STM32L0 Series,STM32L011,STM32L011F3Px,ordering_pattern,tcl/target/stm32l0.cfg,not_validated,STM32L0xx_DFP,3.1.0,https://www.keil.com/pack/Keil.STM32L0xx_DFP.pdsc
STMicroelectronics,STM32L0 Series,STM32L011,STM32L011F3Ux,ordering_pattern,tcl/target/stm32l0.cfg,not_validated,STM32L0xx_DFP,3.1.0,https://www.keil.com/pack/Keil.STM32L0xx_DFP.pdsc
STMicroelectronics,STM32L0 Series,STM32L011,STM32L011F4Px,ordering_pattern,tcl/target/stm32l0.cfg,not_validated,STM32L0xx_DFP,3.1.0,https://www.keil.com/pack/Keil.STM32L0xx_DFP.pdsc
STMicroelectronics,STM32L0 Series,STM32L011,STM32L011F4Ux,ordering_pattern,tcl/target/stm32l0.cfg,not_validated,STM32L0xx_DFP,3.1.0,https://www.keil.com/pack/Keil.STM32L0xx_DFP.pdsc
STMicroelectronics,STM32L0 Series,STM32L011,STM32L011G3Ux,ordering_pattern,tcl/target/stm32l0.cfg,not_validated,STM32L0xx_DFP,3.1.0,https://www.keil.com/pack/Keil.STM32L0xx_DFP.pdsc
STMicroelectronics,STM32L0 Series,STM32L011,STM32L011G4Ux,ordering_pattern,tcl/target/stm32l0.cfg,not_validated,STM32L0xx_DFP,3.1.0,https://www.keil.com/pack/Keil.STM32L0xx_DFP.pdsc
STMicroelectronics,STM32L0 Series,STM32L011,STM32L011K3Tx,ordering_pattern,tcl/target/stm32l0.cfg,not_validated,STM32L0xx_DFP,3.1.0,https://www.keil.com/pack/Keil.STM32L0xx_DFP.pdsc
STMicroelectronics,STM32L0 Series,STM32L011,STM32L011K3Ux,ordering_pattern,tcl/target/stm32l0.cfg,not_validated,STM32L0xx_DFP,3.1.0,https://www.keil.com/pack/Keil.STM32L0xx_DFP.pdsc
STMicroelectronics,STM32L0 Series,STM32L011,STM32L011K4Tx,ordering_pattern,tcl/target/stm32l0.cfg,not_validated,STM32L0xx_DFP,3.1.0,https://www.keil.com/pack/Keil.STM32L0xx_DFP.pdsc
STMicroelectronics,STM32L0 Series,STM32L011,STM32L011K4Ux,ordering_pattern,tcl/target/stm32l0.cfg,not_validated,STM32L0xx_DFP,3.1.0,https://www.keil.com/pack/Keil.STM32L0xx_DFP.pdsc
STMicroelectronics,STM32L0 Series,STM32L021,STM32L021D4Px,ordering_pattern,tcl/target/stm32l0.cfg,not_validated,STM32L0xx_DFP,3.1.0,https://www.keil.com/pack/Keil.STM32L0xx_DFP.pdsc
STMicroelectronics,STM32L0 Series,STM32L021,STM32L021F4Ux,ordering_pattern,tcl/target/stm32l0.cfg,not_validated,STM32L0xx_DFP,3.1.0,https://www.keil.com/pack/Keil.STM32L0xx_DFP.pdsc
STMicroelectronics,STM32L0 Series,STM32L021,STM32L021G4Ux,ordering_pattern,tcl/target/stm32l0.cfg,not_validated,STM32L0xx_DFP,3.1.0,https://www.keil.com/pack/Keil.STM32L0xx_DFP.pdsc
STMicroelectronics,STM32L0 Series,STM32L021,STM32L021K4Tx,ordering_pattern,tcl/target/stm32l0.cfg,not_validated,STM32L0xx_DFP,3.1.0,https://www.keil.com/pack/Keil.STM32L0xx_DFP.pdsc
STMicroelectronics,STM32L0 Series,STM32L031,STM32L031C4Tx,ordering_pattern,tcl/target/stm32l0.cfg,not_validated,STM32L0xx_DFP,3.1.0,https://www.keil.com/pack/Keil.STM32L0xx_DFP.pdsc
STMicroelectronics,STM32L0 Series,STM32L031,STM32L031C4Ux,ordering_pattern,tcl/target/stm32l0.cfg,not_validated,STM32L0xx_DFP,3.1.0,https://www.keil.com/pack/Keil.STM32L0xx_DFP.pdsc
STMicroelectronics,STM32L0 Series,STM32L031,STM32L031C6Tx,ordering_pattern,tcl/target/stm32l0.cfg,not_validated,STM32L0xx_DFP,3.1.0,https://www.keil.com/pack/Keil.STM32L0xx_DFP.pdsc
STMicroelectronics,STM32L0 Series,STM32L031,STM32L031C6Ux,ordering_pattern,tcl/target/stm32l0.cfg,not_validated,STM32L0xx_DFP,3.1.0,https://www.keil.com/pack/Keil.STM32L0xx_DFP.pdsc
STMicroelectronics,STM32L0 Series,STM32L031,STM32L031E4Yx,ordering_pattern,tcl/target/stm32l0.cfg,not_validated,STM32L0xx_DFP,3.1.0,https://www.keil.com/pack/Keil.STM32L0xx_DFP.pdsc
STMicroelectronics,STM32L0 Series,STM32L031,STM32L031E6Yx,ordering_pattern,tcl/target/stm32l0.cfg,not_validated,STM32L0xx_DFP,3.1.0,https://www.keil.com/pack/Keil.STM32L0xx_DFP.pdsc
STMicroelectronics,STM32L0 Series,STM32L031,STM32L031F4Px,ordering_pattern,tcl/target/stm32l0.cfg,not_validated,STM32L0xx_DFP,3.1.0,https://www.keil.com/pack/Keil.STM32L0xx_DFP.pdsc
STMicroelectronics,STM32L0 Series,STM32L031,STM32L031F6Px,ordering_pattern,tcl/target/stm32l0.cfg,not_validated,STM32L0xx_DFP,3.1.0,https://www.keil.com/pack/Keil.STM32L0xx_DFP.pdsc
STMicroelectronics,STM32L0 Series,STM32L031,STM32L031G4Ux,ordering_pattern,tcl/target/stm32l0.cfg,not_validated,STM32L0xx_DFP,3.1.0,https://www.keil.com/pack/Keil.STM32L0xx_DFP.pdsc
STMicroelectronics,STM32L0 Series,STM32L031,STM32L031G6Ux,ordering_pattern,tcl/target/stm32l0.cfg,not_validated,STM32L0xx_DFP,3.1.0,https://www.keil.com/pack/Keil.STM32L0xx_DFP.pdsc
STMicroelectronics,STM32L0 Series,STM32L031,STM32L031G6UxS,cmsis_device_name,tcl/target/stm32l0.cfg,not_validated,STM32L0xx_DFP,3.1.0,https://www.keil.com/pack/Keil.STM32L0xx_DFP.pdsc
STMicroelectronics,STM32L0 Series,STM32L031,STM32L031K4Ux,ordering_pattern,tcl/target/stm32l0.cfg,not_validated,STM32L0xx_DFP,3.1.0,https://www.keil.com/pack/Keil.STM32L0xx_DFP.pdsc
STMicroelectronics,STM32L0 Series,STM32L031,STM32L031K6Tx,ordering_pattern,tcl/target/stm32l0.cfg,not_validated,STM32L0xx_DFP,3.1.0,https://www.keil.com/pack/Keil.STM32L0xx_DFP.pdsc
STMicroelectronics,STM32L0 Series,STM32L031,STM32L031K6Ux,ordering_pattern,tcl/target/stm32l0.cfg,not_validated,STM32L0xx_DFP,3.1.0,https://www.keil.com/pack/Keil.STM32L0xx_DFP.pdsc
STMicroelectronics,STM32L0 Series,STM32L041,STM32L041C6Tx,ordering_pattern,tcl/target/stm32l0.cfg,not_validated,STM32L0xx_DFP,3.1.0,https://www.keil.com/pack/Keil.STM32L0xx_DFP.pdsc
STMicroelectronics,STM32L0 Series,STM32L041,STM32L041C6Ux,ordering_pattern,tcl/target/stm32l0.cfg,not_validated,STM32L0xx_DFP,3.1.0,https://www.keil.com/pack/Keil.STM32L0xx_DFP.pdsc
STMicroelectronics,STM32L0 Series,STM32L041,STM32L041E6Yx,ordering_pattern,tcl/target/stm32l0.cfg,not_validated,STM32L0xx_DFP,3.1.0,https://www.keil.com/pack/Keil.STM32L0xx_DFP.pdsc
STMicroelectronics,STM32L0 Series,STM32L041,STM32L041F6Px,ordering_pattern,tcl/target/stm32l0.cfg,not_validated,STM32L0xx_DFP,3.1.0,https://www.keil.com/pack/Keil.STM32L0xx_DFP.pdsc
STMicroelectronics,STM32L0 Series,STM32L041,STM32L041G6Ux,ordering_pattern,tcl/target/stm32l0.cfg,not_validated,STM32L0xx_DFP,3.1.0,https://www.keil.com/pack/Keil.STM32L0xx_DFP.pdsc
STMicroelectronics,STM32L0 Series,STM32L041,STM32L041G6UxS,cmsis_device_name,tcl/target/stm32l0.cfg,not_validated,STM32L0xx_DFP,3.1.0,https://www.keil.com/pack/Keil.STM32L0xx_DFP.pdsc
STMicroelectronics,STM32L0 Series,STM32L041,STM32L041K6Tx,ordering_pattern,tcl/target/stm32l0.cfg,not_validated,STM32L0xx_DFP,3.1.0,https://www.keil.com/pack/Keil.STM32L0xx_DFP.pdsc
STMicroelectronics,STM32L0 Series,STM32L041,STM32L041K6Ux,ordering_pattern,tcl/target/stm32l0.cfg,not_validated,STM32L0xx_DFP,3.1.0,https://www.keil.com/pack/Keil.STM32L0xx_DFP.pdsc
STMicroelectronics,STM32L0 Series,STM32L051,STM32L051C6Tx,ordering_pattern,tcl/target/stm32l0.cfg,not_validated,STM32L0xx_DFP,3.1.0,https://www.keil.com/pack/Keil.STM32L0xx_DFP.pdsc
STMicroelectronics,STM32L0 Series,STM32L051,STM32L051C6Ux,ordering_pattern,tcl/target/stm32l0.cfg,not_validated,STM32L0xx_DFP,3.1.0,https://www.keil.com/pack/Keil.STM32L0xx_DFP.pdsc
STMicroelectronics,STM32L0 Series,STM32L051,STM32L051C8Tx,ordering_pattern,tcl/target/stm32l0.cfg,not_validated,STM32L0xx_DFP,3.1.0,https://www.keil.com/pack/Keil.STM32L0xx_DFP.pdsc
STMicroelectronics,STM32L0 Series,STM32L051,STM32L051C8Ux,ordering_pattern,tcl/target/stm32l0.cfg,not_validated,STM32L0xx_DFP,3.1.0,https://www.keil.com/pack/Keil.STM32L0xx_DFP.pdsc
STMicroelectronics,STM32L0 Series,STM32L051,STM32L051K6Tx,ordering_pattern,tcl/target/stm32l0.cfg,not_validated,STM32L0xx_DFP,3.1.0,https://www.keil.com/pack/Keil.STM32L0xx_DFP.pdsc
STMicroelectronics,STM32L0 Series,STM32L051,STM32L051K6Ux,ordering_pattern,tcl/target/stm32l0.cfg,not_validated,STM32L0xx_DFP,3.1.0,https://www.keil.com/pack/Keil.STM32L0xx_DFP.pdsc
STMicroelectronics,STM32L0 Series,STM32L051,STM32L051K8Tx,ordering_pattern,tcl/target/stm32l0.cfg,not_validated,STM32L0xx_DFP,3.1.0,https://www.keil.com/pack/Keil.STM32L0xx_DFP.pdsc
STMicroelectronics,STM32L0 Series,STM32L051,STM32L051K8Ux,ordering_pattern,tcl/target/stm32l0.cfg,not_validated,STM32L0xx_DFP,3.1.0,https://www.keil.com/pack/Keil.STM32L0xx_DFP.pdsc
STMicroelectronics,STM32L0 Series,STM32L051,STM32L051R6Hx,ordering_pattern,tcl/target/stm32l0.cfg,not_validated,STM32L0xx_DFP,3.1.0,https://www.keil.com/pack/Keil.STM32L0xx_DFP.pdsc
STMicroelectronics,STM32L0 Series,STM32L051,STM32L051R6Tx,ordering_pattern,tcl/target/stm32l0.cfg,not_validated,STM32L0xx_DFP,3.1.0,https://www.keil.com/pack/Keil.STM32L0xx_DFP.pdsc
STMicroelectronics,STM32L0 Series,STM32L051,STM32L051R8Hx,ordering_pattern,tcl/target/stm32l0.cfg,not_validated,STM32L0xx_DFP,3.1.0,https://www.keil.com/pack/Keil.STM32L0xx_DFP.pdsc
STMicroelectronics,STM32L0 Series,STM32L051,STM32L051R8Tx,ordering_pattern,tcl/target/stm32l0.cfg,not_validated,STM32L0xx_DFP,3.1.0,https://www.keil.com/pack/Keil.STM32L0xx_DFP.pdsc
STMicroelectronics,STM32L0 Series,STM32L051,STM32L051T6Yx,ordering_pattern,tcl/target/stm32l0.cfg,not_validated,STM32L0xx_DFP,3.1.0,https://www.keil.com/pack/Keil.STM32L0xx_DFP.pdsc
STMicroelectronics,STM32L0 Series,STM32L051,STM32L051T8Yx,ordering_pattern,tcl/target/stm32l0.cfg,not_validated,STM32L0xx_DFP,3.1.0,https://www.keil.com/pack/Keil.STM32L0xx_DFP.pdsc
STMicroelectronics,STM32L0 Series,STM32L052,STM32L052C6Tx,ordering_pattern,tcl/target/stm32l0.cfg,not_validated,STM32L0xx_DFP,3.1.0,https://www.keil.com/pack/Keil.STM32L0xx_DFP.pdsc
STMicroelectronics,STM32L0 Series,STM32L052,STM32L052C6Ux,ordering_pattern,tcl/target/stm32l0.cfg,not_validated,STM32L0xx_DFP,3.1.0,https://www.keil.com/pack/Keil.STM32L0xx_DFP.pdsc
STMicroelectronics,STM32L0 Series,STM32L052,STM32L052C8Tx,ordering_pattern,tcl/target/stm32l0.cfg,not_validated,STM32L0xx_DFP,3.1.0,https://www.keil.com/pack/Keil.STM32L0xx_DFP.pdsc
STMicroelectronics,STM32L0 Series,STM32L052,STM32L052C8Ux,ordering_pattern,tcl/target/stm32l0.cfg,not_validated,STM32L0xx_DFP,3.1.0,https://www.keil.com/pack/Keil.STM32L0xx_DFP.pdsc
STMicroelectronics,STM32L0 Series,STM32L052,STM32L052K6Tx,ordering_pattern,tcl/target/stm32l0.cfg,not_validated,STM32L0xx_DFP,3.1.0,https://www.keil.com/pack/Keil.STM32L0xx_DFP.pdsc
STMicroelectronics,STM32L0 Series,STM32L052,STM32L052K6Ux,ordering_pattern,tcl/target/stm32l0.cfg,not_validated,STM32L0xx_DFP,3.1.0,https://www.keil.com/pack/Keil.STM32L0xx_DFP.pdsc
STMicroelectronics,STM32L0 Series,STM32L052,STM32L052K8Tx,ordering_pattern,tcl/target/stm32l0.cfg,not_validated,STM32L0xx_DFP,3.1.0,https://www.keil.com/pack/Keil.STM32L0xx_DFP.pdsc
STMicroelectronics,STM32L0 Series,STM32L052,STM32L052K8Ux,ordering_pattern,tcl/target/stm32l0.cfg,not_validated,STM32L0xx_DFP,3.1.0,https://www.keil.com/pack/Keil.STM32L0xx_DFP.pdsc
STMicroelectronics,STM32L0 Series,STM32L052,STM32L052R6Hx,ordering_pattern,tcl/target/stm32l0.cfg,not_validated,STM32L0xx_DFP,3.1.0,https://www.keil.com/pack/Keil.STM32L0xx_DFP.pdsc
STMicroelectronics,STM32L0 Series,STM32L052,STM32L052R6Tx,ordering_pattern,tcl/target/stm32l0.cfg,not_validated,STM32L0xx_DFP,3.1.0,https://www.keil.com/pack/Keil.STM32L0xx_DFP.pdsc
STMicroelectronics,STM32L0 Series,STM32L052,STM32L052R8Hx,ordering_pattern,tcl/target/stm32l0.cfg,not_validated,STM32L0xx_DFP,3.1.0,https://www.keil.com/pack/Keil.STM32L0xx_DFP.pdsc
STMicroelectronics,STM32L0 Series,STM32L052,STM32L052R8Tx,ordering_pattern,tcl/target/stm32l0.cfg,not_validated,STM32L0xx_DFP,3.1.0,https://www.keil.com/pack/Keil.STM32L0xx_DFP.pdsc
STMicroelectronics,STM32L0 Series,STM32L052,STM32L052T6Yx,ordering_pattern,tcl/target/stm32l0.cfg,not_validated,STM32L0xx_DFP,3.1.0,https://www.keil.com/pack/Keil.STM32L0xx_DFP.pdsc
STMicroelectronics,STM32L0 Series,STM32L052,STM32L052T8Fx,ordering_pattern,tcl/target/stm32l0.cfg,not_validated,STM32L0xx_DFP,3.1.0,https://www.keil.com/pack/Keil.STM32L0xx_DFP.pdsc
STMicroelectronics,STM32L0 Series,STM32L052,STM32L052T8Yx,ordering_pattern,tcl/target/stm32l0.cfg,not_validated,STM32L0xx_DFP,3.1.0,https://www.keil.com/pack/Keil.STM32L0xx_DFP.pdsc
STMicroelectronics,STM32L0 Series,STM32L053,STM32L053C6Tx,ordering_pattern,tcl/target/stm32l0.cfg,not_validated,STM32L0xx_DFP,3.1.0,https://www.keil.com/pack/Keil.STM32L0xx_DFP.pdsc
STMicroelectronics,STM32L0 Series,STM32L053,STM32L053C6Ux,ordering_pattern,tcl/target/stm32l0.cfg,not_validated,STM32L0xx_DFP,3.1.0,https://www.keil.com/pack/Keil.STM32L0xx_DFP.pdsc
STMicroelectronics,STM32L0 Series,STM32L053,STM32L053C8Tx,ordering_pattern,tcl/target/stm32l0.cfg,not_validated,STM32L0xx_DFP,3.1.0,https://www.keil.com/pack/Keil.STM32L0xx_DFP.pdsc
STMicroelectronics,STM32L0 Series,STM32L053,STM32L053C8Ux,ordering_pattern,tcl/target/stm32l0.cfg,not_validated,STM32L0xx_DFP,3.1.0,https://www.keil.com/pack/Keil.STM32L0xx_DFP.pdsc
STMicroelectronics,STM32L0 Series,STM32L053,STM32L053R6Hx,ordering_pattern,tcl/target/stm32l0.cfg,not_validated,STM32L0xx_DFP,3.1.0,https://www.keil.com/pack/Keil.STM32L0xx_DFP.pdsc
STMicroelectronics,STM32L0 Series,STM32L053,STM32L053R6Tx,ordering_pattern,tcl/target/stm32l0.cfg,not_validated,STM32L0xx_DFP,3.1.0,https://www.keil.com/pack/Keil.STM32L0xx_DFP.pdsc
STMicroelectronics,STM32L0 Series,STM32L053,STM32L053R8Hx,ordering_pattern,tcl/target/stm32l0.cfg,not_validated,STM32L0xx_DFP,3.1.0,https://www.keil.com/pack/Keil.STM32L0xx_DFP.pdsc
STMicroelectronics,STM32L0 Series,STM32L053,STM32L053R8Tx,ordering_pattern,tcl/target/stm32l0.cfg,not_validated,STM32L0xx_DFP,3.1.0,https://www.keil.com/pack/Keil.STM32L0xx_DFP.pdsc
STMicroelectronics,STM32L0 Series,STM32L062,STM32L062C8Ux,ordering_pattern,tcl/target/stm32l0.cfg,not_validated,STM32L0xx_DFP,3.1.0,https://www.keil.com/pack/Keil.STM32L0xx_DFP.pdsc
STMicroelectronics,STM32L0 Series,STM32L062,STM32L062K8Tx,ordering_pattern,tcl/target/stm32l0.cfg,not_validated,STM32L0xx_DFP,3.1.0,https://www.keil.com/pack/Keil.STM32L0xx_DFP.pdsc
STMicroelectronics,STM32L0 Series,STM32L062,STM32L062K8Ux,ordering_pattern,tcl/target/stm32l0.cfg,not_validated,STM32L0xx_DFP,3.1.0,https://www.keil.com/pack/Keil.STM32L0xx_DFP.pdsc
STMicroelectronics,STM32L0 Series,STM32L063,STM32L063C8Tx,ordering_pattern,tcl/target/stm32l0.cfg,not_validated,STM32L0xx_DFP,3.1.0,https://www.keil.com/pack/Keil.STM32L0xx_DFP.pdsc
STMicroelectronics,STM32L0 Series,STM32L063,STM32L063C8Ux,ordering_pattern,tcl/target/stm32l0.cfg,not_validated,STM32L0xx_DFP,3.1.0,https://www.keil.com/pack/Keil.STM32L0xx_DFP.pdsc
STMicroelectronics,STM32L0 Series,STM32L063,STM32L063R8Tx,ordering_pattern,tcl/target/stm32l0.cfg,not_validated,STM32L0xx_DFP,3.1.0,https://www.keil.com/pack/Keil.STM32L0xx_DFP.pdsc
STMicroelectronics,STM32L0 Series,STM32L071,STM32L071C8Tx,ordering_pattern,tcl/target/stm32l0.cfg,not_validated,STM32L0xx_DFP,3.1.0,https://www.keil.com/pack/Keil.STM32L0xx_DFP.pdsc
STMicroelectronics,STM32L0 Series,STM32L071,STM32L071C8Ux,ordering_pattern,tcl/target/stm32l0.cfg,not_validated,STM32L0xx_DFP,3.1.0,https://www.keil.com/pack/Keil.STM32L0xx_DFP.pdsc
STMicroelectronics,STM32L0 Series,STM32L071,STM32L071CBTx,ordering_pattern,tcl/target/stm32l0.cfg,not_validated,STM32L0xx_DFP,3.1.0,https://www.keil.com/pack/Keil.STM32L0xx_DFP.pdsc
STMicroelectronics,STM32L0 Series,STM32L071,STM32L071CBUx,ordering_pattern,tcl/target/stm32l0.cfg,not_validated,STM32L0xx_DFP,3.1.0,https://www.keil.com/pack/Keil.STM32L0xx_DFP.pdsc
STMicroelectronics,STM32L0 Series,STM32L071,STM32L071CBYx,ordering_pattern,tcl/target/stm32l0.cfg,not_validated,STM32L0xx_DFP,3.1.0,https://www.keil.com/pack/Keil.STM32L0xx_DFP.pdsc
STMicroelectronics,STM32L0 Series,STM32L071,STM32L071CZTx,ordering_pattern,tcl/target/stm32l0.cfg,not_validated,STM32L0xx_DFP,3.1.0,https://www.keil.com/pack/Keil.STM32L0xx_DFP.pdsc
STMicroelectronics,STM32L0 Series,STM32L071,STM32L071CZUx,ordering_pattern,tcl/target/stm32l0.cfg,not_validated,STM32L0xx_DFP,3.1.0,https://www.keil.com/pack/Keil.STM32L0xx_DFP.pdsc
STMicroelectronics,STM32L0 Series,STM32L071,STM32L071CZYx,ordering_pattern,tcl/target/stm32l0.cfg,not_validated,STM32L0xx_DFP,3.1.0,https://www.keil.com/pack/Keil.STM32L0xx_DFP.pdsc
STMicroelectronics,STM32L0 Series,STM32L071,STM32L071K8Ux,ordering_pattern,tcl/target/stm32l0.cfg,not_validated,STM32L0xx_DFP,3.1.0,https://www.keil.com/pack/Keil.STM32L0xx_DFP.pdsc
STMicroelectronics,STM32L0 Series,STM32L071,STM32L071KBTx,ordering_pattern,tcl/target/stm32l0.cfg,not_validated,STM32L0xx_DFP,3.1.0,https://www.keil.com/pack/Keil.STM32L0xx_DFP.pdsc
STMicroelectronics,STM32L0 Series,STM32L071,STM32L071KBUx,ordering_pattern,tcl/target/stm32l0.cfg,not_validated,STM32L0xx_DFP,3.1.0,https://www.keil.com/pack/Keil.STM32L0xx_DFP.pdsc
STMicroelectronics,STM32L0 Series,STM32L071,STM32L071KZTx,ordering_pattern,tcl/target/stm32l0.cfg,not_validated,STM32L0xx_DFP,3.1.0,https://www.keil.com/pack/Keil.STM32L0xx_DFP.pdsc
STMicroelectronics,STM32L0 Series,STM32L071,STM32L071KZUx,ordering_pattern,tcl/target/stm32l0.cfg,not_validated,STM32L0xx_DFP,3.1.0,https://www.keil.com/pack/Keil.STM32L0xx_DFP.pdsc
STMicroelectronics,STM32L0 Series,STM32L071,STM32L071RBHx,ordering_pattern,tcl/target/stm32l0.cfg,not_validated,STM32L0xx_DFP,3.1.0,https://www.keil.com/pack/Keil.STM32L0xx_DFP.pdsc
STMicroelectronics,STM32L0 Series,STM32L071,STM32L071RBTx,ordering_pattern,tcl/target/stm32l0.cfg,not_validated,STM32L0xx_DFP,3.1.0,https://www.keil.com/pack/Keil.STM32L0xx_DFP.pdsc
STMicroelectronics,STM32L0 Series,STM32L071,STM32L071RZHx,ordering_pattern,tcl/target/stm32l0.cfg,not_validated,STM32L0xx_DFP,3.1.0,https://www.keil.com/pack/Keil.STM32L0xx_DFP.pdsc
STMicroelectronics,STM32L0 Series,STM32L071,STM32L071RZTx,ordering_pattern,tcl/target/stm32l0.cfg,not_validated,STM32L0xx_DFP,3.1.0,https://www.keil.com/pack/Keil.STM32L0xx_DFP.pdsc
STMicroelectronics,STM32L0 Series,STM32L071,STM32L071V8Tx,ordering_pattern,tcl/target/stm32l0.cfg,not_validated,STM32L0xx_DFP,3.1.0,https://www.keil.com/pack/Keil.STM32L0xx_DFP.pdsc
STMicroelectronics,STM32L0 Series,STM32L071,STM32L071VBTx,ordering_pattern,tcl/target/stm32l0.cfg,not_validated,STM32L0xx_DFP,3.1.0,https://www.keil.com/pack/Keil.STM32L0xx_DFP.pdsc
STMicroelectronics,STM32L0 Series,STM32L071,STM32L071VZTx,ordering_pattern,tcl/target/stm32l0.cfg,not_validated,STM32L0xx_DFP,3.1.0,https://www.keil.com/pack/Keil.STM32L0xx_DFP.pdsc
STMicroelectronics,STM32L0 Series,STM32L072,STM32L072CBTx,ordering_pattern,tcl/target/stm32l0.cfg,not_validated,STM32L0xx_DFP,3.1.0,https://www.keil.com/pack/Keil.STM32L0xx_DFP.pdsc
STMicroelectronics,STM32L0 Series,STM32L072,STM32L072CBUx,ordering_pattern,tcl/target/stm32l0.cfg,not_validated,STM32L0xx_DFP,3.1.0,https://www.keil.com/pack/Keil.STM32L0xx_DFP.pdsc
STMicroelectronics,STM32L0 Series,STM32L072,STM32L072CBYx,ordering_pattern,tcl/target/stm32l0.cfg,not_validated,STM32L0xx_DFP,3.1.0,https://www.keil.com/pack/Keil.STM32L0xx_DFP.pdsc
STMicroelectronics,STM32L0 Series,STM32L072,STM32L072CZEx,ordering_pattern,tcl/target/stm32l0.cfg,not_validated,STM32L0xx_DFP,3.1.0,https://www.keil.com/pack/Keil.STM32L0xx_DFP.pdsc
STMicroelectronics,STM32L0 Series,STM32L072,STM32L072CZTx,ordering_pattern,tcl/target/stm32l0.cfg,not_validated,STM32L0xx_DFP,3.1.0,https://www.keil.com/pack/Keil.STM32L0xx_DFP.pdsc
STMicroelectronics,STM32L0 Series,STM32L072,STM32L072CZUx,ordering_pattern,tcl/target/stm32l0.cfg,not_validated,STM32L0xx_DFP,3.1.0,https://www.keil.com/pack/Keil.STM32L0xx_DFP.pdsc
STMicroelectronics,STM32L0 Series,STM32L072,STM32L072CZYx,ordering_pattern,tcl/target/stm32l0.cfg,not_validated,STM32L0xx_DFP,3.1.0,https://www.keil.com/pack/Keil.STM32L0xx_DFP.pdsc
STMicroelectronics,STM32L0 Series,STM32L072,STM32L072KBUx,ordering_pattern,tcl/target/stm32l0.cfg,not_validated,STM32L0xx_DFP,3.1.0,https://www.keil.com/pack/Keil.STM32L0xx_DFP.pdsc
STMicroelectronics,STM32L0 Series,STM32L072,STM32L072KZTx,ordering_pattern,tcl/target/stm32l0.cfg,not_validated,STM32L0xx_DFP,3.1.0,https://www.keil.com/pack/Keil.STM32L0xx_DFP.pdsc
STMicroelectronics,STM32L0 Series,STM32L072,STM32L072KZUx,ordering_pattern,tcl/target/stm32l0.cfg,not_validated,STM32L0xx_DFP,3.1.0,https://www.keil.com/pack/Keil.STM32L0xx_DFP.pdsc
STMicroelectronics,STM32L0 Series,STM32L072,STM32L072RBHx,ordering_pattern,tcl/target/stm32l0.cfg,not_validated,STM32L0xx_DFP,3.1.0,https://www.keil.com/pack/Keil.STM32L0xx_DFP.pdsc
STMicroelectronics,STM32L0 Series,STM32L072,STM32L072RBIx,ordering_pattern,tcl/target/stm32l0.cfg,not_validated,STM32L0xx_DFP,3.1.0,https://www.keil.com/pack/Keil.STM32L0xx_DFP.pdsc
STMicroelectronics,STM32L0 Series,STM32L072,STM32L072RBTx,ordering_pattern,tcl/target/stm32l0.cfg,not_validated,STM32L0xx_DFP,3.1.0,https://www.keil.com/pack/Keil.STM32L0xx_DFP.pdsc
STMicroelectronics,STM32L0 Series,STM32L072,STM32L072RZHx,ordering_pattern,tcl/target/stm32l0.cfg,not_validated,STM32L0xx_DFP,3.1.0,https://www.keil.com/pack/Keil.STM32L0xx_DFP.pdsc
STMicroelectronics,STM32L0 Series,STM32L072,STM32L072RZIx,ordering_pattern,tcl/target/stm32l0.cfg,not_validated,STM32L0xx_DFP,3.1.0,https://www.keil.com/pack/Keil.STM32L0xx_DFP.pdsc
STMicroelectronics,STM32L0 Series,STM32L072,STM32L072RZTx,ordering_pattern,tcl/target/stm32l0.cfg,not_validated,STM32L0xx_DFP,3.1.0,https://www.keil.com/pack/Keil.STM32L0xx_DFP.pdsc
STMicroelectronics,STM32L0 Series,STM32L072,STM32L072V8Ix,ordering_pattern,tcl/target/stm32l0.cfg,not_validated,STM32L0xx_DFP,3.1.0,https://www.keil.com/pack/Keil.STM32L0xx_DFP.pdsc
STMicroelectronics,STM32L0 Series,STM32L072,STM32L072V8Tx,ordering_pattern,tcl/target/stm32l0.cfg,not_validated,STM32L0xx_DFP,3.1.0,https://www.keil.com/pack/Keil.STM32L0xx_DFP.pdsc
STMicroelectronics,STM32L0 Series,STM32L072,STM32L072VBIx,ordering_pattern,tcl/target/stm32l0.cfg,not_validated,STM32L0xx_DFP,3.1.0,https://www.keil.com/pack/Keil.STM32L0xx_DFP.pdsc
STMicroelectronics,STM32L0 Series,STM32L072,STM32L072VBTx,ordering_pattern,tcl/target/stm32l0.cfg,not_validated,STM32L0xx_DFP,3.1.0,https://www.keil.com/pack/Keil.STM32L0xx_DFP.pdsc
STMicroelectronics,STM32L0 Series,STM32L072,STM32L072VZIx,ordering_pattern,tcl/target/stm32l0.cfg,not_validated,STM32L0xx_DFP,3.1.0,https://www.keil.com/pack/Keil.STM32L0xx_DFP.pdsc
STMicroelectronics,STM32L0 Series,STM32L072,STM32L072VZTx,ordering_pattern,tcl/target/stm32l0.cfg,not_validated,STM32L0xx_DFP,3.1.0,https://www.keil.com/pack/Keil.STM32L0xx_DFP.pdsc
STMicroelectronics,STM32L0 Series,STM32L073,STM32L073CBTx,ordering_pattern,tcl/target/stm32l0.cfg,not_validated,STM32L0xx_DFP,3.1.0,https://www.keil.com/pack/Keil.STM32L0xx_DFP.pdsc
STMicroelectronics,STM32L0 Series,STM32L073,STM32L073CBUx,ordering_pattern,tcl/target/stm32l0.cfg,not_validated,STM32L0xx_DFP,3.1.0,https://www.keil.com/pack/Keil.STM32L0xx_DFP.pdsc
STMicroelectronics,STM32L0 Series,STM32L073,STM32L073CZTx,ordering_pattern,tcl/target/stm32l0.cfg,not_validated,STM32L0xx_DFP,3.1.0,https://www.keil.com/pack/Keil.STM32L0xx_DFP.pdsc
STMicroelectronics,STM32L0 Series,STM32L073,STM32L073CZUx,ordering_pattern,tcl/target/stm32l0.cfg,not_validated,STM32L0xx_DFP,3.1.0,https://www.keil.com/pack/Keil.STM32L0xx_DFP.pdsc
STMicroelectronics,STM32L0 Series,STM32L073,STM32L073CZYx,ordering_pattern,tcl/target/stm32l0.cfg,not_validated,STM32L0xx_DFP,3.1.0,https://www.keil.com/pack/Keil.STM32L0xx_DFP.pdsc
STMicroelectronics,STM32L0 Series,STM32L073,STM32L073RBHx,ordering_pattern,tcl/target/stm32l0.cfg,not_validated,STM32L0xx_DFP,3.1.0,https://www.keil.com/pack/Keil.STM32L0xx_DFP.pdsc
STMicroelectronics,STM32L0 Series,STM32L073,STM32L073RBTx,ordering_pattern,tcl/target/stm32l0.cfg,not_validated,STM32L0xx_DFP,3.1.0,https://www.keil.com/pack/Keil.STM32L0xx_DFP.pdsc
STMicroelectronics,STM32L0 Series,STM32L073,STM32L073RZHx,ordering_pattern,tcl/target/stm32l0.cfg,not_validated,STM32L0xx_DFP,3.1.0,https://www.keil.com/pack/Keil.STM32L0xx_DFP.pdsc
STMicroelectronics,STM32L0 Series,STM32L073,STM32L073RZIx,ordering_pattern,tcl/target/stm32l0.cfg,not_validated,STM32L0xx_DFP,3.1.0,https://www.keil.com/pack/Keil.STM32L0xx_DFP.pdsc
STMicroelectronics,STM32L0 Series,STM32L073,STM32L073RZTx,ordering_pattern,tcl/target/stm32l0.cfg,not_validated,STM32L0xx_DFP,3.1.0,https://www.keil.com/pack/Keil.STM32L0xx_DFP.pdsc
STMicroelectronics,STM32L0 Series,STM32L073,STM32L073V8Tx,ordering_pattern,tcl/target/stm32l0.cfg,not_validated,STM32L0xx_DFP,3.1.0,https://www.keil.com/pack/Keil.STM32L0xx_DFP.pdsc
STMicroelectronics,STM32L0 Series,STM32L073,STM32L073VBTx,ordering_pattern,tcl/target/stm32l0.cfg,not_validated,STM32L0xx_DFP,3.1.0,https://www.keil.com/pack/Keil.STM32L0xx_DFP.pdsc
STMicroelectronics,STM32L0 Series,STM32L073,STM32L073VZIx,ordering_pattern,tcl/target/stm32l0.cfg,not_validated,STM32L0xx_DFP,3.1.0,https://www.keil.com/pack/Keil.STM32L0xx_DFP.pdsc
STMicroelectronics,STM32L0 Series,STM32L073,STM32L073VZTx,ordering_pattern,tcl/target/stm32l0.cfg,not_validated,STM32L0xx_DFP,3.1.0,https://www.keil.com/pack/Keil.STM32L0xx_DFP.pdsc
STMicroelectronics,STM32L0 Series,STM32L081,STM32L081CBTx,ordering_pattern,tcl/target/stm32l0.cfg,not_validated,STM32L0xx_DFP,3.1.0,https://www.keil.com/pack/Keil.STM32L0xx_DFP.pdsc
STMicroelectronics,STM32L0 Series,STM32L081,STM32L081CZTx,ordering_pattern,tcl/target/stm32l0.cfg,not_validated,STM32L0xx_DFP,3.1.0,https://www.keil.com/pack/Keil.STM32L0xx_DFP.pdsc
STMicroelectronics,STM32L0 Series,STM32L081,STM32L081CZUx,ordering_pattern,tcl/target/stm32l0.cfg,not_validated,STM32L0xx_DFP,3.1.0,https://www.keil.com/pack/Keil.STM32L0xx_DFP.pdsc
STMicroelectronics,STM32L0 Series,STM32L081,STM32L081KZTx,ordering_pattern,tcl/target/stm32l0.cfg,not_validated,STM32L0xx_DFP,3.1.0,https://www.keil.com/pack/Keil.STM32L0xx_DFP.pdsc
STMicroelectronics,STM32L0 Series,STM32L081,STM32L081KZUx,ordering_pattern,tcl/target/stm32l0.cfg,not_validated,STM32L0xx_DFP,3.1.0,https://www.keil.com/pack/Keil.STM32L0xx_DFP.pdsc
STMicroelectronics,STM32L0 Series,STM32L082,STM32L082CZUx,ordering_pattern,tcl/target/stm32l0.cfg,not_validated,STM32L0xx_DFP,3.1.0,https://www.keil.com/pack/Keil.STM32L0xx_DFP.pdsc
STMicroelectronics,STM32L0 Series,STM32L082,STM32L082CZYx,ordering_pattern,tcl/target/stm32l0.cfg,not_validated,STM32L0xx_DFP,3.1.0,https://www.keil.com/pack/Keil.STM32L0xx_DFP.pdsc
STMicroelectronics,STM32L0 Series,STM32L082,STM32L082KBUx,ordering_pattern,tcl/target/stm32l0.cfg,not_validated,STM32L0xx_DFP,3.1.0,https://www.keil.com/pack/Keil.STM32L0xx_DFP.pdsc
STMicroelectronics,STM32L0 Series,STM32L082,STM32L082KZTx,ordering_pattern,tcl/target/stm32l0.cfg,not_validated,STM32L0xx_DFP,3.1.0,https://www.keil.com/pack/Keil.STM32L0xx_DFP.pdsc
STMicroelectronics,STM32L0 Series,STM32L082,STM32L082KZUx,ordering_pattern,tcl/target/stm32l0.cfg,not_validated,STM32L0xx_DFP,3.1.0,https://www.keil.com/pack/Keil.STM32L0xx_DFP.pdsc
STMicroelectronics,STM32L0 Series,STM32L083,STM32L083CBTx,ordering_pattern,tcl/target/stm32l0.cfg,not_validated,STM32L0xx_DFP,3.1.0,https://www.keil.com/pack/Keil.STM32L0xx_DFP.pdsc
STMicroelectronics,STM32L0 Series,STM32L083,STM32L083CZTx,ordering_pattern,tcl/target/stm32l0.cfg,not_validated,STM32L0xx_DFP,3.1.0,https://www.keil.com/pack/Keil.STM32L0xx_DFP.pdsc
STMicroelectronics,STM32L0 Series,STM32L083,STM32L083CZUx,ordering_pattern,tcl/target/stm32l0.cfg,not_validated,STM32L0xx_DFP,3.1.0,https://www.keil.com/pack/Keil.STM32L0xx_DFP.pdsc
STMicroelectronics,STM32L0 Series,STM32L083,STM32L083RBHx,ordering_pattern,tcl/target/stm32l0.cfg,not_validated,STM32L0xx_DFP,3.1.0,https://www.keil.com/pack/Keil.STM32L0xx_DFP.pdsc
STMicroelectronics,STM32L0 Series,STM32L083,STM32L083RBTx,ordering_pattern,tcl/target/stm32l0.cfg,not_validated,STM32L0xx_DFP,3.1.0,https://www.keil.com/pack/Keil.STM32L0xx_DFP.pdsc
STMicroelectronics,STM32L0 Series,STM32L083,STM32L083RZHx,ordering_pattern,tcl/target/stm32l0.cfg,not_validated,STM32L0xx_DFP,3.1.0,https://www.keil.com/pack/Keil.STM32L0xx_DFP.pdsc
STMicroelectronics,STM32L0 Series,STM32L083,STM32L083RZTx,ordering_pattern,tcl/target/stm32l0.cfg,not_validated,STM32L0xx_DFP,3.1.0,https://www.keil.com/pack/Keil.STM32L0xx_DFP.pdsc
STMicroelectronics,STM32L0 Series,STM32L083,STM32L083V8Tx,ordering_pattern,tcl/target/stm32l0.cfg,not_validated,STM32L0xx_DFP,3.1.0,https://www.keil.com/pack/Keil.STM32L0xx_DFP.pdsc
STMicroelectronics,STM32L0 Series,STM32L083,STM32L083VBTx,ordering_pattern,tcl/target/stm32l0.cfg,not_validated,STM32L0xx_DFP,3.1.0,https://www.keil.com/pack/Keil.STM32L0xx_DFP.pdsc
STMicroelectronics,STM32L0 Series,STM32L083,STM32L083VZIx,ordering_pattern,tcl/target/stm32l0.cfg,not_validated,STM32L0xx_DFP,3.1.0,https://www.keil.com/pack/Keil.STM32L0xx_DFP.pdsc
STMicroelectronics,STM32L0 Series,STM32L083,STM32L083VZTx,ordering_pattern,tcl/target/stm32l0.cfg,not_validated,STM32L0xx_DFP,3.1.0,https://www.keil.com/pack/Keil.STM32L0xx_DFP.pdsc
STMicroelectronics,STM32L1 Series,STM32L100,STM32L100C6Ux,ordering_pattern,tcl/target/stm32l1.cfg,not_validated,STM32L1xx_DFP,2.1.0,https://www.keil.com/pack/Keil.STM32L1xx_DFP.pdsc
STMicroelectronics,STM32L1 Series,STM32L100,STM32L100C6UxA,cmsis_device_name,tcl/target/stm32l1.cfg,not_validated,STM32L1xx_DFP,2.1.0,https://www.keil.com/pack/Keil.STM32L1xx_DFP.pdsc
STMicroelectronics,STM32L1 Series,STM32L100,STM32L100R8Tx,ordering_pattern,tcl/target/stm32l1.cfg,not_validated,STM32L1xx_DFP,2.1.0,https://www.keil.com/pack/Keil.STM32L1xx_DFP.pdsc
STMicroelectronics,STM32L1 Series,STM32L100,STM32L100R8TxA,cmsis_device_name,tcl/target/stm32l1.cfg,not_validated,STM32L1xx_DFP,2.1.0,https://www.keil.com/pack/Keil.STM32L1xx_DFP.pdsc
STMicroelectronics,STM32L1 Series,STM32L100,STM32L100RBTx,ordering_pattern,tcl/target/stm32l1.cfg,not_validated,STM32L1xx_DFP,2.1.0,https://www.keil.com/pack/Keil.STM32L1xx_DFP.pdsc
STMicroelectronics,STM32L1 Series,STM32L100,STM32L100RBTxA,cmsis_device_name,tcl/target/stm32l1.cfg,not_validated,STM32L1xx_DFP,2.1.0,https://www.keil.com/pack/Keil.STM32L1xx_DFP.pdsc
STMicroelectronics,STM32L1 Series,STM32L100,STM32L100RCTx,ordering_pattern,tcl/target/stm32l1.cfg,not_validated,STM32L1xx_DFP,2.1.0,https://www.keil.com/pack/Keil.STM32L1xx_DFP.pdsc
STMicroelectronics,STM32L1 Series,STM32L151,STM32L151C6Tx,ordering_pattern,tcl/target/stm32l1.cfg,not_validated,STM32L1xx_DFP,2.1.0,https://www.keil.com/pack/Keil.STM32L1xx_DFP.pdsc
STMicroelectronics,STM32L1 Series,STM32L151,STM32L151C6TxA,cmsis_device_name,tcl/target/stm32l1.cfg,not_validated,STM32L1xx_DFP,2.1.0,https://www.keil.com/pack/Keil.STM32L1xx_DFP.pdsc
STMicroelectronics,STM32L1 Series,STM32L151,STM32L151C6Ux,ordering_pattern,tcl/target/stm32l1.cfg,not_validated,STM32L1xx_DFP,2.1.0,https://www.keil.com/pack/Keil.STM32L1xx_DFP.pdsc
STMicroelectronics,STM32L1 Series,STM32L151,STM32L151C6UxA,cmsis_device_name,tcl/target/stm32l1.cfg,not_validated,STM32L1xx_DFP,2.1.0,https://www.keil.com/pack/Keil.STM32L1xx_DFP.pdsc
STMicroelectronics,STM32L1 Series,STM32L151,STM32L151C8Tx,ordering_pattern,tcl/target/stm32l1.cfg,not_validated,STM32L1xx_DFP,2.1.0,https://www.keil.com/pack/Keil.STM32L1xx_DFP.pdsc
STMicroelectronics,STM32L1 Series,STM32L151,STM32L151C8TxA,cmsis_device_name,tcl/target/stm32l1.cfg,not_validated,STM32L1xx_DFP,2.1.0,https://www.keil.com/pack/Keil.STM32L1xx_DFP.pdsc
STMicroelectronics,STM32L1 Series,STM32L151,STM32L151C8Ux,ordering_pattern,tcl/target/stm32l1.cfg,not_validated,STM32L1xx_DFP,2.1.0,https://www.keil.com/pack/Keil.STM32L1xx_DFP.pdsc
STMicroelectronics,STM32L1 Series,STM32L151,STM32L151C8UxA,cmsis_device_name,tcl/target/stm32l1.cfg,not_validated,STM32L1xx_DFP,2.1.0,https://www.keil.com/pack/Keil.STM32L1xx_DFP.pdsc
STMicroelectronics,STM32L1 Series,STM32L151,STM32L151CBTx,ordering_pattern,tcl/target/stm32l1.cfg,not_validated,STM32L1xx_DFP,2.1.0,https://www.keil.com/pack/Keil.STM32L1xx_DFP.pdsc
STMicroelectronics,STM32L1 Series,STM32L151,STM32L151CBTxA,cmsis_device_name,tcl/target/stm32l1.cfg,not_validated,STM32L1xx_DFP,2.1.0,https://www.keil.com/pack/Keil.STM32L1xx_DFP.pdsc
STMicroelectronics,STM32L1 Series,STM32L151,STM32L151CBUx,ordering_pattern,tcl/target/stm32l1.cfg,not_validated,STM32L1xx_DFP,2.1.0,https://www.keil.com/pack/Keil.STM32L1xx_DFP.pdsc
STMicroelectronics,STM32L1 Series,STM32L151,STM32L151CBUxA,cmsis_device_name,tcl/target/stm32l1.cfg,not_validated,STM32L1xx_DFP,2.1.0,https://www.keil.com/pack/Keil.STM32L1xx_DFP.pdsc
STMicroelectronics,STM32L1 Series,STM32L151,STM32L151CCTx,ordering_pattern,tcl/target/stm32l1.cfg,not_validated,STM32L1xx_DFP,2.1.0,https://www.keil.com/pack/Keil.STM32L1xx_DFP.pdsc
STMicroelectronics,STM32L1 Series,STM32L151,STM32L151CCUx,ordering_pattern,tcl/target/stm32l1.cfg,not_validated,STM32L1xx_DFP,2.1.0,https://www.keil.com/pack/Keil.STM32L1xx_DFP.pdsc
STMicroelectronics,STM32L1 Series,STM32L151,STM32L151QCHx,ordering_pattern,tcl/target/stm32l1.cfg,not_validated,STM32L1xx_DFP,2.1.0,https://www.keil.com/pack/Keil.STM32L1xx_DFP.pdsc
STMicroelectronics,STM32L1 Series,STM32L151,STM32L151QDHx,ordering_pattern,tcl/target/stm32l1.cfg,not_validated,STM32L1xx_DFP,2.1.0,https://www.keil.com/pack/Keil.STM32L1xx_DFP.pdsc
STMicroelectronics,STM32L1 Series,STM32L151,STM32L151QEHx,ordering_pattern,tcl/target/stm32l1.cfg,not_validated,STM32L1xx_DFP,2.1.0,https://www.keil.com/pack/Keil.STM32L1xx_DFP.pdsc
STMicroelectronics,STM32L1 Series,STM32L151,STM32L151R6Hx,ordering_pattern,tcl/target/stm32l1.cfg,not_validated,STM32L1xx_DFP,2.1.0,https://www.keil.com/pack/Keil.STM32L1xx_DFP.pdsc
STMicroelectronics,STM32L1 Series,STM32L151,STM32L151R6HxA,cmsis_device_name,tcl/target/stm32l1.cfg,not_validated,STM32L1xx_DFP,2.1.0,https://www.keil.com/pack/Keil.STM32L1xx_DFP.pdsc
STMicroelectronics,STM32L1 Series,STM32L151,STM32L151R6Tx,ordering_pattern,tcl/target/stm32l1.cfg,not_validated,STM32L1xx_DFP,2.1.0,https://www.keil.com/pack/Keil.STM32L1xx_DFP.pdsc
STMicroelectronics,STM32L1 Series,STM32L151,STM32L151R6TxA,cmsis_device_name,tcl/target/stm32l1.cfg,not_validated,STM32L1xx_DFP,2.1.0,https://www.keil.com/pack/Keil.STM32L1xx_DFP.pdsc
STMicroelectronics,STM32L1 Series,STM32L151,STM32L151R8Hx,ordering_pattern,tcl/target/stm32l1.cfg,not_validated,STM32L1xx_DFP,2.1.0,https://www.keil.com/pack/Keil.STM32L1xx_DFP.pdsc
STMicroelectronics,STM32L1 Series,STM32L151,STM32L151R8HxA,cmsis_device_name,tcl/target/stm32l1.cfg,not_validated,STM32L1xx_DFP,2.1.0,https://www.keil.com/pack/Keil.STM32L1xx_DFP.pdsc
STMicroelectronics,STM32L1 Series,STM32L151,STM32L151R8Tx,ordering_pattern,tcl/target/stm32l1.cfg,not_validated,STM32L1xx_DFP,2.1.0,https://www.keil.com/pack/Keil.STM32L1xx_DFP.pdsc
STMicroelectronics,STM32L1 Series,STM32L151,STM32L151R8TxA,cmsis_device_name,tcl/target/stm32l1.cfg,not_validated,STM32L1xx_DFP,2.1.0,https://www.keil.com/pack/Keil.STM32L1xx_DFP.pdsc
STMicroelectronics,STM32L1 Series,STM32L151,STM32L151RBHx,ordering_pattern,tcl/target/stm32l1.cfg,not_validated,STM32L1xx_DFP,2.1.0,https://www.keil.com/pack/Keil.STM32L1xx_DFP.pdsc
STMicroelectronics,STM32L1 Series,STM32L151,STM32L151RBHxA,cmsis_device_name,tcl/target/stm32l1.cfg,not_validated,STM32L1xx_DFP,2.1.0,https://www.keil.com/pack/Keil.STM32L1xx_DFP.pdsc
STMicroelectronics,STM32L1 Series,STM32L151,STM32L151RBTx,ordering_pattern,tcl/target/stm32l1.cfg,not_validated,STM32L1xx_DFP,2.1.0,https://www.keil.com/pack/Keil.STM32L1xx_DFP.pdsc
STMicroelectronics,STM32L1 Series,STM32L151,STM32L151RBTxA,cmsis_device_name,tcl/target/stm32l1.cfg,not_validated,STM32L1xx_DFP,2.1.0,https://www.keil.com/pack/Keil.STM32L1xx_DFP.pdsc
STMicroelectronics,STM32L1 Series,STM32L151,STM32L151RCTx,ordering_pattern,tcl/target/stm32l1.cfg,not_validated,STM32L1xx_DFP,2.1.0,https://www.keil.com/pack/Keil.STM32L1xx_DFP.pdsc
STMicroelectronics,STM32L1 Series,STM32L151,STM32L151RCTxA,cmsis_device_name,tcl/target/stm32l1.cfg,not_validated,STM32L1xx_DFP,2.1.0,https://www.keil.com/pack/Keil.STM32L1xx_DFP.pdsc
STMicroelectronics,STM32L1 Series,STM32L151,STM32L151RCYx,ordering_pattern,tcl/target/stm32l1.cfg,not_validated,STM32L1xx_DFP,2.1.0,https://www.keil.com/pack/Keil.STM32L1xx_DFP.pdsc
STMicroelectronics,STM32L1 Series,STM32L151,STM32L151RDTx,ordering_pattern,tcl/target/stm32l1.cfg,not_validated,STM32L1xx_DFP,2.1.0,https://www.keil.com/pack/Keil.STM32L1xx_DFP.pdsc
STMicroelectronics,STM32L1 Series,STM32L151,STM32L151RDYx,ordering_pattern,tcl/target/stm32l1.cfg,not_validated,STM32L1xx_DFP,2.1.0,https://www.keil.com/pack/Keil.STM32L1xx_DFP.pdsc
STMicroelectronics,STM32L1 Series,STM32L151,STM32L151RETx,ordering_pattern,tcl/target/stm32l1.cfg,not_validated,STM32L1xx_DFP,2.1.0,https://www.keil.com/pack/Keil.STM32L1xx_DFP.pdsc
STMicroelectronics,STM32L1 Series,STM32L151,STM32L151UCYx,ordering_pattern,tcl/target/stm32l1.cfg,not_validated,STM32L1xx_DFP,2.1.0,https://www.keil.com/pack/Keil.STM32L1xx_DFP.pdsc
STMicroelectronics,STM32L1 Series,STM32L151,STM32L151V8Hx,ordering_pattern,tcl/target/stm32l1.cfg,not_validated,STM32L1xx_DFP,2.1.0,https://www.keil.com/pack/Keil.STM32L1xx_DFP.pdsc
STMicroelectronics,STM32L1 Series,STM32L151,STM32L151V8HxA,cmsis_device_name,tcl/target/stm32l1.cfg,not_validated,STM32L1xx_DFP,2.1.0,https://www.keil.com/pack/Keil.STM32L1xx_DFP.pdsc
STMicroelectronics,STM32L1 Series,STM32L151,STM32L151V8Tx,ordering_pattern,tcl/target/stm32l1.cfg,not_validated,STM32L1xx_DFP,2.1.0,https://www.keil.com/pack/Keil.STM32L1xx_DFP.pdsc
STMicroelectronics,STM32L1 Series,STM32L151,STM32L151V8TxA,cmsis_device_name,tcl/target/stm32l1.cfg,not_validated,STM32L1xx_DFP,2.1.0,https://www.keil.com/pack/Keil.STM32L1xx_DFP.pdsc
STMicroelectronics,STM32L1 Series,STM32L151,STM32L151VBHx,ordering_pattern,tcl/target/stm32l1.cfg,not_validated,STM32L1xx_DFP,2.1.0,https://www.keil.com/pack/Keil.STM32L1xx_DFP.pdsc
STMicroelectronics,STM32L1 Series,STM32L151,STM32L151VBHxA,cmsis_device_name,tcl/target/stm32l1.cfg,not_validated,STM32L1xx_DFP,2.1.0,https://www.keil.com/pack/Keil.STM32L1xx_DFP.pdsc
STMicroelectronics,STM32L1 Series,STM32L151,STM32L151VBTx,ordering_pattern,tcl/target/stm32l1.cfg,not_validated,STM32L1xx_DFP,2.1.0,https://www.keil.com/pack/Keil.STM32L1xx_DFP.pdsc
STMicroelectronics,STM32L1 Series,STM32L151,STM32L151VBTxA,cmsis_device_name,tcl/target/stm32l1.cfg,not_validated,STM32L1xx_DFP,2.1.0,https://www.keil.com/pack/Keil.STM32L1xx_DFP.pdsc
STMicroelectronics,STM32L1 Series,STM32L151,STM32L151VCHx,ordering_pattern,tcl/target/stm32l1.cfg,not_validated,STM32L1xx_DFP,2.1.0,https://www.keil.com/pack/Keil.STM32L1xx_DFP.pdsc
STMicroelectronics,STM32L1 Series,STM32L151,STM32L151VCTx,ordering_pattern,tcl/target/stm32l1.cfg,not_validated,STM32L1xx_DFP,2.1.0,https://www.keil.com/pack/Keil.STM32L1xx_DFP.pdsc
STMicroelectronics,STM32L1 Series,STM32L151,STM32L151VCTxA,cmsis_device_name,tcl/target/stm32l1.cfg,not_validated,STM32L1xx_DFP,2.1.0,https://www.keil.com/pack/Keil.STM32L1xx_DFP.pdsc
STMicroelectronics,STM32L1 Series,STM32L151,STM32L151VDTx,ordering_pattern,tcl/target/stm32l1.cfg,not_validated,STM32L1xx_DFP,2.1.0,https://www.keil.com/pack/Keil.STM32L1xx_DFP.pdsc
STMicroelectronics,STM32L1 Series,STM32L151,STM32L151VDTxX,cmsis_device_name,tcl/target/stm32l1.cfg,not_validated,STM32L1xx_DFP,2.1.0,https://www.keil.com/pack/Keil.STM32L1xx_DFP.pdsc
STMicroelectronics,STM32L1 Series,STM32L151,STM32L151VDYxX,cmsis_device_name,tcl/target/stm32l1.cfg,not_validated,STM32L1xx_DFP,2.1.0,https://www.keil.com/pack/Keil.STM32L1xx_DFP.pdsc
STMicroelectronics,STM32L1 Series,STM32L151,STM32L151VETx,ordering_pattern,tcl/target/stm32l1.cfg,not_validated,STM32L1xx_DFP,2.1.0,https://www.keil.com/pack/Keil.STM32L1xx_DFP.pdsc
STMicroelectronics,STM32L1 Series,STM32L151,STM32L151VEYx,ordering_pattern,tcl/target/stm32l1.cfg,not_validated,STM32L1xx_DFP,2.1.0,https://www.keil.com/pack/Keil.STM32L1xx_DFP.pdsc
STMicroelectronics,STM32L1 Series,STM32L151,STM32L151ZCTx,ordering_pattern,tcl/target/stm32l1.cfg,not_validated,STM32L1xx_DFP,2.1.0,https://www.keil.com/pack/Keil.STM32L1xx_DFP.pdsc
STMicroelectronics,STM32L1 Series,STM32L151,STM32L151ZDTx,ordering_pattern,tcl/target/stm32l1.cfg,not_validated,STM32L1xx_DFP,2.1.0,https://www.keil.com/pack/Keil.STM32L1xx_DFP.pdsc
STMicroelectronics,STM32L1 Series,STM32L151,STM32L151ZETx,ordering_pattern,tcl/target/stm32l1.cfg,not_validated,STM32L1xx_DFP,2.1.0,https://www.keil.com/pack/Keil.STM32L1xx_DFP.pdsc
STMicroelectronics,STM32L1 Series,STM32L152,STM32L152C6Tx,ordering_pattern,tcl/target/stm32l1.cfg,not_validated,STM32L1xx_DFP,2.1.0,https://www.keil.com/pack/Keil.STM32L1xx_DFP.pdsc
STMicroelectronics,STM32L1 Series,STM32L152,STM32L152C6TxA,cmsis_device_name,tcl/target/stm32l1.cfg,not_validated,STM32L1xx_DFP,2.1.0,https://www.keil.com/pack/Keil.STM32L1xx_DFP.pdsc
STMicroelectronics,STM32L1 Series,STM32L152,STM32L152C6Ux,ordering_pattern,tcl/target/stm32l1.cfg,not_validated,STM32L1xx_DFP,2.1.0,https://www.keil.com/pack/Keil.STM32L1xx_DFP.pdsc
STMicroelectronics,STM32L1 Series,STM32L152,STM32L152C6UxA,cmsis_device_name,tcl/target/stm32l1.cfg,not_validated,STM32L1xx_DFP,2.1.0,https://www.keil.com/pack/Keil.STM32L1xx_DFP.pdsc
STMicroelectronics,STM32L1 Series,STM32L152,STM32L152C8Tx,ordering_pattern,tcl/target/stm32l1.cfg,not_validated,STM32L1xx_DFP,2.1.0,https://www.keil.com/pack/Keil.STM32L1xx_DFP.pdsc
STMicroelectronics,STM32L1 Series,STM32L152,STM32L152C8TxA,cmsis_device_name,tcl/target/stm32l1.cfg,not_validated,STM32L1xx_DFP,2.1.0,https://www.keil.com/pack/Keil.STM32L1xx_DFP.pdsc
STMicroelectronics,STM32L1 Series,STM32L152,STM32L152C8Ux,ordering_pattern,tcl/target/stm32l1.cfg,not_validated,STM32L1xx_DFP,2.1.0,https://www.keil.com/pack/Keil.STM32L1xx_DFP.pdsc
STMicroelectronics,STM32L1 Series,STM32L152,STM32L152C8UxA,cmsis_device_name,tcl/target/stm32l1.cfg,not_validated,STM32L1xx_DFP,2.1.0,https://www.keil.com/pack/Keil.STM32L1xx_DFP.pdsc
STMicroelectronics,STM32L1 Series,STM32L152,STM32L152CBTx,ordering_pattern,tcl/target/stm32l1.cfg,not_validated,STM32L1xx_DFP,2.1.0,https://www.keil.com/pack/Keil.STM32L1xx_DFP.pdsc
STMicroelectronics,STM32L1 Series,STM32L152,STM32L152CBTxA,cmsis_device_name,tcl/target/stm32l1.cfg,not_validated,STM32L1xx_DFP,2.1.0,https://www.keil.com/pack/Keil.STM32L1xx_DFP.pdsc
STMicroelectronics,STM32L1 Series,STM32L152,STM32L152CBUx,ordering_pattern,tcl/target/stm32l1.cfg,not_validated,STM32L1xx_DFP,2.1.0,https://www.keil.com/pack/Keil.STM32L1xx_DFP.pdsc
STMicroelectronics,STM32L1 Series,STM32L152,STM32L152CBUxA,cmsis_device_name,tcl/target/stm32l1.cfg,not_validated,STM32L1xx_DFP,2.1.0,https://www.keil.com/pack/Keil.STM32L1xx_DFP.pdsc
STMicroelectronics,STM32L1 Series,STM32L152,STM32L152CCTx,ordering_pattern,tcl/target/stm32l1.cfg,not_validated,STM32L1xx_DFP,2.1.0,https://www.keil.com/pack/Keil.STM32L1xx_DFP.pdsc
STMicroelectronics,STM32L1 Series,STM32L152,STM32L152CCUx,ordering_pattern,tcl/target/stm32l1.cfg,not_validated,STM32L1xx_DFP,2.1.0,https://www.keil.com/pack/Keil.STM32L1xx_DFP.pdsc
STMicroelectronics,STM32L1 Series,STM32L152,STM32L152QCHx,ordering_pattern,tcl/target/stm32l1.cfg,not_validated,STM32L1xx_DFP,2.1.0,https://www.keil.com/pack/Keil.STM32L1xx_DFP.pdsc
STMicroelectronics,STM32L1 Series,STM32L152,STM32L152QDHx,ordering_pattern,tcl/target/stm32l1.cfg,not_validated,STM32L1xx_DFP,2.1.0,https://www.keil.com/pack/Keil.STM32L1xx_DFP.pdsc
STMicroelectronics,STM32L1 Series,STM32L152,STM32L152QEHx,ordering_pattern,tcl/target/stm32l1.cfg,not_validated,STM32L1xx_DFP,2.1.0,https://www.keil.com/pack/Keil.STM32L1xx_DFP.pdsc
STMicroelectronics,STM32L1 Series,STM32L152,STM32L152R6Hx,ordering_pattern,tcl/target/stm32l1.cfg,not_validated,STM32L1xx_DFP,2.1.0,https://www.keil.com/pack/Keil.STM32L1xx_DFP.pdsc
STMicroelectronics,STM32L1 Series,STM32L152,STM32L152R6HxA,cmsis_device_name,tcl/target/stm32l1.cfg,not_validated,STM32L1xx_DFP,2.1.0,https://www.keil.com/pack/Keil.STM32L1xx_DFP.pdsc
STMicroelectronics,STM32L1 Series,STM32L152,STM32L152R6Tx,ordering_pattern,tcl/target/stm32l1.cfg,not_validated,STM32L1xx_DFP,2.1.0,https://www.keil.com/pack/Keil.STM32L1xx_DFP.pdsc
STMicroelectronics,STM32L1 Series,STM32L152,STM32L152R6TxA,cmsis_device_name,tcl/target/stm32l1.cfg,not_validated,STM32L1xx_DFP,2.1.0,https://www.keil.com/pack/Keil.STM32L1xx_DFP.pdsc
STMicroelectronics,STM32L1 Series,STM32L152,STM32L152R8Hx,ordering_pattern,tcl/target/stm32l1.cfg,not_validated,STM32L1xx_DFP,2.1.0,https://www.keil.com/pack/Keil.STM32L1xx_DFP.pdsc
STMicroelectronics,STM32L1 Series,STM32L152,STM32L152R8HxA,cmsis_device_name,tcl/target/stm32l1.cfg,not_validated,STM32L1xx_DFP,2.1.0,https://www.keil.com/pack/Keil.STM32L1xx_DFP.pdsc
STMicroelectronics,STM32L1 Series,STM32L152,STM32L152R8Tx,ordering_pattern,tcl/target/stm32l1.cfg,not_validated,STM32L1xx_DFP,2.1.0,https://www.keil.com/pack/Keil.STM32L1xx_DFP.pdsc
STMicroelectronics,STM32L1 Series,STM32L152,STM32L152R8TxA,cmsis_device_name,tcl/target/stm32l1.cfg,not_validated,STM32L1xx_DFP,2.1.0,https://www.keil.com/pack/Keil.STM32L1xx_DFP.pdsc
STMicroelectronics,STM32L1 Series,STM32L152,STM32L152RBHx,ordering_pattern,tcl/target/stm32l1.cfg,not_validated,STM32L1xx_DFP,2.1.0,https://www.keil.com/pack/Keil.STM32L1xx_DFP.pdsc
STMicroelectronics,STM32L1 Series,STM32L152,STM32L152RBHxA,cmsis_device_name,tcl/target/stm32l1.cfg,not_validated,STM32L1xx_DFP,2.1.0,https://www.keil.com/pack/Keil.STM32L1xx_DFP.pdsc
STMicroelectronics,STM32L1 Series,STM32L152,STM32L152RBTx,ordering_pattern,tcl/target/stm32l1.cfg,not_validated,STM32L1xx_DFP,2.1.0,https://www.keil.com/pack/Keil.STM32L1xx_DFP.pdsc
STMicroelectronics,STM32L1 Series,STM32L152,STM32L152RBTxA,cmsis_device_name,tcl/target/stm32l1.cfg,not_validated,STM32L1xx_DFP,2.1.0,https://www.keil.com/pack/Keil.STM32L1xx_DFP.pdsc
STMicroelectronics,STM32L1 Series,STM32L152,STM32L152RCTx,ordering_pattern,tcl/target/stm32l1.cfg,not_validated,STM32L1xx_DFP,2.1.0,https://www.keil.com/pack/Keil.STM32L1xx_DFP.pdsc
STMicroelectronics,STM32L1 Series,STM32L152,STM32L152RCTxA,cmsis_device_name,tcl/target/stm32l1.cfg,not_validated,STM32L1xx_DFP,2.1.0,https://www.keil.com/pack/Keil.STM32L1xx_DFP.pdsc
STMicroelectronics,STM32L1 Series,STM32L152,STM32L152RDTx,ordering_pattern,tcl/target/stm32l1.cfg,not_validated,STM32L1xx_DFP,2.1.0,https://www.keil.com/pack/Keil.STM32L1xx_DFP.pdsc
STMicroelectronics,STM32L1 Series,STM32L152,STM32L152RDYx,ordering_pattern,tcl/target/stm32l1.cfg,not_validated,STM32L1xx_DFP,2.1.0,https://www.keil.com/pack/Keil.STM32L1xx_DFP.pdsc
STMicroelectronics,STM32L1 Series,STM32L152,STM32L152RETx,ordering_pattern,tcl/target/stm32l1.cfg,not_validated,STM32L1xx_DFP,2.1.0,https://www.keil.com/pack/Keil.STM32L1xx_DFP.pdsc
STMicroelectronics,STM32L1 Series,STM32L152,STM32L152UCYx,ordering_pattern,tcl/target/stm32l1.cfg,not_validated,STM32L1xx_DFP,2.1.0,https://www.keil.com/pack/Keil.STM32L1xx_DFP.pdsc
STMicroelectronics,STM32L1 Series,STM32L152,STM32L152V8Hx,ordering_pattern,tcl/target/stm32l1.cfg,not_validated,STM32L1xx_DFP,2.1.0,https://www.keil.com/pack/Keil.STM32L1xx_DFP.pdsc
STMicroelectronics,STM32L1 Series,STM32L152,STM32L152V8HxA,cmsis_device_name,tcl/target/stm32l1.cfg,not_validated,STM32L1xx_DFP,2.1.0,https://www.keil.com/pack/Keil.STM32L1xx_DFP.pdsc
STMicroelectronics,STM32L1 Series,STM32L152,STM32L152V8Tx,ordering_pattern,tcl/target/stm32l1.cfg,not_validated,STM32L1xx_DFP,2.1.0,https://www.keil.com/pack/Keil.STM32L1xx_DFP.pdsc
STMicroelectronics,STM32L1 Series,STM32L152,STM32L152V8TxA,cmsis_device_name,tcl/target/stm32l1.cfg,not_validated,STM32L1xx_DFP,2.1.0,https://www.keil.com/pack/Keil.STM32L1xx_DFP.pdsc
STMicroelectronics,STM32L1 Series,STM32L152,STM32L152VBHx,ordering_pattern,tcl/target/stm32l1.cfg,not_validated,STM32L1xx_DFP,2.1.0,https://www.keil.com/pack/Keil.STM32L1xx_DFP.pdsc
STMicroelectronics,STM32L1 Series,STM32L152,STM32L152VBHxA,cmsis_device_name,tcl/target/stm32l1.cfg,not_validated,STM32L1xx_DFP,2.1.0,https://www.keil.com/pack/Keil.STM32L1xx_DFP.pdsc
STMicroelectronics,STM32L1 Series,STM32L152,STM32L152VBTx,ordering_pattern,tcl/target/stm32l1.cfg,not_validated,STM32L1xx_DFP,2.1.0,https://www.keil.com/pack/Keil.STM32L1xx_DFP.pdsc
STMicroelectronics,STM32L1 Series,STM32L152,STM32L152VBTxA,cmsis_device_name,tcl/target/stm32l1.cfg,not_validated,STM32L1xx_DFP,2.1.0,https://www.keil.com/pack/Keil.STM32L1xx_DFP.pdsc
STMicroelectronics,STM32L1 Series,STM32L152,STM32L152VCHx,ordering_pattern,tcl/target/stm32l1.cfg,not_validated,STM32L1xx_DFP,2.1.0,https://www.keil.com/pack/Keil.STM32L1xx_DFP.pdsc
STMicroelectronics,STM32L1 Series,STM32L152,STM32L152VCTx,ordering_pattern,tcl/target/stm32l1.cfg,not_validated,STM32L1xx_DFP,2.1.0,https://www.keil.com/pack/Keil.STM32L1xx_DFP.pdsc
STMicroelectronics,STM32L1 Series,STM32L152,STM32L152VCTxA,cmsis_device_name,tcl/target/stm32l1.cfg,not_validated,STM32L1xx_DFP,2.1.0,https://www.keil.com/pack/Keil.STM32L1xx_DFP.pdsc
STMicroelectronics,STM32L1 Series,STM32L152,STM32L152VDTx,ordering_pattern,tcl/target/stm32l1.cfg,not_validated,STM32L1xx_DFP,2.1.0,https://www.keil.com/pack/Keil.STM32L1xx_DFP.pdsc
STMicroelectronics,STM32L1 Series,STM32L152,STM32L152VDTxX,cmsis_device_name,tcl/target/stm32l1.cfg,not_validated,STM32L1xx_DFP,2.1.0,https://www.keil.com/pack/Keil.STM32L1xx_DFP.pdsc
STMicroelectronics,STM32L1 Series,STM32L152,STM32L152VETx,ordering_pattern,tcl/target/stm32l1.cfg,not_validated,STM32L1xx_DFP,2.1.0,https://www.keil.com/pack/Keil.STM32L1xx_DFP.pdsc
STMicroelectronics,STM32L1 Series,STM32L152,STM32L152VEYx,ordering_pattern,tcl/target/stm32l1.cfg,not_validated,STM32L1xx_DFP,2.1.0,https://www.keil.com/pack/Keil.STM32L1xx_DFP.pdsc
STMicroelectronics,STM32L1 Series,STM32L152,STM32L152ZCTx,ordering_pattern,tcl/target/stm32l1.cfg,not_validated,STM32L1xx_DFP,2.1.0,https://www.keil.com/pack/Keil.STM32L1xx_DFP.pdsc
STMicroelectronics,STM32L1 Series,STM32L152,STM32L152ZDTx,ordering_pattern,tcl/target/stm32l1.cfg,not_validated,STM32L1xx_DFP,2.1.0,https://www.keil.com/pack/Keil.STM32L1xx_DFP.pdsc
STMicroelectronics,STM32L1 Series,STM32L152,STM32L152ZETx,ordering_pattern,tcl/target/stm32l1.cfg,not_validated,STM32L1xx_DFP,2.1.0,https://www.keil.com/pack/Keil.STM32L1xx_DFP.pdsc
STMicroelectronics,STM32L1 Series,STM32L162,STM32L162QCHx,ordering_pattern,tcl/target/stm32l1.cfg,not_validated,STM32L1xx_DFP,2.1.0,https://www.keil.com/pack/Keil.STM32L1xx_DFP.pdsc
STMicroelectronics,STM32L1 Series,STM32L162,STM32L162QDHx,ordering_pattern,tcl/target/stm32l1.cfg,not_validated,STM32L1xx_DFP,2.1.0,https://www.keil.com/pack/Keil.STM32L1xx_DFP.pdsc
STMicroelectronics,STM32L1 Series,STM32L162,STM32L162RCTx,ordering_pattern,tcl/target/stm32l1.cfg,not_validated,STM32L1xx_DFP,2.1.0,https://www.keil.com/pack/Keil.STM32L1xx_DFP.pdsc
STMicroelectronics,STM32L1 Series,STM32L162,STM32L162RCTxA,cmsis_device_name,tcl/target/stm32l1.cfg,not_validated,STM32L1xx_DFP,2.1.0,https://www.keil.com/pack/Keil.STM32L1xx_DFP.pdsc
STMicroelectronics,STM32L1 Series,STM32L162,STM32L162RDTx,ordering_pattern,tcl/target/stm32l1.cfg,not_validated,STM32L1xx_DFP,2.1.0,https://www.keil.com/pack/Keil.STM32L1xx_DFP.pdsc
STMicroelectronics,STM32L1 Series,STM32L162,STM32L162RDYx,ordering_pattern,tcl/target/stm32l1.cfg,not_validated,STM32L1xx_DFP,2.1.0,https://www.keil.com/pack/Keil.STM32L1xx_DFP.pdsc
STMicroelectronics,STM32L1 Series,STM32L162,STM32L162RETx,ordering_pattern,tcl/target/stm32l1.cfg,not_validated,STM32L1xx_DFP,2.1.0,https://www.keil.com/pack/Keil.STM32L1xx_DFP.pdsc
STMicroelectronics,STM32L1 Series,STM32L162,STM32L162VCHx,ordering_pattern,tcl/target/stm32l1.cfg,not_validated,STM32L1xx_DFP,2.1.0,https://www.keil.com/pack/Keil.STM32L1xx_DFP.pdsc
STMicroelectronics,STM32L1 Series,STM32L162,STM32L162VCTx,ordering_pattern,tcl/target/stm32l1.cfg,not_validated,STM32L1xx_DFP,2.1.0,https://www.keil.com/pack/Keil.STM32L1xx_DFP.pdsc
STMicroelectronics,STM32L1 Series,STM32L162,STM32L162VCTxA,cmsis_device_name,tcl/target/stm32l1.cfg,not_validated,STM32L1xx_DFP,2.1.0,https://www.keil.com/pack/Keil.STM32L1xx_DFP.pdsc
STMicroelectronics,STM32L1 Series,STM32L162,STM32L162VDTx,ordering_pattern,tcl/target/stm32l1.cfg,not_validated,STM32L1xx_DFP,2.1.0,https://www.keil.com/pack/Keil.STM32L1xx_DFP.pdsc
STMicroelectronics,STM32L1 Series,STM32L162,STM32L162VDYxX,cmsis_device_name,tcl/target/stm32l1.cfg,not_validated,STM32L1xx_DFP,2.1.0,https://www.keil.com/pack/Keil.STM32L1xx_DFP.pdsc
STMicroelectronics,STM32L1 Series,STM32L162,STM32L162VETx,ordering_pattern,tcl/target/stm32l1.cfg,not_validated,STM32L1xx_DFP,2.1.0,https://www.keil.com/pack/Keil.STM32L1xx_DFP.pdsc
STMicroelectronics,STM32L1 Series,STM32L162,STM32L162VEYx,ordering_pattern,tcl/target/stm32l1.cfg,not_validated,STM32L1xx_DFP,2.1.0,https://www.keil.com/pack/Keil.STM32L1xx_DFP.pdsc
STMicroelectronics,STM32L1 Series,STM32L162,STM32L162ZCTx,ordering_pattern,tcl/target/stm32l1.cfg,not_validated,STM32L1xx_DFP,2.1.0,https://www.keil.com/pack/Keil.STM32L1xx_DFP.pdsc
STMicroelectronics,STM32L1 Series,STM32L162,STM32L162ZDTx,ordering_pattern,tcl/target/stm32l1.cfg,not_validated,STM32L1xx_DFP,2.1.0,https://www.keil.com/pack/Keil.STM32L1xx_DFP.pdsc
STMicroelectronics,STM32L1 Series,STM32L162,STM32L162ZETx,ordering_pattern,tcl/target/stm32l1.cfg,not_validated,STM32L1xx_DFP,2.1.0,https://www.keil.com/pack/Keil.STM32L1xx_DFP.pdsc
STMicroelectronics,STM32L4 Series,STM32L412,STM32L412C8Tx,ordering_pattern,tcl/target/stm32l4x.cfg,not_validated,STM32L4xx_DFP,3.1.0,https://www.keil.com/pack/Keil.STM32L4xx_DFP.pdsc
STMicroelectronics,STM32L4 Series,STM32L412,STM32L412C8Ux,ordering_pattern,tcl/target/stm32l4x.cfg,not_validated,STM32L4xx_DFP,3.1.0,https://www.keil.com/pack/Keil.STM32L4xx_DFP.pdsc
STMicroelectronics,STM32L4 Series,STM32L412,STM32L412CBTx,ordering_pattern,tcl/target/stm32l4x.cfg,not_validated,STM32L4xx_DFP,3.1.0,https://www.keil.com/pack/Keil.STM32L4xx_DFP.pdsc
STMicroelectronics,STM32L4 Series,STM32L412,STM32L412CBTxP,cmsis_device_name,tcl/target/stm32l4x.cfg,not_validated,STM32L4xx_DFP,3.1.0,https://www.keil.com/pack/Keil.STM32L4xx_DFP.pdsc
STMicroelectronics,STM32L4 Series,STM32L412,STM32L412CBUx,ordering_pattern,tcl/target/stm32l4x.cfg,not_validated,STM32L4xx_DFP,3.1.0,https://www.keil.com/pack/Keil.STM32L4xx_DFP.pdsc
STMicroelectronics,STM32L4 Series,STM32L412,STM32L412CBUxP,cmsis_device_name,tcl/target/stm32l4x.cfg,not_validated,STM32L4xx_DFP,3.1.0,https://www.keil.com/pack/Keil.STM32L4xx_DFP.pdsc
STMicroelectronics,STM32L4 Series,STM32L412,STM32L412K8Tx,ordering_pattern,tcl/target/stm32l4x.cfg,not_validated,STM32L4xx_DFP,3.1.0,https://www.keil.com/pack/Keil.STM32L4xx_DFP.pdsc
STMicroelectronics,STM32L4 Series,STM32L412,STM32L412K8Ux,ordering_pattern,tcl/target/stm32l4x.cfg,not_validated,STM32L4xx_DFP,3.1.0,https://www.keil.com/pack/Keil.STM32L4xx_DFP.pdsc
STMicroelectronics,STM32L4 Series,STM32L412,STM32L412KBTx,ordering_pattern,tcl/target/stm32l4x.cfg,not_validated,STM32L4xx_DFP,3.1.0,https://www.keil.com/pack/Keil.STM32L4xx_DFP.pdsc
STMicroelectronics,STM32L4 Series,STM32L412,STM32L412KBUx,ordering_pattern,tcl/target/stm32l4x.cfg,not_validated,STM32L4xx_DFP,3.1.0,https://www.keil.com/pack/Keil.STM32L4xx_DFP.pdsc
STMicroelectronics,STM32L4 Series,STM32L412,STM32L412R8Ix,ordering_pattern,tcl/target/stm32l4x.cfg,not_validated,STM32L4xx_DFP,3.1.0,https://www.keil.com/pack/Keil.STM32L4xx_DFP.pdsc
STMicroelectronics,STM32L4 Series,STM32L412,STM32L412R8Tx,ordering_pattern,tcl/target/stm32l4x.cfg,not_validated,STM32L4xx_DFP,3.1.0,https://www.keil.com/pack/Keil.STM32L4xx_DFP.pdsc
STMicroelectronics,STM32L4 Series,STM32L412,STM32L412RBIx,ordering_pattern,tcl/target/stm32l4x.cfg,not_validated,STM32L4xx_DFP,3.1.0,https://www.keil.com/pack/Keil.STM32L4xx_DFP.pdsc
STMicroelectronics,STM32L4 Series,STM32L412,STM32L412RBIxP,cmsis_device_name,tcl/target/stm32l4x.cfg,not_validated,STM32L4xx_DFP,3.1.0,https://www.keil.com/pack/Keil.STM32L4xx_DFP.pdsc
STMicroelectronics,STM32L4 Series,STM32L412,STM32L412RBTx,ordering_pattern,tcl/target/stm32l4x.cfg,not_validated,STM32L4xx_DFP,3.1.0,https://www.keil.com/pack/Keil.STM32L4xx_DFP.pdsc
STMicroelectronics,STM32L4 Series,STM32L412,STM32L412RBTxP,cmsis_device_name,tcl/target/stm32l4x.cfg,not_validated,STM32L4xx_DFP,3.1.0,https://www.keil.com/pack/Keil.STM32L4xx_DFP.pdsc
STMicroelectronics,STM32L4 Series,STM32L412,STM32L412T8Yx,ordering_pattern,tcl/target/stm32l4x.cfg,not_validated,STM32L4xx_DFP,3.1.0,https://www.keil.com/pack/Keil.STM32L4xx_DFP.pdsc
STMicroelectronics,STM32L4 Series,STM32L412,STM32L412TBYx,ordering_pattern,tcl/target/stm32l4x.cfg,not_validated,STM32L4xx_DFP,3.1.0,https://www.keil.com/pack/Keil.STM32L4xx_DFP.pdsc
STMicroelectronics,STM32L4 Series,STM32L412,STM32L412TBYxP,cmsis_device_name,tcl/target/stm32l4x.cfg,not_validated,STM32L4xx_DFP,3.1.0,https://www.keil.com/pack/Keil.STM32L4xx_DFP.pdsc
STMicroelectronics,STM32L4 Series,STM32L422,STM32L422CBTx,ordering_pattern,tcl/target/stm32l4x.cfg,not_validated,STM32L4xx_DFP,3.1.0,https://www.keil.com/pack/Keil.STM32L4xx_DFP.pdsc
STMicroelectronics,STM32L4 Series,STM32L422,STM32L422CBUx,ordering_pattern,tcl/target/stm32l4x.cfg,not_validated,STM32L4xx_DFP,3.1.0,https://www.keil.com/pack/Keil.STM32L4xx_DFP.pdsc
STMicroelectronics,STM32L4 Series,STM32L422,STM32L422KBTx,ordering_pattern,tcl/target/stm32l4x.cfg,not_validated,STM32L4xx_DFP,3.1.0,https://www.keil.com/pack/Keil.STM32L4xx_DFP.pdsc
STMicroelectronics,STM32L4 Series,STM32L422,STM32L422KBUx,ordering_pattern,tcl/target/stm32l4x.cfg,not_validated,STM32L4xx_DFP,3.1.0,https://www.keil.com/pack/Keil.STM32L4xx_DFP.pdsc
STMicroelectronics,STM32L4 Series,STM32L422,STM32L422RBIx,ordering_pattern,tcl/target/stm32l4x.cfg,not_validated,STM32L4xx_DFP,3.1.0,https://www.keil.com/pack/Keil.STM32L4xx_DFP.pdsc
STMicroelectronics,STM32L4 Series,STM32L422,STM32L422RBTx,ordering_pattern,tcl/target/stm32l4x.cfg,not_validated,STM32L4xx_DFP,3.1.0,https://www.keil.com/pack/Keil.STM32L4xx_DFP.pdsc
STMicroelectronics,STM32L4 Series,STM32L422,STM32L422TBYx,ordering_pattern,tcl/target/stm32l4x.cfg,not_validated,STM32L4xx_DFP,3.1.0,https://www.keil.com/pack/Keil.STM32L4xx_DFP.pdsc
STMicroelectronics,STM32L4 Series,STM32L431,STM32L431CBTx,ordering_pattern,tcl/target/stm32l4x.cfg,not_validated,STM32L4xx_DFP,3.1.0,https://www.keil.com/pack/Keil.STM32L4xx_DFP.pdsc
STMicroelectronics,STM32L4 Series,STM32L431,STM32L431CBUx,ordering_pattern,tcl/target/stm32l4x.cfg,not_validated,STM32L4xx_DFP,3.1.0,https://www.keil.com/pack/Keil.STM32L4xx_DFP.pdsc
STMicroelectronics,STM32L4 Series,STM32L431,STM32L431CBYx,ordering_pattern,tcl/target/stm32l4x.cfg,not_validated,STM32L4xx_DFP,3.1.0,https://www.keil.com/pack/Keil.STM32L4xx_DFP.pdsc
STMicroelectronics,STM32L4 Series,STM32L431,STM32L431CCTx,ordering_pattern,tcl/target/stm32l4x.cfg,not_validated,STM32L4xx_DFP,3.1.0,https://www.keil.com/pack/Keil.STM32L4xx_DFP.pdsc
STMicroelectronics,STM32L4 Series,STM32L431,STM32L431CCUx,ordering_pattern,tcl/target/stm32l4x.cfg,not_validated,STM32L4xx_DFP,3.1.0,https://www.keil.com/pack/Keil.STM32L4xx_DFP.pdsc
STMicroelectronics,STM32L4 Series,STM32L431,STM32L431CCYx,ordering_pattern,tcl/target/stm32l4x.cfg,not_validated,STM32L4xx_DFP,3.1.0,https://www.keil.com/pack/Keil.STM32L4xx_DFP.pdsc
STMicroelectronics,STM32L4 Series,STM32L431,STM32L431KBUx,ordering_pattern,tcl/target/stm32l4x.cfg,not_validated,STM32L4xx_DFP,3.1.0,https://www.keil.com/pack/Keil.STM32L4xx_DFP.pdsc
STMicroelectronics,STM32L4 Series,STM32L431,STM32L431KCUx,ordering_pattern,tcl/target/stm32l4x.cfg,not_validated,STM32L4xx_DFP,3.1.0,https://www.keil.com/pack/Keil.STM32L4xx_DFP.pdsc
STMicroelectronics,STM32L4 Series,STM32L431,STM32L431RBIx,ordering_pattern,tcl/target/stm32l4x.cfg,not_validated,STM32L4xx_DFP,3.1.0,https://www.keil.com/pack/Keil.STM32L4xx_DFP.pdsc
STMicroelectronics,STM32L4 Series,STM32L431,STM32L431RBTx,ordering_pattern,tcl/target/stm32l4x.cfg,not_validated,STM32L4xx_DFP,3.1.0,https://www.keil.com/pack/Keil.STM32L4xx_DFP.pdsc
STMicroelectronics,STM32L4 Series,STM32L431,STM32L431RBYx,ordering_pattern,tcl/target/stm32l4x.cfg,not_validated,STM32L4xx_DFP,3.1.0,https://www.keil.com/pack/Keil.STM32L4xx_DFP.pdsc
STMicroelectronics,STM32L4 Series,STM32L431,STM32L431RCIx,ordering_pattern,tcl/target/stm32l4x.cfg,not_validated,STM32L4xx_DFP,3.1.0,https://www.keil.com/pack/Keil.STM32L4xx_DFP.pdsc
STMicroelectronics,STM32L4 Series,STM32L431,STM32L431RCTx,ordering_pattern,tcl/target/stm32l4x.cfg,not_validated,STM32L4xx_DFP,3.1.0,https://www.keil.com/pack/Keil.STM32L4xx_DFP.pdsc
STMicroelectronics,STM32L4 Series,STM32L431,STM32L431RCYx,ordering_pattern,tcl/target/stm32l4x.cfg,not_validated,STM32L4xx_DFP,3.1.0,https://www.keil.com/pack/Keil.STM32L4xx_DFP.pdsc
STMicroelectronics,STM32L4 Series,STM32L431,STM32L431VCIx,ordering_pattern,tcl/target/stm32l4x.cfg,not_validated,STM32L4xx_DFP,3.1.0,https://www.keil.com/pack/Keil.STM32L4xx_DFP.pdsc
STMicroelectronics,STM32L4 Series,STM32L431,STM32L431VCTx,ordering_pattern,tcl/target/stm32l4x.cfg,not_validated,STM32L4xx_DFP,3.1.0,https://www.keil.com/pack/Keil.STM32L4xx_DFP.pdsc
STMicroelectronics,STM32L4 Series,STM32L432,STM32L432KBUx,ordering_pattern,tcl/target/stm32l4x.cfg,not_validated,STM32L4xx_DFP,3.1.0,https://www.keil.com/pack/Keil.STM32L4xx_DFP.pdsc
STMicroelectronics,STM32L4 Series,STM32L432,STM32L432KCUx,ordering_pattern,tcl/target/stm32l4x.cfg,not_validated,STM32L4xx_DFP,3.1.0,https://www.keil.com/pack/Keil.STM32L4xx_DFP.pdsc
STMicroelectronics,STM32L4 Series,STM32L433,STM32L433CBTx,ordering_pattern,tcl/target/stm32l4x.cfg,not_validated,STM32L4xx_DFP,3.1.0,https://www.keil.com/pack/Keil.STM32L4xx_DFP.pdsc
STMicroelectronics,STM32L4 Series,STM32L433,STM32L433CBUx,ordering_pattern,tcl/target/stm32l4x.cfg,not_validated,STM32L4xx_DFP,3.1.0,https://www.keil.com/pack/Keil.STM32L4xx_DFP.pdsc
STMicroelectronics,STM32L4 Series,STM32L433,STM32L433CBYx,ordering_pattern,tcl/target/stm32l4x.cfg,not_validated,STM32L4xx_DFP,3.1.0,https://www.keil.com/pack/Keil.STM32L4xx_DFP.pdsc
STMicroelectronics,STM32L4 Series,STM32L433,STM32L433CCTx,ordering_pattern,tcl/target/stm32l4x.cfg,not_validated,STM32L4xx_DFP,3.1.0,https://www.keil.com/pack/Keil.STM32L4xx_DFP.pdsc
STMicroelectronics,STM32L4 Series,STM32L433,STM32L433CCUx,ordering_pattern,tcl/target/stm32l4x.cfg,not_validated,STM32L4xx_DFP,3.1.0,https://www.keil.com/pack/Keil.STM32L4xx_DFP.pdsc
STMicroelectronics,STM32L4 Series,STM32L433,STM32L433CCYx,ordering_pattern,tcl/target/stm32l4x.cfg,not_validated,STM32L4xx_DFP,3.1.0,https://www.keil.com/pack/Keil.STM32L4xx_DFP.pdsc
STMicroelectronics,STM32L4 Series,STM32L433,STM32L433RBIx,ordering_pattern,tcl/target/stm32l4x.cfg,not_validated,STM32L4xx_DFP,3.1.0,https://www.keil.com/pack/Keil.STM32L4xx_DFP.pdsc
STMicroelectronics,STM32L4 Series,STM32L433,STM32L433RBTx,ordering_pattern,tcl/target/stm32l4x.cfg,not_validated,STM32L4xx_DFP,3.1.0,https://www.keil.com/pack/Keil.STM32L4xx_DFP.pdsc
STMicroelectronics,STM32L4 Series,STM32L433,STM32L433RBYx,ordering_pattern,tcl/target/stm32l4x.cfg,not_validated,STM32L4xx_DFP,3.1.0,https://www.keil.com/pack/Keil.STM32L4xx_DFP.pdsc
STMicroelectronics,STM32L4 Series,STM32L433,STM32L433RCIx,ordering_pattern,tcl/target/stm32l4x.cfg,not_validated,STM32L4xx_DFP,3.1.0,https://www.keil.com/pack/Keil.STM32L4xx_DFP.pdsc
STMicroelectronics,STM32L4 Series,STM32L433,STM32L433RCTx,ordering_pattern,tcl/target/stm32l4x.cfg,not_validated,STM32L4xx_DFP,3.1.0,https://www.keil.com/pack/Keil.STM32L4xx_DFP.pdsc
STMicroelectronics,STM32L4 Series,STM32L433,STM32L433RCTxP,cmsis_device_name,tcl/target/stm32l4x.cfg,not_validated,STM32L4xx_DFP,3.1.0,https://www.keil.com/pack/Keil.STM32L4xx_DFP.pdsc
STMicroelectronics,STM32L4 Series,STM32L433,STM32L433RCYx,ordering_pattern,tcl/target/stm32l4x.cfg,not_validated,STM32L4xx_DFP,3.1.0,https://www.keil.com/pack/Keil.STM32L4xx_DFP.pdsc
STMicroelectronics,STM32L4 Series,STM32L433,STM32L433VCIx,ordering_pattern,tcl/target/stm32l4x.cfg,not_validated,STM32L4xx_DFP,3.1.0,https://www.keil.com/pack/Keil.STM32L4xx_DFP.pdsc
STMicroelectronics,STM32L4 Series,STM32L433,STM32L433VCTx,ordering_pattern,tcl/target/stm32l4x.cfg,not_validated,STM32L4xx_DFP,3.1.0,https://www.keil.com/pack/Keil.STM32L4xx_DFP.pdsc
STMicroelectronics,STM32L4 Series,STM32L442,STM32L442KCUx,ordering_pattern,tcl/target/stm32l4x.cfg,not_validated,STM32L4xx_DFP,3.1.0,https://www.keil.com/pack/Keil.STM32L4xx_DFP.pdsc
STMicroelectronics,STM32L4 Series,STM32L443,STM32L443CCFx,ordering_pattern,tcl/target/stm32l4x.cfg,not_validated,STM32L4xx_DFP,3.1.0,https://www.keil.com/pack/Keil.STM32L4xx_DFP.pdsc
STMicroelectronics,STM32L4 Series,STM32L443,STM32L443CCTx,ordering_pattern,tcl/target/stm32l4x.cfg,not_validated,STM32L4xx_DFP,3.1.0,https://www.keil.com/pack/Keil.STM32L4xx_DFP.pdsc
STMicroelectronics,STM32L4 Series,STM32L443,STM32L443CCUx,ordering_pattern,tcl/target/stm32l4x.cfg,not_validated,STM32L4xx_DFP,3.1.0,https://www.keil.com/pack/Keil.STM32L4xx_DFP.pdsc
STMicroelectronics,STM32L4 Series,STM32L443,STM32L443CCYx,ordering_pattern,tcl/target/stm32l4x.cfg,not_validated,STM32L4xx_DFP,3.1.0,https://www.keil.com/pack/Keil.STM32L4xx_DFP.pdsc
STMicroelectronics,STM32L4 Series,STM32L443,STM32L443RCIx,ordering_pattern,tcl/target/stm32l4x.cfg,not_validated,STM32L4xx_DFP,3.1.0,https://www.keil.com/pack/Keil.STM32L4xx_DFP.pdsc
STMicroelectronics,STM32L4 Series,STM32L443,STM32L443RCTx,ordering_pattern,tcl/target/stm32l4x.cfg,not_validated,STM32L4xx_DFP,3.1.0,https://www.keil.com/pack/Keil.STM32L4xx_DFP.pdsc
STMicroelectronics,STM32L4 Series,STM32L443,STM32L443RCYx,ordering_pattern,tcl/target/stm32l4x.cfg,not_validated,STM32L4xx_DFP,3.1.0,https://www.keil.com/pack/Keil.STM32L4xx_DFP.pdsc
STMicroelectronics,STM32L4 Series,STM32L443,STM32L443VCIx,ordering_pattern,tcl/target/stm32l4x.cfg,not_validated,STM32L4xx_DFP,3.1.0,https://www.keil.com/pack/Keil.STM32L4xx_DFP.pdsc
STMicroelectronics,STM32L4 Series,STM32L443,STM32L443VCTx,ordering_pattern,tcl/target/stm32l4x.cfg,not_validated,STM32L4xx_DFP,3.1.0,https://www.keil.com/pack/Keil.STM32L4xx_DFP.pdsc
STMicroelectronics,STM32L4 Series,STM32L451,STM32L451CCUx,ordering_pattern,tcl/target/stm32l4x.cfg,not_validated,STM32L4xx_DFP,3.1.0,https://www.keil.com/pack/Keil.STM32L4xx_DFP.pdsc
STMicroelectronics,STM32L4 Series,STM32L451,STM32L451CETx,ordering_pattern,tcl/target/stm32l4x.cfg,not_validated,STM32L4xx_DFP,3.1.0,https://www.keil.com/pack/Keil.STM32L4xx_DFP.pdsc
STMicroelectronics,STM32L4 Series,STM32L451,STM32L451CEUx,ordering_pattern,tcl/target/stm32l4x.cfg,not_validated,STM32L4xx_DFP,3.1.0,https://www.keil.com/pack/Keil.STM32L4xx_DFP.pdsc
STMicroelectronics,STM32L4 Series,STM32L451,STM32L451RCIx,ordering_pattern,tcl/target/stm32l4x.cfg,not_validated,STM32L4xx_DFP,3.1.0,https://www.keil.com/pack/Keil.STM32L4xx_DFP.pdsc
STMicroelectronics,STM32L4 Series,STM32L451,STM32L451RCTx,ordering_pattern,tcl/target/stm32l4x.cfg,not_validated,STM32L4xx_DFP,3.1.0,https://www.keil.com/pack/Keil.STM32L4xx_DFP.pdsc
STMicroelectronics,STM32L4 Series,STM32L451,STM32L451REIx,ordering_pattern,tcl/target/stm32l4x.cfg,not_validated,STM32L4xx_DFP,3.1.0,https://www.keil.com/pack/Keil.STM32L4xx_DFP.pdsc
STMicroelectronics,STM32L4 Series,STM32L451,STM32L451RETx,ordering_pattern,tcl/target/stm32l4x.cfg,not_validated,STM32L4xx_DFP,3.1.0,https://www.keil.com/pack/Keil.STM32L4xx_DFP.pdsc
STMicroelectronics,STM32L4 Series,STM32L451,STM32L451REYx,ordering_pattern,tcl/target/stm32l4x.cfg,not_validated,STM32L4xx_DFP,3.1.0,https://www.keil.com/pack/Keil.STM32L4xx_DFP.pdsc
STMicroelectronics,STM32L4 Series,STM32L451,STM32L451VCIx,ordering_pattern,tcl/target/stm32l4x.cfg,not_validated,STM32L4xx_DFP,3.1.0,https://www.keil.com/pack/Keil.STM32L4xx_DFP.pdsc
STMicroelectronics,STM32L4 Series,STM32L451,STM32L451VCTx,ordering_pattern,tcl/target/stm32l4x.cfg,not_validated,STM32L4xx_DFP,3.1.0,https://www.keil.com/pack/Keil.STM32L4xx_DFP.pdsc
STMicroelectronics,STM32L4 Series,STM32L451,STM32L451VEIx,ordering_pattern,tcl/target/stm32l4x.cfg,not_validated,STM32L4xx_DFP,3.1.0,https://www.keil.com/pack/Keil.STM32L4xx_DFP.pdsc
STMicroelectronics,STM32L4 Series,STM32L451,STM32L451VETx,ordering_pattern,tcl/target/stm32l4x.cfg,not_validated,STM32L4xx_DFP,3.1.0,https://www.keil.com/pack/Keil.STM32L4xx_DFP.pdsc
STMicroelectronics,STM32L4 Series,STM32L452,STM32L452CCUx,ordering_pattern,tcl/target/stm32l4x.cfg,not_validated,STM32L4xx_DFP,3.1.0,https://www.keil.com/pack/Keil.STM32L4xx_DFP.pdsc
STMicroelectronics,STM32L4 Series,STM32L452,STM32L452CETx,ordering_pattern,tcl/target/stm32l4x.cfg,not_validated,STM32L4xx_DFP,3.1.0,https://www.keil.com/pack/Keil.STM32L4xx_DFP.pdsc
STMicroelectronics,STM32L4 Series,STM32L452,STM32L452CETxP,cmsis_device_name,tcl/target/stm32l4x.cfg,not_validated,STM32L4xx_DFP,3.1.0,https://www.keil.com/pack/Keil.STM32L4xx_DFP.pdsc
STMicroelectronics,STM32L4 Series,STM32L452,STM32L452CEUx,ordering_pattern,tcl/target/stm32l4x.cfg,not_validated,STM32L4xx_DFP,3.1.0,https://www.keil.com/pack/Keil.STM32L4xx_DFP.pdsc
STMicroelectronics,STM32L4 Series,STM32L452,STM32L452RCIx,ordering_pattern,tcl/target/stm32l4x.cfg,not_validated,STM32L4xx_DFP,3.1.0,https://www.keil.com/pack/Keil.STM32L4xx_DFP.pdsc
STMicroelectronics,STM32L4 Series,STM32L452,STM32L452RCTx,ordering_pattern,tcl/target/stm32l4x.cfg,not_validated,STM32L4xx_DFP,3.1.0,https://www.keil.com/pack/Keil.STM32L4xx_DFP.pdsc
STMicroelectronics,STM32L4 Series,STM32L452,STM32L452REIx,ordering_pattern,tcl/target/stm32l4x.cfg,not_validated,STM32L4xx_DFP,3.1.0,https://www.keil.com/pack/Keil.STM32L4xx_DFP.pdsc
STMicroelectronics,STM32L4 Series,STM32L452,STM32L452RETx,ordering_pattern,tcl/target/stm32l4x.cfg,not_validated,STM32L4xx_DFP,3.1.0,https://www.keil.com/pack/Keil.STM32L4xx_DFP.pdsc
STMicroelectronics,STM32L4 Series,STM32L452,STM32L452RETxP,cmsis_device_name,tcl/target/stm32l4x.cfg,not_validated,STM32L4xx_DFP,3.1.0,https://www.keil.com/pack/Keil.STM32L4xx_DFP.pdsc
STMicroelectronics,STM32L4 Series,STM32L452,STM32L452REYx,ordering_pattern,tcl/target/stm32l4x.cfg,not_validated,STM32L4xx_DFP,3.1.0,https://www.keil.com/pack/Keil.STM32L4xx_DFP.pdsc
STMicroelectronics,STM32L4 Series,STM32L452,STM32L452REYxP,cmsis_device_name,tcl/target/stm32l4x.cfg,not_validated,STM32L4xx_DFP,3.1.0,https://www.keil.com/pack/Keil.STM32L4xx_DFP.pdsc
STMicroelectronics,STM32L4 Series,STM32L452,STM32L452VCIx,ordering_pattern,tcl/target/stm32l4x.cfg,not_validated,STM32L4xx_DFP,3.1.0,https://www.keil.com/pack/Keil.STM32L4xx_DFP.pdsc
STMicroelectronics,STM32L4 Series,STM32L452,STM32L452VCTx,ordering_pattern,tcl/target/stm32l4x.cfg,not_validated,STM32L4xx_DFP,3.1.0,https://www.keil.com/pack/Keil.STM32L4xx_DFP.pdsc
STMicroelectronics,STM32L4 Series,STM32L452,STM32L452VEIx,ordering_pattern,tcl/target/stm32l4x.cfg,not_validated,STM32L4xx_DFP,3.1.0,https://www.keil.com/pack/Keil.STM32L4xx_DFP.pdsc
STMicroelectronics,STM32L4 Series,STM32L452,STM32L452VETx,ordering_pattern,tcl/target/stm32l4x.cfg,not_validated,STM32L4xx_DFP,3.1.0,https://www.keil.com/pack/Keil.STM32L4xx_DFP.pdsc
STMicroelectronics,STM32L4 Series,STM32L462,STM32L462CETx,ordering_pattern,tcl/target/stm32l4x.cfg,not_validated,STM32L4xx_DFP,3.1.0,https://www.keil.com/pack/Keil.STM32L4xx_DFP.pdsc
STMicroelectronics,STM32L4 Series,STM32L462,STM32L462CEUx,ordering_pattern,tcl/target/stm32l4x.cfg,not_validated,STM32L4xx_DFP,3.1.0,https://www.keil.com/pack/Keil.STM32L4xx_DFP.pdsc
STMicroelectronics,STM32L4 Series,STM32L462,STM32L462REIx,ordering_pattern,tcl/target/stm32l4x.cfg,not_validated,STM32L4xx_DFP,3.1.0,https://www.keil.com/pack/Keil.STM32L4xx_DFP.pdsc
STMicroelectronics,STM32L4 Series,STM32L462,STM32L462RETx,ordering_pattern,tcl/target/stm32l4x.cfg,not_validated,STM32L4xx_DFP,3.1.0,https://www.keil.com/pack/Keil.STM32L4xx_DFP.pdsc
STMicroelectronics,STM32L4 Series,STM32L462,STM32L462REYx,ordering_pattern,tcl/target/stm32l4x.cfg,not_validated,STM32L4xx_DFP,3.1.0,https://www.keil.com/pack/Keil.STM32L4xx_DFP.pdsc
STMicroelectronics,STM32L4 Series,STM32L462,STM32L462VEIx,ordering_pattern,tcl/target/stm32l4x.cfg,not_validated,STM32L4xx_DFP,3.1.0,https://www.keil.com/pack/Keil.STM32L4xx_DFP.pdsc
STMicroelectronics,STM32L4 Series,STM32L462,STM32L462VETx,ordering_pattern,tcl/target/stm32l4x.cfg,not_validated,STM32L4xx_DFP,3.1.0,https://www.keil.com/pack/Keil.STM32L4xx_DFP.pdsc
STMicroelectronics,STM32L4 Series,STM32L471,STM32L471QEIx,ordering_pattern,tcl/target/stm32l4x.cfg,not_validated,STM32L4xx_DFP,3.1.0,https://www.keil.com/pack/Keil.STM32L4xx_DFP.pdsc
STMicroelectronics,STM32L4 Series,STM32L471,STM32L471QGIx,ordering_pattern,tcl/target/stm32l4x.cfg,not_validated,STM32L4xx_DFP,3.1.0,https://www.keil.com/pack/Keil.STM32L4xx_DFP.pdsc
STMicroelectronics,STM32L4 Series,STM32L471,STM32L471RETx,ordering_pattern,tcl/target/stm32l4x.cfg,not_validated,STM32L4xx_DFP,3.1.0,https://www.keil.com/pack/Keil.STM32L4xx_DFP.pdsc
STMicroelectronics,STM32L4 Series,STM32L471,STM32L471RGTx,ordering_pattern,tcl/target/stm32l4x.cfg,not_validated,STM32L4xx_DFP,3.1.0,https://www.keil.com/pack/Keil.STM32L4xx_DFP.pdsc
STMicroelectronics,STM32L4 Series,STM32L471,STM32L471VETx,ordering_pattern,tcl/target/stm32l4x.cfg,not_validated,STM32L4xx_DFP,3.1.0,https://www.keil.com/pack/Keil.STM32L4xx_DFP.pdsc
STMicroelectronics,STM32L4 Series,STM32L471,STM32L471VGTx,ordering_pattern,tcl/target/stm32l4x.cfg,not_validated,STM32L4xx_DFP,3.1.0,https://www.keil.com/pack/Keil.STM32L4xx_DFP.pdsc
STMicroelectronics,STM32L4 Series,STM32L471,STM32L471ZEJx,ordering_pattern,tcl/target/stm32l4x.cfg,not_validated,STM32L4xx_DFP,3.1.0,https://www.keil.com/pack/Keil.STM32L4xx_DFP.pdsc
STMicroelectronics,STM32L4 Series,STM32L471,STM32L471ZETx,ordering_pattern,tcl/target/stm32l4x.cfg,not_validated,STM32L4xx_DFP,3.1.0,https://www.keil.com/pack/Keil.STM32L4xx_DFP.pdsc
STMicroelectronics,STM32L4 Series,STM32L471,STM32L471ZGJx,ordering_pattern,tcl/target/stm32l4x.cfg,not_validated,STM32L4xx_DFP,3.1.0,https://www.keil.com/pack/Keil.STM32L4xx_DFP.pdsc
STMicroelectronics,STM32L4 Series,STM32L471,STM32L471ZGTx,ordering_pattern,tcl/target/stm32l4x.cfg,not_validated,STM32L4xx_DFP,3.1.0,https://www.keil.com/pack/Keil.STM32L4xx_DFP.pdsc
STMicroelectronics,STM32L4 Series,STM32L475,STM32L475RCTx,ordering_pattern,tcl/target/stm32l4x.cfg,not_validated,STM32L4xx_DFP,3.1.0,https://www.keil.com/pack/Keil.STM32L4xx_DFP.pdsc
STMicroelectronics,STM32L4 Series,STM32L475,STM32L475RETx,ordering_pattern,tcl/target/stm32l4x.cfg,not_validated,STM32L4xx_DFP,3.1.0,https://www.keil.com/pack/Keil.STM32L4xx_DFP.pdsc
STMicroelectronics,STM32L4 Series,STM32L475,STM32L475RGTx,ordering_pattern,tcl/target/stm32l4x.cfg,not_validated,STM32L4xx_DFP,3.1.0,https://www.keil.com/pack/Keil.STM32L4xx_DFP.pdsc
STMicroelectronics,STM32L4 Series,STM32L475,STM32L475VCTx,ordering_pattern,tcl/target/stm32l4x.cfg,not_validated,STM32L4xx_DFP,3.1.0,https://www.keil.com/pack/Keil.STM32L4xx_DFP.pdsc
STMicroelectronics,STM32L4 Series,STM32L475,STM32L475VETx,ordering_pattern,tcl/target/stm32l4x.cfg,not_validated,STM32L4xx_DFP,3.1.0,https://www.keil.com/pack/Keil.STM32L4xx_DFP.pdsc
STMicroelectronics,STM32L4 Series,STM32L475,STM32L475VGTx,ordering_pattern,tcl/target/stm32l4x.cfg,not_validated,STM32L4xx_DFP,3.1.0,https://www.keil.com/pack/Keil.STM32L4xx_DFP.pdsc
STMicroelectronics,STM32L4 Series,STM32L476,STM32L476JEYx,ordering_pattern,tcl/target/stm32l4x.cfg,not_validated,STM32L4xx_DFP,3.1.0,https://www.keil.com/pack/Keil.STM32L4xx_DFP.pdsc
STMicroelectronics,STM32L4 Series,STM32L476,STM32L476JGYx,ordering_pattern,tcl/target/stm32l4x.cfg,not_validated,STM32L4xx_DFP,3.1.0,https://www.keil.com/pack/Keil.STM32L4xx_DFP.pdsc
STMicroelectronics,STM32L4 Series,STM32L476,STM32L476JGYxP,cmsis_device_name,tcl/target/stm32l4x.cfg,not_validated,STM32L4xx_DFP,3.1.0,https://www.keil.com/pack/Keil.STM32L4xx_DFP.pdsc
STMicroelectronics,STM32L4 Series,STM32L476,STM32L476MEYx,ordering_pattern,tcl/target/stm32l4x.cfg,not_validated,STM32L4xx_DFP,3.1.0,https://www.keil.com/pack/Keil.STM32L4xx_DFP.pdsc
STMicroelectronics,STM32L4 Series,STM32L476,STM32L476MGYx,ordering_pattern,tcl/target/stm32l4x.cfg,not_validated,STM32L4xx_DFP,3.1.0,https://www.keil.com/pack/Keil.STM32L4xx_DFP.pdsc
STMicroelectronics,STM32L4 Series,STM32L476,STM32L476QEIx,ordering_pattern,tcl/target/stm32l4x.cfg,not_validated,STM32L4xx_DFP,3.1.0,https://www.keil.com/pack/Keil.STM32L4xx_DFP.pdsc
STMicroelectronics,STM32L4 Series,STM32L476,STM32L476QGIx,ordering_pattern,tcl/target/stm32l4x.cfg,not_validated,STM32L4xx_DFP,3.1.0,https://www.keil.com/pack/Keil.STM32L4xx_DFP.pdsc
STMicroelectronics,STM32L4 Series,STM32L476,STM32L476QGIxP,cmsis_device_name,tcl/target/stm32l4x.cfg,not_validated,STM32L4xx_DFP,3.1.0,https://www.keil.com/pack/Keil.STM32L4xx_DFP.pdsc
STMicroelectronics,STM32L4 Series,STM32L476,STM32L476RCTx,ordering_pattern,tcl/target/stm32l4x.cfg,not_validated,STM32L4xx_DFP,3.1.0,https://www.keil.com/pack/Keil.STM32L4xx_DFP.pdsc
STMicroelectronics,STM32L4 Series,STM32L476,STM32L476RETx,ordering_pattern,tcl/target/stm32l4x.cfg,not_validated,STM32L4xx_DFP,3.1.0,https://www.keil.com/pack/Keil.STM32L4xx_DFP.pdsc
STMicroelectronics,STM32L4 Series,STM32L476,STM32L476RGTx,ordering_pattern,tcl/target/stm32l4x.cfg,not_validated,STM32L4xx_DFP,3.1.0,https://www.keil.com/pack/Keil.STM32L4xx_DFP.pdsc
STMicroelectronics,STM32L4 Series,STM32L476,STM32L476VCTx,ordering_pattern,tcl/target/stm32l4x.cfg,not_validated,STM32L4xx_DFP,3.1.0,https://www.keil.com/pack/Keil.STM32L4xx_DFP.pdsc
STMicroelectronics,STM32L4 Series,STM32L476,STM32L476VETx,ordering_pattern,tcl/target/stm32l4x.cfg,not_validated,STM32L4xx_DFP,3.1.0,https://www.keil.com/pack/Keil.STM32L4xx_DFP.pdsc
STMicroelectronics,STM32L4 Series,STM32L476,STM32L476VGTx,ordering_pattern,tcl/target/stm32l4x.cfg,not_validated,STM32L4xx_DFP,3.1.0,https://www.keil.com/pack/Keil.STM32L4xx_DFP.pdsc
STMicroelectronics,STM32L4 Series,STM32L476,STM32L476ZETx,ordering_pattern,tcl/target/stm32l4x.cfg,not_validated,STM32L4xx_DFP,3.1.0,https://www.keil.com/pack/Keil.STM32L4xx_DFP.pdsc
STMicroelectronics,STM32L4 Series,STM32L476,STM32L476ZGJx,ordering_pattern,tcl/target/stm32l4x.cfg,not_validated,STM32L4xx_DFP,3.1.0,https://www.keil.com/pack/Keil.STM32L4xx_DFP.pdsc
STMicroelectronics,STM32L4 Series,STM32L476,STM32L476ZGTx,ordering_pattern,tcl/target/stm32l4x.cfg,not_validated,STM32L4xx_DFP,3.1.0,https://www.keil.com/pack/Keil.STM32L4xx_DFP.pdsc
STMicroelectronics,STM32L4 Series,STM32L476,STM32L476ZGTxP,cmsis_device_name,tcl/target/stm32l4x.cfg,not_validated,STM32L4xx_DFP,3.1.0,https://www.keil.com/pack/Keil.STM32L4xx_DFP.pdsc
STMicroelectronics,STM32L4 Series,STM32L486,STM32L486JGYx,ordering_pattern,tcl/target/stm32l4x.cfg,not_validated,STM32L4xx_DFP,3.1.0,https://www.keil.com/pack/Keil.STM32L4xx_DFP.pdsc
STMicroelectronics,STM32L4 Series,STM32L486,STM32L486QGIx,ordering_pattern,tcl/target/stm32l4x.cfg,not_validated,STM32L4xx_DFP,3.1.0,https://www.keil.com/pack/Keil.STM32L4xx_DFP.pdsc
STMicroelectronics,STM32L4 Series,STM32L486,STM32L486RGTx,ordering_pattern,tcl/target/stm32l4x.cfg,not_validated,STM32L4xx_DFP,3.1.0,https://www.keil.com/pack/Keil.STM32L4xx_DFP.pdsc
STMicroelectronics,STM32L4 Series,STM32L486,STM32L486VGTx,ordering_pattern,tcl/target/stm32l4x.cfg,not_validated,STM32L4xx_DFP,3.1.0,https://www.keil.com/pack/Keil.STM32L4xx_DFP.pdsc
STMicroelectronics,STM32L4 Series,STM32L486,STM32L486ZGTx,ordering_pattern,tcl/target/stm32l4x.cfg,not_validated,STM32L4xx_DFP,3.1.0,https://www.keil.com/pack/Keil.STM32L4xx_DFP.pdsc
STMicroelectronics,STM32L4 Series,STM32L496,STM32L496AEIx,ordering_pattern,tcl/target/stm32l4x.cfg,not_validated,STM32L4xx_DFP,3.1.0,https://www.keil.com/pack/Keil.STM32L4xx_DFP.pdsc
STMicroelectronics,STM32L4 Series,STM32L496,STM32L496AGIx,ordering_pattern,tcl/target/stm32l4x.cfg,not_validated,STM32L4xx_DFP,3.1.0,https://www.keil.com/pack/Keil.STM32L4xx_DFP.pdsc
STMicroelectronics,STM32L4 Series,STM32L496,STM32L496AGIxP,cmsis_device_name,tcl/target/stm32l4x.cfg,not_validated,STM32L4xx_DFP,3.1.0,https://www.keil.com/pack/Keil.STM32L4xx_DFP.pdsc
STMicroelectronics,STM32L4 Series,STM32L496,STM32L496QEIx,ordering_pattern,tcl/target/stm32l4x.cfg,not_validated,STM32L4xx_DFP,3.1.0,https://www.keil.com/pack/Keil.STM32L4xx_DFP.pdsc
STMicroelectronics,STM32L4 Series,STM32L496,STM32L496QGIx,ordering_pattern,tcl/target/stm32l4x.cfg,not_validated,STM32L4xx_DFP,3.1.0,https://www.keil.com/pack/Keil.STM32L4xx_DFP.pdsc
STMicroelectronics,STM32L4 Series,STM32L496,STM32L496QGIxP,cmsis_device_name,tcl/target/stm32l4x.cfg,not_validated,STM32L4xx_DFP,3.1.0,https://www.keil.com/pack/Keil.STM32L4xx_DFP.pdsc
STMicroelectronics,STM32L4 Series,STM32L496,STM32L496QGIxS,cmsis_device_name,tcl/target/stm32l4x.cfg,not_validated,STM32L4xx_DFP,3.1.0,https://www.keil.com/pack/Keil.STM32L4xx_DFP.pdsc
STMicroelectronics,STM32L4 Series,STM32L496,STM32L496RETx,ordering_pattern,tcl/target/stm32l4x.cfg,not_validated,STM32L4xx_DFP,3.1.0,https://www.keil.com/pack/Keil.STM32L4xx_DFP.pdsc
STMicroelectronics,STM32L4 Series,STM32L496,STM32L496RGTx,ordering_pattern,tcl/target/stm32l4x.cfg,not_validated,STM32L4xx_DFP,3.1.0,https://www.keil.com/pack/Keil.STM32L4xx_DFP.pdsc
STMicroelectronics,STM32L4 Series,STM32L496,STM32L496RGTxP,cmsis_device_name,tcl/target/stm32l4x.cfg,not_validated,STM32L4xx_DFP,3.1.0,https://www.keil.com/pack/Keil.STM32L4xx_DFP.pdsc
STMicroelectronics,STM32L4 Series,STM32L496,STM32L496VETx,ordering_pattern,tcl/target/stm32l4x.cfg,not_validated,STM32L4xx_DFP,3.1.0,https://www.keil.com/pack/Keil.STM32L4xx_DFP.pdsc
STMicroelectronics,STM32L4 Series,STM32L496,STM32L496VGTx,ordering_pattern,tcl/target/stm32l4x.cfg,not_validated,STM32L4xx_DFP,3.1.0,https://www.keil.com/pack/Keil.STM32L4xx_DFP.pdsc
STMicroelectronics,STM32L4 Series,STM32L496,STM32L496VGTxP,cmsis_device_name,tcl/target/stm32l4x.cfg,not_validated,STM32L4xx_DFP,3.1.0,https://www.keil.com/pack/Keil.STM32L4xx_DFP.pdsc
STMicroelectronics,STM32L4 Series,STM32L496,STM32L496VGYx,ordering_pattern,tcl/target/stm32l4x.cfg,not_validated,STM32L4xx_DFP,3.1.0,https://www.keil.com/pack/Keil.STM32L4xx_DFP.pdsc
STMicroelectronics,STM32L4 Series,STM32L496,STM32L496VGYxP,cmsis_device_name,tcl/target/stm32l4x.cfg,not_validated,STM32L4xx_DFP,3.1.0,https://www.keil.com/pack/Keil.STM32L4xx_DFP.pdsc
STMicroelectronics,STM32L4 Series,STM32L496,STM32L496WGYxP,cmsis_device_name,tcl/target/stm32l4x.cfg,not_validated,STM32L4xx_DFP,3.1.0,https://www.keil.com/pack/Keil.STM32L4xx_DFP.pdsc
STMicroelectronics,STM32L4 Series,STM32L496,STM32L496ZETx,ordering_pattern,tcl/target/stm32l4x.cfg,not_validated,STM32L4xx_DFP,3.1.0,https://www.keil.com/pack/Keil.STM32L4xx_DFP.pdsc
STMicroelectronics,STM32L4 Series,STM32L496,STM32L496ZGTx,ordering_pattern,tcl/target/stm32l4x.cfg,not_validated,STM32L4xx_DFP,3.1.0,https://www.keil.com/pack/Keil.STM32L4xx_DFP.pdsc
STMicroelectronics,STM32L4 Series,STM32L496,STM32L496ZGTxP,cmsis_device_name,tcl/target/stm32l4x.cfg,not_validated,STM32L4xx_DFP,3.1.0,https://www.keil.com/pack/Keil.STM32L4xx_DFP.pdsc
STMicroelectronics,STM32L4 Series,STM32L4A6,STM32L4A6AGIx,ordering_pattern,tcl/target/stm32l4x.cfg,not_validated,STM32L4xx_DFP,3.1.0,https://www.keil.com/pack/Keil.STM32L4xx_DFP.pdsc
STMicroelectronics,STM32L4 Series,STM32L4A6,STM32L4A6AGIxP,cmsis_device_name,tcl/target/stm32l4x.cfg,not_validated,STM32L4xx_DFP,3.1.0,https://www.keil.com/pack/Keil.STM32L4xx_DFP.pdsc
STMicroelectronics,STM32L4 Series,STM32L4A6,STM32L4A6QGIx,ordering_pattern,tcl/target/stm32l4x.cfg,not_validated,STM32L4xx_DFP,3.1.0,https://www.keil.com/pack/Keil.STM32L4xx_DFP.pdsc
STMicroelectronics,STM32L4 Series,STM32L4A6,STM32L4A6QGIxP,cmsis_device_name,tcl/target/stm32l4x.cfg,not_validated,STM32L4xx_DFP,3.1.0,https://www.keil.com/pack/Keil.STM32L4xx_DFP.pdsc
STMicroelectronics,STM32L4 Series,STM32L4A6,STM32L4A6RGTx,ordering_pattern,tcl/target/stm32l4x.cfg,not_validated,STM32L4xx_DFP,3.1.0,https://www.keil.com/pack/Keil.STM32L4xx_DFP.pdsc
STMicroelectronics,STM32L4 Series,STM32L4A6,STM32L4A6RGTxP,cmsis_device_name,tcl/target/stm32l4x.cfg,not_validated,STM32L4xx_DFP,3.1.0,https://www.keil.com/pack/Keil.STM32L4xx_DFP.pdsc
STMicroelectronics,STM32L4 Series,STM32L4A6,STM32L4A6VGTx,ordering_pattern,tcl/target/stm32l4x.cfg,not_validated,STM32L4xx_DFP,3.1.0,https://www.keil.com/pack/Keil.STM32L4xx_DFP.pdsc
STMicroelectronics,STM32L4 Series,STM32L4A6,STM32L4A6VGTxP,cmsis_device_name,tcl/target/stm32l4x.cfg,not_validated,STM32L4xx_DFP,3.1.0,https://www.keil.com/pack/Keil.STM32L4xx_DFP.pdsc
STMicroelectronics,STM32L4 Series,STM32L4A6,STM32L4A6VGYx,ordering_pattern,tcl/target/stm32l4x.cfg,not_validated,STM32L4xx_DFP,3.1.0,https://www.keil.com/pack/Keil.STM32L4xx_DFP.pdsc
STMicroelectronics,STM32L4 Series,STM32L4A6,STM32L4A6VGYxP,cmsis_device_name,tcl/target/stm32l4x.cfg,not_validated,STM32L4xx_DFP,3.1.0,https://www.keil.com/pack/Keil.STM32L4xx_DFP.pdsc
STMicroelectronics,STM32L4 Series,STM32L4A6,STM32L4A6ZGTx,ordering_pattern,tcl/target/stm32l4x.cfg,not_validated,STM32L4xx_DFP,3.1.0,https://www.keil.com/pack/Keil.STM32L4xx_DFP.pdsc
STMicroelectronics,STM32L4 Series,STM32L4A6,STM32L4A6ZGTxP,cmsis_device_name,tcl/target/stm32l4x.cfg,not_validated,STM32L4xx_DFP,3.1.0,https://www.keil.com/pack/Keil.STM32L4xx_DFP.pdsc
STMicroelectronics,STM32L4 Series,STM32L4P5,STM32L4P5AEIx,ordering_pattern,tcl/target/stm32l4x.cfg,not_validated,STM32L4xx_DFP,3.1.0,https://www.keil.com/pack/Keil.STM32L4xx_DFP.pdsc
STMicroelectronics,STM32L4 Series,STM32L4P5,STM32L4P5AGIx,ordering_pattern,tcl/target/stm32l4x.cfg,not_validated,STM32L4xx_DFP,3.1.0,https://www.keil.com/pack/Keil.STM32L4xx_DFP.pdsc
STMicroelectronics,STM32L4 Series,STM32L4P5,STM32L4P5AGIxP,cmsis_device_name,tcl/target/stm32l4x.cfg,not_validated,STM32L4xx_DFP,3.1.0,https://www.keil.com/pack/Keil.STM32L4xx_DFP.pdsc
STMicroelectronics,STM32L4 Series,STM32L4P5,STM32L4P5CETx,ordering_pattern,tcl/target/stm32l4x.cfg,not_validated,STM32L4xx_DFP,3.1.0,https://www.keil.com/pack/Keil.STM32L4xx_DFP.pdsc
STMicroelectronics,STM32L4 Series,STM32L4P5,STM32L4P5CEUx,ordering_pattern,tcl/target/stm32l4x.cfg,not_validated,STM32L4xx_DFP,3.1.0,https://www.keil.com/pack/Keil.STM32L4xx_DFP.pdsc
STMicroelectronics,STM32L4 Series,STM32L4P5,STM32L4P5CGTx,ordering_pattern,tcl/target/stm32l4x.cfg,not_validated,STM32L4xx_DFP,3.1.0,https://www.keil.com/pack/Keil.STM32L4xx_DFP.pdsc
STMicroelectronics,STM32L4 Series,STM32L4P5,STM32L4P5CGTxP,cmsis_device_name,tcl/target/stm32l4x.cfg,not_validated,STM32L4xx_DFP,3.1.0,https://www.keil.com/pack/Keil.STM32L4xx_DFP.pdsc
STMicroelectronics,STM32L4 Series,STM32L4P5,STM32L4P5CGUx,ordering_pattern,tcl/target/stm32l4x.cfg,not_validated,STM32L4xx_DFP,3.1.0,https://www.keil.com/pack/Keil.STM32L4xx_DFP.pdsc
STMicroelectronics,STM32L4 Series,STM32L4P5,STM32L4P5CGUxP,cmsis_device_name,tcl/target/stm32l4x.cfg,not_validated,STM32L4xx_DFP,3.1.0,https://www.keil.com/pack/Keil.STM32L4xx_DFP.pdsc
STMicroelectronics,STM32L4 Series,STM32L4P5,STM32L4P5QEIx,ordering_pattern,tcl/target/stm32l4x.cfg,not_validated,STM32L4xx_DFP,3.1.0,https://www.keil.com/pack/Keil.STM32L4xx_DFP.pdsc
STMicroelectronics,STM32L4 Series,STM32L4P5,STM32L4P5QGIx,ordering_pattern,tcl/target/stm32l4x.cfg,not_validated,STM32L4xx_DFP,3.1.0,https://www.keil.com/pack/Keil.STM32L4xx_DFP.pdsc
STMicroelectronics,STM32L4 Series,STM32L4P5,STM32L4P5QGIxP,cmsis_device_name,tcl/target/stm32l4x.cfg,not_validated,STM32L4xx_DFP,3.1.0,https://www.keil.com/pack/Keil.STM32L4xx_DFP.pdsc
STMicroelectronics,STM32L4 Series,STM32L4P5,STM32L4P5QGIxS,cmsis_device_name,tcl/target/stm32l4x.cfg,not_validated,STM32L4xx_DFP,3.1.0,https://www.keil.com/pack/Keil.STM32L4xx_DFP.pdsc
STMicroelectronics,STM32L4 Series,STM32L4P5,STM32L4P5RETx,ordering_pattern,tcl/target/stm32l4x.cfg,not_validated,STM32L4xx_DFP,3.1.0,https://www.keil.com/pack/Keil.STM32L4xx_DFP.pdsc
STMicroelectronics,STM32L4 Series,STM32L4P5,STM32L4P5RGTx,ordering_pattern,tcl/target/stm32l4x.cfg,not_validated,STM32L4xx_DFP,3.1.0,https://www.keil.com/pack/Keil.STM32L4xx_DFP.pdsc
STMicroelectronics,STM32L4 Series,STM32L4P5,STM32L4P5RGTxP,cmsis_device_name,tcl/target/stm32l4x.cfg,not_validated,STM32L4xx_DFP,3.1.0,https://www.keil.com/pack/Keil.STM32L4xx_DFP.pdsc
STMicroelectronics,STM32L4 Series,STM32L4P5,STM32L4P5VETx,ordering_pattern,tcl/target/stm32l4x.cfg,not_validated,STM32L4xx_DFP,3.1.0,https://www.keil.com/pack/Keil.STM32L4xx_DFP.pdsc
STMicroelectronics,STM32L4 Series,STM32L4P5,STM32L4P5VEYx,ordering_pattern,tcl/target/stm32l4x.cfg,not_validated,STM32L4xx_DFP,3.1.0,https://www.keil.com/pack/Keil.STM32L4xx_DFP.pdsc
STMicroelectronics,STM32L4 Series,STM32L4P5,STM32L4P5VGTx,ordering_pattern,tcl/target/stm32l4x.cfg,not_validated,STM32L4xx_DFP,3.1.0,https://www.keil.com/pack/Keil.STM32L4xx_DFP.pdsc
STMicroelectronics,STM32L4 Series,STM32L4P5,STM32L4P5VGTxP,cmsis_device_name,tcl/target/stm32l4x.cfg,not_validated,STM32L4xx_DFP,3.1.0,https://www.keil.com/pack/Keil.STM32L4xx_DFP.pdsc
STMicroelectronics,STM32L4 Series,STM32L4P5,STM32L4P5VGYx,ordering_pattern,tcl/target/stm32l4x.cfg,not_validated,STM32L4xx_DFP,3.1.0,https://www.keil.com/pack/Keil.STM32L4xx_DFP.pdsc
STMicroelectronics,STM32L4 Series,STM32L4P5,STM32L4P5VGYxP,cmsis_device_name,tcl/target/stm32l4x.cfg,not_validated,STM32L4xx_DFP,3.1.0,https://www.keil.com/pack/Keil.STM32L4xx_DFP.pdsc
STMicroelectronics,STM32L4 Series,STM32L4P5,STM32L4P5ZETx,ordering_pattern,tcl/target/stm32l4x.cfg,not_validated,STM32L4xx_DFP,3.1.0,https://www.keil.com/pack/Keil.STM32L4xx_DFP.pdsc
STMicroelectronics,STM32L4 Series,STM32L4P5,STM32L4P5ZGTx,ordering_pattern,tcl/target/stm32l4x.cfg,not_validated,STM32L4xx_DFP,3.1.0,https://www.keil.com/pack/Keil.STM32L4xx_DFP.pdsc
STMicroelectronics,STM32L4 Series,STM32L4P5,STM32L4P5ZGTxP,cmsis_device_name,tcl/target/stm32l4x.cfg,not_validated,STM32L4xx_DFP,3.1.0,https://www.keil.com/pack/Keil.STM32L4xx_DFP.pdsc
STMicroelectronics,STM32L4 Series,STM32L4Q5,STM32L4Q5AGIx,ordering_pattern,tcl/target/stm32l4x.cfg,not_validated,STM32L4xx_DFP,3.1.0,https://www.keil.com/pack/Keil.STM32L4xx_DFP.pdsc
STMicroelectronics,STM32L4 Series,STM32L4Q5,STM32L4Q5AGIxP,cmsis_device_name,tcl/target/stm32l4x.cfg,not_validated,STM32L4xx_DFP,3.1.0,https://www.keil.com/pack/Keil.STM32L4xx_DFP.pdsc
STMicroelectronics,STM32L4 Series,STM32L4Q5,STM32L4Q5CGTx,ordering_pattern,tcl/target/stm32l4x.cfg,not_validated,STM32L4xx_DFP,3.1.0,https://www.keil.com/pack/Keil.STM32L4xx_DFP.pdsc
STMicroelectronics,STM32L4 Series,STM32L4Q5,STM32L4Q5CGTxP,cmsis_device_name,tcl/target/stm32l4x.cfg,not_validated,STM32L4xx_DFP,3.1.0,https://www.keil.com/pack/Keil.STM32L4xx_DFP.pdsc
STMicroelectronics,STM32L4 Series,STM32L4Q5,STM32L4Q5CGUx,ordering_pattern,tcl/target/stm32l4x.cfg,not_validated,STM32L4xx_DFP,3.1.0,https://www.keil.com/pack/Keil.STM32L4xx_DFP.pdsc
STMicroelectronics,STM32L4 Series,STM32L4Q5,STM32L4Q5CGUxP,cmsis_device_name,tcl/target/stm32l4x.cfg,not_validated,STM32L4xx_DFP,3.1.0,https://www.keil.com/pack/Keil.STM32L4xx_DFP.pdsc
STMicroelectronics,STM32L4 Series,STM32L4Q5,STM32L4Q5QGIx,ordering_pattern,tcl/target/stm32l4x.cfg,not_validated,STM32L4xx_DFP,3.1.0,https://www.keil.com/pack/Keil.STM32L4xx_DFP.pdsc
STMicroelectronics,STM32L4 Series,STM32L4Q5,STM32L4Q5QGIxP,cmsis_device_name,tcl/target/stm32l4x.cfg,not_validated,STM32L4xx_DFP,3.1.0,https://www.keil.com/pack/Keil.STM32L4xx_DFP.pdsc
STMicroelectronics,STM32L4 Series,STM32L4Q5,STM32L4Q5RGTx,ordering_pattern,tcl/target/stm32l4x.cfg,not_validated,STM32L4xx_DFP,3.1.0,https://www.keil.com/pack/Keil.STM32L4xx_DFP.pdsc
STMicroelectronics,STM32L4 Series,STM32L4Q5,STM32L4Q5RGTxP,cmsis_device_name,tcl/target/stm32l4x.cfg,not_validated,STM32L4xx_DFP,3.1.0,https://www.keil.com/pack/Keil.STM32L4xx_DFP.pdsc
STMicroelectronics,STM32L4 Series,STM32L4Q5,STM32L4Q5VGTx,ordering_pattern,tcl/target/stm32l4x.cfg,not_validated,STM32L4xx_DFP,3.1.0,https://www.keil.com/pack/Keil.STM32L4xx_DFP.pdsc
STMicroelectronics,STM32L4 Series,STM32L4Q5,STM32L4Q5VGTxP,cmsis_device_name,tcl/target/stm32l4x.cfg,not_validated,STM32L4xx_DFP,3.1.0,https://www.keil.com/pack/Keil.STM32L4xx_DFP.pdsc
STMicroelectronics,STM32L4 Series,STM32L4Q5,STM32L4Q5VGYx,ordering_pattern,tcl/target/stm32l4x.cfg,not_validated,STM32L4xx_DFP,3.1.0,https://www.keil.com/pack/Keil.STM32L4xx_DFP.pdsc
STMicroelectronics,STM32L4 Series,STM32L4Q5,STM32L4Q5VGYxP,cmsis_device_name,tcl/target/stm32l4x.cfg,not_validated,STM32L4xx_DFP,3.1.0,https://www.keil.com/pack/Keil.STM32L4xx_DFP.pdsc
STMicroelectronics,STM32L4 Series,STM32L4Q5,STM32L4Q5ZGTx,ordering_pattern,tcl/target/stm32l4x.cfg,not_validated,STM32L4xx_DFP,3.1.0,https://www.keil.com/pack/Keil.STM32L4xx_DFP.pdsc
STMicroelectronics,STM32L4 Series,STM32L4Q5,STM32L4Q5ZGTxP,cmsis_device_name,tcl/target/stm32l4x.cfg,not_validated,STM32L4xx_DFP,3.1.0,https://www.keil.com/pack/Keil.STM32L4xx_DFP.pdsc
STMicroelectronics,STM32L4 Series,STM32L4R5,STM32L4R5AGIx,ordering_pattern,tcl/target/stm32l4x.cfg,not_validated,STM32L4xx_DFP,3.1.0,https://www.keil.com/pack/Keil.STM32L4xx_DFP.pdsc
STMicroelectronics,STM32L4 Series,STM32L4R5,STM32L4R5AIIx,ordering_pattern,tcl/target/stm32l4x.cfg,not_validated,STM32L4xx_DFP,3.1.0,https://www.keil.com/pack/Keil.STM32L4xx_DFP.pdsc
STMicroelectronics,STM32L4 Series,STM32L4R5,STM32L4R5AIIxP,cmsis_device_name,tcl/target/stm32l4x.cfg,not_validated,STM32L4xx_DFP,3.1.0,https://www.keil.com/pack/Keil.STM32L4xx_DFP.pdsc
STMicroelectronics,STM32L4 Series,STM32L4R5,STM32L4R5QGIx,ordering_pattern,tcl/target/stm32l4x.cfg,not_validated,STM32L4xx_DFP,3.1.0,https://www.keil.com/pack/Keil.STM32L4xx_DFP.pdsc
STMicroelectronics,STM32L4 Series,STM32L4R5,STM32L4R5QGIxS,cmsis_device_name,tcl/target/stm32l4x.cfg,not_validated,STM32L4xx_DFP,3.1.0,https://www.keil.com/pack/Keil.STM32L4xx_DFP.pdsc
STMicroelectronics,STM32L4 Series,STM32L4R5,STM32L4R5QIIx,ordering_pattern,tcl/target/stm32l4x.cfg,not_validated,STM32L4xx_DFP,3.1.0,https://www.keil.com/pack/Keil.STM32L4xx_DFP.pdsc
STMicroelectronics,STM32L4 Series,STM32L4R5,STM32L4R5QIIxP,cmsis_device_name,tcl/target/stm32l4x.cfg,not_validated,STM32L4xx_DFP,3.1.0,https://www.keil.com/pack/Keil.STM32L4xx_DFP.pdsc
STMicroelectronics,STM32L4 Series,STM32L4R5,STM32L4R5VGTx,ordering_pattern,tcl/target/stm32l4x.cfg,not_validated,STM32L4xx_DFP,3.1.0,https://www.keil.com/pack/Keil.STM32L4xx_DFP.pdsc
STMicroelectronics,STM32L4 Series,STM32L4R5,STM32L4R5VITx,ordering_pattern,tcl/target/stm32l4x.cfg,not_validated,STM32L4xx_DFP,3.1.0,https://www.keil.com/pack/Keil.STM32L4xx_DFP.pdsc
STMicroelectronics,STM32L4 Series,STM32L4R5,STM32L4R5ZGTx,ordering_pattern,tcl/target/stm32l4x.cfg,not_validated,STM32L4xx_DFP,3.1.0,https://www.keil.com/pack/Keil.STM32L4xx_DFP.pdsc
STMicroelectronics,STM32L4 Series,STM32L4R5,STM32L4R5ZGYx,ordering_pattern,tcl/target/stm32l4x.cfg,not_validated,STM32L4xx_DFP,3.1.0,https://www.keil.com/pack/Keil.STM32L4xx_DFP.pdsc
STMicroelectronics,STM32L4 Series,STM32L4R5,STM32L4R5ZITx,ordering_pattern,tcl/target/stm32l4x.cfg,not_validated,STM32L4xx_DFP,3.1.0,https://www.keil.com/pack/Keil.STM32L4xx_DFP.pdsc
STMicroelectronics,STM32L4 Series,STM32L4R5,STM32L4R5ZITxP,cmsis_device_name,tcl/target/stm32l4x.cfg,not_validated,STM32L4xx_DFP,3.1.0,https://www.keil.com/pack/Keil.STM32L4xx_DFP.pdsc
STMicroelectronics,STM32L4 Series,STM32L4R5,STM32L4R5ZIYx,ordering_pattern,tcl/target/stm32l4x.cfg,not_validated,STM32L4xx_DFP,3.1.0,https://www.keil.com/pack/Keil.STM32L4xx_DFP.pdsc
STMicroelectronics,STM32L4 Series,STM32L4R7,STM32L4R7AIIx,ordering_pattern,tcl/target/stm32l4x.cfg,not_validated,STM32L4xx_DFP,3.1.0,https://www.keil.com/pack/Keil.STM32L4xx_DFP.pdsc
STMicroelectronics,STM32L4 Series,STM32L4R7,STM32L4R7VITx,ordering_pattern,tcl/target/stm32l4x.cfg,not_validated,STM32L4xx_DFP,3.1.0,https://www.keil.com/pack/Keil.STM32L4xx_DFP.pdsc
STMicroelectronics,STM32L4 Series,STM32L4R7,STM32L4R7ZITx,ordering_pattern,tcl/target/stm32l4x.cfg,not_validated,STM32L4xx_DFP,3.1.0,https://www.keil.com/pack/Keil.STM32L4xx_DFP.pdsc
STMicroelectronics,STM32L4 Series,STM32L4R9,STM32L4R9AGIx,ordering_pattern,tcl/target/stm32l4x.cfg,not_validated,STM32L4xx_DFP,3.1.0,https://www.keil.com/pack/Keil.STM32L4xx_DFP.pdsc
STMicroelectronics,STM32L4 Series,STM32L4R9,STM32L4R9AIIx,ordering_pattern,tcl/target/stm32l4x.cfg,not_validated,STM32L4xx_DFP,3.1.0,https://www.keil.com/pack/Keil.STM32L4xx_DFP.pdsc
STMicroelectronics,STM32L4 Series,STM32L4R9,STM32L4R9VGTx,ordering_pattern,tcl/target/stm32l4x.cfg,not_validated,STM32L4xx_DFP,3.1.0,https://www.keil.com/pack/Keil.STM32L4xx_DFP.pdsc
STMicroelectronics,STM32L4 Series,STM32L4R9,STM32L4R9VITx,ordering_pattern,tcl/target/stm32l4x.cfg,not_validated,STM32L4xx_DFP,3.1.0,https://www.keil.com/pack/Keil.STM32L4xx_DFP.pdsc
STMicroelectronics,STM32L4 Series,STM32L4R9,STM32L4R9ZGJx,ordering_pattern,tcl/target/stm32l4x.cfg,not_validated,STM32L4xx_DFP,3.1.0,https://www.keil.com/pack/Keil.STM32L4xx_DFP.pdsc
STMicroelectronics,STM32L4 Series,STM32L4R9,STM32L4R9ZGTx,ordering_pattern,tcl/target/stm32l4x.cfg,not_validated,STM32L4xx_DFP,3.1.0,https://www.keil.com/pack/Keil.STM32L4xx_DFP.pdsc
STMicroelectronics,STM32L4 Series,STM32L4R9,STM32L4R9ZGYx,ordering_pattern,tcl/target/stm32l4x.cfg,not_validated,STM32L4xx_DFP,3.1.0,https://www.keil.com/pack/Keil.STM32L4xx_DFP.pdsc
STMicroelectronics,STM32L4 Series,STM32L4R9,STM32L4R9ZIJx,ordering_pattern,tcl/target/stm32l4x.cfg,not_validated,STM32L4xx_DFP,3.1.0,https://www.keil.com/pack/Keil.STM32L4xx_DFP.pdsc
STMicroelectronics,STM32L4 Series,STM32L4R9,STM32L4R9ZITx,ordering_pattern,tcl/target/stm32l4x.cfg,not_validated,STM32L4xx_DFP,3.1.0,https://www.keil.com/pack/Keil.STM32L4xx_DFP.pdsc
STMicroelectronics,STM32L4 Series,STM32L4R9,STM32L4R9ZIYx,ordering_pattern,tcl/target/stm32l4x.cfg,not_validated,STM32L4xx_DFP,3.1.0,https://www.keil.com/pack/Keil.STM32L4xx_DFP.pdsc
STMicroelectronics,STM32L4 Series,STM32L4R9,STM32L4R9ZIYxP,cmsis_device_name,tcl/target/stm32l4x.cfg,not_validated,STM32L4xx_DFP,3.1.0,https://www.keil.com/pack/Keil.STM32L4xx_DFP.pdsc
STMicroelectronics,STM32L4 Series,STM32L4S5,STM32L4S5AIIx,ordering_pattern,tcl/target/stm32l4x.cfg,not_validated,STM32L4xx_DFP,3.1.0,https://www.keil.com/pack/Keil.STM32L4xx_DFP.pdsc
STMicroelectronics,STM32L4 Series,STM32L4S5,STM32L4S5QIIx,ordering_pattern,tcl/target/stm32l4x.cfg,not_validated,STM32L4xx_DFP,3.1.0,https://www.keil.com/pack/Keil.STM32L4xx_DFP.pdsc
STMicroelectronics,STM32L4 Series,STM32L4S5,STM32L4S5VITx,ordering_pattern,tcl/target/stm32l4x.cfg,not_validated,STM32L4xx_DFP,3.1.0,https://www.keil.com/pack/Keil.STM32L4xx_DFP.pdsc
STMicroelectronics,STM32L4 Series,STM32L4S5,STM32L4S5ZITx,ordering_pattern,tcl/target/stm32l4x.cfg,not_validated,STM32L4xx_DFP,3.1.0,https://www.keil.com/pack/Keil.STM32L4xx_DFP.pdsc
STMicroelectronics,STM32L4 Series,STM32L4S5,STM32L4S5ZIYx,ordering_pattern,tcl/target/stm32l4x.cfg,not_validated,STM32L4xx_DFP,3.1.0,https://www.keil.com/pack/Keil.STM32L4xx_DFP.pdsc
STMicroelectronics,STM32L4 Series,STM32L4S7,STM32L4S7AIIx,ordering_pattern,tcl/target/stm32l4x.cfg,not_validated,STM32L4xx_DFP,3.1.0,https://www.keil.com/pack/Keil.STM32L4xx_DFP.pdsc
STMicroelectronics,STM32L4 Series,STM32L4S7,STM32L4S7VITx,ordering_pattern,tcl/target/stm32l4x.cfg,not_validated,STM32L4xx_DFP,3.1.0,https://www.keil.com/pack/Keil.STM32L4xx_DFP.pdsc
STMicroelectronics,STM32L4 Series,STM32L4S7,STM32L4S7ZITx,ordering_pattern,tcl/target/stm32l4x.cfg,not_validated,STM32L4xx_DFP,3.1.0,https://www.keil.com/pack/Keil.STM32L4xx_DFP.pdsc
STMicroelectronics,STM32L4 Series,STM32L4S9,STM32L4S9AIIx,ordering_pattern,tcl/target/stm32l4x.cfg,not_validated,STM32L4xx_DFP,3.1.0,https://www.keil.com/pack/Keil.STM32L4xx_DFP.pdsc
STMicroelectronics,STM32L4 Series,STM32L4S9,STM32L4S9VITx,ordering_pattern,tcl/target/stm32l4x.cfg,not_validated,STM32L4xx_DFP,3.1.0,https://www.keil.com/pack/Keil.STM32L4xx_DFP.pdsc
STMicroelectronics,STM32L4 Series,STM32L4S9,STM32L4S9ZIJx,ordering_pattern,tcl/target/stm32l4x.cfg,not_validated,STM32L4xx_DFP,3.1.0,https://www.keil.com/pack/Keil.STM32L4xx_DFP.pdsc
STMicroelectronics,STM32L4 Series,STM32L4S9,STM32L4S9ZITx,ordering_pattern,tcl/target/stm32l4x.cfg,not_validated,STM32L4xx_DFP,3.1.0,https://www.keil.com/pack/Keil.STM32L4xx_DFP.pdsc
STMicroelectronics,STM32L4 Series,STM32L4S9,STM32L4S9ZIYx,ordering_pattern,tcl/target/stm32l4x.cfg,not_validated,STM32L4xx_DFP,3.1.0,https://www.keil.com/pack/Keil.STM32L4xx_DFP.pdsc
STMicroelectronics,STM32L5 Series,STM32L5x2,STM32L552CCTx,ordering_pattern,tcl/target/stm32l5x.cfg,not_validated,STM32L5xx_DFP,2.1.0,https://www.keil.com/pack/Keil.STM32L5xx_DFP.pdsc
STMicroelectronics,STM32L5 Series,STM32L5x2,STM32L552CCUx,ordering_pattern,tcl/target/stm32l5x.cfg,not_validated,STM32L5xx_DFP,2.1.0,https://www.keil.com/pack/Keil.STM32L5xx_DFP.pdsc
STMicroelectronics,STM32L5 Series,STM32L5x2,STM32L552CETx,ordering_pattern,tcl/target/stm32l5x.cfg,not_validated,STM32L5xx_DFP,2.1.0,https://www.keil.com/pack/Keil.STM32L5xx_DFP.pdsc
STMicroelectronics,STM32L5 Series,STM32L5x2,STM32L552CETxP,cmsis_device_name,tcl/target/stm32l5x.cfg,not_validated,STM32L5xx_DFP,2.1.0,https://www.keil.com/pack/Keil.STM32L5xx_DFP.pdsc
STMicroelectronics,STM32L5 Series,STM32L5x2,STM32L552CEUx,ordering_pattern,tcl/target/stm32l5x.cfg,not_validated,STM32L5xx_DFP,2.1.0,https://www.keil.com/pack/Keil.STM32L5xx_DFP.pdsc
STMicroelectronics,STM32L5 Series,STM32L5x2,STM32L552CEUxP,cmsis_device_name,tcl/target/stm32l5x.cfg,not_validated,STM32L5xx_DFP,2.1.0,https://www.keil.com/pack/Keil.STM32L5xx_DFP.pdsc
STMicroelectronics,STM32L5 Series,STM32L5x2,STM32L552MEYxP,cmsis_device_name,tcl/target/stm32l5x.cfg,not_validated,STM32L5xx_DFP,2.1.0,https://www.keil.com/pack/Keil.STM32L5xx_DFP.pdsc
STMicroelectronics,STM32L5 Series,STM32L5x2,STM32L552MEYxQ,cmsis_device_name,tcl/target/stm32l5x.cfg,not_validated,STM32L5xx_DFP,2.1.0,https://www.keil.com/pack/Keil.STM32L5xx_DFP.pdsc
STMicroelectronics,STM32L5 Series,STM32L5x2,STM32L552QCIxQ,cmsis_device_name,tcl/target/stm32l5x.cfg,not_validated,STM32L5xx_DFP,2.1.0,https://www.keil.com/pack/Keil.STM32L5xx_DFP.pdsc
STMicroelectronics,STM32L5 Series,STM32L5x2,STM32L552QEIx,ordering_pattern,tcl/target/stm32l5x.cfg,not_validated,STM32L5xx_DFP,2.1.0,https://www.keil.com/pack/Keil.STM32L5xx_DFP.pdsc
STMicroelectronics,STM32L5 Series,STM32L5x2,STM32L552QEIxP,cmsis_device_name,tcl/target/stm32l5x.cfg,not_validated,STM32L5xx_DFP,2.1.0,https://www.keil.com/pack/Keil.STM32L5xx_DFP.pdsc
STMicroelectronics,STM32L5 Series,STM32L5x2,STM32L552QEIxQ,cmsis_device_name,tcl/target/stm32l5x.cfg,not_validated,STM32L5xx_DFP,2.1.0,https://www.keil.com/pack/Keil.STM32L5xx_DFP.pdsc
STMicroelectronics,STM32L5 Series,STM32L5x2,STM32L552RCTx,ordering_pattern,tcl/target/stm32l5x.cfg,not_validated,STM32L5xx_DFP,2.1.0,https://www.keil.com/pack/Keil.STM32L5xx_DFP.pdsc
STMicroelectronics,STM32L5 Series,STM32L5x2,STM32L552RETx,ordering_pattern,tcl/target/stm32l5x.cfg,not_validated,STM32L5xx_DFP,2.1.0,https://www.keil.com/pack/Keil.STM32L5xx_DFP.pdsc
STMicroelectronics,STM32L5 Series,STM32L5x2,STM32L552RETxP,cmsis_device_name,tcl/target/stm32l5x.cfg,not_validated,STM32L5xx_DFP,2.1.0,https://www.keil.com/pack/Keil.STM32L5xx_DFP.pdsc
STMicroelectronics,STM32L5 Series,STM32L5x2,STM32L552RETxQ,cmsis_device_name,tcl/target/stm32l5x.cfg,not_validated,STM32L5xx_DFP,2.1.0,https://www.keil.com/pack/Keil.STM32L5xx_DFP.pdsc
STMicroelectronics,STM32L5 Series,STM32L5x2,STM32L552VCTxQ,cmsis_device_name,tcl/target/stm32l5x.cfg,not_validated,STM32L5xx_DFP,2.1.0,https://www.keil.com/pack/Keil.STM32L5xx_DFP.pdsc
STMicroelectronics,STM32L5 Series,STM32L5x2,STM32L552VETx,ordering_pattern,tcl/target/stm32l5x.cfg,not_validated,STM32L5xx_DFP,2.1.0,https://www.keil.com/pack/Keil.STM32L5xx_DFP.pdsc
STMicroelectronics,STM32L5 Series,STM32L5x2,STM32L552VETxQ,cmsis_device_name,tcl/target/stm32l5x.cfg,not_validated,STM32L5xx_DFP,2.1.0,https://www.keil.com/pack/Keil.STM32L5xx_DFP.pdsc
STMicroelectronics,STM32L5 Series,STM32L5x2,STM32L552ZCTxQ,cmsis_device_name,tcl/target/stm32l5x.cfg,not_validated,STM32L5xx_DFP,2.1.0,https://www.keil.com/pack/Keil.STM32L5xx_DFP.pdsc
STMicroelectronics,STM32L5 Series,STM32L5x2,STM32L552ZETx,ordering_pattern,tcl/target/stm32l5x.cfg,not_validated,STM32L5xx_DFP,2.1.0,https://www.keil.com/pack/Keil.STM32L5xx_DFP.pdsc
STMicroelectronics,STM32L5 Series,STM32L5x2,STM32L552ZETxQ,cmsis_device_name,tcl/target/stm32l5x.cfg,not_validated,STM32L5xx_DFP,2.1.0,https://www.keil.com/pack/Keil.STM32L5xx_DFP.pdsc
STMicroelectronics,STM32L5 Series,STM32L5x2,STM32L562CETx,ordering_pattern,tcl/target/stm32l5x.cfg,not_validated,STM32L5xx_DFP,2.1.0,https://www.keil.com/pack/Keil.STM32L5xx_DFP.pdsc
STMicroelectronics,STM32L5 Series,STM32L5x2,STM32L562CETxP,cmsis_device_name,tcl/target/stm32l5x.cfg,not_validated,STM32L5xx_DFP,2.1.0,https://www.keil.com/pack/Keil.STM32L5xx_DFP.pdsc
STMicroelectronics,STM32L5 Series,STM32L5x2,STM32L562CEUx,ordering_pattern,tcl/target/stm32l5x.cfg,not_validated,STM32L5xx_DFP,2.1.0,https://www.keil.com/pack/Keil.STM32L5xx_DFP.pdsc
STMicroelectronics,STM32L5 Series,STM32L5x2,STM32L562CEUxP,cmsis_device_name,tcl/target/stm32l5x.cfg,not_validated,STM32L5xx_DFP,2.1.0,https://www.keil.com/pack/Keil.STM32L5xx_DFP.pdsc
STMicroelectronics,STM32L5 Series,STM32L5x2,STM32L562MEYxP,cmsis_device_name,tcl/target/stm32l5x.cfg,not_validated,STM32L5xx_DFP,2.1.0,https://www.keil.com/pack/Keil.STM32L5xx_DFP.pdsc
STMicroelectronics,STM32L5 Series,STM32L5x2,STM32L562MEYxQ,cmsis_device_name,tcl/target/stm32l5x.cfg,not_validated,STM32L5xx_DFP,2.1.0,https://www.keil.com/pack/Keil.STM32L5xx_DFP.pdsc
STMicroelectronics,STM32L5 Series,STM32L5x2,STM32L562QEIx,ordering_pattern,tcl/target/stm32l5x.cfg,not_validated,STM32L5xx_DFP,2.1.0,https://www.keil.com/pack/Keil.STM32L5xx_DFP.pdsc
STMicroelectronics,STM32L5 Series,STM32L5x2,STM32L562QEIxP,cmsis_device_name,tcl/target/stm32l5x.cfg,not_validated,STM32L5xx_DFP,2.1.0,https://www.keil.com/pack/Keil.STM32L5xx_DFP.pdsc
STMicroelectronics,STM32L5 Series,STM32L5x2,STM32L562QEIxQ,cmsis_device_name,tcl/target/stm32l5x.cfg,not_validated,STM32L5xx_DFP,2.1.0,https://www.keil.com/pack/Keil.STM32L5xx_DFP.pdsc
STMicroelectronics,STM32L5 Series,STM32L5x2,STM32L562RETx,ordering_pattern,tcl/target/stm32l5x.cfg,not_validated,STM32L5xx_DFP,2.1.0,https://www.keil.com/pack/Keil.STM32L5xx_DFP.pdsc
STMicroelectronics,STM32L5 Series,STM32L5x2,STM32L562RETxP,cmsis_device_name,tcl/target/stm32l5x.cfg,not_validated,STM32L5xx_DFP,2.1.0,https://www.keil.com/pack/Keil.STM32L5xx_DFP.pdsc
STMicroelectronics,STM32L5 Series,STM32L5x2,STM32L562RETxQ,cmsis_device_name,tcl/target/stm32l5x.cfg,not_validated,STM32L5xx_DFP,2.1.0,https://www.keil.com/pack/Keil.STM32L5xx_DFP.pdsc
STMicroelectronics,STM32L5 Series,STM32L5x2,STM32L562VETx,ordering_pattern,tcl/target/stm32l5x.cfg,not_validated,STM32L5xx_DFP,2.1.0,https://www.keil.com/pack/Keil.STM32L5xx_DFP.pdsc
STMicroelectronics,STM32L5 Series,STM32L5x2,STM32L562VETxQ,cmsis_device_name,tcl/target/stm32l5x.cfg,not_validated,STM32L5xx_DFP,2.1.0,https://www.keil.com/pack/Keil.STM32L5xx_DFP.pdsc
STMicroelectronics,STM32L5 Series,STM32L5x2,STM32L562ZETx,ordering_pattern,tcl/target/stm32l5x.cfg,not_validated,STM32L5xx_DFP,2.1.0,https://www.keil.com/pack/Keil.STM32L5xx_DFP.pdsc
STMicroelectronics,STM32L5 Series,STM32L5x2,STM32L562ZETxQ,cmsis_device_name,tcl/target/stm32l5x.cfg,not_validated,STM32L5xx_DFP,2.1.0,https://www.keil.com/pack/Keil.STM32L5xx_DFP.pdsc
STMicroelectronics,STM32U0 Series,STM32U031,STM32U031C6Tx,ordering_pattern,tcl/target/stm32u0x.cfg,not_validated,STM32U0xx_DFP,2.2.0,https://www.keil.com/pack/Keil.STM32U0xx_DFP.pdsc
STMicroelectronics,STM32U0 Series,STM32U031,STM32U031C6Ux,ordering_pattern,tcl/target/stm32u0x.cfg,not_validated,STM32U0xx_DFP,2.2.0,https://www.keil.com/pack/Keil.STM32U0xx_DFP.pdsc
STMicroelectronics,STM32U0 Series,STM32U031,STM32U031C8Tx,ordering_pattern,tcl/target/stm32u0x.cfg,not_validated,STM32U0xx_DFP,2.2.0,https://www.keil.com/pack/Keil.STM32U0xx_DFP.pdsc
STMicroelectronics,STM32U0 Series,STM32U031,STM32U031C8Ux,ordering_pattern,tcl/target/stm32u0x.cfg,not_validated,STM32U0xx_DFP,2.2.0,https://www.keil.com/pack/Keil.STM32U0xx_DFP.pdsc
STMicroelectronics,STM32U0 Series,STM32U031,STM32U031F4Px,ordering_pattern,tcl/target/stm32u0x.cfg,not_validated,STM32U0xx_DFP,2.2.0,https://www.keil.com/pack/Keil.STM32U0xx_DFP.pdsc
STMicroelectronics,STM32U0 Series,STM32U031,STM32U031F6Px,ordering_pattern,tcl/target/stm32u0x.cfg,not_validated,STM32U0xx_DFP,2.2.0,https://www.keil.com/pack/Keil.STM32U0xx_DFP.pdsc
STMicroelectronics,STM32U0 Series,STM32U031,STM32U031F8Px,ordering_pattern,tcl/target/stm32u0x.cfg,not_validated,STM32U0xx_DFP,2.2.0,https://www.keil.com/pack/Keil.STM32U0xx_DFP.pdsc
STMicroelectronics,STM32U0 Series,STM32U031,STM32U031G6YxT,cmsis_device_name,tcl/target/stm32u0x.cfg,not_validated,STM32U0xx_DFP,2.2.0,https://www.keil.com/pack/Keil.STM32U0xx_DFP.pdsc
STMicroelectronics,STM32U0 Series,STM32U031,STM32U031G8YxT,cmsis_device_name,tcl/target/stm32u0x.cfg,not_validated,STM32U0xx_DFP,2.2.0,https://www.keil.com/pack/Keil.STM32U0xx_DFP.pdsc
STMicroelectronics,STM32U0 Series,STM32U031,STM32U031K4Ux,ordering_pattern,tcl/target/stm32u0x.cfg,not_validated,STM32U0xx_DFP,2.2.0,https://www.keil.com/pack/Keil.STM32U0xx_DFP.pdsc
STMicroelectronics,STM32U0 Series,STM32U031,STM32U031K6Ux,ordering_pattern,tcl/target/stm32u0x.cfg,not_validated,STM32U0xx_DFP,2.2.0,https://www.keil.com/pack/Keil.STM32U0xx_DFP.pdsc
STMicroelectronics,STM32U0 Series,STM32U031,STM32U031K8Ux,ordering_pattern,tcl/target/stm32u0x.cfg,not_validated,STM32U0xx_DFP,2.2.0,https://www.keil.com/pack/Keil.STM32U0xx_DFP.pdsc
STMicroelectronics,STM32U0 Series,STM32U031,STM32U031R6Ix,ordering_pattern,tcl/target/stm32u0x.cfg,not_validated,STM32U0xx_DFP,2.2.0,https://www.keil.com/pack/Keil.STM32U0xx_DFP.pdsc
STMicroelectronics,STM32U0 Series,STM32U031,STM32U031R6Tx,ordering_pattern,tcl/target/stm32u0x.cfg,not_validated,STM32U0xx_DFP,2.2.0,https://www.keil.com/pack/Keil.STM32U0xx_DFP.pdsc
STMicroelectronics,STM32U0 Series,STM32U031,STM32U031R8Ix,ordering_pattern,tcl/target/stm32u0x.cfg,not_validated,STM32U0xx_DFP,2.2.0,https://www.keil.com/pack/Keil.STM32U0xx_DFP.pdsc
STMicroelectronics,STM32U0 Series,STM32U031,STM32U031R8Tx,ordering_pattern,tcl/target/stm32u0x.cfg,not_validated,STM32U0xx_DFP,2.2.0,https://www.keil.com/pack/Keil.STM32U0xx_DFP.pdsc
STMicroelectronics,STM32U0 Series,STM32U073,STM32U073C8Tx,ordering_pattern,tcl/target/stm32u0x.cfg,not_validated,STM32U0xx_DFP,2.2.0,https://www.keil.com/pack/Keil.STM32U0xx_DFP.pdsc
STMicroelectronics,STM32U0 Series,STM32U073,STM32U073C8Ux,ordering_pattern,tcl/target/stm32u0x.cfg,not_validated,STM32U0xx_DFP,2.2.0,https://www.keil.com/pack/Keil.STM32U0xx_DFP.pdsc
STMicroelectronics,STM32U0 Series,STM32U073,STM32U073CBTx,ordering_pattern,tcl/target/stm32u0x.cfg,not_validated,STM32U0xx_DFP,2.2.0,https://www.keil.com/pack/Keil.STM32U0xx_DFP.pdsc
STMicroelectronics,STM32U0 Series,STM32U073,STM32U073CBUx,ordering_pattern,tcl/target/stm32u0x.cfg,not_validated,STM32U0xx_DFP,2.2.0,https://www.keil.com/pack/Keil.STM32U0xx_DFP.pdsc
STMicroelectronics,STM32U0 Series,STM32U073,STM32U073CCTx,ordering_pattern,tcl/target/stm32u0x.cfg,not_validated,STM32U0xx_DFP,2.2.0,https://www.keil.com/pack/Keil.STM32U0xx_DFP.pdsc
STMicroelectronics,STM32U0 Series,STM32U073,STM32U073CCUx,ordering_pattern,tcl/target/stm32u0x.cfg,not_validated,STM32U0xx_DFP,2.2.0,https://www.keil.com/pack/Keil.STM32U0xx_DFP.pdsc
STMicroelectronics,STM32U0 Series,STM32U073,STM32U073H8YxT,cmsis_device_name,tcl/target/stm32u0x.cfg,not_validated,STM32U0xx_DFP,2.2.0,https://www.keil.com/pack/Keil.STM32U0xx_DFP.pdsc
STMicroelectronics,STM32U0 Series,STM32U073,STM32U073HBYxT,cmsis_device_name,tcl/target/stm32u0x.cfg,not_validated,STM32U0xx_DFP,2.2.0,https://www.keil.com/pack/Keil.STM32U0xx_DFP.pdsc
STMicroelectronics,STM32U0 Series,STM32U073,STM32U073HCYxT,cmsis_device_name,tcl/target/stm32u0x.cfg,not_validated,STM32U0xx_DFP,2.2.0,https://www.keil.com/pack/Keil.STM32U0xx_DFP.pdsc
STMicroelectronics,STM32U0 Series,STM32U073,STM32U073K8Ux,ordering_pattern,tcl/target/stm32u0x.cfg,not_validated,STM32U0xx_DFP,2.2.0,https://www.keil.com/pack/Keil.STM32U0xx_DFP.pdsc
STMicroelectronics,STM32U0 Series,STM32U073,STM32U073KBUx,ordering_pattern,tcl/target/stm32u0x.cfg,not_validated,STM32U0xx_DFP,2.2.0,https://www.keil.com/pack/Keil.STM32U0xx_DFP.pdsc
STMicroelectronics,STM32U0 Series,STM32U073,STM32U073KCUx,ordering_pattern,tcl/target/stm32u0x.cfg,not_validated,STM32U0xx_DFP,2.2.0,https://www.keil.com/pack/Keil.STM32U0xx_DFP.pdsc
STMicroelectronics,STM32U0 Series,STM32U073,STM32U073M8Ix,ordering_pattern,tcl/target/stm32u0x.cfg,not_validated,STM32U0xx_DFP,2.2.0,https://www.keil.com/pack/Keil.STM32U0xx_DFP.pdsc
STMicroelectronics,STM32U0 Series,STM32U073,STM32U073M8Tx,ordering_pattern,tcl/target/stm32u0x.cfg,not_validated,STM32U0xx_DFP,2.2.0,https://www.keil.com/pack/Keil.STM32U0xx_DFP.pdsc
STMicroelectronics,STM32U0 Series,STM32U073,STM32U073MBIx,ordering_pattern,tcl/target/stm32u0x.cfg,not_validated,STM32U0xx_DFP,2.2.0,https://www.keil.com/pack/Keil.STM32U0xx_DFP.pdsc
STMicroelectronics,STM32U0 Series,STM32U073,STM32U073MBTx,ordering_pattern,tcl/target/stm32u0x.cfg,not_validated,STM32U0xx_DFP,2.2.0,https://www.keil.com/pack/Keil.STM32U0xx_DFP.pdsc
STMicroelectronics,STM32U0 Series,STM32U073,STM32U073MCIx,ordering_pattern,tcl/target/stm32u0x.cfg,not_validated,STM32U0xx_DFP,2.2.0,https://www.keil.com/pack/Keil.STM32U0xx_DFP.pdsc
STMicroelectronics,STM32U0 Series,STM32U073,STM32U073MCTx,ordering_pattern,tcl/target/stm32u0x.cfg,not_validated,STM32U0xx_DFP,2.2.0,https://www.keil.com/pack/Keil.STM32U0xx_DFP.pdsc
STMicroelectronics,STM32U0 Series,STM32U073,STM32U073R8Ix,ordering_pattern,tcl/target/stm32u0x.cfg,not_validated,STM32U0xx_DFP,2.2.0,https://www.keil.com/pack/Keil.STM32U0xx_DFP.pdsc
STMicroelectronics,STM32U0 Series,STM32U073,STM32U073R8Tx,ordering_pattern,tcl/target/stm32u0x.cfg,not_validated,STM32U0xx_DFP,2.2.0,https://www.keil.com/pack/Keil.STM32U0xx_DFP.pdsc
STMicroelectronics,STM32U0 Series,STM32U073,STM32U073RBIx,ordering_pattern,tcl/target/stm32u0x.cfg,not_validated,STM32U0xx_DFP,2.2.0,https://www.keil.com/pack/Keil.STM32U0xx_DFP.pdsc
STMicroelectronics,STM32U0 Series,STM32U073,STM32U073RBTx,ordering_pattern,tcl/target/stm32u0x.cfg,not_validated,STM32U0xx_DFP,2.2.0,https://www.keil.com/pack/Keil.STM32U0xx_DFP.pdsc
STMicroelectronics,STM32U0 Series,STM32U073,STM32U073RCIx,ordering_pattern,tcl/target/stm32u0x.cfg,not_validated,STM32U0xx_DFP,2.2.0,https://www.keil.com/pack/Keil.STM32U0xx_DFP.pdsc
STMicroelectronics,STM32U0 Series,STM32U073,STM32U073RCTx,ordering_pattern,tcl/target/stm32u0x.cfg,not_validated,STM32U0xx_DFP,2.2.0,https://www.keil.com/pack/Keil.STM32U0xx_DFP.pdsc
STMicroelectronics,STM32U0 Series,STM32U083,STM32U083CCTx,ordering_pattern,tcl/target/stm32u0x.cfg,not_validated,STM32U0xx_DFP,2.2.0,https://www.keil.com/pack/Keil.STM32U0xx_DFP.pdsc
STMicroelectronics,STM32U0 Series,STM32U083,STM32U083CCUx,ordering_pattern,tcl/target/stm32u0x.cfg,not_validated,STM32U0xx_DFP,2.2.0,https://www.keil.com/pack/Keil.STM32U0xx_DFP.pdsc
STMicroelectronics,STM32U0 Series,STM32U083,STM32U083HCYxT,cmsis_device_name,tcl/target/stm32u0x.cfg,not_validated,STM32U0xx_DFP,2.2.0,https://www.keil.com/pack/Keil.STM32U0xx_DFP.pdsc
STMicroelectronics,STM32U0 Series,STM32U083,STM32U083KCUx,ordering_pattern,tcl/target/stm32u0x.cfg,not_validated,STM32U0xx_DFP,2.2.0,https://www.keil.com/pack/Keil.STM32U0xx_DFP.pdsc
STMicroelectronics,STM32U0 Series,STM32U083,STM32U083MCIx,ordering_pattern,tcl/target/stm32u0x.cfg,not_validated,STM32U0xx_DFP,2.2.0,https://www.keil.com/pack/Keil.STM32U0xx_DFP.pdsc
STMicroelectronics,STM32U0 Series,STM32U083,STM32U083MCTx,ordering_pattern,tcl/target/stm32u0x.cfg,not_validated,STM32U0xx_DFP,2.2.0,https://www.keil.com/pack/Keil.STM32U0xx_DFP.pdsc
STMicroelectronics,STM32U0 Series,STM32U083,STM32U083RCIx,ordering_pattern,tcl/target/stm32u0x.cfg,not_validated,STM32U0xx_DFP,2.2.0,https://www.keil.com/pack/Keil.STM32U0xx_DFP.pdsc
STMicroelectronics,STM32U0 Series,STM32U083,STM32U083RCTx,ordering_pattern,tcl/target/stm32u0x.cfg,not_validated,STM32U0xx_DFP,2.2.0,https://www.keil.com/pack/Keil.STM32U0xx_DFP.pdsc
STMicroelectronics,STM32U3 Series,STM32U335,STM32U335CBTx,ordering_pattern,tcl/target/stm32u3x.cfg,not_validated,STM32U3xx_DFP,1.3.0,https://www.keil.com/pack/Keil.STM32U3xx_DFP.pdsc
STMicroelectronics,STM32U3 Series,STM32U335,STM32U335CBTxQ,cmsis_device_name,tcl/target/stm32u3x.cfg,not_validated,STM32U3xx_DFP,1.3.0,https://www.keil.com/pack/Keil.STM32U3xx_DFP.pdsc
STMicroelectronics,STM32U3 Series,STM32U335,STM32U335CBUx,ordering_pattern,tcl/target/stm32u3x.cfg,not_validated,STM32U3xx_DFP,1.3.0,https://www.keil.com/pack/Keil.STM32U3xx_DFP.pdsc
STMicroelectronics,STM32U3 Series,STM32U335,STM32U335CBUxQ,cmsis_device_name,tcl/target/stm32u3x.cfg,not_validated,STM32U3xx_DFP,1.3.0,https://www.keil.com/pack/Keil.STM32U3xx_DFP.pdsc
STMicroelectronics,STM32U3 Series,STM32U335,STM32U335CBYxQTR,cmsis_device_name,tcl/target/stm32u3x.cfg,not_validated,STM32U3xx_DFP,1.3.0,https://www.keil.com/pack/Keil.STM32U3xx_DFP.pdsc
STMicroelectronics,STM32U3 Series,STM32U335,STM32U335CCTx,ordering_pattern,tcl/target/stm32u3x.cfg,not_validated,STM32U3xx_DFP,1.3.0,https://www.keil.com/pack/Keil.STM32U3xx_DFP.pdsc
STMicroelectronics,STM32U3 Series,STM32U335,STM32U335CCTxQ,cmsis_device_name,tcl/target/stm32u3x.cfg,not_validated,STM32U3xx_DFP,1.3.0,https://www.keil.com/pack/Keil.STM32U3xx_DFP.pdsc
STMicroelectronics,STM32U3 Series,STM32U335,STM32U335CCUx,ordering_pattern,tcl/target/stm32u3x.cfg,not_validated,STM32U3xx_DFP,1.3.0,https://www.keil.com/pack/Keil.STM32U3xx_DFP.pdsc
STMicroelectronics,STM32U3 Series,STM32U335,STM32U335CCUxQ,cmsis_device_name,tcl/target/stm32u3x.cfg,not_validated,STM32U3xx_DFP,1.3.0,https://www.keil.com/pack/Keil.STM32U3xx_DFP.pdsc
STMicroelectronics,STM32U3 Series,STM32U335,STM32U335CCYxQTR,cmsis_device_name,tcl/target/stm32u3x.cfg,not_validated,STM32U3xx_DFP,1.3.0,https://www.keil.com/pack/Keil.STM32U3xx_DFP.pdsc
STMicroelectronics,STM32U3 Series,STM32U335,STM32U335KBUx,ordering_pattern,tcl/target/stm32u3x.cfg,not_validated,STM32U3xx_DFP,1.3.0,https://www.keil.com/pack/Keil.STM32U3xx_DFP.pdsc
STMicroelectronics,STM32U3 Series,STM32U335,STM32U335KBYxQTR,cmsis_device_name,tcl/target/stm32u3x.cfg,not_validated,STM32U3xx_DFP,1.3.0,https://www.keil.com/pack/Keil.STM32U3xx_DFP.pdsc
STMicroelectronics,STM32U3 Series,STM32U335,STM32U335KCUx,ordering_pattern,tcl/target/stm32u3x.cfg,not_validated,STM32U3xx_DFP,1.3.0,https://www.keil.com/pack/Keil.STM32U3xx_DFP.pdsc
STMicroelectronics,STM32U3 Series,STM32U335,STM32U335KCYxQTR,cmsis_device_name,tcl/target/stm32u3x.cfg,not_validated,STM32U3xx_DFP,1.3.0,https://www.keil.com/pack/Keil.STM32U3xx_DFP.pdsc
STMicroelectronics,STM32U3 Series,STM32U335,STM32U335RBIx,ordering_pattern,tcl/target/stm32u3x.cfg,not_validated,STM32U3xx_DFP,1.3.0,https://www.keil.com/pack/Keil.STM32U3xx_DFP.pdsc
STMicroelectronics,STM32U3 Series,STM32U335,STM32U335RBIxQ,cmsis_device_name,tcl/target/stm32u3x.cfg,not_validated,STM32U3xx_DFP,1.3.0,https://www.keil.com/pack/Keil.STM32U3xx_DFP.pdsc
STMicroelectronics,STM32U3 Series,STM32U335,STM32U335RBTx,ordering_pattern,tcl/target/stm32u3x.cfg,not_validated,STM32U3xx_DFP,1.3.0,https://www.keil.com/pack/Keil.STM32U3xx_DFP.pdsc
STMicroelectronics,STM32U3 Series,STM32U335,STM32U335RBTxQ,cmsis_device_name,tcl/target/stm32u3x.cfg,not_validated,STM32U3xx_DFP,1.3.0,https://www.keil.com/pack/Keil.STM32U3xx_DFP.pdsc
STMicroelectronics,STM32U3 Series,STM32U335,STM32U335RCIx,ordering_pattern,tcl/target/stm32u3x.cfg,not_validated,STM32U3xx_DFP,1.3.0,https://www.keil.com/pack/Keil.STM32U3xx_DFP.pdsc
STMicroelectronics,STM32U3 Series,STM32U335,STM32U335RCIxQ,cmsis_device_name,tcl/target/stm32u3x.cfg,not_validated,STM32U3xx_DFP,1.3.0,https://www.keil.com/pack/Keil.STM32U3xx_DFP.pdsc
STMicroelectronics,STM32U3 Series,STM32U335,STM32U335RCTx,ordering_pattern,tcl/target/stm32u3x.cfg,not_validated,STM32U3xx_DFP,1.3.0,https://www.keil.com/pack/Keil.STM32U3xx_DFP.pdsc
STMicroelectronics,STM32U3 Series,STM32U335,STM32U335RCTxQ,cmsis_device_name,tcl/target/stm32u3x.cfg,not_validated,STM32U3xx_DFP,1.3.0,https://www.keil.com/pack/Keil.STM32U3xx_DFP.pdsc
STMicroelectronics,STM32U3 Series,STM32U345,STM32U345CCTx,ordering_pattern,tcl/target/stm32u3x.cfg,not_validated,STM32U3xx_DFP,1.3.0,https://www.keil.com/pack/Keil.STM32U3xx_DFP.pdsc
STMicroelectronics,STM32U3 Series,STM32U345,STM32U345CCTxQ,cmsis_device_name,tcl/target/stm32u3x.cfg,not_validated,STM32U3xx_DFP,1.3.0,https://www.keil.com/pack/Keil.STM32U3xx_DFP.pdsc
STMicroelectronics,STM32U3 Series,STM32U345,STM32U345CCUx,ordering_pattern,tcl/target/stm32u3x.cfg,not_validated,STM32U3xx_DFP,1.3.0,https://www.keil.com/pack/Keil.STM32U3xx_DFP.pdsc
STMicroelectronics,STM32U3 Series,STM32U345,STM32U345CCUxQ,cmsis_device_name,tcl/target/stm32u3x.cfg,not_validated,STM32U3xx_DFP,1.3.0,https://www.keil.com/pack/Keil.STM32U3xx_DFP.pdsc
STMicroelectronics,STM32U3 Series,STM32U345,STM32U345CCYxQTR,cmsis_device_name,tcl/target/stm32u3x.cfg,not_validated,STM32U3xx_DFP,1.3.0,https://www.keil.com/pack/Keil.STM32U3xx_DFP.pdsc
STMicroelectronics,STM32U3 Series,STM32U345,STM32U345KCUx,ordering_pattern,tcl/target/stm32u3x.cfg,not_validated,STM32U3xx_DFP,1.3.0,https://www.keil.com/pack/Keil.STM32U3xx_DFP.pdsc
STMicroelectronics,STM32U3 Series,STM32U345,STM32U345KCYxQTR,cmsis_device_name,tcl/target/stm32u3x.cfg,not_validated,STM32U3xx_DFP,1.3.0,https://www.keil.com/pack/Keil.STM32U3xx_DFP.pdsc
STMicroelectronics,STM32U3 Series,STM32U345,STM32U345RCIx,ordering_pattern,tcl/target/stm32u3x.cfg,not_validated,STM32U3xx_DFP,1.3.0,https://www.keil.com/pack/Keil.STM32U3xx_DFP.pdsc
STMicroelectronics,STM32U3 Series,STM32U345,STM32U345RCIxQ,cmsis_device_name,tcl/target/stm32u3x.cfg,not_validated,STM32U3xx_DFP,1.3.0,https://www.keil.com/pack/Keil.STM32U3xx_DFP.pdsc
STMicroelectronics,STM32U3 Series,STM32U345,STM32U345RCTx,ordering_pattern,tcl/target/stm32u3x.cfg,not_validated,STM32U3xx_DFP,1.3.0,https://www.keil.com/pack/Keil.STM32U3xx_DFP.pdsc
STMicroelectronics,STM32U3 Series,STM32U345,STM32U345RCTxQ,cmsis_device_name,tcl/target/stm32u3x.cfg,not_validated,STM32U3xx_DFP,1.3.0,https://www.keil.com/pack/Keil.STM32U3xx_DFP.pdsc
STMicroelectronics,STM32U3 Series,STM32U356,STM32U356CCTx,ordering_pattern,tcl/target/stm32u3x.cfg,not_validated,STM32U3xx_DFP,1.3.0,https://www.keil.com/pack/Keil.STM32U3xx_DFP.pdsc
STMicroelectronics,STM32U3 Series,STM32U356,STM32U356CCTxQ,cmsis_device_name,tcl/target/stm32u3x.cfg,not_validated,STM32U3xx_DFP,1.3.0,https://www.keil.com/pack/Keil.STM32U3xx_DFP.pdsc
STMicroelectronics,STM32U3 Series,STM32U356,STM32U356CCUx,ordering_pattern,tcl/target/stm32u3x.cfg,not_validated,STM32U3xx_DFP,1.3.0,https://www.keil.com/pack/Keil.STM32U3xx_DFP.pdsc
STMicroelectronics,STM32U3 Series,STM32U356,STM32U356CCUxQ,cmsis_device_name,tcl/target/stm32u3x.cfg,not_validated,STM32U3xx_DFP,1.3.0,https://www.keil.com/pack/Keil.STM32U3xx_DFP.pdsc
STMicroelectronics,STM32U3 Series,STM32U356,STM32U356CCYxQ,cmsis_device_name,tcl/target/stm32u3x.cfg,not_validated,STM32U3xx_DFP,1.3.0,https://www.keil.com/pack/Keil.STM32U3xx_DFP.pdsc
STMicroelectronics,STM32U3 Series,STM32U356,STM32U356CETx,ordering_pattern,tcl/target/stm32u3x.cfg,not_validated,STM32U3xx_DFP,1.3.0,https://www.keil.com/pack/Keil.STM32U3xx_DFP.pdsc
STMicroelectronics,STM32U3 Series,STM32U356,STM32U356CETxQ,cmsis_device_name,tcl/target/stm32u3x.cfg,not_validated,STM32U3xx_DFP,1.3.0,https://www.keil.com/pack/Keil.STM32U3xx_DFP.pdsc
STMicroelectronics,STM32U3 Series,STM32U356,STM32U356CEUx,ordering_pattern,tcl/target/stm32u3x.cfg,not_validated,STM32U3xx_DFP,1.3.0,https://www.keil.com/pack/Keil.STM32U3xx_DFP.pdsc
STMicroelectronics,STM32U3 Series,STM32U356,STM32U356CEUxQ,cmsis_device_name,tcl/target/stm32u3x.cfg,not_validated,STM32U3xx_DFP,1.3.0,https://www.keil.com/pack/Keil.STM32U3xx_DFP.pdsc
STMicroelectronics,STM32U3 Series,STM32U356,STM32U356CEYxQ,cmsis_device_name,tcl/target/stm32u3x.cfg,not_validated,STM32U3xx_DFP,1.3.0,https://www.keil.com/pack/Keil.STM32U3xx_DFP.pdsc
STMicroelectronics,STM32U3 Series,STM32U356,STM32U356KCUx,ordering_pattern,tcl/target/stm32u3x.cfg,not_validated,STM32U3xx_DFP,1.3.0,https://www.keil.com/pack/Keil.STM32U3xx_DFP.pdsc
STMicroelectronics,STM32U3 Series,STM32U356,STM32U356KEUx,ordering_pattern,tcl/target/stm32u3x.cfg,not_validated,STM32U3xx_DFP,1.3.0,https://www.keil.com/pack/Keil.STM32U3xx_DFP.pdsc
STMicroelectronics,STM32U3 Series,STM32U356,STM32U356RCIx,ordering_pattern,tcl/target/stm32u3x.cfg,not_validated,STM32U3xx_DFP,1.3.0,https://www.keil.com/pack/Keil.STM32U3xx_DFP.pdsc
STMicroelectronics,STM32U3 Series,STM32U356,STM32U356RCIxQ,cmsis_device_name,tcl/target/stm32u3x.cfg,not_validated,STM32U3xx_DFP,1.3.0,https://www.keil.com/pack/Keil.STM32U3xx_DFP.pdsc
STMicroelectronics,STM32U3 Series,STM32U356,STM32U356RCTx,ordering_pattern,tcl/target/stm32u3x.cfg,not_validated,STM32U3xx_DFP,1.3.0,https://www.keil.com/pack/Keil.STM32U3xx_DFP.pdsc
STMicroelectronics,STM32U3 Series,STM32U356,STM32U356RCTxQ,cmsis_device_name,tcl/target/stm32u3x.cfg,not_validated,STM32U3xx_DFP,1.3.0,https://www.keil.com/pack/Keil.STM32U3xx_DFP.pdsc
STMicroelectronics,STM32U3 Series,STM32U356,STM32U356RCYxQ,cmsis_device_name,tcl/target/stm32u3x.cfg,not_validated,STM32U3xx_DFP,1.3.0,https://www.keil.com/pack/Keil.STM32U3xx_DFP.pdsc
STMicroelectronics,STM32U3 Series,STM32U356,STM32U356REIx,ordering_pattern,tcl/target/stm32u3x.cfg,not_validated,STM32U3xx_DFP,1.3.0,https://www.keil.com/pack/Keil.STM32U3xx_DFP.pdsc
STMicroelectronics,STM32U3 Series,STM32U356,STM32U356REIxQ,cmsis_device_name,tcl/target/stm32u3x.cfg,not_validated,STM32U3xx_DFP,1.3.0,https://www.keil.com/pack/Keil.STM32U3xx_DFP.pdsc
STMicroelectronics,STM32U3 Series,STM32U356,STM32U356RETx,ordering_pattern,tcl/target/stm32u3x.cfg,not_validated,STM32U3xx_DFP,1.3.0,https://www.keil.com/pack/Keil.STM32U3xx_DFP.pdsc
STMicroelectronics,STM32U3 Series,STM32U356,STM32U356RETxQ,cmsis_device_name,tcl/target/stm32u3x.cfg,not_validated,STM32U3xx_DFP,1.3.0,https://www.keil.com/pack/Keil.STM32U3xx_DFP.pdsc
STMicroelectronics,STM32U3 Series,STM32U356,STM32U356REYxQ,cmsis_device_name,tcl/target/stm32u3x.cfg,not_validated,STM32U3xx_DFP,1.3.0,https://www.keil.com/pack/Keil.STM32U3xx_DFP.pdsc
STMicroelectronics,STM32U3 Series,STM32U356,STM32U356VCIx,ordering_pattern,tcl/target/stm32u3x.cfg,not_validated,STM32U3xx_DFP,1.3.0,https://www.keil.com/pack/Keil.STM32U3xx_DFP.pdsc
STMicroelectronics,STM32U3 Series,STM32U356,STM32U356VCIxQ,cmsis_device_name,tcl/target/stm32u3x.cfg,not_validated,STM32U3xx_DFP,1.3.0,https://www.keil.com/pack/Keil.STM32U3xx_DFP.pdsc
STMicroelectronics,STM32U3 Series,STM32U356,STM32U356VCTx,ordering_pattern,tcl/target/stm32u3x.cfg,not_validated,STM32U3xx_DFP,1.3.0,https://www.keil.com/pack/Keil.STM32U3xx_DFP.pdsc
STMicroelectronics,STM32U3 Series,STM32U356,STM32U356VCTxQ,cmsis_device_name,tcl/target/stm32u3x.cfg,not_validated,STM32U3xx_DFP,1.3.0,https://www.keil.com/pack/Keil.STM32U3xx_DFP.pdsc
STMicroelectronics,STM32U3 Series,STM32U356,STM32U356VEIx,ordering_pattern,tcl/target/stm32u3x.cfg,not_validated,STM32U3xx_DFP,1.3.0,https://www.keil.com/pack/Keil.STM32U3xx_DFP.pdsc
STMicroelectronics,STM32U3 Series,STM32U356,STM32U356VEIxQ,cmsis_device_name,tcl/target/stm32u3x.cfg,not_validated,STM32U3xx_DFP,1.3.0,https://www.keil.com/pack/Keil.STM32U3xx_DFP.pdsc
STMicroelectronics,STM32U3 Series,STM32U356,STM32U356VETx,ordering_pattern,tcl/target/stm32u3x.cfg,not_validated,STM32U3xx_DFP,1.3.0,https://www.keil.com/pack/Keil.STM32U3xx_DFP.pdsc
STMicroelectronics,STM32U3 Series,STM32U356,STM32U356VETxQ,cmsis_device_name,tcl/target/stm32u3x.cfg,not_validated,STM32U3xx_DFP,1.3.0,https://www.keil.com/pack/Keil.STM32U3xx_DFP.pdsc
STMicroelectronics,STM32U3 Series,STM32U366,STM32U366CETx,ordering_pattern,tcl/target/stm32u3x.cfg,not_validated,STM32U3xx_DFP,1.3.0,https://www.keil.com/pack/Keil.STM32U3xx_DFP.pdsc
STMicroelectronics,STM32U3 Series,STM32U366,STM32U366CETxQ,cmsis_device_name,tcl/target/stm32u3x.cfg,not_validated,STM32U3xx_DFP,1.3.0,https://www.keil.com/pack/Keil.STM32U3xx_DFP.pdsc
STMicroelectronics,STM32U3 Series,STM32U366,STM32U366CEUx,ordering_pattern,tcl/target/stm32u3x.cfg,not_validated,STM32U3xx_DFP,1.3.0,https://www.keil.com/pack/Keil.STM32U3xx_DFP.pdsc
STMicroelectronics,STM32U3 Series,STM32U366,STM32U366CEUxQ,cmsis_device_name,tcl/target/stm32u3x.cfg,not_validated,STM32U3xx_DFP,1.3.0,https://www.keil.com/pack/Keil.STM32U3xx_DFP.pdsc
STMicroelectronics,STM32U3 Series,STM32U366,STM32U366CEYxQ,cmsis_device_name,tcl/target/stm32u3x.cfg,not_validated,STM32U3xx_DFP,1.3.0,https://www.keil.com/pack/Keil.STM32U3xx_DFP.pdsc
STMicroelectronics,STM32U3 Series,STM32U366,STM32U366KEUx,ordering_pattern,tcl/target/stm32u3x.cfg,not_validated,STM32U3xx_DFP,1.3.0,https://www.keil.com/pack/Keil.STM32U3xx_DFP.pdsc
STMicroelectronics,STM32U3 Series,STM32U366,STM32U366REIx,ordering_pattern,tcl/target/stm32u3x.cfg,not_validated,STM32U3xx_DFP,1.3.0,https://www.keil.com/pack/Keil.STM32U3xx_DFP.pdsc
STMicroelectronics,STM32U3 Series,STM32U366,STM32U366REIxQ,cmsis_device_name,tcl/target/stm32u3x.cfg,not_validated,STM32U3xx_DFP,1.3.0,https://www.keil.com/pack/Keil.STM32U3xx_DFP.pdsc
STMicroelectronics,STM32U3 Series,STM32U366,STM32U366RETx,ordering_pattern,tcl/target/stm32u3x.cfg,not_validated,STM32U3xx_DFP,1.3.0,https://www.keil.com/pack/Keil.STM32U3xx_DFP.pdsc
STMicroelectronics,STM32U3 Series,STM32U366,STM32U366RETxQ,cmsis_device_name,tcl/target/stm32u3x.cfg,not_validated,STM32U3xx_DFP,1.3.0,https://www.keil.com/pack/Keil.STM32U3xx_DFP.pdsc
STMicroelectronics,STM32U3 Series,STM32U366,STM32U366REYxQ,cmsis_device_name,tcl/target/stm32u3x.cfg,not_validated,STM32U3xx_DFP,1.3.0,https://www.keil.com/pack/Keil.STM32U3xx_DFP.pdsc
STMicroelectronics,STM32U3 Series,STM32U366,STM32U366VEIx,ordering_pattern,tcl/target/stm32u3x.cfg,not_validated,STM32U3xx_DFP,1.3.0,https://www.keil.com/pack/Keil.STM32U3xx_DFP.pdsc
STMicroelectronics,STM32U3 Series,STM32U366,STM32U366VEIxQ,cmsis_device_name,tcl/target/stm32u3x.cfg,not_validated,STM32U3xx_DFP,1.3.0,https://www.keil.com/pack/Keil.STM32U3xx_DFP.pdsc
STMicroelectronics,STM32U3 Series,STM32U366,STM32U366VETx,ordering_pattern,tcl/target/stm32u3x.cfg,not_validated,STM32U3xx_DFP,1.3.0,https://www.keil.com/pack/Keil.STM32U3xx_DFP.pdsc
STMicroelectronics,STM32U3 Series,STM32U366,STM32U366VETxQ,cmsis_device_name,tcl/target/stm32u3x.cfg,not_validated,STM32U3xx_DFP,1.3.0,https://www.keil.com/pack/Keil.STM32U3xx_DFP.pdsc
STMicroelectronics,STM32U3 Series,STM32U375,STM32U375CETx,ordering_pattern,tcl/target/stm32u3x.cfg,not_validated,STM32U3xx_DFP,1.3.0,https://www.keil.com/pack/Keil.STM32U3xx_DFP.pdsc
STMicroelectronics,STM32U3 Series,STM32U375,STM32U375CETxQ,cmsis_device_name,tcl/target/stm32u3x.cfg,not_validated,STM32U3xx_DFP,1.3.0,https://www.keil.com/pack/Keil.STM32U3xx_DFP.pdsc
STMicroelectronics,STM32U3 Series,STM32U375,STM32U375CEUx,ordering_pattern,tcl/target/stm32u3x.cfg,not_validated,STM32U3xx_DFP,1.3.0,https://www.keil.com/pack/Keil.STM32U3xx_DFP.pdsc
STMicroelectronics,STM32U3 Series,STM32U375,STM32U375CEUxQ,cmsis_device_name,tcl/target/stm32u3x.cfg,not_validated,STM32U3xx_DFP,1.3.0,https://www.keil.com/pack/Keil.STM32U3xx_DFP.pdsc
STMicroelectronics,STM32U3 Series,STM32U375,STM32U375CEYxQ,cmsis_device_name,tcl/target/stm32u3x.cfg,not_validated,STM32U3xx_DFP,1.3.0,https://www.keil.com/pack/Keil.STM32U3xx_DFP.pdsc
STMicroelectronics,STM32U3 Series,STM32U375,STM32U375CGTx,ordering_pattern,tcl/target/stm32u3x.cfg,not_validated,STM32U3xx_DFP,1.3.0,https://www.keil.com/pack/Keil.STM32U3xx_DFP.pdsc
STMicroelectronics,STM32U3 Series,STM32U375,STM32U375CGTxQ,cmsis_device_name,tcl/target/stm32u3x.cfg,not_validated,STM32U3xx_DFP,1.3.0,https://www.keil.com/pack/Keil.STM32U3xx_DFP.pdsc
STMicroelectronics,STM32U3 Series,STM32U375,STM32U375CGUx,ordering_pattern,tcl/target/stm32u3x.cfg,not_validated,STM32U3xx_DFP,1.3.0,https://www.keil.com/pack/Keil.STM32U3xx_DFP.pdsc
STMicroelectronics,STM32U3 Series,STM32U375,STM32U375CGUxQ,cmsis_device_name,tcl/target/stm32u3x.cfg,not_validated,STM32U3xx_DFP,1.3.0,https://www.keil.com/pack/Keil.STM32U3xx_DFP.pdsc
STMicroelectronics,STM32U3 Series,STM32U375,STM32U375CGYxQ,cmsis_device_name,tcl/target/stm32u3x.cfg,not_validated,STM32U3xx_DFP,1.3.0,https://www.keil.com/pack/Keil.STM32U3xx_DFP.pdsc
STMicroelectronics,STM32U3 Series,STM32U375,STM32U375KEUx,ordering_pattern,tcl/target/stm32u3x.cfg,not_validated,STM32U3xx_DFP,1.3.0,https://www.keil.com/pack/Keil.STM32U3xx_DFP.pdsc
STMicroelectronics,STM32U3 Series,STM32U375,STM32U375KGUx,ordering_pattern,tcl/target/stm32u3x.cfg,not_validated,STM32U3xx_DFP,1.3.0,https://www.keil.com/pack/Keil.STM32U3xx_DFP.pdsc
STMicroelectronics,STM32U3 Series,STM32U375,STM32U375REIx,ordering_pattern,tcl/target/stm32u3x.cfg,not_validated,STM32U3xx_DFP,1.3.0,https://www.keil.com/pack/Keil.STM32U3xx_DFP.pdsc
STMicroelectronics,STM32U3 Series,STM32U375,STM32U375REIxQ,cmsis_device_name,tcl/target/stm32u3x.cfg,not_validated,STM32U3xx_DFP,1.3.0,https://www.keil.com/pack/Keil.STM32U3xx_DFP.pdsc
STMicroelectronics,STM32U3 Series,STM32U375,STM32U375RETx,ordering_pattern,tcl/target/stm32u3x.cfg,not_validated,STM32U3xx_DFP,1.3.0,https://www.keil.com/pack/Keil.STM32U3xx_DFP.pdsc
STMicroelectronics,STM32U3 Series,STM32U375,STM32U375RETxQ,cmsis_device_name,tcl/target/stm32u3x.cfg,not_validated,STM32U3xx_DFP,1.3.0,https://www.keil.com/pack/Keil.STM32U3xx_DFP.pdsc
STMicroelectronics,STM32U3 Series,STM32U375,STM32U375REYxG,cmsis_device_name,tcl/target/stm32u3x.cfg,not_validated,STM32U3xx_DFP,1.3.0,https://www.keil.com/pack/Keil.STM32U3xx_DFP.pdsc
STMicroelectronics,STM32U3 Series,STM32U375,STM32U375REYxQ,cmsis_device_name,tcl/target/stm32u3x.cfg,not_validated,STM32U3xx_DFP,1.3.0,https://www.keil.com/pack/Keil.STM32U3xx_DFP.pdsc
STMicroelectronics,STM32U3 Series,STM32U375,STM32U375RGIx,ordering_pattern,tcl/target/stm32u3x.cfg,not_validated,STM32U3xx_DFP,1.3.0,https://www.keil.com/pack/Keil.STM32U3xx_DFP.pdsc
STMicroelectronics,STM32U3 Series,STM32U375,STM32U375RGIxQ,cmsis_device_name,tcl/target/stm32u3x.cfg,not_validated,STM32U3xx_DFP,1.3.0,https://www.keil.com/pack/Keil.STM32U3xx_DFP.pdsc
STMicroelectronics,STM32U3 Series,STM32U375,STM32U375RGTx,ordering_pattern,tcl/target/stm32u3x.cfg,not_validated,STM32U3xx_DFP,1.3.0,https://www.keil.com/pack/Keil.STM32U3xx_DFP.pdsc
STMicroelectronics,STM32U3 Series,STM32U375,STM32U375RGTxQ,cmsis_device_name,tcl/target/stm32u3x.cfg,not_validated,STM32U3xx_DFP,1.3.0,https://www.keil.com/pack/Keil.STM32U3xx_DFP.pdsc
STMicroelectronics,STM32U3 Series,STM32U375,STM32U375RGYxG,cmsis_device_name,tcl/target/stm32u3x.cfg,not_validated,STM32U3xx_DFP,1.3.0,https://www.keil.com/pack/Keil.STM32U3xx_DFP.pdsc
STMicroelectronics,STM32U3 Series,STM32U375,STM32U375RGYxQ,cmsis_device_name,tcl/target/stm32u3x.cfg,not_validated,STM32U3xx_DFP,1.3.0,https://www.keil.com/pack/Keil.STM32U3xx_DFP.pdsc
STMicroelectronics,STM32U3 Series,STM32U375,STM32U375VEIx,ordering_pattern,tcl/target/stm32u3x.cfg,not_validated,STM32U3xx_DFP,1.3.0,https://www.keil.com/pack/Keil.STM32U3xx_DFP.pdsc
STMicroelectronics,STM32U3 Series,STM32U375,STM32U375VEIxQ,cmsis_device_name,tcl/target/stm32u3x.cfg,not_validated,STM32U3xx_DFP,1.3.0,https://www.keil.com/pack/Keil.STM32U3xx_DFP.pdsc
STMicroelectronics,STM32U3 Series,STM32U375,STM32U375VETx,ordering_pattern,tcl/target/stm32u3x.cfg,not_validated,STM32U3xx_DFP,1.3.0,https://www.keil.com/pack/Keil.STM32U3xx_DFP.pdsc
STMicroelectronics,STM32U3 Series,STM32U375,STM32U375VETxQ,cmsis_device_name,tcl/target/stm32u3x.cfg,not_validated,STM32U3xx_DFP,1.3.0,https://www.keil.com/pack/Keil.STM32U3xx_DFP.pdsc
STMicroelectronics,STM32U3 Series,STM32U375,STM32U375VGIx,ordering_pattern,tcl/target/stm32u3x.cfg,not_validated,STM32U3xx_DFP,1.3.0,https://www.keil.com/pack/Keil.STM32U3xx_DFP.pdsc
STMicroelectronics,STM32U3 Series,STM32U375,STM32U375VGIxQ,cmsis_device_name,tcl/target/stm32u3x.cfg,not_validated,STM32U3xx_DFP,1.3.0,https://www.keil.com/pack/Keil.STM32U3xx_DFP.pdsc
STMicroelectronics,STM32U3 Series,STM32U375,STM32U375VGTx,ordering_pattern,tcl/target/stm32u3x.cfg,not_validated,STM32U3xx_DFP,1.3.0,https://www.keil.com/pack/Keil.STM32U3xx_DFP.pdsc
STMicroelectronics,STM32U3 Series,STM32U375,STM32U375VGTxQ,cmsis_device_name,tcl/target/stm32u3x.cfg,not_validated,STM32U3xx_DFP,1.3.0,https://www.keil.com/pack/Keil.STM32U3xx_DFP.pdsc
STMicroelectronics,STM32U3 Series,STM32U385,STM32U385CGTx,ordering_pattern,tcl/target/stm32u3x.cfg,not_validated,STM32U3xx_DFP,1.3.0,https://www.keil.com/pack/Keil.STM32U3xx_DFP.pdsc
STMicroelectronics,STM32U3 Series,STM32U385,STM32U385CGTxQ,cmsis_device_name,tcl/target/stm32u3x.cfg,not_validated,STM32U3xx_DFP,1.3.0,https://www.keil.com/pack/Keil.STM32U3xx_DFP.pdsc
STMicroelectronics,STM32U3 Series,STM32U385,STM32U385CGUx,ordering_pattern,tcl/target/stm32u3x.cfg,not_validated,STM32U3xx_DFP,1.3.0,https://www.keil.com/pack/Keil.STM32U3xx_DFP.pdsc
STMicroelectronics,STM32U3 Series,STM32U385,STM32U385CGUxQ,cmsis_device_name,tcl/target/stm32u3x.cfg,not_validated,STM32U3xx_DFP,1.3.0,https://www.keil.com/pack/Keil.STM32U3xx_DFP.pdsc
STMicroelectronics,STM32U3 Series,STM32U385,STM32U385CGYxQ,cmsis_device_name,tcl/target/stm32u3x.cfg,not_validated,STM32U3xx_DFP,1.3.0,https://www.keil.com/pack/Keil.STM32U3xx_DFP.pdsc
STMicroelectronics,STM32U3 Series,STM32U385,STM32U385KGUx,ordering_pattern,tcl/target/stm32u3x.cfg,not_validated,STM32U3xx_DFP,1.3.0,https://www.keil.com/pack/Keil.STM32U3xx_DFP.pdsc
STMicroelectronics,STM32U3 Series,STM32U385,STM32U385RGIx,ordering_pattern,tcl/target/stm32u3x.cfg,not_validated,STM32U3xx_DFP,1.3.0,https://www.keil.com/pack/Keil.STM32U3xx_DFP.pdsc
STMicroelectronics,STM32U3 Series,STM32U385,STM32U385RGIxQ,cmsis_device_name,tcl/target/stm32u3x.cfg,not_validated,STM32U3xx_DFP,1.3.0,https://www.keil.com/pack/Keil.STM32U3xx_DFP.pdsc
STMicroelectronics,STM32U3 Series,STM32U385,STM32U385RGTx,ordering_pattern,tcl/target/stm32u3x.cfg,not_validated,STM32U3xx_DFP,1.3.0,https://www.keil.com/pack/Keil.STM32U3xx_DFP.pdsc
STMicroelectronics,STM32U3 Series,STM32U385,STM32U385RGTxQ,cmsis_device_name,tcl/target/stm32u3x.cfg,not_validated,STM32U3xx_DFP,1.3.0,https://www.keil.com/pack/Keil.STM32U3xx_DFP.pdsc
STMicroelectronics,STM32U3 Series,STM32U385,STM32U385RGYxG,cmsis_device_name,tcl/target/stm32u3x.cfg,not_validated,STM32U3xx_DFP,1.3.0,https://www.keil.com/pack/Keil.STM32U3xx_DFP.pdsc
STMicroelectronics,STM32U3 Series,STM32U385,STM32U385RGYxQ,cmsis_device_name,tcl/target/stm32u3x.cfg,not_validated,STM32U3xx_DFP,1.3.0,https://www.keil.com/pack/Keil.STM32U3xx_DFP.pdsc
STMicroelectronics,STM32U3 Series,STM32U385,STM32U385VGIx,ordering_pattern,tcl/target/stm32u3x.cfg,not_validated,STM32U3xx_DFP,1.3.0,https://www.keil.com/pack/Keil.STM32U3xx_DFP.pdsc
STMicroelectronics,STM32U3 Series,STM32U385,STM32U385VGIxQ,cmsis_device_name,tcl/target/stm32u3x.cfg,not_validated,STM32U3xx_DFP,1.3.0,https://www.keil.com/pack/Keil.STM32U3xx_DFP.pdsc
STMicroelectronics,STM32U3 Series,STM32U385,STM32U385VGTx,ordering_pattern,tcl/target/stm32u3x.cfg,not_validated,STM32U3xx_DFP,1.3.0,https://www.keil.com/pack/Keil.STM32U3xx_DFP.pdsc
STMicroelectronics,STM32U3 Series,STM32U385,STM32U385VGTxQ,cmsis_device_name,tcl/target/stm32u3x.cfg,not_validated,STM32U3xx_DFP,1.3.0,https://www.keil.com/pack/Keil.STM32U3xx_DFP.pdsc
STMicroelectronics,STM32U3 Series,STM32U3B5,STM32U3B5CGTx,ordering_pattern,tcl/target/stm32u3x.cfg,not_validated,STM32U3xx_DFP,1.3.0,https://www.keil.com/pack/Keil.STM32U3xx_DFP.pdsc
STMicroelectronics,STM32U3 Series,STM32U3B5,STM32U3B5CGTxQ,cmsis_device_name,tcl/target/stm32u3x.cfg,not_validated,STM32U3xx_DFP,1.3.0,https://www.keil.com/pack/Keil.STM32U3xx_DFP.pdsc
STMicroelectronics,STM32U3 Series,STM32U3B5,STM32U3B5CGUx,ordering_pattern,tcl/target/stm32u3x.cfg,not_validated,STM32U3xx_DFP,1.3.0,https://www.keil.com/pack/Keil.STM32U3xx_DFP.pdsc
STMicroelectronics,STM32U3 Series,STM32U3B5,STM32U3B5CGUxQ,cmsis_device_name,tcl/target/stm32u3x.cfg,not_validated,STM32U3xx_DFP,1.3.0,https://www.keil.com/pack/Keil.STM32U3xx_DFP.pdsc
STMicroelectronics,STM32U3 Series,STM32U3B5,STM32U3B5CITx,ordering_pattern,tcl/target/stm32u3x.cfg,not_validated,STM32U3xx_DFP,1.3.0,https://www.keil.com/pack/Keil.STM32U3xx_DFP.pdsc
STMicroelectronics,STM32U3 Series,STM32U3B5,STM32U3B5CITxQ,cmsis_device_name,tcl/target/stm32u3x.cfg,not_validated,STM32U3xx_DFP,1.3.0,https://www.keil.com/pack/Keil.STM32U3xx_DFP.pdsc
STMicroelectronics,STM32U3 Series,STM32U3B5,STM32U3B5CIUx,ordering_pattern,tcl/target/stm32u3x.cfg,not_validated,STM32U3xx_DFP,1.3.0,https://www.keil.com/pack/Keil.STM32U3xx_DFP.pdsc
STMicroelectronics,STM32U3 Series,STM32U3B5,STM32U3B5CIUxQ,cmsis_device_name,tcl/target/stm32u3x.cfg,not_validated,STM32U3xx_DFP,1.3.0,https://www.keil.com/pack/Keil.STM32U3xx_DFP.pdsc
STMicroelectronics,STM32U3 Series,STM32U3B5,STM32U3B5JGYxQ,cmsis_device_name,tcl/target/stm32u3x.cfg,not_validated,STM32U3xx_DFP,1.3.0,https://www.keil.com/pack/Keil.STM32U3xx_DFP.pdsc
STMicroelectronics,STM32U3 Series,STM32U3B5,STM32U3B5JIYxQ,cmsis_device_name,tcl/target/stm32u3x.cfg,not_validated,STM32U3xx_DFP,1.3.0,https://www.keil.com/pack/Keil.STM32U3xx_DFP.pdsc
STMicroelectronics,STM32U3 Series,STM32U3B5,STM32U3B5QGIx,ordering_pattern,tcl/target/stm32u3x.cfg,not_validated,STM32U3xx_DFP,1.3.0,https://www.keil.com/pack/Keil.STM32U3xx_DFP.pdsc
STMicroelectronics,STM32U3 Series,STM32U3B5,STM32U3B5QGIxQ,cmsis_device_name,tcl/target/stm32u3x.cfg,not_validated,STM32U3xx_DFP,1.3.0,https://www.keil.com/pack/Keil.STM32U3xx_DFP.pdsc
STMicroelectronics,STM32U3 Series,STM32U3B5,STM32U3B5QIIx,ordering_pattern,tcl/target/stm32u3x.cfg,not_validated,STM32U3xx_DFP,1.3.0,https://www.keil.com/pack/Keil.STM32U3xx_DFP.pdsc
STMicroelectronics,STM32U3 Series,STM32U3B5,STM32U3B5QIIxQ,cmsis_device_name,tcl/target/stm32u3x.cfg,not_validated,STM32U3xx_DFP,1.3.0,https://www.keil.com/pack/Keil.STM32U3xx_DFP.pdsc
STMicroelectronics,STM32U3 Series,STM32U3B5,STM32U3B5RGTx,ordering_pattern,tcl/target/stm32u3x.cfg,not_validated,STM32U3xx_DFP,1.3.0,https://www.keil.com/pack/Keil.STM32U3xx_DFP.pdsc
STMicroelectronics,STM32U3 Series,STM32U3B5,STM32U3B5RGTxQ,cmsis_device_name,tcl/target/stm32u3x.cfg,not_validated,STM32U3xx_DFP,1.3.0,https://www.keil.com/pack/Keil.STM32U3xx_DFP.pdsc
STMicroelectronics,STM32U3 Series,STM32U3B5,STM32U3B5RITx,ordering_pattern,tcl/target/stm32u3x.cfg,not_validated,STM32U3xx_DFP,1.3.0,https://www.keil.com/pack/Keil.STM32U3xx_DFP.pdsc
STMicroelectronics,STM32U3 Series,STM32U3B5,STM32U3B5RITxQ,cmsis_device_name,tcl/target/stm32u3x.cfg,not_validated,STM32U3xx_DFP,1.3.0,https://www.keil.com/pack/Keil.STM32U3xx_DFP.pdsc
STMicroelectronics,STM32U3 Series,STM32U3B5,STM32U3B5VGTx,ordering_pattern,tcl/target/stm32u3x.cfg,not_validated,STM32U3xx_DFP,1.3.0,https://www.keil.com/pack/Keil.STM32U3xx_DFP.pdsc
STMicroelectronics,STM32U3 Series,STM32U3B5,STM32U3B5VGTxQ,cmsis_device_name,tcl/target/stm32u3x.cfg,not_validated,STM32U3xx_DFP,1.3.0,https://www.keil.com/pack/Keil.STM32U3xx_DFP.pdsc
STMicroelectronics,STM32U3 Series,STM32U3B5,STM32U3B5VGYxQ,cmsis_device_name,tcl/target/stm32u3x.cfg,not_validated,STM32U3xx_DFP,1.3.0,https://www.keil.com/pack/Keil.STM32U3xx_DFP.pdsc
STMicroelectronics,STM32U3 Series,STM32U3B5,STM32U3B5VITx,ordering_pattern,tcl/target/stm32u3x.cfg,not_validated,STM32U3xx_DFP,1.3.0,https://www.keil.com/pack/Keil.STM32U3xx_DFP.pdsc
STMicroelectronics,STM32U3 Series,STM32U3B5,STM32U3B5VITxQ,cmsis_device_name,tcl/target/stm32u3x.cfg,not_validated,STM32U3xx_DFP,1.3.0,https://www.keil.com/pack/Keil.STM32U3xx_DFP.pdsc
STMicroelectronics,STM32U3 Series,STM32U3B5,STM32U3B5VIYxQ,cmsis_device_name,tcl/target/stm32u3x.cfg,not_validated,STM32U3xx_DFP,1.3.0,https://www.keil.com/pack/Keil.STM32U3xx_DFP.pdsc
STMicroelectronics,STM32U3 Series,STM32U3B5,STM32U3B5WGYxQ,cmsis_device_name,tcl/target/stm32u3x.cfg,not_validated,STM32U3xx_DFP,1.3.0,https://www.keil.com/pack/Keil.STM32U3xx_DFP.pdsc
STMicroelectronics,STM32U3 Series,STM32U3B5,STM32U3B5WIYxQ,cmsis_device_name,tcl/target/stm32u3x.cfg,not_validated,STM32U3xx_DFP,1.3.0,https://www.keil.com/pack/Keil.STM32U3xx_DFP.pdsc
STMicroelectronics,STM32U3 Series,STM32U3B5,STM32U3B5ZGTx,ordering_pattern,tcl/target/stm32u3x.cfg,not_validated,STM32U3xx_DFP,1.3.0,https://www.keil.com/pack/Keil.STM32U3xx_DFP.pdsc
STMicroelectronics,STM32U3 Series,STM32U3B5,STM32U3B5ZGTxQ,cmsis_device_name,tcl/target/stm32u3x.cfg,not_validated,STM32U3xx_DFP,1.3.0,https://www.keil.com/pack/Keil.STM32U3xx_DFP.pdsc
STMicroelectronics,STM32U3 Series,STM32U3B5,STM32U3B5ZITx,ordering_pattern,tcl/target/stm32u3x.cfg,not_validated,STM32U3xx_DFP,1.3.0,https://www.keil.com/pack/Keil.STM32U3xx_DFP.pdsc
STMicroelectronics,STM32U3 Series,STM32U3B5,STM32U3B5ZITxQ,cmsis_device_name,tcl/target/stm32u3x.cfg,not_validated,STM32U3xx_DFP,1.3.0,https://www.keil.com/pack/Keil.STM32U3xx_DFP.pdsc
STMicroelectronics,STM32U3 Series,STM32U3C5,STM32U3C5CITx,ordering_pattern,tcl/target/stm32u3x.cfg,not_validated,STM32U3xx_DFP,1.3.0,https://www.keil.com/pack/Keil.STM32U3xx_DFP.pdsc
STMicroelectronics,STM32U3 Series,STM32U3C5,STM32U3C5CITxQ,cmsis_device_name,tcl/target/stm32u3x.cfg,not_validated,STM32U3xx_DFP,1.3.0,https://www.keil.com/pack/Keil.STM32U3xx_DFP.pdsc
STMicroelectronics,STM32U3 Series,STM32U3C5,STM32U3C5CIUx,ordering_pattern,tcl/target/stm32u3x.cfg,not_validated,STM32U3xx_DFP,1.3.0,https://www.keil.com/pack/Keil.STM32U3xx_DFP.pdsc
STMicroelectronics,STM32U3 Series,STM32U3C5,STM32U3C5CIUxQ,cmsis_device_name,tcl/target/stm32u3x.cfg,not_validated,STM32U3xx_DFP,1.3.0,https://www.keil.com/pack/Keil.STM32U3xx_DFP.pdsc
STMicroelectronics,STM32U3 Series,STM32U3C5,STM32U3C5JIYxQ,cmsis_device_name,tcl/target/stm32u3x.cfg,not_validated,STM32U3xx_DFP,1.3.0,https://www.keil.com/pack/Keil.STM32U3xx_DFP.pdsc
STMicroelectronics,STM32U3 Series,STM32U3C5,STM32U3C5QIIx,ordering_pattern,tcl/target/stm32u3x.cfg,not_validated,STM32U3xx_DFP,1.3.0,https://www.keil.com/pack/Keil.STM32U3xx_DFP.pdsc
STMicroelectronics,STM32U3 Series,STM32U3C5,STM32U3C5QIIxQ,cmsis_device_name,tcl/target/stm32u3x.cfg,not_validated,STM32U3xx_DFP,1.3.0,https://www.keil.com/pack/Keil.STM32U3xx_DFP.pdsc
STMicroelectronics,STM32U3 Series,STM32U3C5,STM32U3C5RITx,ordering_pattern,tcl/target/stm32u3x.cfg,not_validated,STM32U3xx_DFP,1.3.0,https://www.keil.com/pack/Keil.STM32U3xx_DFP.pdsc
STMicroelectronics,STM32U3 Series,STM32U3C5,STM32U3C5RITxQ,cmsis_device_name,tcl/target/stm32u3x.cfg,not_validated,STM32U3xx_DFP,1.3.0,https://www.keil.com/pack/Keil.STM32U3xx_DFP.pdsc
STMicroelectronics,STM32U3 Series,STM32U3C5,STM32U3C5VITx,ordering_pattern,tcl/target/stm32u3x.cfg,not_validated,STM32U3xx_DFP,1.3.0,https://www.keil.com/pack/Keil.STM32U3xx_DFP.pdsc
STMicroelectronics,STM32U3 Series,STM32U3C5,STM32U3C5VITxQ,cmsis_device_name,tcl/target/stm32u3x.cfg,not_validated,STM32U3xx_DFP,1.3.0,https://www.keil.com/pack/Keil.STM32U3xx_DFP.pdsc
STMicroelectronics,STM32U3 Series,STM32U3C5,STM32U3C5VIYxQ,cmsis_device_name,tcl/target/stm32u3x.cfg,not_validated,STM32U3xx_DFP,1.3.0,https://www.keil.com/pack/Keil.STM32U3xx_DFP.pdsc
STMicroelectronics,STM32U3 Series,STM32U3C5,STM32U3C5WIYxQ,cmsis_device_name,tcl/target/stm32u3x.cfg,not_validated,STM32U3xx_DFP,1.3.0,https://www.keil.com/pack/Keil.STM32U3xx_DFP.pdsc
STMicroelectronics,STM32U3 Series,STM32U3C5,STM32U3C5ZITx,ordering_pattern,tcl/target/stm32u3x.cfg,not_validated,STM32U3xx_DFP,1.3.0,https://www.keil.com/pack/Keil.STM32U3xx_DFP.pdsc
STMicroelectronics,STM32U3 Series,STM32U3C5,STM32U3C5ZITxQ,cmsis_device_name,tcl/target/stm32u3x.cfg,not_validated,STM32U3xx_DFP,1.3.0,https://www.keil.com/pack/Keil.STM32U3xx_DFP.pdsc
STMicroelectronics,STM32U5 Series,STM32U535,STM32U535CBTx,ordering_pattern,tcl/target/stm32u5x.cfg,not_validated,STM32U5xx_DFP,3.2.0,https://www.keil.com/pack/Keil.STM32U5xx_DFP.pdsc
STMicroelectronics,STM32U5 Series,STM32U535,STM32U535CBTxQ,cmsis_device_name,tcl/target/stm32u5x.cfg,not_validated,STM32U5xx_DFP,3.2.0,https://www.keil.com/pack/Keil.STM32U5xx_DFP.pdsc
STMicroelectronics,STM32U5 Series,STM32U535,STM32U535CBUx,ordering_pattern,tcl/target/stm32u5x.cfg,not_validated,STM32U5xx_DFP,3.2.0,https://www.keil.com/pack/Keil.STM32U5xx_DFP.pdsc
STMicroelectronics,STM32U5 Series,STM32U535,STM32U535CBUxQ,cmsis_device_name,tcl/target/stm32u5x.cfg,not_validated,STM32U5xx_DFP,3.2.0,https://www.keil.com/pack/Keil.STM32U5xx_DFP.pdsc
STMicroelectronics,STM32U5 Series,STM32U535,STM32U535CCTx,ordering_pattern,tcl/target/stm32u5x.cfg,not_validated,STM32U5xx_DFP,3.2.0,https://www.keil.com/pack/Keil.STM32U5xx_DFP.pdsc
STMicroelectronics,STM32U5 Series,STM32U535,STM32U535CCTxQ,cmsis_device_name,tcl/target/stm32u5x.cfg,not_validated,STM32U5xx_DFP,3.2.0,https://www.keil.com/pack/Keil.STM32U5xx_DFP.pdsc
STMicroelectronics,STM32U5 Series,STM32U535,STM32U535CCUx,ordering_pattern,tcl/target/stm32u5x.cfg,not_validated,STM32U5xx_DFP,3.2.0,https://www.keil.com/pack/Keil.STM32U5xx_DFP.pdsc
STMicroelectronics,STM32U5 Series,STM32U535,STM32U535CCUxQ,cmsis_device_name,tcl/target/stm32u5x.cfg,not_validated,STM32U5xx_DFP,3.2.0,https://www.keil.com/pack/Keil.STM32U5xx_DFP.pdsc
STMicroelectronics,STM32U5 Series,STM32U535,STM32U535CETx,ordering_pattern,tcl/target/stm32u5x.cfg,not_validated,STM32U5xx_DFP,3.2.0,https://www.keil.com/pack/Keil.STM32U5xx_DFP.pdsc
STMicroelectronics,STM32U5 Series,STM32U535,STM32U535CETxQ,cmsis_device_name,tcl/target/stm32u5x.cfg,not_validated,STM32U5xx_DFP,3.2.0,https://www.keil.com/pack/Keil.STM32U5xx_DFP.pdsc
STMicroelectronics,STM32U5 Series,STM32U535,STM32U535CEUx,ordering_pattern,tcl/target/stm32u5x.cfg,not_validated,STM32U5xx_DFP,3.2.0,https://www.keil.com/pack/Keil.STM32U5xx_DFP.pdsc
STMicroelectronics,STM32U5 Series,STM32U535,STM32U535CEUxQ,cmsis_device_name,tcl/target/stm32u5x.cfg,not_validated,STM32U5xx_DFP,3.2.0,https://www.keil.com/pack/Keil.STM32U5xx_DFP.pdsc
STMicroelectronics,STM32U5 Series,STM32U535,STM32U535JEYxQ,cmsis_device_name,tcl/target/stm32u5x.cfg,not_validated,STM32U5xx_DFP,3.2.0,https://www.keil.com/pack/Keil.STM32U5xx_DFP.pdsc
STMicroelectronics,STM32U5 Series,STM32U535,STM32U535NCYxQ,cmsis_device_name,tcl/target/stm32u5x.cfg,not_validated,STM32U5xx_DFP,3.2.0,https://www.keil.com/pack/Keil.STM32U5xx_DFP.pdsc
STMicroelectronics,STM32U5 Series,STM32U535,STM32U535NEYxQ,cmsis_device_name,tcl/target/stm32u5x.cfg,not_validated,STM32U5xx_DFP,3.2.0,https://www.keil.com/pack/Keil.STM32U5xx_DFP.pdsc
STMicroelectronics,STM32U5 Series,STM32U535,STM32U535RBIx,ordering_pattern,tcl/target/stm32u5x.cfg,not_validated,STM32U5xx_DFP,3.2.0,https://www.keil.com/pack/Keil.STM32U5xx_DFP.pdsc
STMicroelectronics,STM32U5 Series,STM32U535,STM32U535RBIxQ,cmsis_device_name,tcl/target/stm32u5x.cfg,not_validated,STM32U5xx_DFP,3.2.0,https://www.keil.com/pack/Keil.STM32U5xx_DFP.pdsc
STMicroelectronics,STM32U5 Series,STM32U535,STM32U535RBTx,ordering_pattern,tcl/target/stm32u5x.cfg,not_validated,STM32U5xx_DFP,3.2.0,https://www.keil.com/pack/Keil.STM32U5xx_DFP.pdsc
STMicroelectronics,STM32U5 Series,STM32U535,STM32U535RBTxQ,cmsis_device_name,tcl/target/stm32u5x.cfg,not_validated,STM32U5xx_DFP,3.2.0,https://www.keil.com/pack/Keil.STM32U5xx_DFP.pdsc
STMicroelectronics,STM32U5 Series,STM32U535,STM32U535RCIx,ordering_pattern,tcl/target/stm32u5x.cfg,not_validated,STM32U5xx_DFP,3.2.0,https://www.keil.com/pack/Keil.STM32U5xx_DFP.pdsc
STMicroelectronics,STM32U5 Series,STM32U535,STM32U535RCIxQ,cmsis_device_name,tcl/target/stm32u5x.cfg,not_validated,STM32U5xx_DFP,3.2.0,https://www.keil.com/pack/Keil.STM32U5xx_DFP.pdsc
STMicroelectronics,STM32U5 Series,STM32U535,STM32U535RCTx,ordering_pattern,tcl/target/stm32u5x.cfg,not_validated,STM32U5xx_DFP,3.2.0,https://www.keil.com/pack/Keil.STM32U5xx_DFP.pdsc
STMicroelectronics,STM32U5 Series,STM32U535,STM32U535RCTxQ,cmsis_device_name,tcl/target/stm32u5x.cfg,not_validated,STM32U5xx_DFP,3.2.0,https://www.keil.com/pack/Keil.STM32U5xx_DFP.pdsc
STMicroelectronics,STM32U5 Series,STM32U535,STM32U535REIx,ordering_pattern,tcl/target/stm32u5x.cfg,not_validated,STM32U5xx_DFP,3.2.0,https://www.keil.com/pack/Keil.STM32U5xx_DFP.pdsc
STMicroelectronics,STM32U5 Series,STM32U535,STM32U535REIxQ,cmsis_device_name,tcl/target/stm32u5x.cfg,not_validated,STM32U5xx_DFP,3.2.0,https://www.keil.com/pack/Keil.STM32U5xx_DFP.pdsc
STMicroelectronics,STM32U5 Series,STM32U535,STM32U535RETx,ordering_pattern,tcl/target/stm32u5x.cfg,not_validated,STM32U5xx_DFP,3.2.0,https://www.keil.com/pack/Keil.STM32U5xx_DFP.pdsc
STMicroelectronics,STM32U5 Series,STM32U535,STM32U535RETxQ,cmsis_device_name,tcl/target/stm32u5x.cfg,not_validated,STM32U5xx_DFP,3.2.0,https://www.keil.com/pack/Keil.STM32U5xx_DFP.pdsc
STMicroelectronics,STM32U5 Series,STM32U535,STM32U535VCIx,ordering_pattern,tcl/target/stm32u5x.cfg,not_validated,STM32U5xx_DFP,3.2.0,https://www.keil.com/pack/Keil.STM32U5xx_DFP.pdsc
STMicroelectronics,STM32U5 Series,STM32U535,STM32U535VCIxQ,cmsis_device_name,tcl/target/stm32u5x.cfg,not_validated,STM32U5xx_DFP,3.2.0,https://www.keil.com/pack/Keil.STM32U5xx_DFP.pdsc
STMicroelectronics,STM32U5 Series,STM32U535,STM32U535VCTx,ordering_pattern,tcl/target/stm32u5x.cfg,not_validated,STM32U5xx_DFP,3.2.0,https://www.keil.com/pack/Keil.STM32U5xx_DFP.pdsc
STMicroelectronics,STM32U5 Series,STM32U535,STM32U535VCTxQ,cmsis_device_name,tcl/target/stm32u5x.cfg,not_validated,STM32U5xx_DFP,3.2.0,https://www.keil.com/pack/Keil.STM32U5xx_DFP.pdsc
STMicroelectronics,STM32U5 Series,STM32U535,STM32U535VEIx,ordering_pattern,tcl/target/stm32u5x.cfg,not_validated,STM32U5xx_DFP,3.2.0,https://www.keil.com/pack/Keil.STM32U5xx_DFP.pdsc
STMicroelectronics,STM32U5 Series,STM32U535,STM32U535VEIxQ,cmsis_device_name,tcl/target/stm32u5x.cfg,not_validated,STM32U5xx_DFP,3.2.0,https://www.keil.com/pack/Keil.STM32U5xx_DFP.pdsc
STMicroelectronics,STM32U5 Series,STM32U535,STM32U535VETx,ordering_pattern,tcl/target/stm32u5x.cfg,not_validated,STM32U5xx_DFP,3.2.0,https://www.keil.com/pack/Keil.STM32U5xx_DFP.pdsc
STMicroelectronics,STM32U5 Series,STM32U535,STM32U535VETxQ,cmsis_device_name,tcl/target/stm32u5x.cfg,not_validated,STM32U5xx_DFP,3.2.0,https://www.keil.com/pack/Keil.STM32U5xx_DFP.pdsc
STMicroelectronics,STM32U5 Series,STM32U545,STM32U545CETx,ordering_pattern,tcl/target/stm32u5x.cfg,not_validated,STM32U5xx_DFP,3.2.0,https://www.keil.com/pack/Keil.STM32U5xx_DFP.pdsc
STMicroelectronics,STM32U5 Series,STM32U545,STM32U545CETxQ,cmsis_device_name,tcl/target/stm32u5x.cfg,not_validated,STM32U5xx_DFP,3.2.0,https://www.keil.com/pack/Keil.STM32U5xx_DFP.pdsc
STMicroelectronics,STM32U5 Series,STM32U545,STM32U545CEUx,ordering_pattern,tcl/target/stm32u5x.cfg,not_validated,STM32U5xx_DFP,3.2.0,https://www.keil.com/pack/Keil.STM32U5xx_DFP.pdsc
STMicroelectronics,STM32U5 Series,STM32U545,STM32U545CEUxQ,cmsis_device_name,tcl/target/stm32u5x.cfg,not_validated,STM32U5xx_DFP,3.2.0,https://www.keil.com/pack/Keil.STM32U5xx_DFP.pdsc
STMicroelectronics,STM32U5 Series,STM32U545,STM32U545JEYxQ,cmsis_device_name,tcl/target/stm32u5x.cfg,not_validated,STM32U5xx_DFP,3.2.0,https://www.keil.com/pack/Keil.STM32U5xx_DFP.pdsc
STMicroelectronics,STM32U5 Series,STM32U545,STM32U545NEYxQ,cmsis_device_name,tcl/target/stm32u5x.cfg,not_validated,STM32U5xx_DFP,3.2.0,https://www.keil.com/pack/Keil.STM32U5xx_DFP.pdsc
STMicroelectronics,STM32U5 Series,STM32U545,STM32U545REIx,ordering_pattern,tcl/target/stm32u5x.cfg,not_validated,STM32U5xx_DFP,3.2.0,https://www.keil.com/pack/Keil.STM32U5xx_DFP.pdsc
STMicroelectronics,STM32U5 Series,STM32U545,STM32U545REIxQ,cmsis_device_name,tcl/target/stm32u5x.cfg,not_validated,STM32U5xx_DFP,3.2.0,https://www.keil.com/pack/Keil.STM32U5xx_DFP.pdsc
STMicroelectronics,STM32U5 Series,STM32U545,STM32U545RETx,ordering_pattern,tcl/target/stm32u5x.cfg,not_validated,STM32U5xx_DFP,3.2.0,https://www.keil.com/pack/Keil.STM32U5xx_DFP.pdsc
STMicroelectronics,STM32U5 Series,STM32U545,STM32U545RETxQ,cmsis_device_name,tcl/target/stm32u5x.cfg,not_validated,STM32U5xx_DFP,3.2.0,https://www.keil.com/pack/Keil.STM32U5xx_DFP.pdsc
STMicroelectronics,STM32U5 Series,STM32U545,STM32U545VEIx,ordering_pattern,tcl/target/stm32u5x.cfg,not_validated,STM32U5xx_DFP,3.2.0,https://www.keil.com/pack/Keil.STM32U5xx_DFP.pdsc
STMicroelectronics,STM32U5 Series,STM32U545,STM32U545VEIxQ,cmsis_device_name,tcl/target/stm32u5x.cfg,not_validated,STM32U5xx_DFP,3.2.0,https://www.keil.com/pack/Keil.STM32U5xx_DFP.pdsc
STMicroelectronics,STM32U5 Series,STM32U545,STM32U545VETx,ordering_pattern,tcl/target/stm32u5x.cfg,not_validated,STM32U5xx_DFP,3.2.0,https://www.keil.com/pack/Keil.STM32U5xx_DFP.pdsc
STMicroelectronics,STM32U5 Series,STM32U545,STM32U545VETxQ,cmsis_device_name,tcl/target/stm32u5x.cfg,not_validated,STM32U5xx_DFP,3.2.0,https://www.keil.com/pack/Keil.STM32U5xx_DFP.pdsc
STMicroelectronics,STM32U5 Series,STM32U575,STM32U575AGIx,ordering_pattern,tcl/target/stm32u5x.cfg,not_validated,STM32U5xx_DFP,3.2.0,https://www.keil.com/pack/Keil.STM32U5xx_DFP.pdsc
STMicroelectronics,STM32U5 Series,STM32U575,STM32U575AGIxQ,cmsis_device_name,tcl/target/stm32u5x.cfg,not_validated,STM32U5xx_DFP,3.2.0,https://www.keil.com/pack/Keil.STM32U5xx_DFP.pdsc
STMicroelectronics,STM32U5 Series,STM32U575,STM32U575AIIx,ordering_pattern,tcl/target/stm32u5x.cfg,not_validated,STM32U5xx_DFP,3.2.0,https://www.keil.com/pack/Keil.STM32U5xx_DFP.pdsc
STMicroelectronics,STM32U5 Series,STM32U575,STM32U575AIIxQ,cmsis_device_name,tcl/target/stm32u5x.cfg,not_validated,STM32U5xx_DFP,3.2.0,https://www.keil.com/pack/Keil.STM32U5xx_DFP.pdsc
STMicroelectronics,STM32U5 Series,STM32U575,STM32U575CGTx,ordering_pattern,tcl/target/stm32u5x.cfg,not_validated,STM32U5xx_DFP,3.2.0,https://www.keil.com/pack/Keil.STM32U5xx_DFP.pdsc
STMicroelectronics,STM32U5 Series,STM32U575,STM32U575CGTxQ,cmsis_device_name,tcl/target/stm32u5x.cfg,not_validated,STM32U5xx_DFP,3.2.0,https://www.keil.com/pack/Keil.STM32U5xx_DFP.pdsc
STMicroelectronics,STM32U5 Series,STM32U575,STM32U575CGUx,ordering_pattern,tcl/target/stm32u5x.cfg,not_validated,STM32U5xx_DFP,3.2.0,https://www.keil.com/pack/Keil.STM32U5xx_DFP.pdsc
STMicroelectronics,STM32U5 Series,STM32U575,STM32U575CGUxQ,cmsis_device_name,tcl/target/stm32u5x.cfg,not_validated,STM32U5xx_DFP,3.2.0,https://www.keil.com/pack/Keil.STM32U5xx_DFP.pdsc
STMicroelectronics,STM32U5 Series,STM32U575,STM32U575CITx,ordering_pattern,tcl/target/stm32u5x.cfg,not_validated,STM32U5xx_DFP,3.2.0,https://www.keil.com/pack/Keil.STM32U5xx_DFP.pdsc
STMicroelectronics,STM32U5 Series,STM32U575,STM32U575CITxQ,cmsis_device_name,tcl/target/stm32u5x.cfg,not_validated,STM32U5xx_DFP,3.2.0,https://www.keil.com/pack/Keil.STM32U5xx_DFP.pdsc
STMicroelectronics,STM32U5 Series,STM32U575,STM32U575CIUx,ordering_pattern,tcl/target/stm32u5x.cfg,not_validated,STM32U5xx_DFP,3.2.0,https://www.keil.com/pack/Keil.STM32U5xx_DFP.pdsc
STMicroelectronics,STM32U5 Series,STM32U575,STM32U575CIUxQ,cmsis_device_name,tcl/target/stm32u5x.cfg,not_validated,STM32U5xx_DFP,3.2.0,https://www.keil.com/pack/Keil.STM32U5xx_DFP.pdsc
STMicroelectronics,STM32U5 Series,STM32U575,STM32U575OGYxQ,cmsis_device_name,tcl/target/stm32u5x.cfg,not_validated,STM32U5xx_DFP,3.2.0,https://www.keil.com/pack/Keil.STM32U5xx_DFP.pdsc
STMicroelectronics,STM32U5 Series,STM32U575,STM32U575OIYxQ,cmsis_device_name,tcl/target/stm32u5x.cfg,not_validated,STM32U5xx_DFP,3.2.0,https://www.keil.com/pack/Keil.STM32U5xx_DFP.pdsc
STMicroelectronics,STM32U5 Series,STM32U575,STM32U575QGIx,ordering_pattern,tcl/target/stm32u5x.cfg,not_validated,STM32U5xx_DFP,3.2.0,https://www.keil.com/pack/Keil.STM32U5xx_DFP.pdsc
STMicroelectronics,STM32U5 Series,STM32U575,STM32U575QGIxQ,cmsis_device_name,tcl/target/stm32u5x.cfg,not_validated,STM32U5xx_DFP,3.2.0,https://www.keil.com/pack/Keil.STM32U5xx_DFP.pdsc
STMicroelectronics,STM32U5 Series,STM32U575,STM32U575QIIx,ordering_pattern,tcl/target/stm32u5x.cfg,not_validated,STM32U5xx_DFP,3.2.0,https://www.keil.com/pack/Keil.STM32U5xx_DFP.pdsc
STMicroelectronics,STM32U5 Series,STM32U575,STM32U575QIIxQ,cmsis_device_name,tcl/target/stm32u5x.cfg,not_validated,STM32U5xx_DFP,3.2.0,https://www.keil.com/pack/Keil.STM32U5xx_DFP.pdsc
STMicroelectronics,STM32U5 Series,STM32U575,STM32U575RGTx,ordering_pattern,tcl/target/stm32u5x.cfg,not_validated,STM32U5xx_DFP,3.2.0,https://www.keil.com/pack/Keil.STM32U5xx_DFP.pdsc
STMicroelectronics,STM32U5 Series,STM32U575,STM32U575RGTxQ,cmsis_device_name,tcl/target/stm32u5x.cfg,not_validated,STM32U5xx_DFP,3.2.0,https://www.keil.com/pack/Keil.STM32U5xx_DFP.pdsc
STMicroelectronics,STM32U5 Series,STM32U575,STM32U575RITx,ordering_pattern,tcl/target/stm32u5x.cfg,not_validated,STM32U5xx_DFP,3.2.0,https://www.keil.com/pack/Keil.STM32U5xx_DFP.pdsc
STMicroelectronics,STM32U5 Series,STM32U575,STM32U575RITxQ,cmsis_device_name,tcl/target/stm32u5x.cfg,not_validated,STM32U5xx_DFP,3.2.0,https://www.keil.com/pack/Keil.STM32U5xx_DFP.pdsc
STMicroelectronics,STM32U5 Series,STM32U575,STM32U575VGTx,ordering_pattern,tcl/target/stm32u5x.cfg,not_validated,STM32U5xx_DFP,3.2.0,https://www.keil.com/pack/Keil.STM32U5xx_DFP.pdsc
STMicroelectronics,STM32U5 Series,STM32U575,STM32U575VGTxQ,cmsis_device_name,tcl/target/stm32u5x.cfg,not_validated,STM32U5xx_DFP,3.2.0,https://www.keil.com/pack/Keil.STM32U5xx_DFP.pdsc
STMicroelectronics,STM32U5 Series,STM32U575,STM32U575VITx,ordering_pattern,tcl/target/stm32u5x.cfg,not_validated,STM32U5xx_DFP,3.2.0,https://www.keil.com/pack/Keil.STM32U5xx_DFP.pdsc
STMicroelectronics,STM32U5 Series,STM32U575,STM32U575VITxQ,cmsis_device_name,tcl/target/stm32u5x.cfg,not_validated,STM32U5xx_DFP,3.2.0,https://www.keil.com/pack/Keil.STM32U5xx_DFP.pdsc
STMicroelectronics,STM32U5 Series,STM32U575,STM32U575ZGTx,ordering_pattern,tcl/target/stm32u5x.cfg,not_validated,STM32U5xx_DFP,3.2.0,https://www.keil.com/pack/Keil.STM32U5xx_DFP.pdsc
STMicroelectronics,STM32U5 Series,STM32U575,STM32U575ZGTxQ,cmsis_device_name,tcl/target/stm32u5x.cfg,not_validated,STM32U5xx_DFP,3.2.0,https://www.keil.com/pack/Keil.STM32U5xx_DFP.pdsc
STMicroelectronics,STM32U5 Series,STM32U575,STM32U575ZITx,ordering_pattern,tcl/target/stm32u5x.cfg,not_validated,STM32U5xx_DFP,3.2.0,https://www.keil.com/pack/Keil.STM32U5xx_DFP.pdsc
STMicroelectronics,STM32U5 Series,STM32U575,STM32U575ZITxQ,cmsis_device_name,tcl/target/stm32u5x.cfg,not_validated,STM32U5xx_DFP,3.2.0,https://www.keil.com/pack/Keil.STM32U5xx_DFP.pdsc
STMicroelectronics,STM32U5 Series,STM32U585,STM32U585AIIx,ordering_pattern,tcl/target/stm32u5x.cfg,not_validated,STM32U5xx_DFP,3.2.0,https://www.keil.com/pack/Keil.STM32U5xx_DFP.pdsc
STMicroelectronics,STM32U5 Series,STM32U585,STM32U585AIIxQ,cmsis_device_name,tcl/target/stm32u5x.cfg,not_validated,STM32U5xx_DFP,3.2.0,https://www.keil.com/pack/Keil.STM32U5xx_DFP.pdsc
STMicroelectronics,STM32U5 Series,STM32U585,STM32U585CITx,ordering_pattern,tcl/target/stm32u5x.cfg,not_validated,STM32U5xx_DFP,3.2.0,https://www.keil.com/pack/Keil.STM32U5xx_DFP.pdsc
STMicroelectronics,STM32U5 Series,STM32U585,STM32U585CITxQ,cmsis_device_name,tcl/target/stm32u5x.cfg,not_validated,STM32U5xx_DFP,3.2.0,https://www.keil.com/pack/Keil.STM32U5xx_DFP.pdsc
STMicroelectronics,STM32U5 Series,STM32U585,STM32U585CIUx,ordering_pattern,tcl/target/stm32u5x.cfg,not_validated,STM32U5xx_DFP,3.2.0,https://www.keil.com/pack/Keil.STM32U5xx_DFP.pdsc
STMicroelectronics,STM32U5 Series,STM32U585,STM32U585CIUxQ,cmsis_device_name,tcl/target/stm32u5x.cfg,not_validated,STM32U5xx_DFP,3.2.0,https://www.keil.com/pack/Keil.STM32U5xx_DFP.pdsc
STMicroelectronics,STM32U5 Series,STM32U585,STM32U585OIYxQ,cmsis_device_name,tcl/target/stm32u5x.cfg,not_validated,STM32U5xx_DFP,3.2.0,https://www.keil.com/pack/Keil.STM32U5xx_DFP.pdsc
STMicroelectronics,STM32U5 Series,STM32U585,STM32U585QIIx,ordering_pattern,tcl/target/stm32u5x.cfg,not_validated,STM32U5xx_DFP,3.2.0,https://www.keil.com/pack/Keil.STM32U5xx_DFP.pdsc
STMicroelectronics,STM32U5 Series,STM32U585,STM32U585QIIxQ,cmsis_device_name,tcl/target/stm32u5x.cfg,not_validated,STM32U5xx_DFP,3.2.0,https://www.keil.com/pack/Keil.STM32U5xx_DFP.pdsc
STMicroelectronics,STM32U5 Series,STM32U585,STM32U585RITx,ordering_pattern,tcl/target/stm32u5x.cfg,not_validated,STM32U5xx_DFP,3.2.0,https://www.keil.com/pack/Keil.STM32U5xx_DFP.pdsc
STMicroelectronics,STM32U5 Series,STM32U585,STM32U585RITxQ,cmsis_device_name,tcl/target/stm32u5x.cfg,not_validated,STM32U5xx_DFP,3.2.0,https://www.keil.com/pack/Keil.STM32U5xx_DFP.pdsc
STMicroelectronics,STM32U5 Series,STM32U585,STM32U585VITx,ordering_pattern,tcl/target/stm32u5x.cfg,not_validated,STM32U5xx_DFP,3.2.0,https://www.keil.com/pack/Keil.STM32U5xx_DFP.pdsc
STMicroelectronics,STM32U5 Series,STM32U585,STM32U585VITxQ,cmsis_device_name,tcl/target/stm32u5x.cfg,not_validated,STM32U5xx_DFP,3.2.0,https://www.keil.com/pack/Keil.STM32U5xx_DFP.pdsc
STMicroelectronics,STM32U5 Series,STM32U585,STM32U585ZITx,ordering_pattern,tcl/target/stm32u5x.cfg,not_validated,STM32U5xx_DFP,3.2.0,https://www.keil.com/pack/Keil.STM32U5xx_DFP.pdsc
STMicroelectronics,STM32U5 Series,STM32U585,STM32U585ZITxQ,cmsis_device_name,tcl/target/stm32u5x.cfg,not_validated,STM32U5xx_DFP,3.2.0,https://www.keil.com/pack/Keil.STM32U5xx_DFP.pdsc
STMicroelectronics,STM32U5 Series,STM32U595,STM32U595AIHx,ordering_pattern,tcl/target/stm32u5x.cfg,not_validated,STM32U5xx_DFP,3.2.0,https://www.keil.com/pack/Keil.STM32U5xx_DFP.pdsc
STMicroelectronics,STM32U5 Series,STM32U595,STM32U595AIHxQ,cmsis_device_name,tcl/target/stm32u5x.cfg,not_validated,STM32U5xx_DFP,3.2.0,https://www.keil.com/pack/Keil.STM32U5xx_DFP.pdsc
STMicroelectronics,STM32U5 Series,STM32U595,STM32U595AJHx,ordering_pattern,tcl/target/stm32u5x.cfg,not_validated,STM32U5xx_DFP,3.2.0,https://www.keil.com/pack/Keil.STM32U5xx_DFP.pdsc
STMicroelectronics,STM32U5 Series,STM32U595,STM32U595AJHxQ,cmsis_device_name,tcl/target/stm32u5x.cfg,not_validated,STM32U5xx_DFP,3.2.0,https://www.keil.com/pack/Keil.STM32U5xx_DFP.pdsc
STMicroelectronics,STM32U5 Series,STM32U595,STM32U595QIIx,ordering_pattern,tcl/target/stm32u5x.cfg,not_validated,STM32U5xx_DFP,3.2.0,https://www.keil.com/pack/Keil.STM32U5xx_DFP.pdsc
STMicroelectronics,STM32U5 Series,STM32U595,STM32U595QIIxQ,cmsis_device_name,tcl/target/stm32u5x.cfg,not_validated,STM32U5xx_DFP,3.2.0,https://www.keil.com/pack/Keil.STM32U5xx_DFP.pdsc
STMicroelectronics,STM32U5 Series,STM32U595,STM32U595QJIx,ordering_pattern,tcl/target/stm32u5x.cfg,not_validated,STM32U5xx_DFP,3.2.0,https://www.keil.com/pack/Keil.STM32U5xx_DFP.pdsc
STMicroelectronics,STM32U5 Series,STM32U595,STM32U595QJIxQ,cmsis_device_name,tcl/target/stm32u5x.cfg,not_validated,STM32U5xx_DFP,3.2.0,https://www.keil.com/pack/Keil.STM32U5xx_DFP.pdsc
STMicroelectronics,STM32U5 Series,STM32U595,STM32U595RITx,ordering_pattern,tcl/target/stm32u5x.cfg,not_validated,STM32U5xx_DFP,3.2.0,https://www.keil.com/pack/Keil.STM32U5xx_DFP.pdsc
STMicroelectronics,STM32U5 Series,STM32U595,STM32U595RITxQ,cmsis_device_name,tcl/target/stm32u5x.cfg,not_validated,STM32U5xx_DFP,3.2.0,https://www.keil.com/pack/Keil.STM32U5xx_DFP.pdsc
STMicroelectronics,STM32U5 Series,STM32U595,STM32U595RJTx,ordering_pattern,tcl/target/stm32u5x.cfg,not_validated,STM32U5xx_DFP,3.2.0,https://www.keil.com/pack/Keil.STM32U5xx_DFP.pdsc
STMicroelectronics,STM32U5 Series,STM32U595,STM32U595RJTxQ,cmsis_device_name,tcl/target/stm32u5x.cfg,not_validated,STM32U5xx_DFP,3.2.0,https://www.keil.com/pack/Keil.STM32U5xx_DFP.pdsc
STMicroelectronics,STM32U5 Series,STM32U595,STM32U595VITx,ordering_pattern,tcl/target/stm32u5x.cfg,not_validated,STM32U5xx_DFP,3.2.0,https://www.keil.com/pack/Keil.STM32U5xx_DFP.pdsc
STMicroelectronics,STM32U5 Series,STM32U595,STM32U595VITxQ,cmsis_device_name,tcl/target/stm32u5x.cfg,not_validated,STM32U5xx_DFP,3.2.0,https://www.keil.com/pack/Keil.STM32U5xx_DFP.pdsc
STMicroelectronics,STM32U5 Series,STM32U595,STM32U595VJTx,ordering_pattern,tcl/target/stm32u5x.cfg,not_validated,STM32U5xx_DFP,3.2.0,https://www.keil.com/pack/Keil.STM32U5xx_DFP.pdsc
STMicroelectronics,STM32U5 Series,STM32U595,STM32U595VJTxQ,cmsis_device_name,tcl/target/stm32u5x.cfg,not_validated,STM32U5xx_DFP,3.2.0,https://www.keil.com/pack/Keil.STM32U5xx_DFP.pdsc
STMicroelectronics,STM32U5 Series,STM32U595,STM32U595ZITx,ordering_pattern,tcl/target/stm32u5x.cfg,not_validated,STM32U5xx_DFP,3.2.0,https://www.keil.com/pack/Keil.STM32U5xx_DFP.pdsc
STMicroelectronics,STM32U5 Series,STM32U595,STM32U595ZITxQ,cmsis_device_name,tcl/target/stm32u5x.cfg,not_validated,STM32U5xx_DFP,3.2.0,https://www.keil.com/pack/Keil.STM32U5xx_DFP.pdsc
STMicroelectronics,STM32U5 Series,STM32U595,STM32U595ZIYx,ordering_pattern,tcl/target/stm32u5x.cfg,not_validated,STM32U5xx_DFP,3.2.0,https://www.keil.com/pack/Keil.STM32U5xx_DFP.pdsc
STMicroelectronics,STM32U5 Series,STM32U595,STM32U595ZIYxQ,cmsis_device_name,tcl/target/stm32u5x.cfg,not_validated,STM32U5xx_DFP,3.2.0,https://www.keil.com/pack/Keil.STM32U5xx_DFP.pdsc
STMicroelectronics,STM32U5 Series,STM32U595,STM32U595ZJTx,ordering_pattern,tcl/target/stm32u5x.cfg,not_validated,STM32U5xx_DFP,3.2.0,https://www.keil.com/pack/Keil.STM32U5xx_DFP.pdsc
STMicroelectronics,STM32U5 Series,STM32U595,STM32U595ZJTxQ,cmsis_device_name,tcl/target/stm32u5x.cfg,not_validated,STM32U5xx_DFP,3.2.0,https://www.keil.com/pack/Keil.STM32U5xx_DFP.pdsc
STMicroelectronics,STM32U5 Series,STM32U595,STM32U595ZJYxQ,cmsis_device_name,tcl/target/stm32u5x.cfg,not_validated,STM32U5xx_DFP,3.2.0,https://www.keil.com/pack/Keil.STM32U5xx_DFP.pdsc
STMicroelectronics,STM32U5 Series,STM32U599,STM32U599BJYxQ,cmsis_device_name,tcl/target/stm32u5x.cfg,not_validated,STM32U5xx_DFP,3.2.0,https://www.keil.com/pack/Keil.STM32U5xx_DFP.pdsc
STMicroelectronics,STM32U5 Series,STM32U599,STM32U599NIHxQ,cmsis_device_name,tcl/target/stm32u5x.cfg,not_validated,STM32U5xx_DFP,3.2.0,https://www.keil.com/pack/Keil.STM32U5xx_DFP.pdsc
STMicroelectronics,STM32U5 Series,STM32U599,STM32U599NJHxQ,cmsis_device_name,tcl/target/stm32u5x.cfg,not_validated,STM32U5xx_DFP,3.2.0,https://www.keil.com/pack/Keil.STM32U5xx_DFP.pdsc
STMicroelectronics,STM32U5 Series,STM32U599,STM32U599VITxQ,cmsis_device_name,tcl/target/stm32u5x.cfg,not_validated,STM32U5xx_DFP,3.2.0,https://www.keil.com/pack/Keil.STM32U5xx_DFP.pdsc
STMicroelectronics,STM32U5 Series,STM32U599,STM32U599VJTx,ordering_pattern,tcl/target/stm32u5x.cfg,not_validated,STM32U5xx_DFP,3.2.0,https://www.keil.com/pack/Keil.STM32U5xx_DFP.pdsc
STMicroelectronics,STM32U5 Series,STM32U599,STM32U599VJTxQ,cmsis_device_name,tcl/target/stm32u5x.cfg,not_validated,STM32U5xx_DFP,3.2.0,https://www.keil.com/pack/Keil.STM32U5xx_DFP.pdsc
STMicroelectronics,STM32U5 Series,STM32U599,STM32U599ZITxQ,cmsis_device_name,tcl/target/stm32u5x.cfg,not_validated,STM32U5xx_DFP,3.2.0,https://www.keil.com/pack/Keil.STM32U5xx_DFP.pdsc
STMicroelectronics,STM32U5 Series,STM32U599,STM32U599ZIYxQ,cmsis_device_name,tcl/target/stm32u5x.cfg,not_validated,STM32U5xx_DFP,3.2.0,https://www.keil.com/pack/Keil.STM32U5xx_DFP.pdsc
STMicroelectronics,STM32U5 Series,STM32U599,STM32U599ZJTxQ,cmsis_device_name,tcl/target/stm32u5x.cfg,not_validated,STM32U5xx_DFP,3.2.0,https://www.keil.com/pack/Keil.STM32U5xx_DFP.pdsc
STMicroelectronics,STM32U5 Series,STM32U599,STM32U599ZJYxQ,cmsis_device_name,tcl/target/stm32u5x.cfg,not_validated,STM32U5xx_DFP,3.2.0,https://www.keil.com/pack/Keil.STM32U5xx_DFP.pdsc
STMicroelectronics,STM32U5 Series,STM32U5A5,STM32U5A5AJHx,ordering_pattern,tcl/target/stm32u5x.cfg,not_validated,STM32U5xx_DFP,3.2.0,https://www.keil.com/pack/Keil.STM32U5xx_DFP.pdsc
STMicroelectronics,STM32U5 Series,STM32U5A5,STM32U5A5AJHxQ,cmsis_device_name,tcl/target/stm32u5x.cfg,not_validated,STM32U5xx_DFP,3.2.0,https://www.keil.com/pack/Keil.STM32U5xx_DFP.pdsc
STMicroelectronics,STM32U5 Series,STM32U5A5,STM32U5A5QJIx,ordering_pattern,tcl/target/stm32u5x.cfg,not_validated,STM32U5xx_DFP,3.2.0,https://www.keil.com/pack/Keil.STM32U5xx_DFP.pdsc
STMicroelectronics,STM32U5 Series,STM32U5A5,STM32U5A5QJIxQ,cmsis_device_name,tcl/target/stm32u5x.cfg,not_validated,STM32U5xx_DFP,3.2.0,https://www.keil.com/pack/Keil.STM32U5xx_DFP.pdsc
STMicroelectronics,STM32U5 Series,STM32U5A5,STM32U5A5RJTx,ordering_pattern,tcl/target/stm32u5x.cfg,not_validated,STM32U5xx_DFP,3.2.0,https://www.keil.com/pack/Keil.STM32U5xx_DFP.pdsc
STMicroelectronics,STM32U5 Series,STM32U5A5,STM32U5A5RJTxQ,cmsis_device_name,tcl/target/stm32u5x.cfg,not_validated,STM32U5xx_DFP,3.2.0,https://www.keil.com/pack/Keil.STM32U5xx_DFP.pdsc
STMicroelectronics,STM32U5 Series,STM32U5A5,STM32U5A5VJTx,ordering_pattern,tcl/target/stm32u5x.cfg,not_validated,STM32U5xx_DFP,3.2.0,https://www.keil.com/pack/Keil.STM32U5xx_DFP.pdsc
STMicroelectronics,STM32U5 Series,STM32U5A5,STM32U5A5VJTxQ,cmsis_device_name,tcl/target/stm32u5x.cfg,not_validated,STM32U5xx_DFP,3.2.0,https://www.keil.com/pack/Keil.STM32U5xx_DFP.pdsc
STMicroelectronics,STM32U5 Series,STM32U5A5,STM32U5A5ZJTx,ordering_pattern,tcl/target/stm32u5x.cfg,not_validated,STM32U5xx_DFP,3.2.0,https://www.keil.com/pack/Keil.STM32U5xx_DFP.pdsc
STMicroelectronics,STM32U5 Series,STM32U5A5,STM32U5A5ZJTxQ,cmsis_device_name,tcl/target/stm32u5x.cfg,not_validated,STM32U5xx_DFP,3.2.0,https://www.keil.com/pack/Keil.STM32U5xx_DFP.pdsc
STMicroelectronics,STM32U5 Series,STM32U5A5,STM32U5A5ZJYxQ,cmsis_device_name,tcl/target/stm32u5x.cfg,not_validated,STM32U5xx_DFP,3.2.0,https://www.keil.com/pack/Keil.STM32U5xx_DFP.pdsc
STMicroelectronics,STM32U5 Series,STM32U5A9,STM32U5A9BJYxQ,cmsis_device_name,tcl/target/stm32u5x.cfg,not_validated,STM32U5xx_DFP,3.2.0,https://www.keil.com/pack/Keil.STM32U5xx_DFP.pdsc
STMicroelectronics,STM32U5 Series,STM32U5A9,STM32U5A9NJHxQ,cmsis_device_name,tcl/target/stm32u5x.cfg,not_validated,STM32U5xx_DFP,3.2.0,https://www.keil.com/pack/Keil.STM32U5xx_DFP.pdsc
STMicroelectronics,STM32U5 Series,STM32U5A9,STM32U5A9VJTxQ,cmsis_device_name,tcl/target/stm32u5x.cfg,not_validated,STM32U5xx_DFP,3.2.0,https://www.keil.com/pack/Keil.STM32U5xx_DFP.pdsc
STMicroelectronics,STM32U5 Series,STM32U5A9,STM32U5A9ZJTxQ,cmsis_device_name,tcl/target/stm32u5x.cfg,not_validated,STM32U5xx_DFP,3.2.0,https://www.keil.com/pack/Keil.STM32U5xx_DFP.pdsc
STMicroelectronics,STM32U5 Series,STM32U5A9,STM32U5A9ZJYxQ,cmsis_device_name,tcl/target/stm32u5x.cfg,not_validated,STM32U5xx_DFP,3.2.0,https://www.keil.com/pack/Keil.STM32U5xx_DFP.pdsc
STMicroelectronics,STM32U5 Series,STM32U5F7,STM32U5F7VITx,ordering_pattern,tcl/target/stm32u5x.cfg,not_validated,STM32U5xx_DFP,3.2.0,https://www.keil.com/pack/Keil.STM32U5xx_DFP.pdsc
STMicroelectronics,STM32U5 Series,STM32U5F7,STM32U5F7VITxQ,cmsis_device_name,tcl/target/stm32u5x.cfg,not_validated,STM32U5xx_DFP,3.2.0,https://www.keil.com/pack/Keil.STM32U5xx_DFP.pdsc
STMicroelectronics,STM32U5 Series,STM32U5F7,STM32U5F7VJTx,ordering_pattern,tcl/target/stm32u5x.cfg,not_validated,STM32U5xx_DFP,3.2.0,https://www.keil.com/pack/Keil.STM32U5xx_DFP.pdsc
STMicroelectronics,STM32U5 Series,STM32U5F7,STM32U5F7VJTxQ,cmsis_device_name,tcl/target/stm32u5x.cfg,not_validated,STM32U5xx_DFP,3.2.0,https://www.keil.com/pack/Keil.STM32U5xx_DFP.pdsc
STMicroelectronics,STM32U5 Series,STM32U5F9,STM32U5F9BJYxQ,cmsis_device_name,tcl/target/stm32u5x.cfg,not_validated,STM32U5xx_DFP,3.2.0,https://www.keil.com/pack/Keil.STM32U5xx_DFP.pdsc
STMicroelectronics,STM32U5 Series,STM32U5F9,STM32U5F9NJHxQ,cmsis_device_name,tcl/target/stm32u5x.cfg,not_validated,STM32U5xx_DFP,3.2.0,https://www.keil.com/pack/Keil.STM32U5xx_DFP.pdsc
STMicroelectronics,STM32U5 Series,STM32U5F9,STM32U5F9VITxQ,cmsis_device_name,tcl/target/stm32u5x.cfg,not_validated,STM32U5xx_DFP,3.2.0,https://www.keil.com/pack/Keil.STM32U5xx_DFP.pdsc
STMicroelectronics,STM32U5 Series,STM32U5F9,STM32U5F9VJTxQ,cmsis_device_name,tcl/target/stm32u5x.cfg,not_validated,STM32U5xx_DFP,3.2.0,https://www.keil.com/pack/Keil.STM32U5xx_DFP.pdsc
STMicroelectronics,STM32U5 Series,STM32U5F9,STM32U5F9ZIJxQ,cmsis_device_name,tcl/target/stm32u5x.cfg,not_validated,STM32U5xx_DFP,3.2.0,https://www.keil.com/pack/Keil.STM32U5xx_DFP.pdsc
STMicroelectronics,STM32U5 Series,STM32U5F9,STM32U5F9ZITxQ,cmsis_device_name,tcl/target/stm32u5x.cfg,not_validated,STM32U5xx_DFP,3.2.0,https://www.keil.com/pack/Keil.STM32U5xx_DFP.pdsc
STMicroelectronics,STM32U5 Series,STM32U5F9,STM32U5F9ZJJxQ,cmsis_device_name,tcl/target/stm32u5x.cfg,not_validated,STM32U5xx_DFP,3.2.0,https://www.keil.com/pack/Keil.STM32U5xx_DFP.pdsc
STMicroelectronics,STM32U5 Series,STM32U5F9,STM32U5F9ZJTxQ,cmsis_device_name,tcl/target/stm32u5x.cfg,not_validated,STM32U5xx_DFP,3.2.0,https://www.keil.com/pack/Keil.STM32U5xx_DFP.pdsc
STMicroelectronics,STM32U5 Series,STM32U5G7,STM32U5G7VJTx,ordering_pattern,tcl/target/stm32u5x.cfg,not_validated,STM32U5xx_DFP,3.2.0,https://www.keil.com/pack/Keil.STM32U5xx_DFP.pdsc
STMicroelectronics,STM32U5 Series,STM32U5G7,STM32U5G7VJTxQ,cmsis_device_name,tcl/target/stm32u5x.cfg,not_validated,STM32U5xx_DFP,3.2.0,https://www.keil.com/pack/Keil.STM32U5xx_DFP.pdsc
STMicroelectronics,STM32U5 Series,STM32U5G9,STM32U5G9BJYxQ,cmsis_device_name,tcl/target/stm32u5x.cfg,not_validated,STM32U5xx_DFP,3.2.0,https://www.keil.com/pack/Keil.STM32U5xx_DFP.pdsc
STMicroelectronics,STM32U5 Series,STM32U5G9,STM32U5G9NJHxQ,cmsis_device_name,tcl/target/stm32u5x.cfg,not_validated,STM32U5xx_DFP,3.2.0,https://www.keil.com/pack/Keil.STM32U5xx_DFP.pdsc
STMicroelectronics,STM32U5 Series,STM32U5G9,STM32U5G9VJTxQ,cmsis_device_name,tcl/target/stm32u5x.cfg,not_validated,STM32U5xx_DFP,3.2.0,https://www.keil.com/pack/Keil.STM32U5xx_DFP.pdsc
STMicroelectronics,STM32U5 Series,STM32U5G9,STM32U5G9ZJJxQ,cmsis_device_name,tcl/target/stm32u5x.cfg,not_validated,STM32U5xx_DFP,3.2.0,https://www.keil.com/pack/Keil.STM32U5xx_DFP.pdsc
STMicroelectronics,STM32U5 Series,STM32U5G9,STM32U5G9ZJTxQ,cmsis_device_name,tcl/target/stm32u5x.cfg,not_validated,STM32U5xx_DFP,3.2.0,https://www.keil.com/pack/Keil.STM32U5xx_DFP.pdsc
Texas Instruments,MSP432E4 Series,MSP432E4,MSP432E401Y,cmsis_device_name,tcl/target/ti/msp432.cfg,not_validated,MSP432E4_DFP,3.2.6,https://software-dl.ti.com/msp430/msp430_public_sw/mcu/msp430/msp432cmsis/latest/exports/TexasInstruments.MSP432E4_DFP.pdsc
Texas Instruments,MSP432E4 Series,MSP432E4,MSP432E411Y,cmsis_device_name,tcl/target/ti/msp432.cfg,not_validated,MSP432E4_DFP,3.2.6,https://software-dl.ti.com/msp430/msp430_public_sw/mcu/msp430/msp432cmsis/latest/exports/TexasInstruments.MSP432E4_DFP.pdsc
Texas Instruments,MSP432P4xx Series,MSP432P4xx,MSP432P4011,cmsis_device_name,tcl/target/ti/msp432.cfg,not_validated,MSP432P4xx_DFP,3.2.6,https://software-dl.ti.com/msp430/msp430_public_sw/mcu/msp430/msp432cmsis/latest/exports/TexasInstruments.MSP432P4xx_DFP.pdsc
Texas Instruments,MSP432P4xx Series,MSP432P4xx,MSP432P401M,cmsis_device_name,tcl/target/ti/msp432.cfg,not_validated,MSP432P4xx_DFP,3.2.6,https://software-dl.ti.com/msp430/msp430_public_sw/mcu/msp430/msp432cmsis/latest/exports/TexasInstruments.MSP432P4xx_DFP.pdsc
Texas Instruments,MSP432P4xx Series,MSP432P4xx,MSP432P401R,cmsis_device_name,tcl/target/ti/msp432.cfg,not_validated,MSP432P4xx_DFP,3.2.6,https://software-dl.ti.com/msp430/msp430_public_sw/mcu/msp430/msp432cmsis/latest/exports/TexasInstruments.MSP432P4xx_DFP.pdsc
Texas Instruments,MSP432P4xx Series,MSP432P4xx,MSP432P401V,cmsis_device_name,tcl/target/ti/msp432.cfg,not_validated,MSP432P4xx_DFP,3.2.6,https://software-dl.ti.com/msp430/msp430_public_sw/mcu/msp430/msp432cmsis/latest/exports/TexasInstruments.MSP432P4xx_DFP.pdsc
Texas Instruments,MSP432P4xx Series,MSP432P4xx,MSP432P401Y,cmsis_device_name,tcl/target/ti/msp432.cfg,not_validated,MSP432P4xx_DFP,3.2.6,https://software-dl.ti.com/msp430/msp430_public_sw/mcu/msp430/msp432cmsis/latest/exports/TexasInstruments.MSP432P4xx_DFP.pdsc
Texas Instruments,MSP432P4xx Series,MSP432P4xx,MSP432P4111,cmsis_device_name,tcl/target/ti/msp432.cfg,not_validated,MSP432P4xx_DFP,3.2.6,https://software-dl.ti.com/msp430/msp430_public_sw/mcu/msp430/msp432cmsis/latest/exports/TexasInstruments.MSP432P4xx_DFP.pdsc
Texas Instruments,MSP432P4xx Series,MSP432P4xx,MSP432P411V,cmsis_device_name,tcl/target/ti/msp432.cfg,not_validated,MSP432P4xx_DFP,3.2.6,https://software-dl.ti.com/msp430/msp430_public_sw/mcu/msp430/msp432cmsis/latest/exports/TexasInstruments.MSP432P4xx_DFP.pdsc
Texas Instruments,MSP432P4xx Series,MSP432P4xx,MSP432P411Y,cmsis_device_name,tcl/target/ti/msp432.cfg,not_validated,MSP432P4xx_DFP,3.2.6,https://software-dl.ti.com/msp430/msp430_public_sw/mcu/msp430/msp432cmsis/latest/exports/TexasInstruments.MSP432P4xx_DFP.pdsc
Texas Instruments,MSPM0C1103/4 Series,MSPM0C110X,MSPM0C1103,cmsis_device_name,tcl/target/ti/mspm0.cfg,not_validated,MSPM0C110X_DFP,1.2.0,https://software-dl.ti.com/msp430/esd/MSPM0-CMSIS/MSPM0C110X/latest/exports/TexasInstruments.MSPM0C110X_DFP.pdsc
Texas Instruments,MSPM0C1103/4 Series,MSPM0C110X,MSPM0C1104,cmsis_device_name,tcl/target/ti/mspm0.cfg,not_validated,MSPM0C110X_DFP,1.2.0,https://software-dl.ti.com/msp430/esd/MSPM0-CMSIS/MSPM0C110X/latest/exports/TexasInstruments.MSPM0C110X_DFP.pdsc
Texas Instruments,MSPM0C1105/6 Series,MSPM0C1105_C1106,MSPM0C1105,cmsis_device_name,tcl/target/ti/mspm0.cfg,not_validated,MSPM0C110X_DFP,1.2.0,https://software-dl.ti.com/msp430/esd/MSPM0-CMSIS/MSPM0C110X/latest/exports/TexasInstruments.MSPM0C110X_DFP.pdsc
Texas Instruments,MSPM0C1105/6 Series,MSPM0C1105_C1106,MSPM0C1106,cmsis_device_name,tcl/target/ti/mspm0.cfg,not_validated,MSPM0C110X_DFP,1.2.0,https://software-dl.ti.com/msp430/esd/MSPM0-CMSIS/MSPM0C110X/latest/exports/TexasInstruments.MSPM0C110X_DFP.pdsc
Texas Instruments,MSPM0G1X0X_G3X0X Series,MSPM0G110X,MSPM0G1105,cmsis_device_name,tcl/target/ti/mspm0.cfg,not_validated,MSPM0G1X0X_G3X0X_DFP,1.3.1,https://software-dl.ti.com/msp430/esd/MSPM0-CMSIS/MSPM0G1X0X_G3X0X/latest/exports/TexasInstruments.MSPM0G1X0X_G3X0X_DFP.pdsc
Texas Instruments,MSPM0G1X0X_G3X0X Series,MSPM0G110X,MSPM0G1106,cmsis_device_name,tcl/target/ti/mspm0.cfg,not_validated,MSPM0G1X0X_G3X0X_DFP,1.3.1,https://software-dl.ti.com/msp430/esd/MSPM0-CMSIS/MSPM0G1X0X_G3X0X/latest/exports/TexasInstruments.MSPM0G1X0X_G3X0X_DFP.pdsc
Texas Instruments,MSPM0G1X0X_G3X0X Series,MSPM0G110X,MSPM0G1107,cmsis_device_name,tcl/target/ti/mspm0.cfg,not_validated,MSPM0G1X0X_G3X0X_DFP,1.3.1,https://software-dl.ti.com/msp430/esd/MSPM0-CMSIS/MSPM0G1X0X_G3X0X/latest/exports/TexasInstruments.MSPM0G1X0X_G3X0X_DFP.pdsc
Texas Instruments,MSPM0G1X0X_G3X0X Series,MSPM0G150X,MSPM0G1505,cmsis_device_name,tcl/target/ti/mspm0.cfg,not_validated,MSPM0G1X0X_G3X0X_DFP,1.3.1,https://software-dl.ti.com/msp430/esd/MSPM0-CMSIS/MSPM0G1X0X_G3X0X/latest/exports/TexasInstruments.MSPM0G1X0X_G3X0X_DFP.pdsc
Texas Instruments,MSPM0G1X0X_G3X0X Series,MSPM0G150X,MSPM0G1506,cmsis_device_name,tcl/target/ti/mspm0.cfg,not_validated,MSPM0G1X0X_G3X0X_DFP,1.3.1,https://software-dl.ti.com/msp430/esd/MSPM0-CMSIS/MSPM0G1X0X_G3X0X/latest/exports/TexasInstruments.MSPM0G1X0X_G3X0X_DFP.pdsc
Texas Instruments,MSPM0G1X0X_G3X0X Series,MSPM0G150X,MSPM0G1507,cmsis_device_name,tcl/target/ti/mspm0.cfg,not_validated,MSPM0G1X0X_G3X0X_DFP,1.3.1,https://software-dl.ti.com/msp430/esd/MSPM0-CMSIS/MSPM0G1X0X_G3X0X/latest/exports/TexasInstruments.MSPM0G1X0X_G3X0X_DFP.pdsc
Texas Instruments,MSPM0G1X0X_G3X0X Series,MSPM0G310X,MSPM0G3105,cmsis_device_name,tcl/target/ti/mspm0.cfg,not_validated,MSPM0G1X0X_G3X0X_DFP,1.3.1,https://software-dl.ti.com/msp430/esd/MSPM0-CMSIS/MSPM0G1X0X_G3X0X/latest/exports/TexasInstruments.MSPM0G1X0X_G3X0X_DFP.pdsc
Texas Instruments,MSPM0G1X0X_G3X0X Series,MSPM0G310X,MSPM0G3106,cmsis_device_name,tcl/target/ti/mspm0.cfg,not_validated,MSPM0G1X0X_G3X0X_DFP,1.3.1,https://software-dl.ti.com/msp430/esd/MSPM0-CMSIS/MSPM0G1X0X_G3X0X/latest/exports/TexasInstruments.MSPM0G1X0X_G3X0X_DFP.pdsc
Texas Instruments,MSPM0G1X0X_G3X0X Series,MSPM0G310X,MSPM0G3107,cmsis_device_name,tcl/target/ti/mspm0.cfg,not_validated,MSPM0G1X0X_G3X0X_DFP,1.3.1,https://software-dl.ti.com/msp430/esd/MSPM0-CMSIS/MSPM0G1X0X_G3X0X/latest/exports/TexasInstruments.MSPM0G1X0X_G3X0X_DFP.pdsc
Texas Instruments,MSPM0G1X0X_G3X0X Series,MSPM0G350X,MSPM0G3505,cmsis_device_name,tcl/target/ti/mspm0.cfg,not_validated,MSPM0G1X0X_G3X0X_DFP,1.3.1,https://software-dl.ti.com/msp430/esd/MSPM0-CMSIS/MSPM0G1X0X_G3X0X/latest/exports/TexasInstruments.MSPM0G1X0X_G3X0X_DFP.pdsc
Texas Instruments,MSPM0G1X0X_G3X0X Series,MSPM0G350X,MSPM0G3506,cmsis_device_name,tcl/target/ti/mspm0.cfg,not_validated,MSPM0G1X0X_G3X0X_DFP,1.3.1,https://software-dl.ti.com/msp430/esd/MSPM0-CMSIS/MSPM0G1X0X_G3X0X/latest/exports/TexasInstruments.MSPM0G1X0X_G3X0X_DFP.pdsc
Texas Instruments,MSPM0G1X0X_G3X0X Series,MSPM0G350X,MSPM0G3507,cmsis_device_name,tcl/target/ti/mspm0.cfg,not_validated,MSPM0G1X0X_G3X0X_DFP,1.3.1,https://software-dl.ti.com/msp430/esd/MSPM0-CMSIS/MSPM0G1X0X_G3X0X/latest/exports/TexasInstruments.MSPM0G1X0X_G3X0X_DFP.pdsc
Texas Instruments,MSPM0G511X_G518X Series,MSPM0G511X,MSPM0G5115,cmsis_device_name,tcl/target/ti/mspm0.cfg,not_validated,MSPM0G511X_G518X_DFP,1.0.0,https://software-dl.ti.com/msp430/esd/MSPM0-CMSIS/MSPM0G511X_G518X/latest/exports/TexasInstruments.MSPM0G511X_G518X_DFP.pdsc
Texas Instruments,MSPM0G511X_G518X Series,MSPM0G511X,MSPM0G5116,cmsis_device_name,tcl/target/ti/mspm0.cfg,not_validated,MSPM0G511X_G518X_DFP,1.0.0,https://software-dl.ti.com/msp430/esd/MSPM0-CMSIS/MSPM0G511X_G518X/latest/exports/TexasInstruments.MSPM0G511X_G518X_DFP.pdsc
Texas Instruments,MSPM0G511X_G518X Series,MSPM0G511X,MSPM0G5117,cmsis_device_name,tcl/target/ti/mspm0.cfg,not_validated,MSPM0G511X_G518X_DFP,1.0.0,https://software-dl.ti.com/msp430/esd/MSPM0-CMSIS/MSPM0G511X_G518X/latest/exports/TexasInstruments.MSPM0G511X_G518X_DFP.pdsc
Texas Instruments,MSPM0G511X_G518X Series,MSPM0G518X,MSPM0G5187,cmsis_device_name,tcl/target/ti/mspm0.cfg,not_validated,MSPM0G511X_G518X_DFP,1.0.0,https://software-dl.ti.com/msp430/esd/MSPM0-CMSIS/MSPM0G511X_G518X/latest/exports/TexasInstruments.MSPM0G511X_G518X_DFP.pdsc
Texas Instruments,MSPM0GX218_GX207 Series,MSPM0G120X,MSPM0G1207,cmsis_device_name,tcl/target/ti/mspm0.cfg,not_validated,MSPM0GX218_GX207_DFP,1.0.0,https://software-dl.ti.com/msp430/esd/MSPM0-CMSIS/MSPM0GX218_GX207/latest/exports/TexasInstruments.MSPM0GX218_GX207_DFP.pdsc
Texas Instruments,MSPM0GX218_GX207 Series,MSPM0G121X,MSPM0G1218,cmsis_device_name,tcl/target/ti/mspm0.cfg,not_validated,MSPM0GX218_GX207_DFP,1.0.0,https://software-dl.ti.com/msp430/esd/MSPM0-CMSIS/MSPM0GX218_GX207/latest/exports/TexasInstruments.MSPM0GX218_GX207_DFP.pdsc
Texas Instruments,MSPM0GX218_GX207 Series,MSPM0G320X,MSPM0G3207,cmsis_device_name,tcl/target/ti/mspm0.cfg,not_validated,MSPM0GX218_GX207_DFP,1.0.0,https://software-dl.ti.com/msp430/esd/MSPM0-CMSIS/MSPM0GX218_GX207/latest/exports/TexasInstruments.MSPM0GX218_GX207_DFP.pdsc
Texas Instruments,MSPM0GX218_GX207 Series,MSPM0G321X,MSPM0G3218,cmsis_device_name,tcl/target/ti/mspm0.cfg,not_validated,MSPM0GX218_GX207_DFP,1.0.0,https://software-dl.ti.com/msp430/esd/MSPM0-CMSIS/MSPM0GX218_GX207/latest/exports/TexasInstruments.MSPM0GX218_GX207_DFP.pdsc
Texas Instruments,MSPM0GX51X Series,MSPM0G151X,MSPM0G1518,cmsis_device_name,tcl/target/ti/mspm0.cfg,not_validated,MSPM0GX51X_DFP,1.0.0,https://software-dl.ti.com/msp430/esd/MSPM0-CMSIS/MSPM0GX51X/latest/exports/TexasInstruments.MSPM0GX51X_DFP.pdsc
Texas Instruments,MSPM0GX51X Series,MSPM0G151X,MSPM0G1519,cmsis_device_name,tcl/target/ti/mspm0.cfg,not_validated,MSPM0GX51X_DFP,1.0.0,https://software-dl.ti.com/msp430/esd/MSPM0-CMSIS/MSPM0GX51X/latest/exports/TexasInstruments.MSPM0GX51X_DFP.pdsc
Texas Instruments,MSPM0GX51X Series,MSPM0G351X,MSPM0G3518,cmsis_device_name,tcl/target/ti/mspm0.cfg,not_validated,MSPM0GX51X_DFP,1.0.0,https://software-dl.ti.com/msp430/esd/MSPM0-CMSIS/MSPM0GX51X/latest/exports/TexasInstruments.MSPM0GX51X_DFP.pdsc
Texas Instruments,MSPM0GX51X Series,MSPM0G351X,MSPM0G3519,cmsis_device_name,tcl/target/ti/mspm0.cfg,not_validated,MSPM0GX51X_DFP,1.0.0,https://software-dl.ti.com/msp430/esd/MSPM0-CMSIS/MSPM0GX51X/latest/exports/TexasInstruments.MSPM0GX51X_DFP.pdsc
Texas Instruments,MSPM0H321X Series,MSPM0H321X,MSPM0H3215,cmsis_device_name,tcl/target/ti/mspm0.cfg,not_validated,MSPM0H321X_DFP,1.0.0,https://software-dl.ti.com/msp430/esd/MSPM0-CMSIS/MSPM0H321X/latest/exports/TexasInstruments.MSPM0H321X_DFP.pdsc
Texas Instruments,MSPM0H321X Series,MSPM0H321X,MSPM0H3216,cmsis_device_name,tcl/target/ti/mspm0.cfg,not_validated,MSPM0H321X_DFP,1.0.0,https://software-dl.ti.com/msp430/esd/MSPM0-CMSIS/MSPM0H321X/latest/exports/TexasInstruments.MSPM0H321X_DFP.pdsc
Texas Instruments,MSPM0L111X Series,MSPM0L111X,MSPM0L1116,cmsis_device_name,tcl/target/ti/mspm0.cfg,not_validated,MSPM0L111X_DFP,1.0.0,https://software-dl.ti.com/msp430/esd/MSPM0-CMSIS/MSPM0L111X/latest/exports/TexasInstruments.MSPM0L111X_DFP.pdsc
Texas Instruments,MSPM0L111X Series,MSPM0L111X,MSPM0L1117,cmsis_device_name,tcl/target/ti/mspm0.cfg,not_validated,MSPM0L111X_DFP,1.0.0,https://software-dl.ti.com/msp430/esd/MSPM0-CMSIS/MSPM0L111X/latest/exports/TexasInstruments.MSPM0L111X_DFP.pdsc
Texas Instruments,MSPM0L11XX_L13XX Series,MSPM0L110X,MSPM0L1105,cmsis_device_name,tcl/target/ti/mspm0.cfg,not_validated,MSPM0L11XX_L13XX_DFP,1.3.1,https://software-dl.ti.com/msp430/esd/MSPM0-CMSIS/MSPM0L11XX_L13XX/latest/exports/TexasInstruments.MSPM0L11XX_L13XX_DFP.pdsc
Texas Instruments,MSPM0L11XX_L13XX Series,MSPM0L110X,MSPM0L1106,cmsis_device_name,tcl/target/ti/mspm0.cfg,not_validated,MSPM0L11XX_L13XX_DFP,1.3.1,https://software-dl.ti.com/msp430/esd/MSPM0-CMSIS/MSPM0L11XX_L13XX/latest/exports/TexasInstruments.MSPM0L11XX_L13XX_DFP.pdsc
Texas Instruments,MSPM0L11XX_L13XX Series,MSPM0L130X,MSPM0L1303,cmsis_device_name,tcl/target/ti/mspm0.cfg,not_validated,MSPM0L11XX_L13XX_DFP,1.3.1,https://software-dl.ti.com/msp430/esd/MSPM0-CMSIS/MSPM0L11XX_L13XX/latest/exports/TexasInstruments.MSPM0L11XX_L13XX_DFP.pdsc
Texas Instruments,MSPM0L11XX_L13XX Series,MSPM0L130X,MSPM0L1304,cmsis_device_name,tcl/target/ti/mspm0.cfg,not_validated,MSPM0L11XX_L13XX_DFP,1.3.1,https://software-dl.ti.com/msp430/esd/MSPM0-CMSIS/MSPM0L11XX_L13XX/latest/exports/TexasInstruments.MSPM0L11XX_L13XX_DFP.pdsc
Texas Instruments,MSPM0L11XX_L13XX Series,MSPM0L130X,MSPM0L1305,cmsis_device_name,tcl/target/ti/mspm0.cfg,not_validated,MSPM0L11XX_L13XX_DFP,1.3.1,https://software-dl.ti.com/msp430/esd/MSPM0-CMSIS/MSPM0L11XX_L13XX/latest/exports/TexasInstruments.MSPM0L11XX_L13XX_DFP.pdsc
Texas Instruments,MSPM0L11XX_L13XX Series,MSPM0L130X,MSPM0L1306,cmsis_device_name,tcl/target/ti/mspm0.cfg,not_validated,MSPM0L11XX_L13XX_DFP,1.3.1,https://software-dl.ti.com/msp430/esd/MSPM0-CMSIS/MSPM0L11XX_L13XX/latest/exports/TexasInstruments.MSPM0L11XX_L13XX_DFP.pdsc
Texas Instruments,MSPM0L11XX_L13XX Series,MSPM0L134X,MSPM0L1343,cmsis_device_name,tcl/target/ti/mspm0.cfg,not_validated,MSPM0L11XX_L13XX_DFP,1.3.1,https://software-dl.ti.com/msp430/esd/MSPM0-CMSIS/MSPM0L11XX_L13XX/latest/exports/TexasInstruments.MSPM0L11XX_L13XX_DFP.pdsc
Texas Instruments,MSPM0L11XX_L13XX Series,MSPM0L134X,MSPM0L1344,cmsis_device_name,tcl/target/ti/mspm0.cfg,not_validated,MSPM0L11XX_L13XX_DFP,1.3.1,https://software-dl.ti.com/msp430/esd/MSPM0-CMSIS/MSPM0L11XX_L13XX/latest/exports/TexasInstruments.MSPM0L11XX_L13XX_DFP.pdsc
Texas Instruments,MSPM0L11XX_L13XX Series,MSPM0L134X,MSPM0L1345,cmsis_device_name,tcl/target/ti/mspm0.cfg,not_validated,MSPM0L11XX_L13XX_DFP,1.3.1,https://software-dl.ti.com/msp430/esd/MSPM0-CMSIS/MSPM0L11XX_L13XX/latest/exports/TexasInstruments.MSPM0L11XX_L13XX_DFP.pdsc
Texas Instruments,MSPM0L11XX_L13XX Series,MSPM0L134X,MSPM0L1346,cmsis_device_name,tcl/target/ti/mspm0.cfg,not_validated,MSPM0L11XX_L13XX_DFP,1.3.1,https://software-dl.ti.com/msp430/esd/MSPM0-CMSIS/MSPM0L11XX_L13XX/latest/exports/TexasInstruments.MSPM0L11XX_L13XX_DFP.pdsc
Texas Instruments,MSPM0L122X_L222X Series,MSPM0L122X,MSPM0L1227,cmsis_device_name,tcl/target/ti/mspm0.cfg,not_validated,MSPM0L122X_L222X_DFP,1.1.1,https://software-dl.ti.com/msp430/esd/MSPM0-CMSIS/MSPM0L122X_L222X/latest/exports/TexasInstruments.MSPM0L122X_L222X_DFP.pdsc
Texas Instruments,MSPM0L122X_L222X Series,MSPM0L122X,MSPM0L1228,cmsis_device_name,tcl/target/ti/mspm0.cfg,not_validated,MSPM0L122X_L222X_DFP,1.1.1,https://software-dl.ti.com/msp430/esd/MSPM0-CMSIS/MSPM0L122X_L222X/latest/exports/TexasInstruments.MSPM0L122X_L222X_DFP.pdsc
Texas Instruments,MSPM0L122X_L222X Series,MSPM0L222X,MSPM0L2227,cmsis_device_name,tcl/target/ti/mspm0.cfg,not_validated,MSPM0L122X_L222X_DFP,1.1.1,https://software-dl.ti.com/msp430/esd/MSPM0-CMSIS/MSPM0L122X_L222X/latest/exports/TexasInstruments.MSPM0L122X_L222X_DFP.pdsc
Texas Instruments,MSPM0L122X_L222X Series,MSPM0L222X,MSPM0L2228,cmsis_device_name,tcl/target/ti/mspm0.cfg,not_validated,MSPM0L122X_L222X_DFP,1.1.1,https://software-dl.ti.com/msp430/esd/MSPM0-CMSIS/MSPM0L122X_L222X/latest/exports/TexasInstruments.MSPM0L122X_L222X_DFP.pdsc
