manufacturer,icpn,family,series,base_device,package,pin_count,flash_size,temperature_grade,option_suffix,cmsis_device_name,existing_identifier,existing_identifier_kind,mapping_status,openocd_target_config,source_type,source_reference,source_authority,verification_status
STMicroelectronics,STM32G431C6T6,STM32G4,STM32G431,STM32G431C6,LQFP,48,32 KiB,-40 to 85 C,,,STM32G431C6Tx,ordering_pattern,deterministic_ordering_pattern,tcl/target/stm32g4x.cfg,official_st_ordering_information_plus_retained_phase4_9b_identity,https://www.st.com/resource/en/datasheet/stm32g431c6.pdf#document=DS12589;revision=6;table=101;identity=stm32g4-phase4.9b-official-st-discovery-2026-09-10-retained-20260910T003814Z-3c74395a,STMicroelectronics official,verified_st_datasheet_ordering_information_plus_retained_exact_identity
STMicroelectronics,STM32G431C6U6,STM32G4,STM32G431,STM32G431C6,UFQFPN,48,32 KiB,-40 to 85 C,,,STM32G431C6Ux,ordering_pattern,deterministic_ordering_pattern,tcl/target/stm32g4x.cfg,official_st_ordering_information_plus_retained_phase4_9b_identity,https://www.st.com/resource/en/datasheet/stm32g431c6.pdf#document=DS12589;revision=6;table=101;identity=stm32g4-phase4.9b-official-st-discovery-2026-09-10-retained-20260910T003814Z-3c74395a,STMicroelectronics official,verified_st_datasheet_ordering_information_plus_retained_exact_identity
STMicroelectronics,STM32G431C8T3,STM32G4,STM32G431,STM32G431C8,LQFP,48,64 KiB,-40 to 125 C,,,STM32G431C8Tx,ordering_pattern,deterministic_ordering_pattern,tcl/target/stm32g4x.cfg,official_st_ordering_information_plus_estore_active_exact_identity,https://www.st.com/resource/en/datasheet/stm32g431c6.pdf,STMicroelectronics official,verified_st_ordering_information_codes_plus_current_estore_active_identity
STMicroelectronics,STM32G431C8T3TR,STM32G4,STM32G431,STM32G431C8,LQFP,48,64 KiB,-40 to 125 C,TR,,STM32G431C8Tx,ordering_pattern,deterministic_ordering_pattern,tcl/target/stm32g4x.cfg,official_st_ordering_information_plus_estore_active_exact_identity,https://www.st.com/resource/en/datasheet/stm32g431c6.pdf,STMicroelectronics official,verified_st_ordering_information_codes_plus_current_estore_active_identity
STMicroelectronics,STM32G431C8T6,STM32G4,STM32G431,STM32G431C8,LQFP,48,64 KiB,-40 to 85 C,,,STM32G431C8Tx,ordering_pattern,deterministic_ordering_pattern,tcl/target/stm32g4x.cfg,official_st_ordering_information_plus_estore_active_exact_identity,https://www.st.com/resource/en/datasheet/stm32g431c6.pdf,STMicroelectronics official,verified_st_ordering_information_codes_plus_current_estore_active_identity
STMicroelectronics,STM32G431C8T6TR,STM32G4,STM32G431,STM32G431C8,LQFP,48,64 KiB,-40 to 85 C,TR,,STM32G431C8Tx,ordering_pattern,deterministic_ordering_pattern,tcl/target/stm32g4x.cfg,official_st_ordering_information_plus_estore_active_exact_identity,https://www.st.com/resource/en/datasheet/stm32g431c6.pdf,STMicroelectronics official,verified_st_ordering_information_codes_plus_current_estore_active_identity
STMicroelectronics,STM32G431C8U3,STM32G4,STM32G431,STM32G431C8,UFQFPN,48,64 KiB,-40 to 125 C,,,STM32G431C8Ux,ordering_pattern,deterministic_ordering_pattern,tcl/target/stm32g4x.cfg,official_st_ordering_information_plus_estore_active_exact_identity,https://www.st.com/resource/en/datasheet/stm32g431c6.pdf,STMicroelectronics official,verified_st_ordering_information_codes_plus_current_estore_active_identity
STMicroelectronics,STM32G431C8U6,STM32G4,STM32G431,STM32G431C8,UFQFPN,48,64 KiB,-40 to 85 C,,,STM32G431C8Ux,ordering_pattern,deterministic_ordering_pattern,tcl/target/stm32g4x.cfg,official_st_ordering_information_plus_estore_active_exact_identity,https://www.st.com/resource/en/datasheet/stm32g431c6.pdf,STMicroelectronics official,verified_st_ordering_information_codes_plus_current_estore_active_identity
STMicroelectronics,STM32G431CBT3,STM32G4,STM32G431,STM32G431CB,LQFP,48,128 KiB,-40 to 125 C,,,STM32G431CBTx,ordering_pattern,deterministic_ordering_pattern,tcl/target/stm32g4x.cfg,official_st_ordering_information_plus_estore_active_exact_identity,https://www.st.com/resource/en/datasheet/stm32g431c6.pdf,STMicroelectronics official,verified_st_ordering_information_codes_plus_current_estore_active_identity
STMicroelectronics,STM32G431CBT3TR,STM32G4,STM32G431,STM32G431CB,LQFP,48,128 KiB,-40 to 125 C,TR,,STM32G431CBTx,ordering_pattern,deterministic_ordering_pattern,tcl/target/stm32g4x.cfg,official_st_ordering_information_plus_estore_active_exact_identity,https://www.st.com/resource/en/datasheet/stm32g431c6.pdf,STMicroelectronics official,verified_st_ordering_information_codes_plus_current_estore_active_identity
STMicroelectronics,STM32G431CBT6,STM32G4,STM32G431,STM32G431CB,LQFP,48,128 KiB,-40 to 85 C,,,STM32G431CBTx,ordering_pattern,deterministic_ordering_pattern,tcl/target/stm32g4x.cfg,official_st_ordering_information_plus_estore_active_exact_identity,https://www.st.com/resource/en/datasheet/stm32g431c6.pdf,STMicroelectronics official,verified_st_ordering_information_codes_plus_current_estore_active_identity
STMicroelectronics,STM32G431CBT6TR,STM32G4,STM32G431,STM32G431CB,LQFP,48,128 KiB,-40 to 85 C,TR,,STM32G431CBTx,ordering_pattern,deterministic_ordering_pattern,tcl/target/stm32g4x.cfg,official_st_ordering_information_plus_estore_active_exact_identity,https://www.st.com/resource/en/datasheet/stm32g431c6.pdf,STMicroelectronics official,verified_st_ordering_information_codes_plus_current_estore_active_identity
STMicroelectronics,STM32G431CBU3,STM32G4,STM32G431,STM32G431CB,UFQFPN,48,128 KiB,-40 to 125 C,,,STM32G431CBUx,ordering_pattern,deterministic_ordering_pattern,tcl/target/stm32g4x.cfg,official_st_ordering_information_plus_estore_active_exact_identity,https://www.st.com/resource/en/datasheet/stm32g431c6.pdf,STMicroelectronics official,verified_st_ordering_information_codes_plus_current_estore_active_identity
STMicroelectronics,STM32G431CBU3TR,STM32G4,STM32G431,STM32G431CB,UFQFPN,48,128 KiB,-40 to 125 C,TR,,STM32G431CBUx,ordering_pattern,deterministic_ordering_pattern,tcl/target/stm32g4x.cfg,official_st_ordering_information_plus_estore_active_exact_identity,https://www.st.com/resource/en/datasheet/stm32g431c6.pdf,STMicroelectronics official,verified_st_ordering_information_codes_plus_current_estore_active_identity
STMicroelectronics,STM32G431CBU6,STM32G4,STM32G431,STM32G431CB,UFQFPN,48,128 KiB,-40 to 85 C,,,STM32G431CBUx,ordering_pattern,deterministic_ordering_pattern,tcl/target/stm32g4x.cfg,official_st_ordering_information_plus_estore_active_exact_identity,https://www.st.com/resource/en/datasheet/stm32g431c6.pdf,STMicroelectronics official,verified_st_ordering_information_codes_plus_current_estore_active_identity
STMicroelectronics,STM32G431CBU6TR,STM32G4,STM32G431,STM32G431CB,UFQFPN,48,128 KiB,-40 to 85 C,TR,,STM32G431CBUx,ordering_pattern,deterministic_ordering_pattern,tcl/target/stm32g4x.cfg,official_st_ordering_information_plus_estore_active_exact_identity,https://www.st.com/resource/en/datasheet/stm32g431c6.pdf,STMicroelectronics official,verified_st_ordering_information_codes_plus_current_estore_active_identity
STMicroelectronics,STM32G431CBY3TR,STM32G4,STM32G431,STM32G431CB,WLCSP,49,128 KiB,-40 to 125 C,TR,,STM32G431CBYx,ordering_pattern,deterministic_ordering_pattern,tcl/target/stm32g4x.cfg,official_st_ordering_information_plus_estore_active_exact_identity,https://www.st.com/resource/en/datasheet/stm32g431c6.pdf,STMicroelectronics official,verified_st_ordering_information_codes_plus_current_estore_active_identity
STMicroelectronics,STM32G431CBY6TR,STM32G4,STM32G431,STM32G431CB,WLCSP,49,128 KiB,-40 to 85 C,TR,,STM32G431CBYx,ordering_pattern,deterministic_ordering_pattern,tcl/target/stm32g4x.cfg,official_st_ordering_information_plus_estore_active_exact_identity,https://www.st.com/resource/en/datasheet/stm32g431c6.pdf,STMicroelectronics official,verified_st_ordering_information_codes_plus_current_estore_active_identity
STMicroelectronics,STM32G431K6T6,STM32G4,STM32G431,STM32G431K6,LQFP,32,32 KiB,-40 to 85 C,,,STM32G431K6Tx,ordering_pattern,deterministic_ordering_pattern,tcl/target/stm32g4x.cfg,official_st_ordering_information_plus_estore_active_exact_identity,https://www.st.com/resource/en/datasheet/stm32g431c6.pdf,STMicroelectronics official,verified_st_ordering_information_codes_plus_current_estore_active_identity
STMicroelectronics,STM32G431K6U3,STM32G4,STM32G431,STM32G431K6,UFQFPN,32,32 KiB,-40 to 125 C,,,STM32G431K6Ux,ordering_pattern,deterministic_ordering_pattern,tcl/target/stm32g4x.cfg,official_st_ordering_information_plus_estore_active_exact_identity,https://www.st.com/resource/en/datasheet/stm32g431c6.pdf,STMicroelectronics official,verified_st_ordering_information_codes_plus_current_estore_active_identity
STMicroelectronics,STM32G431K6U6,STM32G4,STM32G431,STM32G431K6,UFQFPN,32,32 KiB,-40 to 85 C,,,STM32G431K6Ux,ordering_pattern,deterministic_ordering_pattern,tcl/target/stm32g4x.cfg,official_st_ordering_information_plus_estore_active_exact_identity,https://www.st.com/resource/en/datasheet/stm32g431c6.pdf,STMicroelectronics official,verified_st_ordering_information_codes_plus_current_estore_active_identity
STMicroelectronics,STM32G431K8T3,STM32G4,STM32G431,STM32G431K8,LQFP,32,64 KiB,-40 to 125 C,,,STM32G431K8Tx,ordering_pattern,deterministic_ordering_pattern,tcl/target/stm32g4x.cfg,official_st_ordering_information_plus_estore_active_exact_identity,https://www.st.com/resource/en/datasheet/stm32g431c6.pdf,STMicroelectronics official,verified_st_ordering_information_codes_plus_current_estore_active_identity
STMicroelectronics,STM32G431K8T3TR,STM32G4,STM32G431,STM32G431K8,LQFP,32,64 KiB,-40 to 125 C,TR,,STM32G431K8Tx,ordering_pattern,deterministic_ordering_pattern,tcl/target/stm32g4x.cfg,official_st_ordering_information_plus_estore_active_exact_identity,https://www.st.com/resource/en/datasheet/stm32g431c6.pdf,STMicroelectronics official,verified_st_ordering_information_codes_plus_current_estore_active_identity
STMicroelectronics,STM32G431K8T6,STM32G4,STM32G431,STM32G431K8,LQFP,32,64 KiB,-40 to 85 C,,,STM32G431K8Tx,ordering_pattern,deterministic_ordering_pattern,tcl/target/stm32g4x.cfg,official_st_ordering_information_plus_estore_active_exact_identity,https://www.st.com/resource/en/datasheet/stm32g431c6.pdf,STMicroelectronics official,verified_st_ordering_information_codes_plus_current_estore_active_identity
STMicroelectronics,STM32G431K8T6TR,STM32G4,STM32G431,STM32G431K8,LQFP,32,64 KiB,-40 to 85 C,TR,,STM32G431K8Tx,ordering_pattern,deterministic_ordering_pattern,tcl/target/stm32g4x.cfg,official_st_ordering_information_plus_estore_active_exact_identity,https://www.st.com/resource/en/datasheet/stm32g431c6.pdf,STMicroelectronics official,verified_st_ordering_information_codes_plus_current_estore_active_identity
STMicroelectronics,STM32G431K8U6,STM32G4,STM32G431,STM32G431K8,UFQFPN,32,64 KiB,-40 to 85 C,,,STM32G431K8Ux,ordering_pattern,deterministic_ordering_pattern,tcl/target/stm32g4x.cfg,official_st_ordering_information_plus_estore_active_exact_identity,https://www.st.com/resource/en/datasheet/stm32g431c6.pdf,STMicroelectronics official,verified_st_ordering_information_codes_plus_current_estore_active_identity
STMicroelectronics,STM32G431K8U6TR,STM32G4,STM32G431,STM32G431K8,UFQFPN,32,64 KiB,-40 to 85 C,TR,,STM32G431K8Ux,ordering_pattern,deterministic_ordering_pattern,tcl/target/stm32g4x.cfg,official_st_ordering_information_plus_estore_active_exact_identity,https://www.st.com/resource/en/datasheet/stm32g431c6.pdf,STMicroelectronics official,verified_st_ordering_information_codes_plus_current_estore_active_identity
STMicroelectronics,STM32G431KBT3,STM32G4,STM32G431,STM32G431KB,LQFP,32,128 KiB,-40 to 125 C,,,STM32G431KBTx,ordering_pattern,deterministic_ordering_pattern,tcl/target/stm32g4x.cfg,official_st_ordering_information_plus_estore_active_exact_identity,https://www.st.com/resource/en/datasheet/stm32g431c6.pdf,STMicroelectronics official,verified_st_ordering_information_codes_plus_current_estore_active_identity
STMicroelectronics,STM32G431KBT3TR,STM32G4,STM32G431,STM32G431KB,LQFP,32,128 KiB,-40 to 125 C,TR,,STM32G431KBTx,ordering_pattern,deterministic_ordering_pattern,tcl/target/stm32g4x.cfg,official_st_ordering_information_plus_estore_active_exact_identity,https://www.st.com/resource/en/datasheet/stm32g431c6.pdf,STMicroelectronics official,verified_st_ordering_information_codes_plus_current_estore_active_identity
STMicroelectronics,STM32G431KBT6,STM32G4,STM32G431,STM32G431KB,LQFP,32,128 KiB,-40 to 85 C,,,STM32G431KBTx,ordering_pattern,deterministic_ordering_pattern,tcl/target/stm32g4x.cfg,official_st_ordering_information_plus_estore_active_exact_identity,https://www.st.com/resource/en/datasheet/stm32g431c6.pdf,STMicroelectronics official,verified_st_ordering_information_codes_plus_current_estore_active_identity
STMicroelectronics,STM32G431KBT6TR,STM32G4,STM32G431,STM32G431KB,LQFP,32,128 KiB,-40 to 85 C,TR,,STM32G431KBTx,ordering_pattern,deterministic_ordering_pattern,tcl/target/stm32g4x.cfg,official_st_ordering_information_plus_estore_active_exact_identity,https://www.st.com/resource/en/datasheet/stm32g431c6.pdf,STMicroelectronics official,verified_st_ordering_information_codes_plus_current_estore_active_identity
STMicroelectronics,STM32G431KBU3,STM32G4,STM32G431,STM32G431KB,UFQFPN,32,128 KiB,-40 to 125 C,,,STM32G431KBUx,ordering_pattern,deterministic_ordering_pattern,tcl/target/stm32g4x.cfg,official_st_ordering_information_plus_estore_active_exact_identity,https://www.st.com/resource/en/datasheet/stm32g431c6.pdf,STMicroelectronics official,verified_st_ordering_information_codes_plus_current_estore_active_identity
STMicroelectronics,STM32G431KBU3TR,STM32G4,STM32G431,STM32G431KB,UFQFPN,32,128 KiB,-40 to 125 C,TR,,STM32G431KBUx,ordering_pattern,deterministic_ordering_pattern,tcl/target/stm32g4x.cfg,official_st_ordering_information_plus_estore_active_exact_identity,https://www.st.com/resource/en/datasheet/stm32g431c6.pdf,STMicroelectronics official,verified_st_ordering_information_codes_plus_current_estore_active_identity
STMicroelectronics,STM32G431KBU6,STM32G4,STM32G431,STM32G431KB,UFQFPN,32,128 KiB,-40 to 85 C,,,STM32G431KBUx,ordering_pattern,deterministic_ordering_pattern,tcl/target/stm32g4x.cfg,official_st_ordering_information_plus_estore_active_exact_identity,https://www.st.com/resource/en/datasheet/stm32g431c6.pdf,STMicroelectronics official,verified_st_ordering_information_codes_plus_current_estore_active_identity
STMicroelectronics,STM32G431KBU6TR,STM32G4,STM32G431,STM32G431KB,UFQFPN,32,128 KiB,-40 to 85 C,TR,,STM32G431KBUx,ordering_pattern,deterministic_ordering_pattern,tcl/target/stm32g4x.cfg,official_st_ordering_information_plus_estore_active_exact_identity,https://www.st.com/resource/en/datasheet/stm32g431c6.pdf,STMicroelectronics official,verified_st_ordering_information_codes_plus_current_estore_active_identity
STMicroelectronics,STM32G431M6T6,STM32G4,STM32G431,STM32G431M6,LQFP,80,32 KiB,-40 to 85 C,,,STM32G431M6Tx,ordering_pattern,deterministic_ordering_pattern,tcl/target/stm32g4x.cfg,official_st_ordering_information_plus_estore_active_exact_identity,https://www.st.com/resource/en/datasheet/stm32g431c6.pdf,STMicroelectronics official,verified_st_ordering_information_codes_plus_current_estore_active_identity
STMicroelectronics,STM32G431M8T6,STM32G4,STM32G431,STM32G431M8,LQFP,80,64 KiB,-40 to 85 C,,,STM32G431M8Tx,ordering_pattern,deterministic_ordering_pattern,tcl/target/stm32g4x.cfg,official_st_ordering_information_plus_estore_active_exact_identity,https://www.st.com/resource/en/datasheet/stm32g431c6.pdf,STMicroelectronics official,verified_st_ordering_information_codes_plus_current_estore_active_identity
STMicroelectronics,STM32G431MBT3,STM32G4,STM32G431,STM32G431MB,LQFP,80,128 KiB,-40 to 125 C,,,STM32G431MBTx,ordering_pattern,deterministic_ordering_pattern,tcl/target/stm32g4x.cfg,official_st_ordering_information_plus_estore_active_exact_identity,https://www.st.com/resource/en/datasheet/stm32g431c6.pdf,STMicroelectronics official,verified_st_ordering_information_codes_plus_current_estore_active_identity
STMicroelectronics,STM32G431MBT6,STM32G4,STM32G431,STM32G431MB,LQFP,80,128 KiB,-40 to 85 C,,,STM32G431MBTx,ordering_pattern,deterministic_ordering_pattern,tcl/target/stm32g4x.cfg,official_st_ordering_information_plus_estore_active_exact_identity,https://www.st.com/resource/en/datasheet/stm32g431c6.pdf,STMicroelectronics official,verified_st_ordering_information_codes_plus_current_estore_active_identity
STMicroelectronics,STM32G431R6I6,STM32G4,STM32G431,STM32G431R6,UFBGA,64,32 KiB,-40 to 85 C,,,STM32G431R6Ix,ordering_pattern,deterministic_ordering_pattern,tcl/target/stm32g4x.cfg,official_st_ordering_information_plus_estore_active_exact_identity,https://www.st.com/resource/en/datasheet/stm32g431c6.pdf,STMicroelectronics official,verified_st_ordering_information_codes_plus_current_estore_active_identity
STMicroelectronics,STM32G431R6T6,STM32G4,STM32G431,STM32G431R6,LQFP,64,32 KiB,-40 to 85 C,,,STM32G431R6Tx,ordering_pattern,deterministic_ordering_pattern,tcl/target/stm32g4x.cfg,official_st_ordering_information_plus_estore_active_exact_identity,https://www.st.com/resource/en/datasheet/stm32g431c6.pdf,STMicroelectronics official,verified_st_ordering_information_codes_plus_current_estore_active_identity
STMicroelectronics,STM32G431R8I6,STM32G4,STM32G431,STM32G431R8,UFBGA,64,64 KiB,-40 to 85 C,,,STM32G431R8Ix,ordering_pattern,deterministic_ordering_pattern,tcl/target/stm32g4x.cfg,official_st_ordering_information_plus_estore_active_exact_identity,https://www.st.com/resource/en/datasheet/stm32g431c6.pdf,STMicroelectronics official,verified_st_ordering_information_codes_plus_current_estore_active_identity
STMicroelectronics,STM32G431R8T3,STM32G4,STM32G431,STM32G431R8,LQFP,64,64 KiB,-40 to 125 C,,,STM32G431R8Tx,ordering_pattern,deterministic_ordering_pattern,tcl/target/stm32g4x.cfg,official_st_ordering_information_plus_estore_active_exact_identity,https://www.st.com/resource/en/datasheet/stm32g431c6.pdf,STMicroelectronics official,verified_st_ordering_information_codes_plus_current_estore_active_identity
STMicroelectronics,STM32G431R8T6,STM32G4,STM32G431,STM32G431R8,LQFP,64,64 KiB,-40 to 85 C,,,STM32G431R8Tx,ordering_pattern,deterministic_ordering_pattern,tcl/target/stm32g4x.cfg,official_st_ordering_information_plus_estore_active_exact_identity,https://www.st.com/resource/en/datasheet/stm32g431c6.pdf,STMicroelectronics official,verified_st_ordering_information_codes_plus_current_estore_active_identity
STMicroelectronics,STM32G431R8T6TR,STM32G4,STM32G431,STM32G431R8,LQFP,64,64 KiB,-40 to 85 C,TR,,STM32G431R8Tx,ordering_pattern,deterministic_ordering_pattern,tcl/target/stm32g4x.cfg,official_st_ordering_information_plus_estore_active_exact_identity,https://www.st.com/resource/en/datasheet/stm32g431c6.pdf,STMicroelectronics official,verified_st_ordering_information_codes_plus_current_estore_active_identity
STMicroelectronics,STM32G431RBI3,STM32G4,STM32G431,STM32G431RB,UFBGA,64,128 KiB,-40 to 125 C,,,STM32G431RBIx,ordering_pattern,deterministic_ordering_pattern,tcl/target/stm32g4x.cfg,official_st_ordering_information_plus_estore_active_exact_identity,https://www.st.com/resource/en/datasheet/stm32g431c6.pdf,STMicroelectronics official,verified_st_ordering_information_codes_plus_current_estore_active_identity
STMicroelectronics,STM32G431RBI3TR,STM32G4,STM32G431,STM32G431RB,UFBGA,64,128 KiB,-40 to 125 C,TR,,STM32G431RBIx,ordering_pattern,deterministic_ordering_pattern,tcl/target/stm32g4x.cfg,official_st_ordering_information_plus_estore_active_exact_identity,https://www.st.com/resource/en/datasheet/stm32g431c6.pdf,STMicroelectronics official,verified_st_ordering_information_codes_plus_current_estore_active_identity
STMicroelectronics,STM32G431RBI6,STM32G4,STM32G431,STM32G431RB,UFBGA,64,128 KiB,-40 to 85 C,,,STM32G431RBIx,ordering_pattern,deterministic_ordering_pattern,tcl/target/stm32g4x.cfg,official_st_ordering_information_plus_estore_active_exact_identity,https://www.st.com/resource/en/datasheet/stm32g431c6.pdf,STMicroelectronics official,verified_st_ordering_information_codes_plus_current_estore_active_identity
STMicroelectronics,STM32G431RBI6TR,STM32G4,STM32G431,STM32G431RB,UFBGA,64,128 KiB,-40 to 85 C,TR,,STM32G431RBIx,ordering_pattern,deterministic_ordering_pattern,tcl/target/stm32g4x.cfg,official_st_ordering_information_plus_estore_active_exact_identity,https://www.st.com/resource/en/datasheet/stm32g431c6.pdf,STMicroelectronics official,verified_st_ordering_information_codes_plus_current_estore_active_identity
STMicroelectronics,STM32G431RBT3,STM32G4,STM32G431,STM32G431RB,LQFP,64,128 KiB,-40 to 125 C,,,STM32G431RBTx,ordering_pattern,deterministic_ordering_pattern,tcl/target/stm32g4x.cfg,official_st_ordering_information_plus_estore_active_exact_identity,https://www.st.com/resource/en/datasheet/stm32g431c6.pdf,STMicroelectronics official,verified_st_ordering_information_codes_plus_current_estore_active_identity
STMicroelectronics,STM32G431RBT3TR,STM32G4,STM32G431,STM32G431RB,LQFP,64,128 KiB,-40 to 125 C,TR,,STM32G431RBTx,ordering_pattern,deterministic_ordering_pattern,tcl/target/stm32g4x.cfg,official_st_ordering_information_plus_estore_active_exact_identity,https://www.st.com/resource/en/datasheet/stm32g431c6.pdf,STMicroelectronics official,verified_st_ordering_information_codes_plus_current_estore_active_identity
STMicroelectronics,STM32G431RBT6,STM32G4,STM32G431,STM32G431RB,LQFP,64,128 KiB,-40 to 85 C,,,STM32G431RBTx,ordering_pattern,deterministic_ordering_pattern,tcl/target/stm32g4x.cfg,official_st_ordering_information_plus_estore_active_exact_identity,https://www.st.com/resource/en/datasheet/stm32g431c6.pdf,STMicroelectronics official,verified_st_ordering_information_codes_plus_current_estore_active_identity
STMicroelectronics,STM32G431RBT6TR,STM32G4,STM32G431,STM32G431RB,LQFP,64,128 KiB,-40 to 85 C,TR,,STM32G431RBTx,ordering_pattern,deterministic_ordering_pattern,tcl/target/stm32g4x.cfg,official_st_ordering_information_plus_estore_active_exact_identity,https://www.st.com/resource/en/datasheet/stm32g431c6.pdf,STMicroelectronics official,verified_st_ordering_information_codes_plus_current_estore_active_identity
STMicroelectronics,STM32G431V6T6,STM32G4,STM32G431,STM32G431V6,LQFP,100,32 KiB,-40 to 85 C,,,STM32G431V6Tx,ordering_pattern,deterministic_ordering_pattern,tcl/target/stm32g4x.cfg,official_st_ordering_information_plus_estore_active_exact_identity,https://www.st.com/resource/en/datasheet/stm32g431c6.pdf,STMicroelectronics official,verified_st_ordering_information_codes_plus_current_estore_active_identity
STMicroelectronics,STM32G431V8T6,STM32G4,STM32G431,STM32G431V8,LQFP,100,64 KiB,-40 to 85 C,,,STM32G431V8Tx,ordering_pattern,deterministic_ordering_pattern,tcl/target/stm32g4x.cfg,official_st_ordering_information_plus_estore_active_exact_identity,https://www.st.com/resource/en/datasheet/stm32g431c6.pdf,STMicroelectronics official,verified_st_ordering_information_codes_plus_current_estore_active_identity
STMicroelectronics,STM32G431VBT6,STM32G4,STM32G431,STM32G431VB,LQFP,100,128 KiB,-40 to 85 C,,,STM32G431VBTx,ordering_pattern,deterministic_ordering_pattern,tcl/target/stm32g4x.cfg,official_st_ordering_information_plus_estore_active_exact_identity,https://www.st.com/resource/en/datasheet/stm32g431c6.pdf,STMicroelectronics official,verified_st_ordering_information_codes_plus_current_estore_active_identity
STMicroelectronics,STM32G441CBT6,STM32G4,STM32G441,STM32G441CB,LQFP,48,128 KiB,-40 to 85 C,,,STM32G441CBTx,ordering_pattern,deterministic_ordering_pattern,tcl/target/stm32g4x.cfg,official_st_ordering_information_plus_retained_phase4_9b_identity,https://www.st.com/resource/en/datasheet/stm32g441cb.pdf#document=DS12960;revision=5;table=101;identity=stm32g4-phase4.9b-official-st-discovery-2026-09-10-retained-20260910T003814Z-3c74395a,STMicroelectronics official,verified_st_datasheet_ordering_information_plus_retained_exact_identity
STMicroelectronics,STM32G441CBU6,STM32G4,STM32G441,STM32G441CB,UFQFPN,48,128 KiB,-40 to 85 C,,,STM32G441CBUx,ordering_pattern,deterministic_ordering_pattern,tcl/target/stm32g4x.cfg,official_st_ordering_information_plus_retained_phase4_9b_identity,https://www.st.com/resource/en/datasheet/stm32g441cb.pdf#document=DS12960;revision=5;table=101;identity=stm32g4-phase4.9b-official-st-discovery-2026-09-10-retained-20260910T003814Z-3c74395a,STMicroelectronics official,verified_st_datasheet_ordering_information_plus_retained_exact_identity
STMicroelectronics,STM32G441CBY6TR,STM32G4,STM32G441,STM32G441CB,WLCSP,49,128 KiB,-40 to 85 C,TR,,STM32G441CBYx,ordering_pattern,deterministic_ordering_pattern,tcl/target/stm32g4x.cfg,official_st_ordering_information_plus_retained_phase4_9b_identity,https://www.st.com/resource/en/datasheet/stm32g441cb.pdf#document=DS12960;revision=5;table=101;identity=stm32g4-phase4.9b-official-st-discovery-2026-09-10-retained-20260910T003814Z-3c74395a,STMicroelectronics official,verified_st_datasheet_ordering_information_plus_retained_exact_identity
STMicroelectronics,STM32G441KBT6,STM32G4,STM32G441,STM32G441KB,LQFP,32,128 KiB,-40 to 85 C,,,STM32G441KBTx,ordering_pattern,deterministic_ordering_pattern,tcl/target/stm32g4x.cfg,official_st_ordering_information_plus_estore_active_exact_identity,https://www.st.com/resource/en/datasheet/stm32g441cb.pdf,STMicroelectronics official,verified_st_ordering_information_codes_plus_current_estore_active_identity
STMicroelectronics,STM32G441KBU6,STM32G4,STM32G441,STM32G441KB,UFQFPN,32,128 KiB,-40 to 85 C,,,STM32G441KBUx,ordering_pattern,deterministic_ordering_pattern,tcl/target/stm32g4x.cfg,official_st_ordering_information_plus_estore_active_exact_identity,https://www.st.com/resource/en/datasheet/stm32g441cb.pdf,STMicroelectronics official,verified_st_ordering_information_codes_plus_current_estore_active_identity
STMicroelectronics,STM32G441MBT6,STM32G4,STM32G441,STM32G441MB,LQFP,80,128 KiB,-40 to 85 C,,,STM32G441MBTx,ordering_pattern,deterministic_ordering_pattern,tcl/target/stm32g4x.cfg,official_st_ordering_information_plus_estore_active_exact_identity,https://www.st.com/resource/en/datasheet/stm32g441cb.pdf,STMicroelectronics official,verified_st_ordering_information_codes_plus_current_estore_active_identity
STMicroelectronics,STM32G441RBI6,STM32G4,STM32G441,STM32G441RB,UFBGA,64,128 KiB,-40 to 85 C,,,STM32G441RBIx,ordering_pattern,deterministic_ordering_pattern,tcl/target/stm32g4x.cfg,official_st_ordering_information_plus_estore_active_exact_identity,https://www.st.com/resource/en/datasheet/stm32g441cb.pdf,STMicroelectronics official,verified_st_ordering_information_codes_plus_current_estore_active_identity
STMicroelectronics,STM32G441RBI6TR,STM32G4,STM32G441,STM32G441RB,UFBGA,64,128 KiB,-40 to 85 C,TR,,STM32G441RBIx,ordering_pattern,deterministic_ordering_pattern,tcl/target/stm32g4x.cfg,official_st_ordering_information_plus_estore_active_exact_identity,https://www.st.com/resource/en/datasheet/stm32g441cb.pdf,STMicroelectronics official,verified_st_ordering_information_codes_plus_current_estore_active_identity
STMicroelectronics,STM32G441RBT6,STM32G4,STM32G441,STM32G441RB,LQFP,64,128 KiB,-40 to 85 C,,,STM32G441RBTx,ordering_pattern,deterministic_ordering_pattern,tcl/target/stm32g4x.cfg,official_st_ordering_information_plus_estore_active_exact_identity,https://www.st.com/resource/en/datasheet/stm32g441cb.pdf,STMicroelectronics official,verified_st_ordering_information_codes_plus_current_estore_active_identity
STMicroelectronics,STM32G441VBT6,STM32G4,STM32G441,STM32G441VB,LQFP,100,128 KiB,-40 to 85 C,,,STM32G441VBTx,ordering_pattern,deterministic_ordering_pattern,tcl/target/stm32g4x.cfg,official_st_ordering_information_plus_estore_active_exact_identity,https://www.st.com/resource/en/datasheet/stm32g441cb.pdf,STMicroelectronics official,verified_st_ordering_information_codes_plus_current_estore_active_identity
STMicroelectronics,STM32G473CBT3,STM32G4,STM32G473,STM32G473CB,LQFP,48,128 KiB,-40 to 125 C,,,STM32G473CBTx,ordering_pattern,deterministic_ordering_pattern,tcl/target/stm32g4x.cfg,official_st_ordering_information_plus_retained_phase4_9b_identity,https://www.st.com/resource/en/datasheet/stm32g473cb.pdf#document=DS12712;revision=5;table=119;identity=stm32g4-phase4.9b-official-st-discovery-2026-09-10-retained-20260910T003814Z-3c74395a,STMicroelectronics official,verified_st_datasheet_ordering_information_plus_retained_exact_identity
STMicroelectronics,STM32G473CBT6,STM32G4,STM32G473,STM32G473CB,LQFP,48,128 KiB,-40 to 85 C,,,STM32G473CBTx,ordering_pattern,deterministic_ordering_pattern,tcl/target/stm32g4x.cfg,official_st_ordering_information_plus_retained_phase4_9b_identity,https://www.st.com/resource/en/datasheet/stm32g473cb.pdf#document=DS12712;revision=5;table=119;identity=stm32g4-phase4.9b-official-st-discovery-2026-09-10-retained-20260910T003814Z-3c74395a,STMicroelectronics official,verified_st_datasheet_ordering_information_plus_retained_exact_identity
STMicroelectronics,STM32G473CBU6,STM32G4,STM32G473,STM32G473CB,UFQFPN,48,128 KiB,-40 to 85 C,,,STM32G473CBUx,ordering_pattern,deterministic_ordering_pattern,tcl/target/stm32g4x.cfg,official_st_ordering_information_plus_retained_phase4_9b_identity,https://www.st.com/resource/en/datasheet/stm32g473cb.pdf#document=DS12712;revision=5;table=119;identity=stm32g4-phase4.9b-official-st-discovery-2026-09-10-retained-20260910T003814Z-3c74395a,STMicroelectronics official,verified_st_datasheet_ordering_information_plus_retained_exact_identity
STMicroelectronics,STM32G473CCT3,STM32G4,STM32G473,STM32G473CC,LQFP,48,256 KiB,-40 to 125 C,,,STM32G473CCTx,ordering_pattern,deterministic_ordering_pattern,tcl/target/stm32g4x.cfg,official_st_ordering_information_plus_estore_active_exact_identity,https://www.st.com/resource/en/datasheet/stm32g473cb.pdf,STMicroelectronics official,verified_st_ordering_information_codes_plus_current_estore_active_identity
STMicroelectronics,STM32G473CCT3TR,STM32G4,STM32G473,STM32G473CC,LQFP,48,256 KiB,-40 to 125 C,TR,,STM32G473CCTx,ordering_pattern,deterministic_ordering_pattern,tcl/target/stm32g4x.cfg,official_st_ordering_information_plus_estore_active_exact_identity,https://www.st.com/resource/en/datasheet/stm32g473cb.pdf,STMicroelectronics official,verified_st_ordering_information_codes_plus_current_estore_active_identity
STMicroelectronics,STM32G473CCT6TR,STM32G4,STM32G473,STM32G473CC,LQFP,48,256 KiB,-40 to 85 C,TR,,STM32G473CCTx,ordering_pattern,deterministic_ordering_pattern,tcl/target/stm32g4x.cfg,official_st_ordering_information_plus_estore_active_exact_identity,https://www.st.com/resource/en/datasheet/stm32g473cb.pdf,STMicroelectronics official,verified_st_ordering_information_codes_plus_current_estore_active_identity
STMicroelectronics,STM32G473CCU3,STM32G4,STM32G473,STM32G473CC,UFQFPN,48,256 KiB,-40 to 125 C,,,STM32G473CCUx,ordering_pattern,deterministic_ordering_pattern,tcl/target/stm32g4x.cfg,official_st_ordering_information_plus_estore_active_exact_identity,https://www.st.com/resource/en/datasheet/stm32g473cb.pdf,STMicroelectronics official,verified_st_ordering_information_codes_plus_current_estore_active_identity
STMicroelectronics,STM32G473CCU3TR,STM32G4,STM32G473,STM32G473CC,UFQFPN,48,256 KiB,-40 to 125 C,TR,,STM32G473CCUx,ordering_pattern,deterministic_ordering_pattern,tcl/target/stm32g4x.cfg,official_st_ordering_information_plus_estore_active_exact_identity,https://www.st.com/resource/en/datasheet/stm32g473cb.pdf,STMicroelectronics official,verified_st_ordering_information_codes_plus_current_estore_active_identity
STMicroelectronics,STM32G473CCU6,STM32G4,STM32G473,STM32G473CC,UFQFPN,48,256 KiB,-40 to 85 C,,,STM32G473CCUx,ordering_pattern,deterministic_ordering_pattern,tcl/target/stm32g4x.cfg,official_st_ordering_information_plus_estore_active_exact_identity,https://www.st.com/resource/en/datasheet/stm32g473cb.pdf,STMicroelectronics official,verified_st_ordering_information_codes_plus_current_estore_active_identity
STMicroelectronics,STM32G473CCU6TR,STM32G4,STM32G473,STM32G473CC,UFQFPN,48,256 KiB,-40 to 85 C,TR,,STM32G473CCUx,ordering_pattern,deterministic_ordering_pattern,tcl/target/stm32g4x.cfg,official_st_ordering_information_plus_estore_active_exact_identity,https://www.st.com/resource/en/datasheet/stm32g473cb.pdf,STMicroelectronics official,verified_st_ordering_information_codes_plus_current_estore_active_identity
STMicroelectronics,STM32G473CET3,STM32G4,STM32G473,STM32G473CE,LQFP,48,512 KiB,-40 to 125 C,,,STM32G473CETx,ordering_pattern,deterministic_ordering_pattern,tcl/target/stm32g4x.cfg,official_st_ordering_information_plus_estore_active_exact_identity,https://www.st.com/resource/en/datasheet/stm32g473cb.pdf,STMicroelectronics official,verified_st_ordering_information_codes_plus_current_estore_active_identity
STMicroelectronics,STM32G473CET3TR,STM32G4,STM32G473,STM32G473CE,LQFP,48,512 KiB,-40 to 125 C,TR,,STM32G473CETx,ordering_pattern,deterministic_ordering_pattern,tcl/target/stm32g4x.cfg,official_st_ordering_information_plus_estore_active_exact_identity,https://www.st.com/resource/en/datasheet/stm32g473cb.pdf,STMicroelectronics official,verified_st_ordering_information_codes_plus_current_estore_active_identity
STMicroelectronics,STM32G473CET6,STM32G4,STM32G473,STM32G473CE,LQFP,48,512 KiB,-40 to 85 C,,,STM32G473CETx,ordering_pattern,deterministic_ordering_pattern,tcl/target/stm32g4x.cfg,official_st_ordering_information_plus_estore_active_exact_identity,https://www.st.com/resource/en/datasheet/stm32g473cb.pdf,STMicroelectronics official,verified_st_ordering_information_codes_plus_current_estore_active_identity
STMicroelectronics,STM32G473CEU3,STM32G4,STM32G473,STM32G473CE,UFQFPN,48,512 KiB,-40 to 125 C,,,STM32G473CEUx,ordering_pattern,deterministic_ordering_pattern,tcl/target/stm32g4x.cfg,official_st_ordering_information_plus_estore_active_exact_identity,https://www.st.com/resource/en/datasheet/stm32g473cb.pdf,STMicroelectronics official,verified_st_ordering_information_codes_plus_current_estore_active_identity
STMicroelectronics,STM32G473CEU3TR,STM32G4,STM32G473,STM32G473CE,UFQFPN,48,512 KiB,-40 to 125 C,TR,,STM32G473CEUx,ordering_pattern,deterministic_ordering_pattern,tcl/target/stm32g4x.cfg,official_st_ordering_information_plus_estore_active_exact_identity,https://www.st.com/resource/en/datasheet/stm32g473cb.pdf,STMicroelectronics official,verified_st_ordering_information_codes_plus_current_estore_active_identity
STMicroelectronics,STM32G473CEU6,STM32G4,STM32G473,STM32G473CE,UFQFPN,48,512 KiB,-40 to 85 C,,,STM32G473CEUx,ordering_pattern,deterministic_ordering_pattern,tcl/target/stm32g4x.cfg,official_st_ordering_information_plus_estore_active_exact_identity,https://www.st.com/resource/en/datasheet/stm32g473cb.pdf,STMicroelectronics official,verified_st_ordering_information_codes_plus_current_estore_active_identity
STMicroelectronics,STM32G473CEU6TR,STM32G4,STM32G473,STM32G473CE,UFQFPN,48,512 KiB,-40 to 85 C,TR,,STM32G473CEUx,ordering_pattern,deterministic_ordering_pattern,tcl/target/stm32g4x.cfg,official_st_ordering_information_plus_estore_active_exact_identity,https://www.st.com/resource/en/datasheet/stm32g473cb.pdf,STMicroelectronics official,verified_st_ordering_information_codes_plus_current_estore_active_identity
STMicroelectronics,STM32G473MBT3,STM32G4,STM32G473,STM32G473MB,LQFP,80,128 KiB,-40 to 125 C,,,STM32G473MBTx,ordering_pattern,deterministic_ordering_pattern,tcl/target/stm32g4x.cfg,official_st_ordering_information_plus_estore_active_exact_identity,https://www.st.com/resource/en/datasheet/stm32g473cb.pdf,STMicroelectronics official,verified_st_ordering_information_codes_plus_current_estore_active_identity
STMicroelectronics,STM32G473MBT3TR,STM32G4,STM32G473,STM32G473MB,LQFP,80,128 KiB,-40 to 125 C,TR,,STM32G473MBTx,ordering_pattern,deterministic_ordering_pattern,tcl/target/stm32g4x.cfg,official_st_ordering_information_plus_estore_active_exact_identity,https://www.st.com/resource/en/datasheet/stm32g473cb.pdf,STMicroelectronics official,verified_st_ordering_information_codes_plus_current_estore_active_identity
STMicroelectronics,STM32G473MBT6,STM32G4,STM32G473,STM32G473MB,LQFP,80,128 KiB,-40 to 85 C,,,STM32G473MBTx,ordering_pattern,deterministic_ordering_pattern,tcl/target/stm32g4x.cfg,official_st_ordering_information_plus_estore_active_exact_identity,https://www.st.com/resource/en/datasheet/stm32g473cb.pdf,STMicroelectronics official,verified_st_ordering_information_codes_plus_current_estore_active_identity
STMicroelectronics,STM32G473MCT3,STM32G4,STM32G473,STM32G473MC,LQFP,80,256 KiB,-40 to 125 C,,,STM32G473MCTx,ordering_pattern,deterministic_ordering_pattern,tcl/target/stm32g4x.cfg,official_st_ordering_information_plus_estore_active_exact_identity,https://www.st.com/resource/en/datasheet/stm32g473cb.pdf,STMicroelectronics official,verified_st_ordering_information_codes_plus_current_estore_active_identity
STMicroelectronics,STM32G473MCT3TR,STM32G4,STM32G473,STM32G473MC,LQFP,80,256 KiB,-40 to 125 C,TR,,STM32G473MCTx,ordering_pattern,deterministic_ordering_pattern,tcl/target/stm32g4x.cfg,official_st_ordering_information_plus_estore_active_exact_identity,https://www.st.com/resource/en/datasheet/stm32g473cb.pdf,STMicroelectronics official,verified_st_ordering_information_codes_plus_current_estore_active_identity
STMicroelectronics,STM32G473MCT6,STM32G4,STM32G473,STM32G473MC,LQFP,80,256 KiB,-40 to 85 C,,,STM32G473MCTx,ordering_pattern,deterministic_ordering_pattern,tcl/target/stm32g4x.cfg,official_st_ordering_information_plus_estore_active_exact_identity,https://www.st.com/resource/en/datasheet/stm32g473cb.pdf,STMicroelectronics official,verified_st_ordering_information_codes_plus_current_estore_active_identity
STMicroelectronics,STM32G473MCT6TR,STM32G4,STM32G473,STM32G473MC,LQFP,80,256 KiB,-40 to 85 C,TR,,STM32G473MCTx,ordering_pattern,deterministic_ordering_pattern,tcl/target/stm32g4x.cfg,official_st_ordering_information_plus_estore_active_exact_identity,https://www.st.com/resource/en/datasheet/stm32g473cb.pdf,STMicroelectronics official,verified_st_ordering_information_codes_plus_current_estore_active_identity
STMicroelectronics,STM32G473MET3,STM32G4,STM32G473,STM32G473ME,LQFP,80,512 KiB,-40 to 125 C,,,STM32G473METx,ordering_pattern,deterministic_ordering_pattern,tcl/target/stm32g4x.cfg,official_st_ordering_information_plus_estore_active_exact_identity,https://www.st.com/resource/en/datasheet/stm32g473cb.pdf,STMicroelectronics official,verified_st_ordering_information_codes_plus_current_estore_active_identity
STMicroelectronics,STM32G473MET6,STM32G4,STM32G473,STM32G473ME,LQFP,80,512 KiB,-40 to 85 C,,,STM32G473METx,ordering_pattern,deterministic_ordering_pattern,tcl/target/stm32g4x.cfg,official_st_ordering_information_plus_estore_active_exact_identity,https://www.st.com/resource/en/datasheet/stm32g473cb.pdf,STMicroelectronics official,verified_st_ordering_information_codes_plus_current_estore_active_identity
STMicroelectronics,STM32G473MEY3TR,STM32G4,STM32G473,STM32G473ME,WLCSP,81,512 KiB,-40 to 125 C,TR,,STM32G473MEYx,ordering_pattern,deterministic_ordering_pattern,tcl/target/stm32g4x.cfg,official_st_ordering_information_plus_estore_active_exact_identity,https://www.st.com/resource/en/datasheet/stm32g473cb.pdf,STMicroelectronics official,verified_st_ordering_information_codes_plus_current_estore_active_identity
STMicroelectronics,STM32G473MEY6TR,STM32G4,STM32G473,STM32G473ME,WLCSP,81,512 KiB,-40 to 85 C,TR,,STM32G473MEYx,ordering_pattern,deterministic_ordering_pattern,tcl/target/stm32g4x.cfg,official_st_ordering_information_plus_estore_active_exact_identity,https://www.st.com/resource/en/datasheet/stm32g473cb.pdf,STMicroelectronics official,verified_st_ordering_information_codes_plus_current_estore_active_identity
STMicroelectronics,STM32G473PBI6,STM32G4,STM32G473,STM32G473PB,UFBGA,121,128 KiB,-40 to 85 C,,,STM32G473PBIx,ordering_pattern,deterministic_ordering_pattern,tcl/target/stm32g4x.cfg,official_st_ordering_information_plus_estore_active_exact_identity,https://www.st.com/resource/en/datasheet/stm32g473cb.pdf,STMicroelectronics official,verified_st_ordering_information_codes_plus_current_estore_active_identity
STMicroelectronics,STM32G473PCI6,STM32G4,STM32G473,STM32G473PC,UFBGA,121,256 KiB,-40 to 85 C,,,STM32G473PCIx,ordering_pattern,deterministic_ordering_pattern,tcl/target/stm32g4x.cfg,official_st_ordering_information_plus_estore_active_exact_identity,https://www.st.com/resource/en/datasheet/stm32g473cb.pdf,STMicroelectronics official,verified_st_ordering_information_codes_plus_current_estore_active_identity
STMicroelectronics,STM32G473PEI6,STM32G4,STM32G473,STM32G473PE,UFBGA,121,512 KiB,-40 to 85 C,,,STM32G473PEIx,ordering_pattern,deterministic_ordering_pattern,tcl/target/stm32g4x.cfg,official_st_ordering_information_plus_estore_active_exact_identity,https://www.st.com/resource/en/datasheet/stm32g473cb.pdf,STMicroelectronics official,verified_st_ordering_information_codes_plus_current_estore_active_identity
STMicroelectronics,STM32G473QBT6,STM32G4,STM32G473,STM32G473QB,LQFP,128,128 KiB,-40 to 85 C,,,STM32G473QBTx,ordering_pattern,deterministic_ordering_pattern,tcl/target/stm32g4x.cfg,official_st_ordering_information_plus_estore_active_exact_identity,https://www.st.com/resource/en/datasheet/stm32g473cb.pdf,STMicroelectronics official,verified_st_ordering_information_codes_plus_current_estore_active_identity
STMicroelectronics,STM32G473QCT3,STM32G4,STM32G473,STM32G473QC,LQFP,128,256 KiB,-40 to 125 C,,,STM32G473QCTx,ordering_pattern,deterministic_ordering_pattern,tcl/target/stm32g4x.cfg,official_st_ordering_information_plus_estore_active_exact_identity,https://www.st.com/resource/en/datasheet/stm32g473cb.pdf,STMicroelectronics official,verified_st_ordering_information_codes_plus_current_estore_active_identity
STMicroelectronics,STM32G473QCT3TR,STM32G4,STM32G473,STM32G473QC,LQFP,128,256 KiB,-40 to 125 C,TR,,STM32G473QCTx,ordering_pattern,deterministic_ordering_pattern,tcl/target/stm32g4x.cfg,official_st_ordering_information_plus_estore_active_exact_identity,https://www.st.com/resource/en/datasheet/stm32g473cb.pdf,STMicroelectronics official,verified_st_ordering_information_codes_plus_current_estore_active_identity
STMicroelectronics,STM32G473QCT6,STM32G4,STM32G473,STM32G473QC,LQFP,128,256 KiB,-40 to 85 C,,,STM32G473QCTx,ordering_pattern,deterministic_ordering_pattern,tcl/target/stm32g4x.cfg,official_st_ordering_information_plus_estore_active_exact_identity,https://www.st.com/resource/en/datasheet/stm32g473cb.pdf,STMicroelectronics official,verified_st_ordering_information_codes_plus_current_estore_active_identity
STMicroelectronics,STM32G473QET6,STM32G4,STM32G473,STM32G473QE,LQFP,128,512 KiB,-40 to 85 C,,,STM32G473QETx,ordering_pattern,deterministic_ordering_pattern,tcl/target/stm32g4x.cfg,official_st_ordering_information_plus_estore_active_exact_identity,https://www.st.com/resource/en/datasheet/stm32g473cb.pdf,STMicroelectronics official,verified_st_ordering_information_codes_plus_current_estore_active_identity
STMicroelectronics,STM32G473QET6TR,STM32G4,STM32G473,STM32G473QE,LQFP,128,512 KiB,-40 to 85 C,TR,,STM32G473QETx,ordering_pattern,deterministic_ordering_pattern,tcl/target/stm32g4x.cfg,official_st_ordering_information_plus_estore_active_exact_identity,https://www.st.com/resource/en/datasheet/stm32g473cb.pdf,STMicroelectronics official,verified_st_ordering_information_codes_plus_current_estore_active_identity
STMicroelectronics,STM32G473RBT6,STM32G4,STM32G473,STM32G473RB,LQFP,64,128 KiB,-40 to 85 C,,,STM32G473RBTx,ordering_pattern,deterministic_ordering_pattern,tcl/target/stm32g4x.cfg,official_st_ordering_information_plus_estore_active_exact_identity,https://www.st.com/resource/en/datasheet/stm32g473cb.pdf,STMicroelectronics official,verified_st_ordering_information_codes_plus_current_estore_active_identity
STMicroelectronics,STM32G473RBT6TR,STM32G4,STM32G473,STM32G473RB,LQFP,64,128 KiB,-40 to 85 C,TR,,STM32G473RBTx,ordering_pattern,deterministic_ordering_pattern,tcl/target/stm32g4x.cfg,official_st_ordering_information_plus_estore_active_exact_identity,https://www.st.com/resource/en/datasheet/stm32g473cb.pdf,STMicroelectronics official,verified_st_ordering_information_codes_plus_current_estore_active_identity
STMicroelectronics,STM32G473RCT6,STM32G4,STM32G473,STM32G473RC,LQFP,64,256 KiB,-40 to 85 C,,,STM32G473RCTx,ordering_pattern,deterministic_ordering_pattern,tcl/target/stm32g4x.cfg,official_st_ordering_information_plus_estore_active_exact_identity,https://www.st.com/resource/en/datasheet/stm32g473cb.pdf,STMicroelectronics official,verified_st_ordering_information_codes_plus_current_estore_active_identity
STMicroelectronics,STM32G473RCT6TR,STM32G4,STM32G473,STM32G473RC,LQFP,64,256 KiB,-40 to 85 C,TR,,STM32G473RCTx,ordering_pattern,deterministic_ordering_pattern,tcl/target/stm32g4x.cfg,official_st_ordering_information_plus_estore_active_exact_identity,https://www.st.com/resource/en/datasheet/stm32g473cb.pdf,STMicroelectronics official,verified_st_ordering_information_codes_plus_current_estore_active_identity
STMicroelectronics,STM32G473RET3,STM32G4,STM32G473,STM32G473RE,LQFP,64,512 KiB,-40 to 125 C,,,STM32G473RETx,ordering_pattern,deterministic_ordering_pattern,tcl/target/stm32g4x.cfg,official_st_ordering_information_plus_estore_active_exact_identity,https://www.st.com/resource/en/datasheet/stm32g473cb.pdf,STMicroelectronics official,verified_st_ordering_information_codes_plus_current_estore_active_identity
STMicroelectronics,STM32G473RET3TR,STM32G4,STM32G473,STM32G473RE,LQFP,64,512 KiB,-40 to 125 C,TR,,STM32G473RETx,ordering_pattern,deterministic_ordering_pattern,tcl/target/stm32g4x.cfg,official_st_ordering_information_plus_estore_active_exact_identity,https://www.st.com/resource/en/datasheet/stm32g473cb.pdf,STMicroelectronics official,verified_st_ordering_information_codes_plus_current_estore_active_identity
STMicroelectronics,STM32G473RET6,STM32G4,STM32G473,STM32G473RE,LQFP,64,512 KiB,-40 to 85 C,,,STM32G473RETx,ordering_pattern,deterministic_ordering_pattern,tcl/target/stm32g4x.cfg,official_st_ordering_information_plus_estore_active_exact_identity,https://www.st.com/resource/en/datasheet/stm32g473cb.pdf,STMicroelectronics official,verified_st_ordering_information_codes_plus_current_estore_active_identity
STMicroelectronics,STM32G473RET6TR,STM32G4,STM32G473,STM32G473RE,LQFP,64,512 KiB,-40 to 85 C,TR,,STM32G473RETx,ordering_pattern,deterministic_ordering_pattern,tcl/target/stm32g4x.cfg,official_st_ordering_information_plus_estore_active_exact_identity,https://www.st.com/resource/en/datasheet/stm32g473cb.pdf,STMicroelectronics official,verified_st_ordering_information_codes_plus_current_estore_active_identity
STMicroelectronics,STM32G473VBH3,STM32G4,STM32G473,STM32G473VB,TFBGA,100,128 KiB,-40 to 125 C,,,STM32G473VBHx,ordering_pattern,deterministic_ordering_pattern,tcl/target/stm32g4x.cfg,official_st_ordering_information_plus_estore_active_exact_identity,https://www.st.com/resource/en/datasheet/stm32g473cb.pdf,STMicroelectronics official,verified_st_ordering_information_codes_plus_current_estore_active_identity
STMicroelectronics,STM32G473VBH6,STM32G4,STM32G473,STM32G473VB,TFBGA,100,128 KiB,-40 to 85 C,,,STM32G473VBHx,ordering_pattern,deterministic_ordering_pattern,tcl/target/stm32g4x.cfg,official_st_ordering_information_plus_estore_active_exact_identity,https://www.st.com/resource/en/datasheet/stm32g473cb.pdf,STMicroelectronics official,verified_st_ordering_information_codes_plus_current_estore_active_identity
STMicroelectronics,STM32G473VBT6,STM32G4,STM32G473,STM32G473VB,LQFP,100,128 KiB,-40 to 85 C,,,STM32G473VBTx,ordering_pattern,deterministic_ordering_pattern,tcl/target/stm32g4x.cfg,official_st_ordering_information_plus_estore_active_exact_identity,https://www.st.com/resource/en/datasheet/stm32g473cb.pdf,STMicroelectronics official,verified_st_ordering_information_codes_plus_current_estore_active_identity
STMicroelectronics,STM32G473VCH3,STM32G4,STM32G473,STM32G473VC,TFBGA,100,256 KiB,-40 to 125 C,,,STM32G473VCHx,ordering_pattern,deterministic_ordering_pattern,tcl/target/stm32g4x.cfg,official_st_ordering_information_plus_estore_active_exact_identity,https://www.st.com/resource/en/datasheet/stm32g473cb.pdf,STMicroelectronics official,verified_st_ordering_information_codes_plus_current_estore_active_identity
STMicroelectronics,STM32G473VCH3TR,STM32G4,STM32G473,STM32G473VC,TFBGA,100,256 KiB,-40 to 125 C,TR,,STM32G473VCHx,ordering_pattern,deterministic_ordering_pattern,tcl/target/stm32g4x.cfg,official_st_ordering_information_plus_estore_active_exact_identity,https://www.st.com/resource/en/datasheet/stm32g473cb.pdf,STMicroelectronics official,verified_st_ordering_information_codes_plus_current_estore_active_identity
STMicroelectronics,STM32G473VCH6,STM32G4,STM32G473,STM32G473VC,TFBGA,100,256 KiB,-40 to 85 C,,,STM32G473VCHx,ordering_pattern,deterministic_ordering_pattern,tcl/target/stm32g4x.cfg,official_st_ordering_information_plus_estore_active_exact_identity,https://www.st.com/resource/en/datasheet/stm32g473cb.pdf,STMicroelectronics official,verified_st_ordering_information_codes_plus_current_estore_active_identity
STMicroelectronics,STM32G473VCT3,STM32G4,STM32G473,STM32G473VC,LQFP,100,256 KiB,-40 to 125 C,,,STM32G473VCTx,ordering_pattern,deterministic_ordering_pattern,tcl/target/stm32g4x.cfg,official_st_ordering_information_plus_estore_active_exact_identity,https://www.st.com/resource/en/datasheet/stm32g473cb.pdf,STMicroelectronics official,verified_st_ordering_information_codes_plus_current_estore_active_identity
STMicroelectronics,STM32G473VCT3TR,STM32G4,STM32G473,STM32G473VC,LQFP,100,256 KiB,-40 to 125 C,TR,,STM32G473VCTx,ordering_pattern,deterministic_ordering_pattern,tcl/target/stm32g4x.cfg,official_st_ordering_information_plus_estore_active_exact_identity,https://www.st.com/resource/en/datasheet/stm32g473cb.pdf,STMicroelectronics official,verified_st_ordering_information_codes_plus_current_estore_active_identity
STMicroelectronics,STM32G473VCT6,STM32G4,STM32G473,STM32G473VC,LQFP,100,256 KiB,-40 to 85 C,,,STM32G473VCTx,ordering_pattern,deterministic_ordering_pattern,tcl/target/stm32g4x.cfg,official_st_ordering_information_plus_estore_active_exact_identity,https://www.st.com/resource/en/datasheet/stm32g473cb.pdf,STMicroelectronics official,verified_st_ordering_information_codes_plus_current_estore_active_identity
STMicroelectronics,STM32G473VCT6TR,STM32G4,STM32G473,STM32G473VC,LQFP,100,256 KiB,-40 to 85 C,TR,,STM32G473VCTx,ordering_pattern,deterministic_ordering_pattern,tcl/target/stm32g4x.cfg,official_st_ordering_information_plus_estore_active_exact_identity,https://www.st.com/resource/en/datasheet/stm32g473cb.pdf,STMicroelectronics official,verified_st_ordering_information_codes_plus_current_estore_active_identity
STMicroelectronics,STM32G473VEH3,STM32G4,STM32G473,STM32G473VE,TFBGA,100,512 KiB,-40 to 125 C,,,STM32G473VEHx,ordering_pattern,deterministic_ordering_pattern,tcl/target/stm32g4x.cfg,official_st_ordering_information_plus_estore_active_exact_identity,https://www.st.com/resource/en/datasheet/stm32g473cb.pdf,STMicroelectronics official,verified_st_ordering_information_codes_plus_current_estore_active_identity
STMicroelectronics,STM32G473VEH6,STM32G4,STM32G473,STM32G473VE,TFBGA,100,512 KiB,-40 to 85 C,,,STM32G473VEHx,ordering_pattern,deterministic_ordering_pattern,tcl/target/stm32g4x.cfg,official_st_ordering_information_plus_estore_active_exact_identity,https://www.st.com/resource/en/datasheet/stm32g473cb.pdf,STMicroelectronics official,verified_st_ordering_information_codes_plus_current_estore_active_identity
STMicroelectronics,STM32G473VEH6TR,STM32G4,STM32G473,STM32G473VE,TFBGA,100,512 KiB,-40 to 85 C,TR,,STM32G473VEHx,ordering_pattern,deterministic_ordering_pattern,tcl/target/stm32g4x.cfg,official_st_ordering_information_plus_estore_active_exact_identity,https://www.st.com/resource/en/datasheet/stm32g473cb.pdf,STMicroelectronics official,verified_st_ordering_information_codes_plus_current_estore_active_identity
STMicroelectronics,STM32G473VET3,STM32G4,STM32G473,STM32G473VE,LQFP,100,512 KiB,-40 to 125 C,,,STM32G473VETx,ordering_pattern,deterministic_ordering_pattern,tcl/target/stm32g4x.cfg,official_st_ordering_information_plus_estore_active_exact_identity,https://www.st.com/resource/en/datasheet/stm32g473cb.pdf,STMicroelectronics official,verified_st_ordering_information_codes_plus_current_estore_active_identity
STMicroelectronics,STM32G473VET6,STM32G4,STM32G473,STM32G473VE,LQFP,100,512 KiB,-40 to 85 C,,,STM32G473VETx,ordering_pattern,deterministic_ordering_pattern,tcl/target/stm32g4x.cfg,official_st_ordering_information_plus_estore_active_exact_identity,https://www.st.com/resource/en/datasheet/stm32g473cb.pdf,STMicroelectronics official,verified_st_ordering_information_codes_plus_current_estore_active_identity
STMicroelectronics,STM32G473VET6TR,STM32G4,STM32G473,STM32G473VE,LQFP,100,512 KiB,-40 to 85 C,TR,,STM32G473VETx,ordering_pattern,deterministic_ordering_pattern,tcl/target/stm32g4x.cfg,official_st_ordering_information_plus_estore_active_exact_identity,https://www.st.com/resource/en/datasheet/stm32g473cb.pdf,STMicroelectronics official,verified_st_ordering_information_codes_plus_current_estore_active_identity
STMicroelectronics,STM32G474CBT3,STM32G4,STM32G474,STM32G474CB,LQFP,48,128 KiB,-40 to 125 C,,,STM32G474CBTx,ordering_pattern,deterministic_ordering_pattern,tcl/target/stm32g4x.cfg,official_st_ordering_information_plus_retained_phase4_9b_identity,https://www.st.com/resource/en/datasheet/stm32g474cb.pdf#document=DS12288;revision=6;table=124;identity=stm32g4-phase4.9b-official-st-discovery-2026-09-10-retained-20260910T003814Z-3c74395a,STMicroelectronics official,verified_st_datasheet_ordering_information_plus_retained_exact_identity
STMicroelectronics,STM32G474CBT3TR,STM32G4,STM32G474,STM32G474CB,LQFP,48,128 KiB,-40 to 125 C,TR,,STM32G474CBTx,ordering_pattern,deterministic_ordering_pattern,tcl/target/stm32g4x.cfg,official_st_ordering_information_plus_retained_phase4_9b_identity,https://www.st.com/resource/en/datasheet/stm32g474cb.pdf#document=DS12288;revision=6;table=124;identity=stm32g4-phase4.9b-official-st-discovery-2026-09-10-retained-20260910T003814Z-3c74395a,STMicroelectronics official,verified_st_datasheet_ordering_information_plus_retained_exact_identity
STMicroelectronics,STM32G474CBT6TR,STM32G4,STM32G474,STM32G474CB,LQFP,48,128 KiB,-40 to 85 C,TR,,STM32G474CBTx,ordering_pattern,deterministic_ordering_pattern,tcl/target/stm32g4x.cfg,official_st_ordering_information_plus_retained_phase4_9b_identity,https://www.st.com/resource/en/datasheet/stm32g474cb.pdf#document=DS12288;revision=6;table=124;identity=stm32g4-phase4.9b-official-st-discovery-2026-09-10-retained-20260910T003814Z-3c74395a,STMicroelectronics official,verified_st_datasheet_ordering_information_plus_retained_exact_identity
STMicroelectronics,STM32G474CBU6,STM32G4,STM32G474,STM32G474CB,UFQFPN,48,128 KiB,-40 to 85 C,,,STM32G474CBUx,ordering_pattern,deterministic_ordering_pattern,tcl/target/stm32g4x.cfg,official_st_ordering_information_plus_retained_phase4_9b_identity,https://www.st.com/resource/en/datasheet/stm32g474cb.pdf#document=DS12288;revision=6;table=124;identity=stm32g4-phase4.9b-official-st-discovery-2026-09-10-retained-20260910T003814Z-3c74395a,STMicroelectronics official,verified_st_datasheet_ordering_information_plus_retained_exact_identity
STMicroelectronics,STM32G474CCT3,STM32G4,STM32G474,STM32G474CC,LQFP,48,256 KiB,-40 to 125 C,,,STM32G474CCTx,ordering_pattern,deterministic_ordering_pattern,tcl/target/stm32g4x.cfg,official_st_ordering_information_plus_estore_active_exact_identity,https://www.st.com/resource/en/datasheet/stm32g474cb.pdf,STMicroelectronics official,verified_st_ordering_information_codes_plus_current_estore_active_identity
STMicroelectronics,STM32G474CCT3TR,STM32G4,STM32G474,STM32G474CC,LQFP,48,256 KiB,-40 to 125 C,TR,,STM32G474CCTx,ordering_pattern,deterministic_ordering_pattern,tcl/target/stm32g4x.cfg,official_st_ordering_information_plus_estore_active_exact_identity,https://www.st.com/resource/en/datasheet/stm32g474cb.pdf,STMicroelectronics official,verified_st_ordering_information_codes_plus_current_estore_active_identity
STMicroelectronics,STM32G474CCT6,STM32G4,STM32G474,STM32G474CC,LQFP,48,256 KiB,-40 to 85 C,,,STM32G474CCTx,ordering_pattern,deterministic_ordering_pattern,tcl/target/stm32g4x.cfg,official_st_ordering_information_plus_estore_active_exact_identity,https://www.st.com/resource/en/datasheet/stm32g474cb.pdf,STMicroelectronics official,verified_st_ordering_information_codes_plus_current_estore_active_identity
STMicroelectronics,STM32G474CCT6TR,STM32G4,STM32G474,STM32G474CC,LQFP,48,256 KiB,-40 to 85 C,TR,,STM32G474CCTx,ordering_pattern,deterministic_ordering_pattern,tcl/target/stm32g4x.cfg,official_st_ordering_information_plus_estore_active_exact_identity,https://www.st.com/resource/en/datasheet/stm32g474cb.pdf,STMicroelectronics official,verified_st_ordering_information_codes_plus_current_estore_active_identity
STMicroelectronics,STM32G474CCU3,STM32G4,STM32G474,STM32G474CC,UFQFPN,48,256 KiB,-40 to 125 C,,,STM32G474CCUx,ordering_pattern,deterministic_ordering_pattern,tcl/target/stm32g4x.cfg,official_st_ordering_information_plus_estore_active_exact_identity,https://www.st.com/resource/en/datasheet/stm32g474cb.pdf,STMicroelectronics official,verified_st_ordering_information_codes_plus_current_estore_active_identity
STMicroelectronics,STM32G474CCU6,STM32G4,STM32G474,STM32G474CC,UFQFPN,48,256 KiB,-40 to 85 C,,,STM32G474CCUx,ordering_pattern,deterministic_ordering_pattern,tcl/target/stm32g4x.cfg,official_st_ordering_information_plus_estore_active_exact_identity,https://www.st.com/resource/en/datasheet/stm32g474cb.pdf,STMicroelectronics official,verified_st_ordering_information_codes_plus_current_estore_active_identity
STMicroelectronics,STM32G474CET3,STM32G4,STM32G474,STM32G474CE,LQFP,48,512 KiB,-40 to 125 C,,,STM32G474CETx,ordering_pattern,deterministic_ordering_pattern,tcl/target/stm32g4x.cfg,official_st_ordering_information_plus_estore_active_exact_identity,https://www.st.com/resource/en/datasheet/stm32g474cb.pdf,STMicroelectronics official,verified_st_ordering_information_codes_plus_current_estore_active_identity
STMicroelectronics,STM32G474CET3TR,STM32G4,STM32G474,STM32G474CE,LQFP,48,512 KiB,-40 to 125 C,TR,,STM32G474CETx,ordering_pattern,deterministic_ordering_pattern,tcl/target/stm32g4x.cfg,official_st_ordering_information_plus_estore_active_exact_identity,https://www.st.com/resource/en/datasheet/stm32g474cb.pdf,STMicroelectronics official,verified_st_ordering_information_codes_plus_current_estore_active_identity
STMicroelectronics,STM32G474CET6,STM32G4,STM32G474,STM32G474CE,LQFP,48,512 KiB,-40 to 85 C,,,STM32G474CETx,ordering_pattern,deterministic_ordering_pattern,tcl/target/stm32g4x.cfg,official_st_ordering_information_plus_estore_active_exact_identity,https://www.st.com/resource/en/datasheet/stm32g474cb.pdf,STMicroelectronics official,verified_st_ordering_information_codes_plus_current_estore_active_identity
STMicroelectronics,STM32G474CEU3,STM32G4,STM32G474,STM32G474CE,UFQFPN,48,512 KiB,-40 to 125 C,,,STM32G474CEUx,ordering_pattern,deterministic_ordering_pattern,tcl/target/stm32g4x.cfg,official_st_ordering_information_plus_estore_active_exact_identity,https://www.st.com/resource/en/datasheet/stm32g474cb.pdf,STMicroelectronics official,verified_st_ordering_information_codes_plus_current_estore_active_identity
STMicroelectronics,STM32G474CEU3TR,STM32G4,STM32G474,STM32G474CE,UFQFPN,48,512 KiB,-40 to 125 C,TR,,STM32G474CEUx,ordering_pattern,deterministic_ordering_pattern,tcl/target/stm32g4x.cfg,official_st_ordering_information_plus_estore_active_exact_identity,https://www.st.com/resource/en/datasheet/stm32g474cb.pdf,STMicroelectronics official,verified_st_ordering_information_codes_plus_current_estore_active_identity
STMicroelectronics,STM32G474CEU6,STM32G4,STM32G474,STM32G474CE,UFQFPN,48,512 KiB,-40 to 85 C,,,STM32G474CEUx,ordering_pattern,deterministic_ordering_pattern,tcl/target/stm32g4x.cfg,official_st_ordering_information_plus_estore_active_exact_identity,https://www.st.com/resource/en/datasheet/stm32g474cb.pdf,STMicroelectronics official,verified_st_ordering_information_codes_plus_current_estore_active_identity
STMicroelectronics,STM32G474CEU6TR,STM32G4,STM32G474,STM32G474CE,UFQFPN,48,512 KiB,-40 to 85 C,TR,,STM32G474CEUx,ordering_pattern,deterministic_ordering_pattern,tcl/target/stm32g4x.cfg,official_st_ordering_information_plus_estore_active_exact_identity,https://www.st.com/resource/en/datasheet/stm32g474cb.pdf,STMicroelectronics official,verified_st_ordering_information_codes_plus_current_estore_active_identity
STMicroelectronics,STM32G474MBT3,STM32G4,STM32G474,STM32G474MB,LQFP,80,128 KiB,-40 to 125 C,,,STM32G474MBTx,ordering_pattern,deterministic_ordering_pattern,tcl/target/stm32g4x.cfg,official_st_ordering_information_plus_estore_active_exact_identity,https://www.st.com/resource/en/datasheet/stm32g474cb.pdf,STMicroelectronics official,verified_st_ordering_information_codes_plus_current_estore_active_identity
STMicroelectronics,STM32G474MBT3TR,STM32G4,STM32G474,STM32G474MB,LQFP,80,128 KiB,-40 to 125 C,TR,,STM32G474MBTx,ordering_pattern,deterministic_ordering_pattern,tcl/target/stm32g4x.cfg,official_st_ordering_information_plus_estore_active_exact_identity,https://www.st.com/resource/en/datasheet/stm32g474cb.pdf,STMicroelectronics official,verified_st_ordering_information_codes_plus_current_estore_active_identity
STMicroelectronics,STM32G474MBT6,STM32G4,STM32G474,STM32G474MB,LQFP,80,128 KiB,-40 to 85 C,,,STM32G474MBTx,ordering_pattern,deterministic_ordering_pattern,tcl/target/stm32g4x.cfg,official_st_ordering_information_plus_estore_active_exact_identity,https://www.st.com/resource/en/datasheet/stm32g474cb.pdf,STMicroelectronics official,verified_st_ordering_information_codes_plus_current_estore_active_identity
STMicroelectronics,STM32G474MBT6TR,STM32G4,STM32G474,STM32G474MB,LQFP,80,128 KiB,-40 to 85 C,TR,,STM32G474MBTx,ordering_pattern,deterministic_ordering_pattern,tcl/target/stm32g4x.cfg,official_st_ordering_information_plus_estore_active_exact_identity,https://www.st.com/resource/en/datasheet/stm32g474cb.pdf,STMicroelectronics official,verified_st_ordering_information_codes_plus_current_estore_active_identity
STMicroelectronics,STM32G474MCT3,STM32G4,STM32G474,STM32G474MC,LQFP,80,256 KiB,-40 to 125 C,,,STM32G474MCTx,ordering_pattern,deterministic_ordering_pattern,tcl/target/stm32g4x.cfg,official_st_ordering_information_plus_estore_active_exact_identity,https://www.st.com/resource/en/datasheet/stm32g474cb.pdf,STMicroelectronics official,verified_st_ordering_information_codes_plus_current_estore_active_identity
STMicroelectronics,STM32G474MCT3TR,STM32G4,STM32G474,STM32G474MC,LQFP,80,256 KiB,-40 to 125 C,TR,,STM32G474MCTx,ordering_pattern,deterministic_ordering_pattern,tcl/target/stm32g4x.cfg,official_st_ordering_information_plus_estore_active_exact_identity,https://www.st.com/resource/en/datasheet/stm32g474cb.pdf,STMicroelectronics official,verified_st_ordering_information_codes_plus_current_estore_active_identity
STMicroelectronics,STM32G474MCT6,STM32G4,STM32G474,STM32G474MC,LQFP,80,256 KiB,-40 to 85 C,,,STM32G474MCTx,ordering_pattern,deterministic_ordering_pattern,tcl/target/stm32g4x.cfg,official_st_ordering_information_plus_estore_active_exact_identity,https://www.st.com/resource/en/datasheet/stm32g474cb.pdf,STMicroelectronics official,verified_st_ordering_information_codes_plus_current_estore_active_identity
STMicroelectronics,STM32G474MCT6TR,STM32G4,STM32G474,STM32G474MC,LQFP,80,256 KiB,-40 to 85 C,TR,,STM32G474MCTx,ordering_pattern,deterministic_ordering_pattern,tcl/target/stm32g4x.cfg,official_st_ordering_information_plus_estore_active_exact_identity,https://www.st.com/resource/en/datasheet/stm32g474cb.pdf,STMicroelectronics official,verified_st_ordering_information_codes_plus_current_estore_active_identity
STMicroelectronics,STM32G474MET3,STM32G4,STM32G474,STM32G474ME,LQFP,80,512 KiB,-40 to 125 C,,,STM32G474METx,ordering_pattern,deterministic_ordering_pattern,tcl/target/stm32g4x.cfg,official_st_ordering_information_plus_estore_active_exact_identity,https://www.st.com/resource/en/datasheet/stm32g474cb.pdf,STMicroelectronics official,verified_st_ordering_information_codes_plus_current_estore_active_identity
STMicroelectronics,STM32G474MET3TR,STM32G4,STM32G474,STM32G474ME,LQFP,80,512 KiB,-40 to 125 C,TR,,STM32G474METx,ordering_pattern,deterministic_ordering_pattern,tcl/target/stm32g4x.cfg,official_st_ordering_information_plus_estore_active_exact_identity,https://www.st.com/resource/en/datasheet/stm32g474cb.pdf,STMicroelectronics official,verified_st_ordering_information_codes_plus_current_estore_active_identity
STMicroelectronics,STM32G474MET6,STM32G4,STM32G474,STM32G474ME,LQFP,80,512 KiB,-40 to 85 C,,,STM32G474METx,ordering_pattern,deterministic_ordering_pattern,tcl/target/stm32g4x.cfg,official_st_ordering_information_plus_estore_active_exact_identity,https://www.st.com/resource/en/datasheet/stm32g474cb.pdf,STMicroelectronics official,verified_st_ordering_information_codes_plus_current_estore_active_identity
STMicroelectronics,STM32G474MET6TR,STM32G4,STM32G474,STM32G474ME,LQFP,80,512 KiB,-40 to 85 C,TR,,STM32G474METx,ordering_pattern,deterministic_ordering_pattern,tcl/target/stm32g4x.cfg,official_st_ordering_information_plus_estore_active_exact_identity,https://www.st.com/resource/en/datasheet/stm32g474cb.pdf,STMicroelectronics official,verified_st_ordering_information_codes_plus_current_estore_active_identity
STMicroelectronics,STM32G474MEY3TR,STM32G4,STM32G474,STM32G474ME,WLCSP,81,512 KiB,-40 to 125 C,TR,,STM32G474MEYx,ordering_pattern,deterministic_ordering_pattern,tcl/target/stm32g4x.cfg,official_st_ordering_information_plus_estore_active_exact_identity,https://www.st.com/resource/en/datasheet/stm32g474cb.pdf,STMicroelectronics official,verified_st_ordering_information_codes_plus_current_estore_active_identity
STMicroelectronics,STM32G474MEY6TR,STM32G4,STM32G474,STM32G474ME,WLCSP,81,512 KiB,-40 to 85 C,TR,,STM32G474MEYx,ordering_pattern,deterministic_ordering_pattern,tcl/target/stm32g4x.cfg,official_st_ordering_information_plus_estore_active_exact_identity,https://www.st.com/resource/en/datasheet/stm32g474cb.pdf,STMicroelectronics official,verified_st_ordering_information_codes_plus_current_estore_active_identity
STMicroelectronics,STM32G474PBI6,STM32G4,STM32G474,STM32G474PB,UFBGA,121,128 KiB,-40 to 85 C,,,STM32G474PBIx,ordering_pattern,deterministic_ordering_pattern,tcl/target/stm32g4x.cfg,official_st_ordering_information_plus_estore_active_exact_identity,https://www.st.com/resource/en/datasheet/stm32g474cb.pdf,STMicroelectronics official,verified_st_ordering_information_codes_plus_current_estore_active_identity
STMicroelectronics,STM32G474PCI6,STM32G4,STM32G474,STM32G474PC,UFBGA,121,256 KiB,-40 to 85 C,,,STM32G474PCIx,ordering_pattern,deterministic_ordering_pattern,tcl/target/stm32g4x.cfg,official_st_ordering_information_plus_estore_active_exact_identity,https://www.st.com/resource/en/datasheet/stm32g474cb.pdf,STMicroelectronics official,verified_st_ordering_information_codes_plus_current_estore_active_identity
STMicroelectronics,STM32G474PEI6,STM32G4,STM32G474,STM32G474PE,UFBGA,121,512 KiB,-40 to 85 C,,,STM32G474PEIx,ordering_pattern,deterministic_ordering_pattern,tcl/target/stm32g4x.cfg,official_st_ordering_information_plus_estore_active_exact_identity,https://www.st.com/resource/en/datasheet/stm32g474cb.pdf,STMicroelectronics official,verified_st_ordering_information_codes_plus_current_estore_active_identity
STMicroelectronics,STM32G474PEI6TR,STM32G4,STM32G474,STM32G474PE,UFBGA,121,512 KiB,-40 to 85 C,TR,,STM32G474PEIx,ordering_pattern,deterministic_ordering_pattern,tcl/target/stm32g4x.cfg,official_st_ordering_information_plus_estore_active_exact_identity,https://www.st.com/resource/en/datasheet/stm32g474cb.pdf,STMicroelectronics official,verified_st_ordering_information_codes_plus_current_estore_active_identity
STMicroelectronics,STM32G474QBT6,STM32G4,STM32G474,STM32G474QB,LQFP,128,128 KiB,-40 to 85 C,,,STM32G474QBTx,ordering_pattern,deterministic_ordering_pattern,tcl/target/stm32g4x.cfg,official_st_ordering_information_plus_estore_active_exact_identity,https://www.st.com/resource/en/datasheet/stm32g474cb.pdf,STMicroelectronics official,verified_st_ordering_information_codes_plus_current_estore_active_identity
STMicroelectronics,STM32G474QCT6,STM32G4,STM32G474,STM32G474QC,LQFP,128,256 KiB,-40 to 85 C,,,STM32G474QCTx,ordering_pattern,deterministic_ordering_pattern,tcl/target/stm32g4x.cfg,official_st_ordering_information_plus_estore_active_exact_identity,https://www.st.com/resource/en/datasheet/stm32g474cb.pdf,STMicroelectronics official,verified_st_ordering_information_codes_plus_current_estore_active_identity
STMicroelectronics,STM32G474QET6,STM32G4,STM32G474,STM32G474QE,LQFP,128,512 KiB,-40 to 85 C,,,STM32G474QETx,ordering_pattern,deterministic_ordering_pattern,tcl/target/stm32g4x.cfg,official_st_ordering_information_plus_estore_active_exact_identity,https://www.st.com/resource/en/datasheet/stm32g474cb.pdf,STMicroelectronics official,verified_st_ordering_information_codes_plus_current_estore_active_identity
STMicroelectronics,STM32G474QET6TR,STM32G4,STM32G474,STM32G474QE,LQFP,128,512 KiB,-40 to 85 C,TR,,STM32G474QETx,ordering_pattern,deterministic_ordering_pattern,tcl/target/stm32g4x.cfg,official_st_ordering_information_plus_estore_active_exact_identity,https://www.st.com/resource/en/datasheet/stm32g474cb.pdf,STMicroelectronics official,verified_st_ordering_information_codes_plus_current_estore_active_identity
STMicroelectronics,STM32G474RBT3,STM32G4,STM32G474,STM32G474RB,LQFP,64,128 KiB,-40 to 125 C,,,STM32G474RBTx,ordering_pattern,deterministic_ordering_pattern,tcl/target/stm32g4x.cfg,official_st_ordering_information_plus_estore_active_exact_identity,https://www.st.com/resource/en/datasheet/stm32g474cb.pdf,STMicroelectronics official,verified_st_ordering_information_codes_plus_current_estore_active_identity
STMicroelectronics,STM32G474RBT3TR,STM32G4,STM32G474,STM32G474RB,LQFP,64,128 KiB,-40 to 125 C,TR,,STM32G474RBTx,ordering_pattern,deterministic_ordering_pattern,tcl/target/stm32g4x.cfg,official_st_ordering_information_plus_estore_active_exact_identity,https://www.st.com/resource/en/datasheet/stm32g474cb.pdf,STMicroelectronics official,verified_st_ordering_information_codes_plus_current_estore_active_identity
STMicroelectronics,STM32G474RBT6,STM32G4,STM32G474,STM32G474RB,LQFP,64,128 KiB,-40 to 85 C,,,STM32G474RBTx,ordering_pattern,deterministic_ordering_pattern,tcl/target/stm32g4x.cfg,official_st_ordering_information_plus_estore_active_exact_identity,https://www.st.com/resource/en/datasheet/stm32g474cb.pdf,STMicroelectronics official,verified_st_ordering_information_codes_plus_current_estore_active_identity
STMicroelectronics,STM32G474RBT6TR,STM32G4,STM32G474,STM32G474RB,LQFP,64,128 KiB,-40 to 85 C,TR,,STM32G474RBTx,ordering_pattern,deterministic_ordering_pattern,tcl/target/stm32g4x.cfg,official_st_ordering_information_plus_estore_active_exact_identity,https://www.st.com/resource/en/datasheet/stm32g474cb.pdf,STMicroelectronics official,verified_st_ordering_information_codes_plus_current_estore_active_identity
STMicroelectronics,STM32G474RCT3,STM32G4,STM32G474,STM32G474RC,LQFP,64,256 KiB,-40 to 125 C,,,STM32G474RCTx,ordering_pattern,deterministic_ordering_pattern,tcl/target/stm32g4x.cfg,official_st_ordering_information_plus_estore_active_exact_identity,https://www.st.com/resource/en/datasheet/stm32g474cb.pdf,STMicroelectronics official,verified_st_ordering_information_codes_plus_current_estore_active_identity
STMicroelectronics,STM32G474RCT3TR,STM32G4,STM32G474,STM32G474RC,LQFP,64,256 KiB,-40 to 125 C,TR,,STM32G474RCTx,ordering_pattern,deterministic_ordering_pattern,tcl/target/stm32g4x.cfg,official_st_ordering_information_plus_estore_active_exact_identity,https://www.st.com/resource/en/datasheet/stm32g474cb.pdf,STMicroelectronics official,verified_st_ordering_information_codes_plus_current_estore_active_identity
STMicroelectronics,STM32G474RCT6,STM32G4,STM32G474,STM32G474RC,LQFP,64,256 KiB,-40 to 85 C,,,STM32G474RCTx,ordering_pattern,deterministic_ordering_pattern,tcl/target/stm32g4x.cfg,official_st_ordering_information_plus_estore_active_exact_identity,https://www.st.com/resource/en/datasheet/stm32g474cb.pdf,STMicroelectronics official,verified_st_ordering_information_codes_plus_current_estore_active_identity
STMicroelectronics,STM32G474RCT6TR,STM32G4,STM32G474,STM32G474RC,LQFP,64,256 KiB,-40 to 85 C,TR,,STM32G474RCTx,ordering_pattern,deterministic_ordering_pattern,tcl/target/stm32g4x.cfg,official_st_ordering_information_plus_estore_active_exact_identity,https://www.st.com/resource/en/datasheet/stm32g474cb.pdf,STMicroelectronics official,verified_st_ordering_information_codes_plus_current_estore_active_identity
STMicroelectronics,STM32G474RET3,STM32G4,STM32G474,STM32G474RE,LQFP,64,512 KiB,-40 to 125 C,,,STM32G474RETx,ordering_pattern,deterministic_ordering_pattern,tcl/target/stm32g4x.cfg,official_st_ordering_information_plus_estore_active_exact_identity,https://www.st.com/resource/en/datasheet/stm32g474cb.pdf,STMicroelectronics official,verified_st_ordering_information_codes_plus_current_estore_active_identity
STMicroelectronics,STM32G474RET3TR,STM32G4,STM32G474,STM32G474RE,LQFP,64,512 KiB,-40 to 125 C,TR,,STM32G474RETx,ordering_pattern,deterministic_ordering_pattern,tcl/target/stm32g4x.cfg,official_st_ordering_information_plus_estore_active_exact_identity,https://www.st.com/resource/en/datasheet/stm32g474cb.pdf,STMicroelectronics official,verified_st_ordering_information_codes_plus_current_estore_active_identity
STMicroelectronics,STM32G474RET6,STM32G4,STM32G474,STM32G474RE,LQFP,64,512 KiB,-40 to 85 C,,,STM32G474RETx,ordering_pattern,deterministic_ordering_pattern,tcl/target/stm32g4x.cfg,official_st_ordering_information_plus_estore_active_exact_identity,https://www.st.com/resource/en/datasheet/stm32g474cb.pdf,STMicroelectronics official,verified_st_ordering_information_codes_plus_current_estore_active_identity
STMicroelectronics,STM32G474RET6TR,STM32G4,STM32G474,STM32G474RE,LQFP,64,512 KiB,-40 to 85 C,TR,,STM32G474RETx,ordering_pattern,deterministic_ordering_pattern,tcl/target/stm32g4x.cfg,official_st_ordering_information_plus_estore_active_exact_identity,https://www.st.com/resource/en/datasheet/stm32g474cb.pdf,STMicroelectronics official,verified_st_ordering_information_codes_plus_current_estore_active_identity
STMicroelectronics,STM32G474VBH6,STM32G4,STM32G474,STM32G474VB,TFBGA,100,128 KiB,-40 to 85 C,,,STM32G474VBHx,ordering_pattern,deterministic_ordering_pattern,tcl/target/stm32g4x.cfg,official_st_ordering_information_plus_estore_active_exact_identity,https://www.st.com/resource/en/datasheet/stm32g474cb.pdf,STMicroelectronics official,verified_st_ordering_information_codes_plus_current_estore_active_identity
STMicroelectronics,STM32G474VBT3,STM32G4,STM32G474,STM32G474VB,LQFP,100,128 KiB,-40 to 125 C,,,STM32G474VBTx,ordering_pattern,deterministic_ordering_pattern,tcl/target/stm32g4x.cfg,official_st_ordering_information_plus_estore_active_exact_identity,https://www.st.com/resource/en/datasheet/stm32g474cb.pdf,STMicroelectronics official,verified_st_ordering_information_codes_plus_current_estore_active_identity
STMicroelectronics,STM32G474VBT3TR,STM32G4,STM32G474,STM32G474VB,LQFP,100,128 KiB,-40 to 125 C,TR,,STM32G474VBTx,ordering_pattern,deterministic_ordering_pattern,tcl/target/stm32g4x.cfg,official_st_ordering_information_plus_estore_active_exact_identity,https://www.st.com/resource/en/datasheet/stm32g474cb.pdf,STMicroelectronics official,verified_st_ordering_information_codes_plus_current_estore_active_identity
STMicroelectronics,STM32G474VBT6,STM32G4,STM32G474,STM32G474VB,LQFP,100,128 KiB,-40 to 85 C,,,STM32G474VBTx,ordering_pattern,deterministic_ordering_pattern,tcl/target/stm32g4x.cfg,official_st_ordering_information_plus_estore_active_exact_identity,https://www.st.com/resource/en/datasheet/stm32g474cb.pdf,STMicroelectronics official,verified_st_ordering_information_codes_plus_current_estore_active_identity
STMicroelectronics,STM32G474VCH3,STM32G4,STM32G474,STM32G474VC,TFBGA,100,256 KiB,-40 to 125 C,,,STM32G474VCHx,ordering_pattern,deterministic_ordering_pattern,tcl/target/stm32g4x.cfg,official_st_ordering_information_plus_estore_active_exact_identity,https://www.st.com/resource/en/datasheet/stm32g474cb.pdf,STMicroelectronics official,verified_st_ordering_information_codes_plus_current_estore_active_identity
STMicroelectronics,STM32G474VCH3TR,STM32G4,STM32G474,STM32G474VC,TFBGA,100,256 KiB,-40 to 125 C,TR,,STM32G474VCHx,ordering_pattern,deterministic_ordering_pattern,tcl/target/stm32g4x.cfg,official_st_ordering_information_plus_estore_active_exact_identity,https://www.st.com/resource/en/datasheet/stm32g474cb.pdf,STMicroelectronics official,verified_st_ordering_information_codes_plus_current_estore_active_identity
STMicroelectronics,STM32G474VCH6,STM32G4,STM32G474,STM32G474VC,TFBGA,100,256 KiB,-40 to 85 C,,,STM32G474VCHx,ordering_pattern,deterministic_ordering_pattern,tcl/target/stm32g4x.cfg,official_st_ordering_information_plus_estore_active_exact_identity,https://www.st.com/resource/en/datasheet/stm32g474cb.pdf,STMicroelectronics official,verified_st_ordering_information_codes_plus_current_estore_active_identity
STMicroelectronics,STM32G474VCT3TR,STM32G4,STM32G474,STM32G474VC,LQFP,100,256 KiB,-40 to 125 C,TR,,STM32G474VCTx,ordering_pattern,deterministic_ordering_pattern,tcl/target/stm32g4x.cfg,official_st_ordering_information_plus_estore_active_exact_identity,https://www.st.com/resource/en/datasheet/stm32g474cb.pdf,STMicroelectronics official,verified_st_ordering_information_codes_plus_current_estore_active_identity
STMicroelectronics,STM32G474VCT6,STM32G4,STM32G474,STM32G474VC,LQFP,100,256 KiB,-40 to 85 C,,,STM32G474VCTx,ordering_pattern,deterministic_ordering_pattern,tcl/target/stm32g4x.cfg,official_st_ordering_information_plus_estore_active_exact_identity,https://www.st.com/resource/en/datasheet/stm32g474cb.pdf,STMicroelectronics official,verified_st_ordering_information_codes_plus_current_estore_active_identity
STMicroelectronics,STM32G474VCT6TR,STM32G4,STM32G474,STM32G474VC,LQFP,100,256 KiB,-40 to 85 C,TR,,STM32G474VCTx,ordering_pattern,deterministic_ordering_pattern,tcl/target/stm32g4x.cfg,official_st_ordering_information_plus_estore_active_exact_identity,https://www.st.com/resource/en/datasheet/stm32g474cb.pdf,STMicroelectronics official,verified_st_ordering_information_codes_plus_current_estore_active_identity
STMicroelectronics,STM32G474VEH3,STM32G4,STM32G474,STM32G474VE,TFBGA,100,512 KiB,-40 to 125 C,,,STM32G474VEHx,ordering_pattern,deterministic_ordering_pattern,tcl/target/stm32g4x.cfg,official_st_ordering_information_plus_estore_active_exact_identity,https://www.st.com/resource/en/datasheet/stm32g474cb.pdf,STMicroelectronics official,verified_st_ordering_information_codes_plus_current_estore_active_identity
STMicroelectronics,STM32G474VEH6,STM32G4,STM32G474,STM32G474VE,TFBGA,100,512 KiB,-40 to 85 C,,,STM32G474VEHx,ordering_pattern,deterministic_ordering_pattern,tcl/target/stm32g4x.cfg,official_st_ordering_information_plus_estore_active_exact_identity,https://www.st.com/resource/en/datasheet/stm32g474cb.pdf,STMicroelectronics official,verified_st_ordering_information_codes_plus_current_estore_active_identity
STMicroelectronics,STM32G474VET3,STM32G4,STM32G474,STM32G474VE,LQFP,100,512 KiB,-40 to 125 C,,,STM32G474VETx,ordering_pattern,deterministic_ordering_pattern,tcl/target/stm32g4x.cfg,official_st_ordering_information_plus_estore_active_exact_identity,https://www.st.com/resource/en/datasheet/stm32g474cb.pdf,STMicroelectronics official,verified_st_ordering_information_codes_plus_current_estore_active_identity
STMicroelectronics,STM32G474VET3TR,STM32G4,STM32G474,STM32G474VE,LQFP,100,512 KiB,-40 to 125 C,TR,,STM32G474VETx,ordering_pattern,deterministic_ordering_pattern,tcl/target/stm32g4x.cfg,official_st_ordering_information_plus_estore_active_exact_identity,https://www.st.com/resource/en/datasheet/stm32g474cb.pdf,STMicroelectronics official,verified_st_ordering_information_codes_plus_current_estore_active_identity
STMicroelectronics,STM32G474VET6,STM32G4,STM32G474,STM32G474VE,LQFP,100,512 KiB,-40 to 85 C,,,STM32G474VETx,ordering_pattern,deterministic_ordering_pattern,tcl/target/stm32g4x.cfg,official_st_ordering_information_plus_estore_active_exact_identity,https://www.st.com/resource/en/datasheet/stm32g474cb.pdf,STMicroelectronics official,verified_st_ordering_information_codes_plus_current_estore_active_identity
STMicroelectronics,STM32G474VET6TR,STM32G4,STM32G474,STM32G474VE,LQFP,100,512 KiB,-40 to 85 C,TR,,STM32G474VETx,ordering_pattern,deterministic_ordering_pattern,tcl/target/stm32g4x.cfg,official_st_ordering_information_plus_estore_active_exact_identity,https://www.st.com/resource/en/datasheet/stm32g474cb.pdf,STMicroelectronics official,verified_st_ordering_information_codes_plus_current_estore_active_identity
STMicroelectronics,STM32G483CET3,STM32G4,STM32G483,STM32G483CE,LQFP,48,512 KiB,-40 to 125 C,,,STM32G483CETx,ordering_pattern,deterministic_ordering_pattern,tcl/target/stm32g4x.cfg,official_st_ordering_information_plus_retained_phase4_9b_identity,https://www.st.com/resource/en/datasheet/stm32g483ce.pdf#document=DS12997;revision=4;table=119;identity=stm32g4-phase4.9b-official-st-discovery-2026-09-10-retained-20260910T003814Z-3c74395a,STMicroelectronics official,verified_st_datasheet_ordering_information_plus_retained_exact_identity
STMicroelectronics,STM32G483CET6,STM32G4,STM32G483,STM32G483CE,LQFP,48,512 KiB,-40 to 85 C,,,STM32G483CETx,ordering_pattern,deterministic_ordering_pattern,tcl/target/stm32g4x.cfg,official_st_ordering_information_plus_retained_phase4_9b_identity,https://www.st.com/resource/en/datasheet/stm32g483ce.pdf#document=DS12997;revision=4;table=119;identity=stm32g4-phase4.9b-official-st-discovery-2026-09-10-retained-20260910T003814Z-3c74395a,STMicroelectronics official,verified_st_datasheet_ordering_information_plus_retained_exact_identity
STMicroelectronics,STM32G483CEU6,STM32G4,STM32G483,STM32G483CE,UFQFPN,48,512 KiB,-40 to 85 C,,,STM32G483CEUx,ordering_pattern,deterministic_ordering_pattern,tcl/target/stm32g4x.cfg,official_st_ordering_information_plus_retained_phase4_9b_identity,https://www.st.com/resource/en/datasheet/stm32g483ce.pdf#document=DS12997;revision=4;table=119;identity=stm32g4-phase4.9b-official-st-discovery-2026-09-10-retained-20260910T003814Z-3c74395a,STMicroelectronics official,verified_st_datasheet_ordering_information_plus_retained_exact_identity
STMicroelectronics,STM32G483MET6,STM32G4,STM32G483,STM32G483ME,LQFP,80,512 KiB,-40 to 85 C,,,STM32G483METx,ordering_pattern,deterministic_ordering_pattern,tcl/target/stm32g4x.cfg,official_st_ordering_information_plus_estore_active_exact_identity,https://www.st.com/resource/en/datasheet/stm32g483ce.pdf,STMicroelectronics official,verified_st_ordering_information_codes_plus_current_estore_active_identity
STMicroelectronics,STM32G483MEY6TR,STM32G4,STM32G483,STM32G483ME,WLCSP,81,512 KiB,-40 to 85 C,TR,,STM32G483MEYx,ordering_pattern,deterministic_ordering_pattern,tcl/target/stm32g4x.cfg,official_st_ordering_information_plus_estore_active_exact_identity,https://www.st.com/resource/en/datasheet/stm32g483ce.pdf,STMicroelectronics official,verified_st_ordering_information_codes_plus_current_estore_active_identity
STMicroelectronics,STM32G483PEI6,STM32G4,STM32G483,STM32G483PE,UFBGA,128,512 KiB,-40 to 85 C,,,STM32G483PEIx,ordering_pattern,deterministic_ordering_pattern,tcl/target/stm32g4x.cfg,official_st_ordering_information_plus_estore_active_exact_identity,https://www.st.com/resource/en/datasheet/stm32g483ce.pdf,STMicroelectronics official,verified_st_ordering_information_codes_plus_current_estore_active_identity
STMicroelectronics,STM32G483QET6,STM32G4,STM32G483,STM32G483QE,LQFP,128,512 KiB,-40 to 85 C,,,STM32G483QETx,ordering_pattern,deterministic_ordering_pattern,tcl/target/stm32g4x.cfg,official_st_ordering_information_plus_estore_active_exact_identity,https://www.st.com/resource/en/datasheet/stm32g483ce.pdf,STMicroelectronics official,verified_st_ordering_information_codes_plus_current_estore_active_identity
STMicroelectronics,STM32G483RET6,STM32G4,STM32G483,STM32G483RE,LQFP,64,512 KiB,-40 to 85 C,,,STM32G483RETx,ordering_pattern,deterministic_ordering_pattern,tcl/target/stm32g4x.cfg,official_st_ordering_information_plus_estore_active_exact_identity,https://www.st.com/resource/en/datasheet/stm32g483ce.pdf,STMicroelectronics official,verified_st_ordering_information_codes_plus_current_estore_active_identity
STMicroelectronics,STM32G483VEH6,STM32G4,STM32G483,STM32G483VE,TFBGA,100,512 KiB,-40 to 85 C,,,STM32G483VEHx,ordering_pattern,deterministic_ordering_pattern,tcl/target/stm32g4x.cfg,official_st_ordering_information_plus_estore_active_exact_identity,https://www.st.com/resource/en/datasheet/stm32g483ce.pdf,STMicroelectronics official,verified_st_ordering_information_codes_plus_current_estore_active_identity
STMicroelectronics,STM32G483VET3,STM32G4,STM32G483,STM32G483VE,LQFP,100,512 KiB,-40 to 125 C,,,STM32G483VETx,ordering_pattern,deterministic_ordering_pattern,tcl/target/stm32g4x.cfg,official_st_ordering_information_plus_estore_active_exact_identity,https://www.st.com/resource/en/datasheet/stm32g483ce.pdf,STMicroelectronics official,verified_st_ordering_information_codes_plus_current_estore_active_identity
STMicroelectronics,STM32G483VET3TR,STM32G4,STM32G483,STM32G483VE,LQFP,100,512 KiB,-40 to 125 C,TR,,STM32G483VETx,ordering_pattern,deterministic_ordering_pattern,tcl/target/stm32g4x.cfg,official_st_ordering_information_plus_estore_active_exact_identity,https://www.st.com/resource/en/datasheet/stm32g483ce.pdf,STMicroelectronics official,verified_st_ordering_information_codes_plus_current_estore_active_identity
STMicroelectronics,STM32G483VET6,STM32G4,STM32G483,STM32G483VE,LQFP,100,512 KiB,-40 to 85 C,,,STM32G483VETx,ordering_pattern,deterministic_ordering_pattern,tcl/target/stm32g4x.cfg,official_st_ordering_information_plus_estore_active_exact_identity,https://www.st.com/resource/en/datasheet/stm32g483ce.pdf,STMicroelectronics official,verified_st_ordering_information_codes_plus_current_estore_active_identity
STMicroelectronics,STM32G484CET6,STM32G4,STM32G484,STM32G484CE,LQFP,48,512 KiB,-40 to 85 C,,,STM32G484CETx,ordering_pattern,deterministic_ordering_pattern,tcl/target/stm32g4x.cfg,official_st_ordering_information_plus_retained_phase4_9b_identity,https://www.st.com/resource/en/datasheet/stm32g484ce.pdf#document=DS12983;revision=5;table=123;identity=stm32g4-phase4.9b-official-st-discovery-2026-09-10-retained-20260910T003814Z-3c74395a,STMicroelectronics official,verified_st_datasheet_ordering_information_plus_retained_exact_identity
STMicroelectronics,STM32G484CEU3,STM32G4,STM32G484,STM32G484CE,UFQFPN,48,512 KiB,-40 to 125 C,,,STM32G484CEUx,ordering_pattern,deterministic_ordering_pattern,tcl/target/stm32g4x.cfg,official_st_ordering_information_plus_retained_phase4_9b_identity,https://www.st.com/resource/en/datasheet/stm32g484ce.pdf#document=DS12983;revision=5;table=123;identity=stm32g4-phase4.9b-official-st-discovery-2026-09-10-retained-20260910T003814Z-3c74395a,STMicroelectronics official,verified_st_datasheet_ordering_information_plus_retained_exact_identity
STMicroelectronics,STM32G484CEU6,STM32G4,STM32G484,STM32G484CE,UFQFPN,48,512 KiB,-40 to 85 C,,,STM32G484CEUx,ordering_pattern,deterministic_ordering_pattern,tcl/target/stm32g4x.cfg,official_st_ordering_information_plus_retained_phase4_9b_identity,https://www.st.com/resource/en/datasheet/stm32g484ce.pdf#document=DS12983;revision=5;table=123;identity=stm32g4-phase4.9b-official-st-discovery-2026-09-10-retained-20260910T003814Z-3c74395a,STMicroelectronics official,verified_st_datasheet_ordering_information_plus_retained_exact_identity
STMicroelectronics,STM32G484MET6,STM32G4,STM32G484,STM32G484ME,LQFP,80,512 KiB,-40 to 85 C,,,STM32G484METx,ordering_pattern,deterministic_ordering_pattern,tcl/target/stm32g4x.cfg,official_st_ordering_information_plus_estore_active_exact_identity,https://www.st.com/resource/en/datasheet/stm32g484ce.pdf,STMicroelectronics official,verified_st_ordering_information_codes_plus_current_estore_active_identity
STMicroelectronics,STM32G484MEY3TR,STM32G4,STM32G484,STM32G484ME,WLCSP,81,512 KiB,-40 to 125 C,TR,,STM32G484MEYx,ordering_pattern,deterministic_ordering_pattern,tcl/target/stm32g4x.cfg,official_st_ordering_information_plus_estore_active_exact_identity,https://www.st.com/resource/en/datasheet/stm32g484ce.pdf,STMicroelectronics official,verified_st_ordering_information_codes_plus_current_estore_active_identity
STMicroelectronics,STM32G484MEY6TR,STM32G4,STM32G484,STM32G484ME,WLCSP,81,512 KiB,-40 to 85 C,TR,,STM32G484MEYx,ordering_pattern,deterministic_ordering_pattern,tcl/target/stm32g4x.cfg,official_st_ordering_information_plus_estore_active_exact_identity,https://www.st.com/resource/en/datasheet/stm32g484ce.pdf,STMicroelectronics official,verified_st_ordering_information_codes_plus_current_estore_active_identity
STMicroelectronics,STM32G484PEI6,STM32G4,STM32G484,STM32G484PE,UFBGA,121,512 KiB,-40 to 85 C,,,STM32G484PEIx,ordering_pattern,deterministic_ordering_pattern,tcl/target/stm32g4x.cfg,official_st_ordering_information_plus_estore_active_exact_identity,https://www.st.com/resource/en/datasheet/stm32g484ce.pdf#exception=DS12983 Rev 5 Section 6.9 UFBGA121 package information,STMicroelectronics official,verified_st_ordering_information_codes_plus_current_estore_active_identity
STMicroelectronics,STM32G484QET3,STM32G4,STM32G484,STM32G484QE,LQFP,128,512 KiB,-40 to 125 C,,,STM32G484QETx,ordering_pattern,deterministic_ordering_pattern,tcl/target/stm32g4x.cfg,official_st_ordering_information_plus_estore_active_exact_identity,https://www.st.com/resource/en/datasheet/stm32g484ce.pdf,STMicroelectronics official,verified_st_ordering_information_codes_plus_current_estore_active_identity
STMicroelectronics,STM32G484QET6,STM32G4,STM32G484,STM32G484QE,LQFP,128,512 KiB,-40 to 85 C,,,STM32G484QETx,ordering_pattern,deterministic_ordering_pattern,tcl/target/stm32g4x.cfg,official_st_ordering_information_plus_estore_active_exact_identity,https://www.st.com/resource/en/datasheet/stm32g484ce.pdf,STMicroelectronics official,verified_st_ordering_information_codes_plus_current_estore_active_identity
STMicroelectronics,STM32G484QET6TR,STM32G4,STM32G484,STM32G484QE,LQFP,128,512 KiB,-40 to 85 C,TR,,STM32G484QETx,ordering_pattern,deterministic_ordering_pattern,tcl/target/stm32g4x.cfg,official_st_ordering_information_plus_estore_active_exact_identity,https://www.st.com/resource/en/datasheet/stm32g484ce.pdf,STMicroelectronics official,verified_st_ordering_information_codes_plus_current_estore_active_identity
STMicroelectronics,STM32G484RET3,STM32G4,STM32G484,STM32G484RE,LQFP,64,512 KiB,-40 to 125 C,,,STM32G484RETx,ordering_pattern,deterministic_ordering_pattern,tcl/target/stm32g4x.cfg,official_st_ordering_information_plus_estore_active_exact_identity,https://www.st.com/resource/en/datasheet/stm32g484ce.pdf,STMicroelectronics official,verified_st_ordering_information_codes_plus_current_estore_active_identity
STMicroelectronics,STM32G484RET6,STM32G4,STM32G484,STM32G484RE,LQFP,64,512 KiB,-40 to 85 C,,,STM32G484RETx,ordering_pattern,deterministic_ordering_pattern,tcl/target/stm32g4x.cfg,official_st_ordering_information_plus_estore_active_exact_identity,https://www.st.com/resource/en/datasheet/stm32g484ce.pdf,STMicroelectronics official,verified_st_ordering_information_codes_plus_current_estore_active_identity
STMicroelectronics,STM32G484VEH6,STM32G4,STM32G484,STM32G484VE,TFBGA,100,512 KiB,-40 to 85 C,,,STM32G484VEHx,ordering_pattern,deterministic_ordering_pattern,tcl/target/stm32g4x.cfg,official_st_ordering_information_plus_estore_active_exact_identity,https://www.st.com/resource/en/datasheet/stm32g484ce.pdf,STMicroelectronics official,verified_st_ordering_information_codes_plus_current_estore_active_identity
STMicroelectronics,STM32G484VET3,STM32G4,STM32G484,STM32G484VE,LQFP,100,512 KiB,-40 to 125 C,,,STM32G484VETx,ordering_pattern,deterministic_ordering_pattern,tcl/target/stm32g4x.cfg,official_st_ordering_information_plus_estore_active_exact_identity,https://www.st.com/resource/en/datasheet/stm32g484ce.pdf,STMicroelectronics official,verified_st_ordering_information_codes_plus_current_estore_active_identity
STMicroelectronics,STM32G484VET3TR,STM32G4,STM32G484,STM32G484VE,LQFP,100,512 KiB,-40 to 125 C,TR,,STM32G484VETx,ordering_pattern,deterministic_ordering_pattern,tcl/target/stm32g4x.cfg,official_st_ordering_information_plus_estore_active_exact_identity,https://www.st.com/resource/en/datasheet/stm32g484ce.pdf,STMicroelectronics official,verified_st_ordering_information_codes_plus_current_estore_active_identity
STMicroelectronics,STM32G484VET6,STM32G4,STM32G484,STM32G484VE,LQFP,100,512 KiB,-40 to 85 C,,,STM32G484VETx,ordering_pattern,deterministic_ordering_pattern,tcl/target/stm32g4x.cfg,official_st_ordering_information_plus_estore_active_exact_identity,https://www.st.com/resource/en/datasheet/stm32g484ce.pdf,STMicroelectronics official,verified_st_ordering_information_codes_plus_current_estore_active_identity
STMicroelectronics,STM32G484VET6TR,STM32G4,STM32G484,STM32G484VE,LQFP,100,512 KiB,-40 to 85 C,TR,,STM32G484VETx,ordering_pattern,deterministic_ordering_pattern,tcl/target/stm32g4x.cfg,official_st_ordering_information_plus_estore_active_exact_identity,https://www.st.com/resource/en/datasheet/stm32g484ce.pdf,STMicroelectronics official,verified_st_ordering_information_codes_plus_current_estore_active_identity
STMicroelectronics,STM32G491CCT3,STM32G4,STM32G491,STM32G491CC,LQFP,48,256 KiB,-40 to 125 C,,,STM32G491CCTx,ordering_pattern,deterministic_ordering_pattern,tcl/target/stm32g4x.cfg,official_st_ordering_information_plus_retained_phase4_9b_identity,https://www.st.com/resource/en/datasheet/stm32g491cc.pdf#document=DS13122;revision=4;table=101;identity=stm32g4-phase4.9b-official-st-discovery-2026-09-10-retained-20260910T003814Z-3c74395a,STMicroelectronics official,verified_st_datasheet_ordering_information_plus_retained_exact_identity
STMicroelectronics,STM32G491CCT6,STM32G4,STM32G491,STM32G491CC,LQFP,48,256 KiB,-40 to 85 C,,,STM32G491CCTx,ordering_pattern,deterministic_ordering_pattern,tcl/target/stm32g4x.cfg,official_st_ordering_information_plus_retained_phase4_9b_identity,https://www.st.com/resource/en/datasheet/stm32g491cc.pdf#document=DS13122;revision=4;table=101;identity=stm32g4-phase4.9b-official-st-discovery-2026-09-10-retained-20260910T003814Z-3c74395a,STMicroelectronics official,verified_st_datasheet_ordering_information_plus_retained_exact_identity
STMicroelectronics,STM32G491CCT6TR,STM32G4,STM32G491,STM32G491CC,LQFP,48,256 KiB,-40 to 85 C,TR,,STM32G491CCTx,ordering_pattern,deterministic_ordering_pattern,tcl/target/stm32g4x.cfg,official_st_ordering_information_plus_retained_phase4_9b_identity,https://www.st.com/resource/en/datasheet/stm32g491cc.pdf#document=DS13122;revision=4;table=101;identity=stm32g4-phase4.9b-official-st-discovery-2026-09-10-retained-20260910T003814Z-3c74395a,STMicroelectronics official,verified_st_datasheet_ordering_information_plus_retained_exact_identity
STMicroelectronics,STM32G491CCU6,STM32G4,STM32G491,STM32G491CC,UFQFPN,48,256 KiB,-40 to 85 C,,,STM32G491CCUx,ordering_pattern,deterministic_ordering_pattern,tcl/target/stm32g4x.cfg,official_st_ordering_information_plus_retained_phase4_9b_identity,https://www.st.com/resource/en/datasheet/stm32g491cc.pdf#document=DS13122;revision=4;table=101;identity=stm32g4-phase4.9b-official-st-discovery-2026-09-10-retained-20260910T003814Z-3c74395a,STMicroelectronics official,verified_st_datasheet_ordering_information_plus_retained_exact_identity
STMicroelectronics,STM32G491CCU6TR,STM32G4,STM32G491,STM32G491CC,UFQFPN,48,256 KiB,-40 to 85 C,TR,,STM32G491CCUx,ordering_pattern,deterministic_ordering_pattern,tcl/target/stm32g4x.cfg,official_st_ordering_information_plus_retained_phase4_9b_identity,https://www.st.com/resource/en/datasheet/stm32g491cc.pdf#document=DS13122;revision=4;table=101;identity=stm32g4-phase4.9b-official-st-discovery-2026-09-10-retained-20260910T003814Z-3c74395a,STMicroelectronics official,verified_st_datasheet_ordering_information_plus_retained_exact_identity
STMicroelectronics,STM32G491CET3,STM32G4,STM32G491,STM32G491CE,LQFP,48,512 KiB,-40 to 125 C,,,STM32G491CETx,ordering_pattern,deterministic_ordering_pattern,tcl/target/stm32g4x.cfg,official_st_ordering_information_plus_estore_active_exact_identity,https://www.st.com/resource/en/datasheet/stm32g491cc.pdf,STMicroelectronics official,verified_st_ordering_information_codes_plus_current_estore_active_identity
STMicroelectronics,STM32G491CET6,STM32G4,STM32G491,STM32G491CE,LQFP,48,512 KiB,-40 to 85 C,,,STM32G491CETx,ordering_pattern,deterministic_ordering_pattern,tcl/target/stm32g4x.cfg,official_st_ordering_information_plus_estore_active_exact_identity,https://www.st.com/resource/en/datasheet/stm32g491cc.pdf,STMicroelectronics official,verified_st_ordering_information_codes_plus_current_estore_active_identity
STMicroelectronics,STM32G491CEU3,STM32G4,STM32G491,STM32G491CE,UFQFPN,48,512 KiB,-40 to 125 C,,,STM32G491CEUx,ordering_pattern,deterministic_ordering_pattern,tcl/target/stm32g4x.cfg,official_st_ordering_information_plus_estore_active_exact_identity,https://www.st.com/resource/en/datasheet/stm32g491cc.pdf,STMicroelectronics official,verified_st_ordering_information_codes_plus_current_estore_active_identity
STMicroelectronics,STM32G491CEU3TR,STM32G4,STM32G491,STM32G491CE,UFQFPN,48,512 KiB,-40 to 125 C,TR,,STM32G491CEUx,ordering_pattern,deterministic_ordering_pattern,tcl/target/stm32g4x.cfg,official_st_ordering_information_plus_estore_active_exact_identity,https://www.st.com/resource/en/datasheet/stm32g491cc.pdf,STMicroelectronics official,verified_st_ordering_information_codes_plus_current_estore_active_identity
STMicroelectronics,STM32G491CEU6,STM32G4,STM32G491,STM32G491CE,UFQFPN,48,512 KiB,-40 to 85 C,,,STM32G491CEUx,ordering_pattern,deterministic_ordering_pattern,tcl/target/stm32g4x.cfg,official_st_ordering_information_plus_estore_active_exact_identity,https://www.st.com/resource/en/datasheet/stm32g491cc.pdf,STMicroelectronics official,verified_st_ordering_information_codes_plus_current_estore_active_identity
STMicroelectronics,STM32G491KCU3,STM32G4,STM32G491,STM32G491KC,UFQFPN,32,256 KiB,-40 to 125 C,,,STM32G491KCUx,ordering_pattern,deterministic_ordering_pattern,tcl/target/stm32g4x.cfg,official_st_ordering_information_plus_estore_active_exact_identity,https://www.st.com/resource/en/datasheet/stm32g491cc.pdf,STMicroelectronics official,verified_st_ordering_information_codes_plus_current_estore_active_identity
STMicroelectronics,STM32G491KCU6,STM32G4,STM32G491,STM32G491KC,UFQFPN,32,256 KiB,-40 to 85 C,,,STM32G491KCUx,ordering_pattern,deterministic_ordering_pattern,tcl/target/stm32g4x.cfg,official_st_ordering_information_plus_estore_active_exact_identity,https://www.st.com/resource/en/datasheet/stm32g491cc.pdf,STMicroelectronics official,verified_st_ordering_information_codes_plus_current_estore_active_identity
STMicroelectronics,STM32G491KEU3,STM32G4,STM32G491,STM32G491KE,UFQFPN,32,512 KiB,-40 to 125 C,,,STM32G491KEUx,ordering_pattern,deterministic_ordering_pattern,tcl/target/stm32g4x.cfg,official_st_ordering_information_plus_estore_active_exact_identity,https://www.st.com/resource/en/datasheet/stm32g491cc.pdf,STMicroelectronics official,verified_st_ordering_information_codes_plus_current_estore_active_identity
STMicroelectronics,STM32G491KEU3TR,STM32G4,STM32G491,STM32G491KE,UFQFPN,32,512 KiB,-40 to 125 C,TR,,STM32G491KEUx,ordering_pattern,deterministic_ordering_pattern,tcl/target/stm32g4x.cfg,official_st_ordering_information_plus_estore_active_exact_identity,https://www.st.com/resource/en/datasheet/stm32g491cc.pdf,STMicroelectronics official,verified_st_ordering_information_codes_plus_current_estore_active_identity
STMicroelectronics,STM32G491KEU6,STM32G4,STM32G491,STM32G491KE,UFQFPN,32,512 KiB,-40 to 85 C,,,STM32G491KEUx,ordering_pattern,deterministic_ordering_pattern,tcl/target/stm32g4x.cfg,official_st_ordering_information_plus_estore_active_exact_identity,https://www.st.com/resource/en/datasheet/stm32g491cc.pdf,STMicroelectronics official,verified_st_ordering_information_codes_plus_current_estore_active_identity
STMicroelectronics,STM32G491MCS6,STM32G4,STM32G491,STM32G491MC,LQFP,80,256 KiB,-40 to 85 C,,,STM32G491MCSx,ordering_pattern,deterministic_ordering_pattern,tcl/target/stm32g4x.cfg,official_st_ordering_information_plus_estore_active_exact_identity,https://www.st.com/resource/en/datasheet/stm32g491cc.pdf,STMicroelectronics official,verified_st_ordering_information_codes_plus_current_estore_active_identity
STMicroelectronics,STM32G491MCT6,STM32G4,STM32G491,STM32G491MC,LQFP,80,256 KiB,-40 to 85 C,,,STM32G491MCTx,ordering_pattern,deterministic_ordering_pattern,tcl/target/stm32g4x.cfg,official_st_ordering_information_plus_estore_active_exact_identity,https://www.st.com/resource/en/datasheet/stm32g491cc.pdf,STMicroelectronics official,verified_st_ordering_information_codes_plus_current_estore_active_identity
STMicroelectronics,STM32G491MES6,STM32G4,STM32G491,STM32G491ME,LQFP,80,512 KiB,-40 to 85 C,,,STM32G491MESx,ordering_pattern,deterministic_ordering_pattern,tcl/target/stm32g4x.cfg,official_st_ordering_information_plus_estore_active_exact_identity,https://www.st.com/resource/en/datasheet/stm32g491cc.pdf,STMicroelectronics official,verified_st_ordering_information_codes_plus_current_estore_active_identity
STMicroelectronics,STM32G491MET3,STM32G4,STM32G491,STM32G491ME,LQFP,80,512 KiB,-40 to 125 C,,,STM32G491METx,ordering_pattern,deterministic_ordering_pattern,tcl/target/stm32g4x.cfg,official_st_ordering_information_plus_estore_active_exact_identity,https://www.st.com/resource/en/datasheet/stm32g491cc.pdf,STMicroelectronics official,verified_st_ordering_information_codes_plus_current_estore_active_identity
STMicroelectronics,STM32G491MET6,STM32G4,STM32G491,STM32G491ME,LQFP,80,512 KiB,-40 to 85 C,,,STM32G491METx,ordering_pattern,deterministic_ordering_pattern,tcl/target/stm32g4x.cfg,official_st_ordering_information_plus_estore_active_exact_identity,https://www.st.com/resource/en/datasheet/stm32g491cc.pdf,STMicroelectronics official,verified_st_ordering_information_codes_plus_current_estore_active_identity
STMicroelectronics,STM32G491MET6TR,STM32G4,STM32G491,STM32G491ME,LQFP,80,512 KiB,-40 to 85 C,TR,,STM32G491METx,ordering_pattern,deterministic_ordering_pattern,tcl/target/stm32g4x.cfg,official_st_ordering_information_plus_estore_active_exact_identity,https://www.st.com/resource/en/datasheet/stm32g491cc.pdf,STMicroelectronics official,verified_st_ordering_information_codes_plus_current_estore_active_identity
STMicroelectronics,STM32G491RCI6,STM32G4,STM32G491,STM32G491RC,UFBGA,64,256 KiB,-40 to 85 C,,,STM32G491RCIx,ordering_pattern,deterministic_ordering_pattern,tcl/target/stm32g4x.cfg,official_st_ordering_information_plus_estore_active_exact_identity,https://www.st.com/resource/en/datasheet/stm32g491cc.pdf,STMicroelectronics official,verified_st_ordering_information_codes_plus_current_estore_active_identity
STMicroelectronics,STM32G491RCT3,STM32G4,STM32G491,STM32G491RC,LQFP,64,256 KiB,-40 to 125 C,,,STM32G491RCTx,ordering_pattern,deterministic_ordering_pattern,tcl/target/stm32g4x.cfg,official_st_ordering_information_plus_estore_active_exact_identity,https://www.st.com/resource/en/datasheet/stm32g491cc.pdf,STMicroelectronics official,verified_st_ordering_information_codes_plus_current_estore_active_identity
STMicroelectronics,STM32G491RCT3TR,STM32G4,STM32G491,STM32G491RC,LQFP,64,256 KiB,-40 to 125 C,TR,,STM32G491RCTx,ordering_pattern,deterministic_ordering_pattern,tcl/target/stm32g4x.cfg,official_st_ordering_information_plus_estore_active_exact_identity,https://www.st.com/resource/en/datasheet/stm32g491cc.pdf,STMicroelectronics official,verified_st_ordering_information_codes_plus_current_estore_active_identity
STMicroelectronics,STM32G491RCT6,STM32G4,STM32G491,STM32G491RC,LQFP,64,256 KiB,-40 to 85 C,,,STM32G491RCTx,ordering_pattern,deterministic_ordering_pattern,tcl/target/stm32g4x.cfg,official_st_ordering_information_plus_estore_active_exact_identity,https://www.st.com/resource/en/datasheet/stm32g491cc.pdf,STMicroelectronics official,verified_st_ordering_information_codes_plus_current_estore_active_identity
STMicroelectronics,STM32G491RCT6TR,STM32G4,STM32G491,STM32G491RC,LQFP,64,256 KiB,-40 to 85 C,TR,,STM32G491RCTx,ordering_pattern,deterministic_ordering_pattern,tcl/target/stm32g4x.cfg,official_st_ordering_information_plus_estore_active_exact_identity,https://www.st.com/resource/en/datasheet/stm32g491cc.pdf,STMicroelectronics official,verified_st_ordering_information_codes_plus_current_estore_active_identity
STMicroelectronics,STM32G491RCY6TR,STM32G4,STM32G491,STM32G491RC,WLCSP,64,256 KiB,-40 to 85 C,TR,,,,no_mapping,,official_st_ordering_information_plus_estore_active_exact_identity,https://www.st.com/resource/en/datasheet/stm32g491cc.pdf,STMicroelectronics official,verified_st_ordering_information_codes_plus_current_estore_active_identity
STMicroelectronics,STM32G491REI3,STM32G4,STM32G491,STM32G491RE,UFBGA,64,512 KiB,-40 to 125 C,,,STM32G491REIx,ordering_pattern,deterministic_ordering_pattern,tcl/target/stm32g4x.cfg,official_st_ordering_information_plus_estore_active_exact_identity,https://www.st.com/resource/en/datasheet/stm32g491cc.pdf,STMicroelectronics official,verified_st_ordering_information_codes_plus_current_estore_active_identity
STMicroelectronics,STM32G491REI6,STM32G4,STM32G491,STM32G491RE,UFBGA,64,512 KiB,-40 to 85 C,,,STM32G491REIx,ordering_pattern,deterministic_ordering_pattern,tcl/target/stm32g4x.cfg,official_st_ordering_information_plus_estore_active_exact_identity,https://www.st.com/resource/en/datasheet/stm32g491cc.pdf,STMicroelectronics official,verified_st_ordering_information_codes_plus_current_estore_active_identity
STMicroelectronics,STM32G491RET3,STM32G4,STM32G491,STM32G491RE,LQFP,64,512 KiB,-40 to 125 C,,,STM32G491RETx,ordering_pattern,deterministic_ordering_pattern,tcl/target/stm32g4x.cfg,official_st_ordering_information_plus_estore_active_exact_identity,https://www.st.com/resource/en/datasheet/stm32g491cc.pdf,STMicroelectronics official,verified_st_ordering_information_codes_plus_current_estore_active_identity
STMicroelectronics,STM32G491RET3TR,STM32G4,STM32G491,STM32G491RE,LQFP,64,512 KiB,-40 to 125 C,TR,,STM32G491RETx,ordering_pattern,deterministic_ordering_pattern,tcl/target/stm32g4x.cfg,official_st_ordering_information_plus_estore_active_exact_identity,https://www.st.com/resource/en/datasheet/stm32g491cc.pdf,STMicroelectronics official,verified_st_ordering_information_codes_plus_current_estore_active_identity
STMicroelectronics,STM32G491RET6,STM32G4,STM32G491,STM32G491RE,LQFP,64,512 KiB,-40 to 85 C,,,STM32G491RETx,ordering_pattern,deterministic_ordering_pattern,tcl/target/stm32g4x.cfg,official_st_ordering_information_plus_estore_active_exact_identity,https://www.st.com/resource/en/datasheet/stm32g491cc.pdf,STMicroelectronics official,verified_st_ordering_information_codes_plus_current_estore_active_identity
STMicroelectronics,STM32G491RET6TR,STM32G4,STM32G491,STM32G491RE,LQFP,64,512 KiB,-40 to 85 C,TR,,STM32G491RETx,ordering_pattern,deterministic_ordering_pattern,tcl/target/stm32g4x.cfg,official_st_ordering_information_plus_estore_active_exact_identity,https://www.st.com/resource/en/datasheet/stm32g491cc.pdf,STMicroelectronics official,verified_st_ordering_information_codes_plus_current_estore_active_identity
STMicroelectronics,STM32G491REY6TR,STM32G4,STM32G491,STM32G491RE,WLCSP,64,512 KiB,-40 to 85 C,TR,,STM32G491REYx,ordering_pattern,deterministic_ordering_pattern,tcl/target/stm32g4x.cfg,official_st_ordering_information_plus_estore_active_exact_identity,https://www.st.com/resource/en/datasheet/stm32g491cc.pdf,STMicroelectronics official,verified_st_ordering_information_codes_plus_current_estore_active_identity
STMicroelectronics,STM32G491VCT6,STM32G4,STM32G491,STM32G491VC,LQFP,100,256 KiB,-40 to 85 C,,,STM32G491VCTx,ordering_pattern,deterministic_ordering_pattern,tcl/target/stm32g4x.cfg,official_st_ordering_information_plus_estore_active_exact_identity,https://www.st.com/resource/en/datasheet/stm32g491cc.pdf,STMicroelectronics official,verified_st_ordering_information_codes_plus_current_estore_active_identity
STMicroelectronics,STM32G491VET6,STM32G4,STM32G491,STM32G491VE,LQFP,100,512 KiB,-40 to 85 C,,,STM32G491VETx,ordering_pattern,deterministic_ordering_pattern,tcl/target/stm32g4x.cfg,official_st_ordering_information_plus_estore_active_exact_identity,https://www.st.com/resource/en/datasheet/stm32g491cc.pdf,STMicroelectronics official,verified_st_ordering_information_codes_plus_current_estore_active_identity
STMicroelectronics,STM32G491VET6TR,STM32G4,STM32G491,STM32G491VE,LQFP,100,512 KiB,-40 to 85 C,TR,,STM32G491VETx,ordering_pattern,deterministic_ordering_pattern,tcl/target/stm32g4x.cfg,official_st_ordering_information_plus_estore_active_exact_identity,https://www.st.com/resource/en/datasheet/stm32g491cc.pdf,STMicroelectronics official,verified_st_ordering_information_codes_plus_current_estore_active_identity
STMicroelectronics,STM32G4A1CET6,STM32G4,STM32G4A1,STM32G4A1CE,LQFP,48,512 KiB,-40 to 85 C,,,STM32G4A1CETx,ordering_pattern,deterministic_ordering_pattern,tcl/target/stm32g4x.cfg,official_st_ordering_information_plus_retained_phase4_9b_identity,https://www.st.com/resource/en/datasheet/stm32g4a1ce.pdf#document=DS13268;revision=4;table=103;identity=stm32g4-phase4.9b-official-st-discovery-2026-09-10-retained-20260910T003814Z-3c74395a,STMicroelectronics official,verified_st_datasheet_ordering_information_plus_retained_exact_identity
STMicroelectronics,STM32G4A1CEU6,STM32G4,STM32G4A1,STM32G4A1CE,UFQFPN,48,512 KiB,-40 to 85 C,,,STM32G4A1CEUx,ordering_pattern,deterministic_ordering_pattern,tcl/target/stm32g4x.cfg,official_st_ordering_information_plus_retained_phase4_9b_identity,https://www.st.com/resource/en/datasheet/stm32g4a1ce.pdf#document=DS13268;revision=4;table=103;identity=stm32g4-phase4.9b-official-st-discovery-2026-09-10-retained-20260910T003814Z-3c74395a,STMicroelectronics official,verified_st_datasheet_ordering_information_plus_retained_exact_identity
STMicroelectronics,STM32G4A1KEU6,STM32G4,STM32G4A1,STM32G4A1KE,UFQFPN,32,512 KiB,-40 to 85 C,,,STM32G4A1KEUx,ordering_pattern,deterministic_ordering_pattern,tcl/target/stm32g4x.cfg,official_st_ordering_information_plus_estore_active_exact_identity,https://www.st.com/resource/en/datasheet/stm32g4a1ce.pdf,STMicroelectronics official,verified_st_ordering_information_codes_plus_current_estore_active_identity
STMicroelectronics,STM32G4A1KEU6TR,STM32G4,STM32G4A1,STM32G4A1KE,UFQFPN,32,512 KiB,-40 to 85 C,TR,,STM32G4A1KEUx,ordering_pattern,deterministic_ordering_pattern,tcl/target/stm32g4x.cfg,official_st_ordering_information_plus_estore_active_exact_identity,https://www.st.com/resource/en/datasheet/stm32g4a1ce.pdf,STMicroelectronics official,verified_st_ordering_information_codes_plus_current_estore_active_identity
STMicroelectronics,STM32G4A1MES6,STM32G4,STM32G4A1,STM32G4A1ME,LQFP,80,512 KiB,-40 to 85 C,,,STM32G4A1MESx,ordering_pattern,deterministic_ordering_pattern,tcl/target/stm32g4x.cfg,official_st_ordering_information_plus_estore_active_exact_identity,https://www.st.com/resource/en/datasheet/stm32g4a1ce.pdf,STMicroelectronics official,verified_st_ordering_information_codes_plus_current_estore_active_identity
STMicroelectronics,STM32G4A1MET3,STM32G4,STM32G4A1,STM32G4A1ME,LQFP,80,512 KiB,-40 to 125 C,,,STM32G4A1METx,ordering_pattern,deterministic_ordering_pattern,tcl/target/stm32g4x.cfg,official_st_ordering_information_plus_estore_active_exact_identity,https://www.st.com/resource/en/datasheet/stm32g4a1ce.pdf,STMicroelectronics official,verified_st_ordering_information_codes_plus_current_estore_active_identity
STMicroelectronics,STM32G4A1MET6,STM32G4,STM32G4A1,STM32G4A1ME,LQFP,80,512 KiB,-40 to 85 C,,,STM32G4A1METx,ordering_pattern,deterministic_ordering_pattern,tcl/target/stm32g4x.cfg,official_st_ordering_information_plus_estore_active_exact_identity,https://www.st.com/resource/en/datasheet/stm32g4a1ce.pdf,STMicroelectronics official,verified_st_ordering_information_codes_plus_current_estore_active_identity
STMicroelectronics,STM32G4A1MET6TR,STM32G4,STM32G4A1,STM32G4A1ME,LQFP,80,512 KiB,-40 to 85 C,TR,,STM32G4A1METx,ordering_pattern,deterministic_ordering_pattern,tcl/target/stm32g4x.cfg,official_st_ordering_information_plus_estore_active_exact_identity,https://www.st.com/resource/en/datasheet/stm32g4a1ce.pdf,STMicroelectronics official,verified_st_ordering_information_codes_plus_current_estore_active_identity
STMicroelectronics,STM32G4A1REI3,STM32G4,STM32G4A1,STM32G4A1RE,UFBGA,64,512 KiB,-40 to 125 C,,,STM32G4A1REIx,ordering_pattern,deterministic_ordering_pattern,tcl/target/stm32g4x.cfg,official_st_ordering_information_plus_estore_active_exact_identity,https://www.st.com/resource/en/datasheet/stm32g4a1ce.pdf,STMicroelectronics official,verified_st_ordering_information_codes_plus_current_estore_active_identity
STMicroelectronics,STM32G4A1REI6,STM32G4,STM32G4A1,STM32G4A1RE,UFBGA,64,512 KiB,-40 to 85 C,,,STM32G4A1REIx,ordering_pattern,deterministic_ordering_pattern,tcl/target/stm32g4x.cfg,official_st_ordering_information_plus_estore_active_exact_identity,https://www.st.com/resource/en/datasheet/stm32g4a1ce.pdf,STMicroelectronics official,verified_st_ordering_information_codes_plus_current_estore_active_identity
STMicroelectronics,STM32G4A1RET6,STM32G4,STM32G4A1,STM32G4A1RE,LQFP,64,512 KiB,-40 to 85 C,,,STM32G4A1RETx,ordering_pattern,deterministic_ordering_pattern,tcl/target/stm32g4x.cfg,official_st_ordering_information_plus_estore_active_exact_identity,https://www.st.com/resource/en/datasheet/stm32g4a1ce.pdf,STMicroelectronics official,verified_st_ordering_information_codes_plus_current_estore_active_identity
STMicroelectronics,STM32G4A1REY6TR,STM32G4,STM32G4A1,STM32G4A1RE,WLCSP,64,512 KiB,-40 to 85 C,TR,,STM32G4A1REYx,ordering_pattern,deterministic_ordering_pattern,tcl/target/stm32g4x.cfg,official_st_ordering_information_plus_estore_active_exact_identity,https://www.st.com/resource/en/datasheet/stm32g4a1ce.pdf,STMicroelectronics official,verified_st_ordering_information_codes_plus_current_estore_active_identity
STMicroelectronics,STM32G4A1VET6,STM32G4,STM32G4A1,STM32G4A1VE,LQFP,100,512 KiB,-40 to 85 C,,,STM32G4A1VETx,ordering_pattern,deterministic_ordering_pattern,tcl/target/stm32g4x.cfg,official_st_ordering_information_plus_estore_active_exact_identity,https://www.st.com/resource/en/datasheet/stm32g4a1ce.pdf,STMicroelectronics official,verified_st_ordering_information_codes_plus_current_estore_active_identity
