manufacturer,icpn,family,series,base_device,package,pin_count,flash_size,temperature_grade,option_suffix,cmsis_device_name,existing_identifier,existing_identifier_kind,mapping_status,openocd_target_config,source_type,source_reference,source_authority,verification_status
STMicroelectronics,STM32L412C8T6,STM32L4,STM32L412,STM32L412C8,LQFP,48,64 KiB,-40..85 C,,,STM32L412C8Tx,ordering_pattern,deterministic_ordering_pattern,tcl/target/stm32l4x.cfg,official_st_datasheet_ordering_information,DS12469 Rev 9 p194,https://www.st.com/resource/en/datasheet/stm32l412c8.pdf,verified_st_datasheet_ordering_information_plus_retained_exact_identity
STMicroelectronics,STM32L412C8T6TR,STM32L4,STM32L412,STM32L412C8,LQFP,48,64 KiB,-40..85 C,TR,,STM32L412C8Tx,ordering_pattern,deterministic_ordering_pattern,tcl/target/stm32l4x.cfg,official_st_datasheet_ordering_information,DS12469 Rev 9 p194,https://www.st.com/resource/en/datasheet/stm32l412c8.pdf,verified_st_datasheet_ordering_information_plus_retained_exact_identity
STMicroelectronics,STM32L412C8U6,STM32L4,STM32L412,STM32L412C8,UFQFPN,48,64 KiB,-40..85 C,,,STM32L412C8Ux,ordering_pattern,deterministic_ordering_pattern,tcl/target/stm32l4x.cfg,official_st_datasheet_ordering_information,DS12469 Rev 9 p194,https://www.st.com/resource/en/datasheet/stm32l412c8.pdf,verified_st_datasheet_ordering_information_plus_retained_exact_identity
STMicroelectronics,STM32L412C8U6TR,STM32L4,STM32L412,STM32L412C8,UFQFPN,48,64 KiB,-40..85 C,TR,,STM32L412C8Ux,ordering_pattern,deterministic_ordering_pattern,tcl/target/stm32l4x.cfg,official_st_datasheet_ordering_information,DS12469 Rev 9 p194,https://www.st.com/resource/en/datasheet/stm32l412c8.pdf,verified_st_datasheet_ordering_information_plus_retained_exact_identity
STMicroelectronics,STM32L412CBT3,STM32L4,STM32L412,STM32L412CB,LQFP,48,128 KiB,-40..125 C,,,STM32L412CBTx,ordering_pattern,deterministic_ordering_pattern,tcl/target/stm32l4x.cfg,official_st_datasheet_ordering_information,DS12469 Rev 9 p194,https://www.st.com/resource/en/datasheet/stm32l412c8.pdf,verified_st_datasheet_ordering_information_plus_retained_exact_identity
STMicroelectronics,STM32L412CBT3TR,STM32L4,STM32L412,STM32L412CB,LQFP,48,128 KiB,-40..125 C,TR,,STM32L412CBTx,ordering_pattern,deterministic_ordering_pattern,tcl/target/stm32l4x.cfg,official_st_datasheet_ordering_information,DS12469 Rev 9 p194,https://www.st.com/resource/en/datasheet/stm32l412c8.pdf,verified_st_datasheet_ordering_information_plus_retained_exact_identity
STMicroelectronics,STM32L412CBT6,STM32L4,STM32L412,STM32L412CB,LQFP,48,128 KiB,-40..85 C,,,STM32L412CBTx,ordering_pattern,deterministic_ordering_pattern,tcl/target/stm32l4x.cfg,official_st_datasheet_ordering_information,DS12469 Rev 9 p194,https://www.st.com/resource/en/datasheet/stm32l412c8.pdf,verified_st_datasheet_ordering_information_plus_retained_exact_identity
STMicroelectronics,STM32L412CBT6P,STM32L4,STM32L412,STM32L412CB,LQFP,48,128 KiB,-40..85 C,P,,STM32L412CBTx,ordering_pattern,deterministic_ordering_pattern,tcl/target/stm32l4x.cfg,official_st_datasheet_ordering_information,DS12469 Rev 9 p194,https://www.st.com/resource/en/datasheet/stm32l412c8.pdf,verified_st_datasheet_ordering_information_plus_retained_exact_identity
STMicroelectronics,STM32L412CBT6TR,STM32L4,STM32L412,STM32L412CB,LQFP,48,128 KiB,-40..85 C,TR,,STM32L412CBTx,ordering_pattern,deterministic_ordering_pattern,tcl/target/stm32l4x.cfg,official_st_datasheet_ordering_information,DS12469 Rev 9 p194,https://www.st.com/resource/en/datasheet/stm32l412c8.pdf,verified_st_datasheet_ordering_information_plus_retained_exact_identity
STMicroelectronics,STM32L412CBU6,STM32L4,STM32L412,STM32L412CB,UFQFPN,48,128 KiB,-40..85 C,,,STM32L412CBUx,ordering_pattern,deterministic_ordering_pattern,tcl/target/stm32l4x.cfg,official_st_datasheet_ordering_information,DS12469 Rev 9 p194,https://www.st.com/resource/en/datasheet/stm32l412c8.pdf,verified_st_datasheet_ordering_information_plus_retained_exact_identity
STMicroelectronics,STM32L412CBU6P,STM32L4,STM32L412,STM32L412CB,UFQFPN,48,128 KiB,-40..85 C,P,,STM32L412CBUx,ordering_pattern,deterministic_ordering_pattern,tcl/target/stm32l4x.cfg,official_st_datasheet_ordering_information,DS12469 Rev 9 p194,https://www.st.com/resource/en/datasheet/stm32l412c8.pdf,verified_st_datasheet_ordering_information_plus_retained_exact_identity
STMicroelectronics,STM32L412CBU6TR,STM32L4,STM32L412,STM32L412CB,UFQFPN,48,128 KiB,-40..85 C,TR,,STM32L412CBUx,ordering_pattern,deterministic_ordering_pattern,tcl/target/stm32l4x.cfg,official_st_datasheet_ordering_information,DS12469 Rev 9 p194,https://www.st.com/resource/en/datasheet/stm32l412c8.pdf,verified_st_datasheet_ordering_information_plus_retained_exact_identity
STMicroelectronics,STM32L412K8T6,STM32L4,STM32L412,STM32L412K8,LQFP,32,64 KiB,-40..85 C,,,STM32L412K8Tx,ordering_pattern,deterministic_ordering_pattern,tcl/target/stm32l4x.cfg,official_st_datasheet_ordering_information,DS12469 Rev 9 p194,https://www.st.com/resource/en/datasheet/stm32l412c8.pdf,verified_st_datasheet_ordering_information_plus_retained_exact_identity
STMicroelectronics,STM32L412K8T6TR,STM32L4,STM32L412,STM32L412K8,LQFP,32,64 KiB,-40..85 C,TR,,STM32L412K8Tx,ordering_pattern,deterministic_ordering_pattern,tcl/target/stm32l4x.cfg,official_st_datasheet_ordering_information,DS12469 Rev 9 p194,https://www.st.com/resource/en/datasheet/stm32l412c8.pdf,verified_st_datasheet_ordering_information_plus_retained_exact_identity
STMicroelectronics,STM32L412K8U6,STM32L4,STM32L412,STM32L412K8,UFQFPN,32,64 KiB,-40..85 C,,,STM32L412K8Ux,ordering_pattern,deterministic_ordering_pattern,tcl/target/stm32l4x.cfg,official_st_datasheet_ordering_information,DS12469 Rev 9 p194,https://www.st.com/resource/en/datasheet/stm32l412c8.pdf,verified_st_datasheet_ordering_information_plus_retained_exact_identity
STMicroelectronics,STM32L412K8U6TR,STM32L4,STM32L412,STM32L412K8,UFQFPN,32,64 KiB,-40..85 C,TR,,STM32L412K8Ux,ordering_pattern,deterministic_ordering_pattern,tcl/target/stm32l4x.cfg,official_st_datasheet_ordering_information,DS12469 Rev 9 p194,https://www.st.com/resource/en/datasheet/stm32l412c8.pdf,verified_st_datasheet_ordering_information_plus_retained_exact_identity
STMicroelectronics,STM32L412KBT3,STM32L4,STM32L412,STM32L412KB,LQFP,32,128 KiB,-40..125 C,,,STM32L412KBTx,ordering_pattern,deterministic_ordering_pattern,tcl/target/stm32l4x.cfg,official_st_datasheet_ordering_information,DS12469 Rev 9 p194,https://www.st.com/resource/en/datasheet/stm32l412c8.pdf,verified_st_datasheet_ordering_information_plus_retained_exact_identity
STMicroelectronics,STM32L412KBT3TR,STM32L4,STM32L412,STM32L412KB,LQFP,32,128 KiB,-40..125 C,TR,,STM32L412KBTx,ordering_pattern,deterministic_ordering_pattern,tcl/target/stm32l4x.cfg,official_st_datasheet_ordering_information,DS12469 Rev 9 p194,https://www.st.com/resource/en/datasheet/stm32l412c8.pdf,verified_st_datasheet_ordering_information_plus_retained_exact_identity
STMicroelectronics,STM32L412KBT6,STM32L4,STM32L412,STM32L412KB,LQFP,32,128 KiB,-40..85 C,,,STM32L412KBTx,ordering_pattern,deterministic_ordering_pattern,tcl/target/stm32l4x.cfg,official_st_datasheet_ordering_information,DS12469 Rev 9 p194,https://www.st.com/resource/en/datasheet/stm32l412c8.pdf,verified_st_datasheet_ordering_information_plus_retained_exact_identity
STMicroelectronics,STM32L412KBT6TR,STM32L4,STM32L412,STM32L412KB,LQFP,32,128 KiB,-40..85 C,TR,,STM32L412KBTx,ordering_pattern,deterministic_ordering_pattern,tcl/target/stm32l4x.cfg,official_st_datasheet_ordering_information,DS12469 Rev 9 p194,https://www.st.com/resource/en/datasheet/stm32l412c8.pdf,verified_st_datasheet_ordering_information_plus_retained_exact_identity
STMicroelectronics,STM32L412KBU3,STM32L4,STM32L412,STM32L412KB,UFQFPN,32,128 KiB,-40..125 C,,,STM32L412KBUx,ordering_pattern,deterministic_ordering_pattern,tcl/target/stm32l4x.cfg,official_st_datasheet_ordering_information,DS12469 Rev 9 p194,https://www.st.com/resource/en/datasheet/stm32l412c8.pdf,verified_st_datasheet_ordering_information_plus_retained_exact_identity
STMicroelectronics,STM32L412KBU6,STM32L4,STM32L412,STM32L412KB,UFQFPN,32,128 KiB,-40..85 C,,,STM32L412KBUx,ordering_pattern,deterministic_ordering_pattern,tcl/target/stm32l4x.cfg,official_st_datasheet_ordering_information,DS12469 Rev 9 p194,https://www.st.com/resource/en/datasheet/stm32l412c8.pdf,verified_st_datasheet_ordering_information_plus_retained_exact_identity
STMicroelectronics,STM32L412KBU6TR,STM32L4,STM32L412,STM32L412KB,UFQFPN,32,128 KiB,-40..85 C,TR,,STM32L412KBUx,ordering_pattern,deterministic_ordering_pattern,tcl/target/stm32l4x.cfg,official_st_datasheet_ordering_information,DS12469 Rev 9 p194,https://www.st.com/resource/en/datasheet/stm32l412c8.pdf,verified_st_datasheet_ordering_information_plus_retained_exact_identity
STMicroelectronics,STM32L412R8I6,STM32L4,STM32L412,STM32L412R8,UFBGA,64,64 KiB,-40..85 C,,,STM32L412R8Ix,ordering_pattern,deterministic_ordering_pattern,tcl/target/stm32l4x.cfg,official_st_datasheet_ordering_information,DS12469 Rev 9 p194,https://www.st.com/resource/en/datasheet/stm32l412c8.pdf,verified_st_datasheet_ordering_information_plus_retained_exact_identity
STMicroelectronics,STM32L412R8T6,STM32L4,STM32L412,STM32L412R8,LQFP,64,64 KiB,-40..85 C,,,STM32L412R8Tx,ordering_pattern,deterministic_ordering_pattern,tcl/target/stm32l4x.cfg,official_st_datasheet_ordering_information,DS12469 Rev 9 p194,https://www.st.com/resource/en/datasheet/stm32l412c8.pdf,verified_st_datasheet_ordering_information_plus_retained_exact_identity
STMicroelectronics,STM32L412R8T6TR,STM32L4,STM32L412,STM32L412R8,LQFP,64,64 KiB,-40..85 C,TR,,STM32L412R8Tx,ordering_pattern,deterministic_ordering_pattern,tcl/target/stm32l4x.cfg,official_st_datasheet_ordering_information,DS12469 Rev 9 p194,https://www.st.com/resource/en/datasheet/stm32l412c8.pdf,verified_st_datasheet_ordering_information_plus_retained_exact_identity
STMicroelectronics,STM32L412RBI6,STM32L4,STM32L412,STM32L412RB,UFBGA,64,128 KiB,-40..85 C,,,STM32L412RBIx,ordering_pattern,deterministic_ordering_pattern,tcl/target/stm32l4x.cfg,official_st_datasheet_ordering_information,DS12469 Rev 9 p194,https://www.st.com/resource/en/datasheet/stm32l412c8.pdf,verified_st_datasheet_ordering_information_plus_retained_exact_identity
STMicroelectronics,STM32L412RBI6P,STM32L4,STM32L412,STM32L412RB,UFBGA,64,128 KiB,-40..85 C,P,,STM32L412RBIx,ordering_pattern,deterministic_ordering_pattern,tcl/target/stm32l4x.cfg,official_st_datasheet_ordering_information,DS12469 Rev 9 p194,https://www.st.com/resource/en/datasheet/stm32l412c8.pdf,verified_st_datasheet_ordering_information_plus_retained_exact_identity
STMicroelectronics,STM32L412RBT6,STM32L4,STM32L412,STM32L412RB,LQFP,64,128 KiB,-40..85 C,,,STM32L412RBTx,ordering_pattern,deterministic_ordering_pattern,tcl/target/stm32l4x.cfg,official_st_datasheet_ordering_information,DS12469 Rev 9 p194,https://www.st.com/resource/en/datasheet/stm32l412c8.pdf,verified_st_datasheet_ordering_information_plus_retained_exact_identity
STMicroelectronics,STM32L412RBT6P,STM32L4,STM32L412,STM32L412RB,LQFP,64,128 KiB,-40..85 C,P,,STM32L412RBTx,ordering_pattern,deterministic_ordering_pattern,tcl/target/stm32l4x.cfg,official_st_datasheet_ordering_information,DS12469 Rev 9 p194,https://www.st.com/resource/en/datasheet/stm32l412c8.pdf,verified_st_datasheet_ordering_information_plus_retained_exact_identity
STMicroelectronics,STM32L412RBT6TR,STM32L4,STM32L412,STM32L412RB,LQFP,64,128 KiB,-40..85 C,TR,,STM32L412RBTx,ordering_pattern,deterministic_ordering_pattern,tcl/target/stm32l4x.cfg,official_st_datasheet_ordering_information,DS12469 Rev 9 p194,https://www.st.com/resource/en/datasheet/stm32l412c8.pdf,verified_st_datasheet_ordering_information_plus_retained_exact_identity
STMicroelectronics,STM32L412T8Y6TR,STM32L4,STM32L412,STM32L412T8,WLCSP,36,64 KiB,-40..85 C,TR,,STM32L412T8Yx,ordering_pattern,deterministic_ordering_pattern,tcl/target/stm32l4x.cfg,official_st_datasheet_ordering_information,DS12469 Rev 9 p194,https://www.st.com/resource/en/datasheet/stm32l412c8.pdf,verified_st_datasheet_ordering_information_plus_retained_exact_identity
STMicroelectronics,STM32L412TBY3TR,STM32L4,STM32L412,STM32L412TB,WLCSP,36,128 KiB,-40..125 C,TR,,STM32L412TBYx,ordering_pattern,deterministic_ordering_pattern,tcl/target/stm32l4x.cfg,official_st_datasheet_ordering_information,DS12469 Rev 9 p194,https://www.st.com/resource/en/datasheet/stm32l412c8.pdf,verified_st_datasheet_ordering_information_plus_retained_exact_identity
STMicroelectronics,STM32L412TBY6PTR,STM32L4,STM32L412,STM32L412TB,WLCSP,36,128 KiB,-40..85 C,PTR,,STM32L412TBYx,ordering_pattern,deterministic_ordering_pattern,tcl/target/stm32l4x.cfg,official_st_datasheet_ordering_information,DS12469 Rev 9 p194,https://www.st.com/resource/en/datasheet/stm32l412c8.pdf,verified_st_datasheet_ordering_information_plus_retained_exact_identity
STMicroelectronics,STM32L412TBY6TR,STM32L4,STM32L412,STM32L412TB,WLCSP,36,128 KiB,-40..85 C,TR,,STM32L412TBYx,ordering_pattern,deterministic_ordering_pattern,tcl/target/stm32l4x.cfg,official_st_datasheet_ordering_information,DS12469 Rev 9 p194,https://www.st.com/resource/en/datasheet/stm32l412c8.pdf,verified_st_datasheet_ordering_information_plus_retained_exact_identity
STMicroelectronics,STM32L422CBT6,STM32L4,STM32L422,STM32L422CB,LQFP,48,128 KiB,-40..85 C,,,STM32L422CBTx,ordering_pattern,deterministic_ordering_pattern,tcl/target/stm32l4x.cfg,official_st_datasheet_ordering_information,DS12470 Rev 6 p185,https://www.st.com/resource/en/datasheet/stm32l422cb.pdf,verified_st_datasheet_ordering_information_plus_retained_exact_identity
STMicroelectronics,STM32L422CBU6,STM32L4,STM32L422,STM32L422CB,UFQFPN,48,128 KiB,-40..85 C,,,STM32L422CBUx,ordering_pattern,deterministic_ordering_pattern,tcl/target/stm32l4x.cfg,official_st_datasheet_ordering_information,DS12470 Rev 6 p185,https://www.st.com/resource/en/datasheet/stm32l422cb.pdf,verified_st_datasheet_ordering_information_plus_retained_exact_identity
STMicroelectronics,STM32L422KBT6,STM32L4,STM32L422,STM32L422KB,LQFP,32,128 KiB,-40..85 C,,,STM32L422KBTx,ordering_pattern,deterministic_ordering_pattern,tcl/target/stm32l4x.cfg,official_st_datasheet_ordering_information,DS12470 Rev 6 p185,https://www.st.com/resource/en/datasheet/stm32l422cb.pdf,verified_st_datasheet_ordering_information_plus_retained_exact_identity
STMicroelectronics,STM32L422KBU6,STM32L4,STM32L422,STM32L422KB,UFQFPN,32,128 KiB,-40..85 C,,,STM32L422KBUx,ordering_pattern,deterministic_ordering_pattern,tcl/target/stm32l4x.cfg,official_st_datasheet_ordering_information,DS12470 Rev 6 p185,https://www.st.com/resource/en/datasheet/stm32l422cb.pdf,verified_st_datasheet_ordering_information_plus_retained_exact_identity
STMicroelectronics,STM32L422RBI6,STM32L4,STM32L422,STM32L422RB,UFBGA,64,128 KiB,-40..85 C,,,STM32L422RBIx,ordering_pattern,deterministic_ordering_pattern,tcl/target/stm32l4x.cfg,official_st_datasheet_ordering_information,DS12470 Rev 6 p185,https://www.st.com/resource/en/datasheet/stm32l422cb.pdf,verified_st_datasheet_ordering_information_plus_retained_exact_identity
STMicroelectronics,STM32L422RBT6,STM32L4,STM32L422,STM32L422RB,LQFP,64,128 KiB,-40..85 C,,,STM32L422RBTx,ordering_pattern,deterministic_ordering_pattern,tcl/target/stm32l4x.cfg,official_st_datasheet_ordering_information,DS12470 Rev 6 p185,https://www.st.com/resource/en/datasheet/stm32l422cb.pdf,verified_st_datasheet_ordering_information_plus_retained_exact_identity
STMicroelectronics,STM32L422TBY6TR,STM32L4,STM32L422,STM32L422TB,WLCSP,36,128 KiB,-40..85 C,TR,,STM32L422TBYx,ordering_pattern,deterministic_ordering_pattern,tcl/target/stm32l4x.cfg,official_st_datasheet_ordering_information,DS12470 Rev 6 p185,https://www.st.com/resource/en/datasheet/stm32l422cb.pdf,verified_st_datasheet_ordering_information_plus_retained_exact_identity
STMicroelectronics,STM32L431CBT3,STM32L4,STM32L431,STM32L431CB,LQFP,48,128 KiB,-40..125 C,,,STM32L431CBTx,ordering_pattern,deterministic_ordering_pattern,tcl/target/stm32l4x.cfg,official_st_datasheet_ordering_information,DS11453 Rev 3 p206,https://www.st.com/resource/en/datasheet/stm32l431cb.pdf,verified_st_datasheet_ordering_information_plus_retained_exact_identity
STMicroelectronics,STM32L431CBT3TR,STM32L4,STM32L431,STM32L431CB,LQFP,48,128 KiB,-40..125 C,TR,,STM32L431CBTx,ordering_pattern,deterministic_ordering_pattern,tcl/target/stm32l4x.cfg,official_st_datasheet_ordering_information,DS11453 Rev 3 p206,https://www.st.com/resource/en/datasheet/stm32l431cb.pdf,verified_st_datasheet_ordering_information_plus_retained_exact_identity
STMicroelectronics,STM32L431CBT6,STM32L4,STM32L431,STM32L431CB,LQFP,48,128 KiB,-40..85 C,,,STM32L431CBTx,ordering_pattern,deterministic_ordering_pattern,tcl/target/stm32l4x.cfg,official_st_datasheet_ordering_information,DS11453 Rev 3 p206,https://www.st.com/resource/en/datasheet/stm32l431cb.pdf,verified_st_datasheet_ordering_information_plus_retained_exact_identity
STMicroelectronics,STM32L431CBT6TR,STM32L4,STM32L431,STM32L431CB,LQFP,48,128 KiB,-40..85 C,TR,,STM32L431CBTx,ordering_pattern,deterministic_ordering_pattern,tcl/target/stm32l4x.cfg,official_st_datasheet_ordering_information,DS11453 Rev 3 p206,https://www.st.com/resource/en/datasheet/stm32l431cb.pdf,verified_st_datasheet_ordering_information_plus_retained_exact_identity
STMicroelectronics,STM32L431CBU6,STM32L4,STM32L431,STM32L431CB,UFQFPN,48,128 KiB,-40..85 C,,,STM32L431CBUx,ordering_pattern,deterministic_ordering_pattern,tcl/target/stm32l4x.cfg,official_st_datasheet_ordering_information,DS11453 Rev 3 p206,https://www.st.com/resource/en/datasheet/stm32l431cb.pdf,verified_st_datasheet_ordering_information_plus_retained_exact_identity
STMicroelectronics,STM32L431CBU6TR,STM32L4,STM32L431,STM32L431CB,UFQFPN,48,128 KiB,-40..85 C,TR,,STM32L431CBUx,ordering_pattern,deterministic_ordering_pattern,tcl/target/stm32l4x.cfg,official_st_datasheet_ordering_information,DS11453 Rev 3 p206,https://www.st.com/resource/en/datasheet/stm32l431cb.pdf,verified_st_datasheet_ordering_information_plus_retained_exact_identity
STMicroelectronics,STM32L431CBY6TR,STM32L4,STM32L431,STM32L431CB,WLCSP,48,128 KiB,-40..85 C,TR,,STM32L431CBYx,ordering_pattern,deterministic_ordering_pattern,tcl/target/stm32l4x.cfg,official_st_datasheet_ordering_information,DS11453 Rev 3 p206,https://www.st.com/resource/en/datasheet/stm32l431cb.pdf,verified_st_datasheet_ordering_information_plus_retained_exact_identity
STMicroelectronics,STM32L431CBY7TR,STM32L4,STM32L431,STM32L431CB,WLCSP,48,128 KiB,-40..105 C,TR,,STM32L431CBYx,ordering_pattern,deterministic_ordering_pattern,tcl/target/stm32l4x.cfg,official_st_datasheet_ordering_information,DS11453 Rev 3 p206,https://www.st.com/resource/en/datasheet/stm32l431cb.pdf,verified_st_datasheet_ordering_information_plus_retained_exact_identity
STMicroelectronics,STM32L431CCT6,STM32L4,STM32L431,STM32L431CC,LQFP,48,256 KiB,-40..85 C,,,STM32L431CCTx,ordering_pattern,deterministic_ordering_pattern,tcl/target/stm32l4x.cfg,official_st_datasheet_ordering_information,DS11453 Rev 3 p206,https://www.st.com/resource/en/datasheet/stm32l431cb.pdf,verified_st_datasheet_ordering_information_plus_retained_exact_identity
STMicroelectronics,STM32L431CCT6TR,STM32L4,STM32L431,STM32L431CC,LQFP,48,256 KiB,-40..85 C,TR,,STM32L431CCTx,ordering_pattern,deterministic_ordering_pattern,tcl/target/stm32l4x.cfg,official_st_datasheet_ordering_information,DS11453 Rev 3 p206,https://www.st.com/resource/en/datasheet/stm32l431cb.pdf,verified_st_datasheet_ordering_information_plus_retained_exact_identity
STMicroelectronics,STM32L431CCU6,STM32L4,STM32L431,STM32L431CC,UFQFPN,48,256 KiB,-40..85 C,,,STM32L431CCUx,ordering_pattern,deterministic_ordering_pattern,tcl/target/stm32l4x.cfg,official_st_datasheet_ordering_information,DS11453 Rev 3 p206,https://www.st.com/resource/en/datasheet/stm32l431cb.pdf,verified_st_datasheet_ordering_information_plus_retained_exact_identity
STMicroelectronics,STM32L431CCU6TR,STM32L4,STM32L431,STM32L431CC,UFQFPN,48,256 KiB,-40..85 C,TR,,STM32L431CCUx,ordering_pattern,deterministic_ordering_pattern,tcl/target/stm32l4x.cfg,official_st_datasheet_ordering_information,DS11453 Rev 3 p206,https://www.st.com/resource/en/datasheet/stm32l431cb.pdf,verified_st_datasheet_ordering_information_plus_retained_exact_identity
STMicroelectronics,STM32L431CCU7,STM32L4,STM32L431,STM32L431CC,UFQFPN,48,256 KiB,-40..105 C,,,STM32L431CCUx,ordering_pattern,deterministic_ordering_pattern,tcl/target/stm32l4x.cfg,official_st_datasheet_ordering_information,DS11453 Rev 3 p206,https://www.st.com/resource/en/datasheet/stm32l431cb.pdf,verified_st_datasheet_ordering_information_plus_retained_exact_identity
STMicroelectronics,STM32L431CCU7TR,STM32L4,STM32L431,STM32L431CC,UFQFPN,48,256 KiB,-40..105 C,TR,,STM32L431CCUx,ordering_pattern,deterministic_ordering_pattern,tcl/target/stm32l4x.cfg,official_st_datasheet_ordering_information,DS11453 Rev 3 p206,https://www.st.com/resource/en/datasheet/stm32l431cb.pdf,verified_st_datasheet_ordering_information_plus_retained_exact_identity
STMicroelectronics,STM32L431CCY3TR,STM32L4,STM32L431,STM32L431CC,WLCSP,48,256 KiB,-40..125 C,TR,,STM32L431CCYx,ordering_pattern,deterministic_ordering_pattern,tcl/target/stm32l4x.cfg,official_st_datasheet_ordering_information,DS11453 Rev 3 p206,https://www.st.com/resource/en/datasheet/stm32l431cb.pdf,verified_st_datasheet_ordering_information_plus_retained_exact_identity
STMicroelectronics,STM32L431CCY6TR,STM32L4,STM32L431,STM32L431CC,WLCSP,48,256 KiB,-40..85 C,TR,,STM32L431CCYx,ordering_pattern,deterministic_ordering_pattern,tcl/target/stm32l4x.cfg,official_st_datasheet_ordering_information,DS11453 Rev 3 p206,https://www.st.com/resource/en/datasheet/stm32l431cb.pdf,verified_st_datasheet_ordering_information_plus_retained_exact_identity
STMicroelectronics,STM32L431KBU3,STM32L4,STM32L431,STM32L431KB,UFQFPN,32,128 KiB,-40..125 C,,,STM32L431KBUx,ordering_pattern,deterministic_ordering_pattern,tcl/target/stm32l4x.cfg,official_st_datasheet_ordering_information,DS11453 Rev 3 p206,https://www.st.com/resource/en/datasheet/stm32l431cb.pdf,verified_st_datasheet_ordering_information_plus_retained_exact_identity
STMicroelectronics,STM32L431KBU3TR,STM32L4,STM32L431,STM32L431KB,UFQFPN,32,128 KiB,-40..125 C,TR,,STM32L431KBUx,ordering_pattern,deterministic_ordering_pattern,tcl/target/stm32l4x.cfg,official_st_datasheet_ordering_information,DS11453 Rev 3 p206,https://www.st.com/resource/en/datasheet/stm32l431cb.pdf,verified_st_datasheet_ordering_information_plus_retained_exact_identity
STMicroelectronics,STM32L431KBU6,STM32L4,STM32L431,STM32L431KB,UFQFPN,32,128 KiB,-40..85 C,,,STM32L431KBUx,ordering_pattern,deterministic_ordering_pattern,tcl/target/stm32l4x.cfg,official_st_datasheet_ordering_information,DS11453 Rev 3 p206,https://www.st.com/resource/en/datasheet/stm32l431cb.pdf,verified_st_datasheet_ordering_information_plus_retained_exact_identity
STMicroelectronics,STM32L431KBU6TR,STM32L4,STM32L431,STM32L431KB,UFQFPN,32,128 KiB,-40..85 C,TR,,STM32L431KBUx,ordering_pattern,deterministic_ordering_pattern,tcl/target/stm32l4x.cfg,official_st_datasheet_ordering_information,DS11453 Rev 3 p206,https://www.st.com/resource/en/datasheet/stm32l431cb.pdf,verified_st_datasheet_ordering_information_plus_retained_exact_identity
STMicroelectronics,STM32L431KCU6,STM32L4,STM32L431,STM32L431KC,UFQFPN,32,256 KiB,-40..85 C,,,STM32L431KCUx,ordering_pattern,deterministic_ordering_pattern,tcl/target/stm32l4x.cfg,official_st_datasheet_ordering_information,DS11453 Rev 3 p206,https://www.st.com/resource/en/datasheet/stm32l431cb.pdf,verified_st_datasheet_ordering_information_plus_retained_exact_identity
STMicroelectronics,STM32L431KCU6TR,STM32L4,STM32L431,STM32L431KC,UFQFPN,32,256 KiB,-40..85 C,TR,,STM32L431KCUx,ordering_pattern,deterministic_ordering_pattern,tcl/target/stm32l4x.cfg,official_st_datasheet_ordering_information,DS11453 Rev 3 p206,https://www.st.com/resource/en/datasheet/stm32l431cb.pdf,verified_st_datasheet_ordering_information_plus_retained_exact_identity
STMicroelectronics,STM32L431RBI3,STM32L4,STM32L431,STM32L431RB,UFBGA,64,128 KiB,-40..125 C,,,STM32L431RBIx,ordering_pattern,deterministic_ordering_pattern,tcl/target/stm32l4x.cfg,official_st_datasheet_ordering_information,DS11453 Rev 3 p206,https://www.st.com/resource/en/datasheet/stm32l431cb.pdf,verified_st_datasheet_ordering_information_plus_retained_exact_identity
STMicroelectronics,STM32L431RBI3TR,STM32L4,STM32L431,STM32L431RB,UFBGA,64,128 KiB,-40..125 C,TR,,STM32L431RBIx,ordering_pattern,deterministic_ordering_pattern,tcl/target/stm32l4x.cfg,official_st_datasheet_ordering_information,DS11453 Rev 3 p206,https://www.st.com/resource/en/datasheet/stm32l431cb.pdf,verified_st_datasheet_ordering_information_plus_retained_exact_identity
STMicroelectronics,STM32L431RBI6,STM32L4,STM32L431,STM32L431RB,UFBGA,64,128 KiB,-40..85 C,,,STM32L431RBIx,ordering_pattern,deterministic_ordering_pattern,tcl/target/stm32l4x.cfg,official_st_datasheet_ordering_information,DS11453 Rev 3 p206,https://www.st.com/resource/en/datasheet/stm32l431cb.pdf,verified_st_datasheet_ordering_information_plus_retained_exact_identity
STMicroelectronics,STM32L431RBI6TR,STM32L4,STM32L431,STM32L431RB,UFBGA,64,128 KiB,-40..85 C,TR,,STM32L431RBIx,ordering_pattern,deterministic_ordering_pattern,tcl/target/stm32l4x.cfg,official_st_datasheet_ordering_information,DS11453 Rev 3 p206,https://www.st.com/resource/en/datasheet/stm32l431cb.pdf,verified_st_datasheet_ordering_information_plus_retained_exact_identity
STMicroelectronics,STM32L431RBT6,STM32L4,STM32L431,STM32L431RB,LQFP,64,128 KiB,-40..85 C,,,STM32L431RBTx,ordering_pattern,deterministic_ordering_pattern,tcl/target/stm32l4x.cfg,official_st_datasheet_ordering_information,DS11453 Rev 3 p206,https://www.st.com/resource/en/datasheet/stm32l431cb.pdf,verified_st_datasheet_ordering_information_plus_retained_exact_identity
STMicroelectronics,STM32L431RBT6TR,STM32L4,STM32L431,STM32L431RB,LQFP,64,128 KiB,-40..85 C,TR,,STM32L431RBTx,ordering_pattern,deterministic_ordering_pattern,tcl/target/stm32l4x.cfg,official_st_datasheet_ordering_information,DS11453 Rev 3 p206,https://www.st.com/resource/en/datasheet/stm32l431cb.pdf,verified_st_datasheet_ordering_information_plus_retained_exact_identity
STMicroelectronics,STM32L431RBY6TR,STM32L4,STM32L431,STM32L431RB,WLCSP,64,128 KiB,-40..85 C,TR,,STM32L431RBYx,ordering_pattern,deterministic_ordering_pattern,tcl/target/stm32l4x.cfg,official_st_datasheet_ordering_information,DS11453 Rev 3 p206,https://www.st.com/resource/en/datasheet/stm32l431cb.pdf,verified_st_datasheet_ordering_information_plus_retained_exact_identity
STMicroelectronics,STM32L431RCI6,STM32L4,STM32L431,STM32L431RC,UFBGA,64,256 KiB,-40..85 C,,,STM32L431RCIx,ordering_pattern,deterministic_ordering_pattern,tcl/target/stm32l4x.cfg,official_st_datasheet_ordering_information,DS11453 Rev 3 p206,https://www.st.com/resource/en/datasheet/stm32l431cb.pdf,verified_st_datasheet_ordering_information_plus_retained_exact_identity
STMicroelectronics,STM32L431RCI6TR,STM32L4,STM32L431,STM32L431RC,UFBGA,64,256 KiB,-40..85 C,TR,,STM32L431RCIx,ordering_pattern,deterministic_ordering_pattern,tcl/target/stm32l4x.cfg,official_st_datasheet_ordering_information,DS11453 Rev 3 p206,https://www.st.com/resource/en/datasheet/stm32l431cb.pdf,verified_st_datasheet_ordering_information_plus_retained_exact_identity
STMicroelectronics,STM32L431RCT6,STM32L4,STM32L431,STM32L431RC,LQFP,64,256 KiB,-40..85 C,,,STM32L431RCTx,ordering_pattern,deterministic_ordering_pattern,tcl/target/stm32l4x.cfg,official_st_datasheet_ordering_information,DS11453 Rev 3 p206,https://www.st.com/resource/en/datasheet/stm32l431cb.pdf,verified_st_datasheet_ordering_information_plus_retained_exact_identity
STMicroelectronics,STM32L431RCT6TR,STM32L4,STM32L431,STM32L431RC,LQFP,64,256 KiB,-40..85 C,TR,,STM32L431RCTx,ordering_pattern,deterministic_ordering_pattern,tcl/target/stm32l4x.cfg,official_st_datasheet_ordering_information,DS11453 Rev 3 p206,https://www.st.com/resource/en/datasheet/stm32l431cb.pdf,verified_st_datasheet_ordering_information_plus_retained_exact_identity
STMicroelectronics,STM32L431RCY6TR,STM32L4,STM32L431,STM32L431RC,WLCSP,64,256 KiB,-40..85 C,TR,,STM32L431RCYx,ordering_pattern,deterministic_ordering_pattern,tcl/target/stm32l4x.cfg,official_st_datasheet_ordering_information,DS11453 Rev 3 p206,https://www.st.com/resource/en/datasheet/stm32l431cb.pdf,verified_st_datasheet_ordering_information_plus_retained_exact_identity
STMicroelectronics,STM32L431VCI3,STM32L4,STM32L431,STM32L431VC,UFBGA,100,256 KiB,-40..125 C,,,STM32L431VCIx,ordering_pattern,deterministic_ordering_pattern,tcl/target/stm32l4x.cfg,official_st_datasheet_ordering_information,DS11453 Rev 3 p206,https://www.st.com/resource/en/datasheet/stm32l431cb.pdf,verified_st_datasheet_ordering_information_plus_retained_exact_identity
STMicroelectronics,STM32L431VCI3TR,STM32L4,STM32L431,STM32L431VC,UFBGA,100,256 KiB,-40..125 C,TR,,STM32L431VCIx,ordering_pattern,deterministic_ordering_pattern,tcl/target/stm32l4x.cfg,official_st_datasheet_ordering_information,DS11453 Rev 3 p206,https://www.st.com/resource/en/datasheet/stm32l431cb.pdf,verified_st_datasheet_ordering_information_plus_retained_exact_identity
STMicroelectronics,STM32L431VCI6,STM32L4,STM32L431,STM32L431VC,UFBGA,100,256 KiB,-40..85 C,,,STM32L431VCIx,ordering_pattern,deterministic_ordering_pattern,tcl/target/stm32l4x.cfg,official_st_datasheet_ordering_information,DS11453 Rev 3 p206,https://www.st.com/resource/en/datasheet/stm32l431cb.pdf,verified_st_datasheet_ordering_information_plus_retained_exact_identity
STMicroelectronics,STM32L431VCI6TR,STM32L4,STM32L431,STM32L431VC,UFBGA,100,256 KiB,-40..85 C,TR,,STM32L431VCIx,ordering_pattern,deterministic_ordering_pattern,tcl/target/stm32l4x.cfg,official_st_datasheet_ordering_information,DS11453 Rev 3 p206,https://www.st.com/resource/en/datasheet/stm32l431cb.pdf,verified_st_datasheet_ordering_information_plus_retained_exact_identity
STMicroelectronics,STM32L431VCI7,STM32L4,STM32L431,STM32L431VC,UFBGA,100,256 KiB,-40..105 C,,,STM32L431VCIx,ordering_pattern,deterministic_ordering_pattern,tcl/target/stm32l4x.cfg,official_st_datasheet_ordering_information,DS11453 Rev 3 p206,https://www.st.com/resource/en/datasheet/stm32l431cb.pdf,verified_st_datasheet_ordering_information_plus_retained_exact_identity
STMicroelectronics,STM32L431VCI7TR,STM32L4,STM32L431,STM32L431VC,UFBGA,100,256 KiB,-40..105 C,TR,,STM32L431VCIx,ordering_pattern,deterministic_ordering_pattern,tcl/target/stm32l4x.cfg,official_st_datasheet_ordering_information,DS11453 Rev 3 p206,https://www.st.com/resource/en/datasheet/stm32l431cb.pdf,verified_st_datasheet_ordering_information_plus_retained_exact_identity
STMicroelectronics,STM32L431VCT6,STM32L4,STM32L431,STM32L431VC,LQFP,100,256 KiB,-40..85 C,,,STM32L431VCTx,ordering_pattern,deterministic_ordering_pattern,tcl/target/stm32l4x.cfg,official_st_datasheet_ordering_information,DS11453 Rev 3 p206,https://www.st.com/resource/en/datasheet/stm32l431cb.pdf,verified_st_datasheet_ordering_information_plus_retained_exact_identity
STMicroelectronics,STM32L431VCT6TR,STM32L4,STM32L431,STM32L431VC,LQFP,100,256 KiB,-40..85 C,TR,,STM32L431VCTx,ordering_pattern,deterministic_ordering_pattern,tcl/target/stm32l4x.cfg,official_st_datasheet_ordering_information,DS11453 Rev 3 p206,https://www.st.com/resource/en/datasheet/stm32l431cb.pdf,verified_st_datasheet_ordering_information_plus_retained_exact_identity
STMicroelectronics,STM32L432KBU6,STM32L4,STM32L432,STM32L432KB,UFQFPN,32,128 KiB,-40..85 C,,,STM32L432KBUx,ordering_pattern,deterministic_ordering_pattern,tcl/target/stm32l4x.cfg,official_st_datasheet_ordering_information,DS11451 Rev 4 p153,https://www.st.com/resource/en/datasheet/stm32l432kb.pdf,verified_st_datasheet_ordering_information_plus_retained_exact_identity
STMicroelectronics,STM32L432KBU6TR,STM32L4,STM32L432,STM32L432KB,UFQFPN,32,128 KiB,-40..85 C,TR,,STM32L432KBUx,ordering_pattern,deterministic_ordering_pattern,tcl/target/stm32l4x.cfg,official_st_datasheet_ordering_information,DS11451 Rev 4 p153,https://www.st.com/resource/en/datasheet/stm32l432kb.pdf,verified_st_datasheet_ordering_information_plus_retained_exact_identity
STMicroelectronics,STM32L432KCU3,STM32L4,STM32L432,STM32L432KC,UFQFPN,32,256 KiB,-40..125 C,,,STM32L432KCUx,ordering_pattern,deterministic_ordering_pattern,tcl/target/stm32l4x.cfg,official_st_datasheet_ordering_information,DS11451 Rev 4 p153,https://www.st.com/resource/en/datasheet/stm32l432kb.pdf,verified_st_datasheet_ordering_information_plus_retained_exact_identity
STMicroelectronics,STM32L432KCU3TR,STM32L4,STM32L432,STM32L432KC,UFQFPN,32,256 KiB,-40..125 C,TR,,STM32L432KCUx,ordering_pattern,deterministic_ordering_pattern,tcl/target/stm32l4x.cfg,official_st_datasheet_ordering_information,DS11451 Rev 4 p153,https://www.st.com/resource/en/datasheet/stm32l432kb.pdf,verified_st_datasheet_ordering_information_plus_retained_exact_identity
STMicroelectronics,STM32L432KCU6,STM32L4,STM32L432,STM32L432KC,UFQFPN,32,256 KiB,-40..85 C,,,STM32L432KCUx,ordering_pattern,deterministic_ordering_pattern,tcl/target/stm32l4x.cfg,official_st_datasheet_ordering_information,DS11451 Rev 4 p153,https://www.st.com/resource/en/datasheet/stm32l432kb.pdf,verified_st_datasheet_ordering_information_plus_retained_exact_identity
STMicroelectronics,STM32L432KCU6TR,STM32L4,STM32L432,STM32L432KC,UFQFPN,32,256 KiB,-40..85 C,TR,,STM32L432KCUx,ordering_pattern,deterministic_ordering_pattern,tcl/target/stm32l4x.cfg,official_st_datasheet_ordering_information,DS11451 Rev 4 p153,https://www.st.com/resource/en/datasheet/stm32l432kb.pdf,verified_st_datasheet_ordering_information_plus_retained_exact_identity
STMicroelectronics,STM32L433CBT6,STM32L4,STM32L433,STM32L433CB,LQFP,48,128 KiB,-40..85 C,,,STM32L433CBTx,ordering_pattern,deterministic_ordering_pattern,tcl/target/stm32l4x.cfg,official_st_datasheet_ordering_information,DS11449 Rev 8 p220,https://www.st.com/resource/en/datasheet/stm32l433cb.pdf,verified_st_datasheet_ordering_information_plus_retained_exact_identity
STMicroelectronics,STM32L433CBT7,STM32L4,STM32L433,STM32L433CB,LQFP,48,128 KiB,-40..105 C,,,STM32L433CBTx,ordering_pattern,deterministic_ordering_pattern,tcl/target/stm32l4x.cfg,official_st_datasheet_ordering_information,DS11449 Rev 8 p220,https://www.st.com/resource/en/datasheet/stm32l433cb.pdf,verified_st_datasheet_ordering_information_plus_retained_exact_identity
STMicroelectronics,STM32L433CBU6,STM32L4,STM32L433,STM32L433CB,UFQFPN,48,128 KiB,-40..85 C,,,STM32L433CBUx,ordering_pattern,deterministic_ordering_pattern,tcl/target/stm32l4x.cfg,official_st_datasheet_ordering_information,DS11449 Rev 8 p220,https://www.st.com/resource/en/datasheet/stm32l433cb.pdf,verified_st_datasheet_ordering_information_plus_retained_exact_identity
STMicroelectronics,STM32L433CBY6TR,STM32L4,STM32L433,STM32L433CB,WLCSP,48,128 KiB,-40..85 C,TR,,STM32L433CBYx,ordering_pattern,deterministic_ordering_pattern,tcl/target/stm32l4x.cfg,official_st_datasheet_ordering_information,DS11449 Rev 8 p220,https://www.st.com/resource/en/datasheet/stm32l433cb.pdf,verified_st_datasheet_ordering_information_plus_retained_exact_identity
STMicroelectronics,STM32L433CCT3,STM32L4,STM32L433,STM32L433CC,LQFP,48,256 KiB,-40..125 C,,,STM32L433CCTx,ordering_pattern,deterministic_ordering_pattern,tcl/target/stm32l4x.cfg,official_st_datasheet_ordering_information,DS11449 Rev 8 p220,https://www.st.com/resource/en/datasheet/stm32l433cb.pdf,verified_st_datasheet_ordering_information_plus_retained_exact_identity
STMicroelectronics,STM32L433CCT3TR,STM32L4,STM32L433,STM32L433CC,LQFP,48,256 KiB,-40..125 C,TR,,STM32L433CCTx,ordering_pattern,deterministic_ordering_pattern,tcl/target/stm32l4x.cfg,official_st_datasheet_ordering_information,DS11449 Rev 8 p220,https://www.st.com/resource/en/datasheet/stm32l433cb.pdf,verified_st_datasheet_ordering_information_plus_retained_exact_identity
STMicroelectronics,STM32L433CCT6,STM32L4,STM32L433,STM32L433CC,LQFP,48,256 KiB,-40..85 C,,,STM32L433CCTx,ordering_pattern,deterministic_ordering_pattern,tcl/target/stm32l4x.cfg,official_st_datasheet_ordering_information,DS11449 Rev 8 p220,https://www.st.com/resource/en/datasheet/stm32l433cb.pdf,verified_st_datasheet_ordering_information_plus_retained_exact_identity
STMicroelectronics,STM32L433CCT6TR,STM32L4,STM32L433,STM32L433CC,LQFP,48,256 KiB,-40..85 C,TR,,STM32L433CCTx,ordering_pattern,deterministic_ordering_pattern,tcl/target/stm32l4x.cfg,official_st_datasheet_ordering_information,DS11449 Rev 8 p220,https://www.st.com/resource/en/datasheet/stm32l433cb.pdf,verified_st_datasheet_ordering_information_plus_retained_exact_identity
STMicroelectronics,STM32L433CCU3,STM32L4,STM32L433,STM32L433CC,UFQFPN,48,256 KiB,-40..125 C,,,STM32L433CCUx,ordering_pattern,deterministic_ordering_pattern,tcl/target/stm32l4x.cfg,official_st_datasheet_ordering_information,DS11449 Rev 8 p220,https://www.st.com/resource/en/datasheet/stm32l433cb.pdf,verified_st_datasheet_ordering_information_plus_retained_exact_identity
STMicroelectronics,STM32L433CCU3TR,STM32L4,STM32L433,STM32L433CC,UFQFPN,48,256 KiB,-40..125 C,TR,,STM32L433CCUx,ordering_pattern,deterministic_ordering_pattern,tcl/target/stm32l4x.cfg,official_st_datasheet_ordering_information,DS11449 Rev 8 p220,https://www.st.com/resource/en/datasheet/stm32l433cb.pdf,verified_st_datasheet_ordering_information_plus_retained_exact_identity
STMicroelectronics,STM32L433CCU6,STM32L4,STM32L433,STM32L433CC,UFQFPN,48,256 KiB,-40..85 C,,,STM32L433CCUx,ordering_pattern,deterministic_ordering_pattern,tcl/target/stm32l4x.cfg,official_st_datasheet_ordering_information,DS11449 Rev 8 p220,https://www.st.com/resource/en/datasheet/stm32l433cb.pdf,verified_st_datasheet_ordering_information_plus_retained_exact_identity
STMicroelectronics,STM32L433CCU6TR,STM32L4,STM32L433,STM32L433CC,UFQFPN,48,256 KiB,-40..85 C,TR,,STM32L433CCUx,ordering_pattern,deterministic_ordering_pattern,tcl/target/stm32l4x.cfg,official_st_datasheet_ordering_information,DS11449 Rev 8 p220,https://www.st.com/resource/en/datasheet/stm32l433cb.pdf,verified_st_datasheet_ordering_information_plus_retained_exact_identity
STMicroelectronics,STM32L433CCY3TR,STM32L4,STM32L433,STM32L433CC,WLCSP,48,256 KiB,-40..125 C,TR,,STM32L433CCYx,ordering_pattern,deterministic_ordering_pattern,tcl/target/stm32l4x.cfg,official_st_datasheet_ordering_information,DS11449 Rev 8 p220,https://www.st.com/resource/en/datasheet/stm32l433cb.pdf,verified_st_datasheet_ordering_information_plus_retained_exact_identity
STMicroelectronics,STM32L433CCY6TR,STM32L4,STM32L433,STM32L433CC,WLCSP,48,256 KiB,-40..85 C,TR,,STM32L433CCYx,ordering_pattern,deterministic_ordering_pattern,tcl/target/stm32l4x.cfg,official_st_datasheet_ordering_information,DS11449 Rev 8 p220,https://www.st.com/resource/en/datasheet/stm32l433cb.pdf,verified_st_datasheet_ordering_information_plus_retained_exact_identity
STMicroelectronics,STM32L433RBI6,STM32L4,STM32L433,STM32L433RB,UFBGA,64,128 KiB,-40..85 C,,,STM32L433RBIx,ordering_pattern,deterministic_ordering_pattern,tcl/target/stm32l4x.cfg,official_st_datasheet_ordering_information,DS11449 Rev 8 p220,https://www.st.com/resource/en/datasheet/stm32l433cb.pdf,verified_st_datasheet_ordering_information_plus_retained_exact_identity
STMicroelectronics,STM32L433RBT6,STM32L4,STM32L433,STM32L433RB,LQFP,64,128 KiB,-40..85 C,,,STM32L433RBTx,ordering_pattern,deterministic_ordering_pattern,tcl/target/stm32l4x.cfg,official_st_datasheet_ordering_information,DS11449 Rev 8 p220,https://www.st.com/resource/en/datasheet/stm32l433cb.pdf,verified_st_datasheet_ordering_information_plus_retained_exact_identity
STMicroelectronics,STM32L433RBY6TR,STM32L4,STM32L433,STM32L433RB,WLCSP,64,128 KiB,-40..85 C,TR,,STM32L433RBYx,ordering_pattern,deterministic_ordering_pattern,tcl/target/stm32l4x.cfg,official_st_datasheet_ordering_information,DS11449 Rev 8 p220,https://www.st.com/resource/en/datasheet/stm32l433cb.pdf,verified_st_datasheet_ordering_information_plus_retained_exact_identity
STMicroelectronics,STM32L433RCI3,STM32L4,STM32L433,STM32L433RC,UFBGA,64,256 KiB,-40..125 C,,,STM32L433RCIx,ordering_pattern,deterministic_ordering_pattern,tcl/target/stm32l4x.cfg,official_st_datasheet_ordering_information,DS11449 Rev 8 p220,https://www.st.com/resource/en/datasheet/stm32l433cb.pdf,verified_st_datasheet_ordering_information_plus_retained_exact_identity
STMicroelectronics,STM32L433RCI6,STM32L4,STM32L433,STM32L433RC,UFBGA,64,256 KiB,-40..85 C,,,STM32L433RCIx,ordering_pattern,deterministic_ordering_pattern,tcl/target/stm32l4x.cfg,official_st_datasheet_ordering_information,DS11449 Rev 8 p220,https://www.st.com/resource/en/datasheet/stm32l433cb.pdf,verified_st_datasheet_ordering_information_plus_retained_exact_identity
STMicroelectronics,STM32L433RCI6TR,STM32L4,STM32L433,STM32L433RC,UFBGA,64,256 KiB,-40..85 C,TR,,STM32L433RCIx,ordering_pattern,deterministic_ordering_pattern,tcl/target/stm32l4x.cfg,official_st_datasheet_ordering_information,DS11449 Rev 8 p220,https://www.st.com/resource/en/datasheet/stm32l433cb.pdf,verified_st_datasheet_ordering_information_plus_retained_exact_identity
STMicroelectronics,STM32L433RCT3,STM32L4,STM32L433,STM32L433RC,LQFP,64,256 KiB,-40..125 C,,,STM32L433RCTx,ordering_pattern,deterministic_ordering_pattern,tcl/target/stm32l4x.cfg,official_st_datasheet_ordering_information,DS11449 Rev 8 p220,https://www.st.com/resource/en/datasheet/stm32l433cb.pdf,verified_st_datasheet_ordering_information_plus_retained_exact_identity
STMicroelectronics,STM32L433RCT3TR,STM32L4,STM32L433,STM32L433RC,LQFP,64,256 KiB,-40..125 C,TR,,STM32L433RCTx,ordering_pattern,deterministic_ordering_pattern,tcl/target/stm32l4x.cfg,official_st_datasheet_ordering_information,DS11449 Rev 8 p220,https://www.st.com/resource/en/datasheet/stm32l433cb.pdf,verified_st_datasheet_ordering_information_plus_retained_exact_identity
STMicroelectronics,STM32L433RCT6,STM32L4,STM32L433,STM32L433RC,LQFP,64,256 KiB,-40..85 C,,,STM32L433RCTx,ordering_pattern,deterministic_ordering_pattern,tcl/target/stm32l4x.cfg,official_st_datasheet_ordering_information,DS11449 Rev 8 p220,https://www.st.com/resource/en/datasheet/stm32l433cb.pdf,verified_st_datasheet_ordering_information_plus_retained_exact_identity
STMicroelectronics,STM32L433RCT6P,STM32L4,STM32L433,STM32L433RC,LQFP,64,256 KiB,-40..85 C,P,,STM32L433RCTx,ordering_pattern,deterministic_ordering_pattern,tcl/target/stm32l4x.cfg,official_st_datasheet_ordering_information,DS11449 Rev 8 p220,https://www.st.com/resource/en/datasheet/stm32l433cb.pdf,verified_st_datasheet_ordering_information_plus_retained_exact_identity
STMicroelectronics,STM32L433RCT6TR,STM32L4,STM32L433,STM32L433RC,LQFP,64,256 KiB,-40..85 C,TR,,STM32L433RCTx,ordering_pattern,deterministic_ordering_pattern,tcl/target/stm32l4x.cfg,official_st_datasheet_ordering_information,DS11449 Rev 8 p220,https://www.st.com/resource/en/datasheet/stm32l433cb.pdf,verified_st_datasheet_ordering_information_plus_retained_exact_identity
STMicroelectronics,STM32L433RCY3TR,STM32L4,STM32L433,STM32L433RC,WLCSP,64,256 KiB,-40..125 C,TR,,STM32L433RCYx,ordering_pattern,deterministic_ordering_pattern,tcl/target/stm32l4x.cfg,official_st_datasheet_ordering_information,DS11449 Rev 8 p220,https://www.st.com/resource/en/datasheet/stm32l433cb.pdf,verified_st_datasheet_ordering_information_plus_retained_exact_identity
STMicroelectronics,STM32L433RCY6STR,STM32L4,STM32L433,STM32L433RC,WLCSP,64,256 KiB,-40..85 C,STR,,STM32L433RCYx,ordering_pattern,deterministic_ordering_pattern,tcl/target/stm32l4x.cfg,official_st_datasheet_ordering_information,DS11449 Rev 8 p220,https://www.st.com/resource/en/datasheet/stm32l433cb.pdf,verified_st_datasheet_ordering_information_plus_retained_exact_identity
STMicroelectronics,STM32L433RCY6TR,STM32L4,STM32L433,STM32L433RC,WLCSP,64,256 KiB,-40..85 C,TR,,STM32L433RCYx,ordering_pattern,deterministic_ordering_pattern,tcl/target/stm32l4x.cfg,official_st_datasheet_ordering_information,DS11449 Rev 8 p220,https://www.st.com/resource/en/datasheet/stm32l433cb.pdf,verified_st_datasheet_ordering_information_plus_retained_exact_identity
STMicroelectronics,STM32L433VCI3,STM32L4,STM32L433,STM32L433VC,UFBGA,100,256 KiB,-40..125 C,,,STM32L433VCIx,ordering_pattern,deterministic_ordering_pattern,tcl/target/stm32l4x.cfg,official_st_datasheet_ordering_information,DS11449 Rev 8 p220,https://www.st.com/resource/en/datasheet/stm32l433cb.pdf,verified_st_datasheet_ordering_information_plus_retained_exact_identity
STMicroelectronics,STM32L433VCI6,STM32L4,STM32L433,STM32L433VC,UFBGA,100,256 KiB,-40..85 C,,,STM32L433VCIx,ordering_pattern,deterministic_ordering_pattern,tcl/target/stm32l4x.cfg,official_st_datasheet_ordering_information,DS11449 Rev 8 p220,https://www.st.com/resource/en/datasheet/stm32l433cb.pdf,verified_st_datasheet_ordering_information_plus_retained_exact_identity
STMicroelectronics,STM32L433VCI6TR,STM32L4,STM32L433,STM32L433VC,UFBGA,100,256 KiB,-40..85 C,TR,,STM32L433VCIx,ordering_pattern,deterministic_ordering_pattern,tcl/target/stm32l4x.cfg,official_st_datasheet_ordering_information,DS11449 Rev 8 p220,https://www.st.com/resource/en/datasheet/stm32l433cb.pdf,verified_st_datasheet_ordering_information_plus_retained_exact_identity
STMicroelectronics,STM32L433VCT3,STM32L4,STM32L433,STM32L433VC,LQFP,100,256 KiB,-40..125 C,,,STM32L433VCTx,ordering_pattern,deterministic_ordering_pattern,tcl/target/stm32l4x.cfg,official_st_datasheet_ordering_information,DS11449 Rev 8 p220,https://www.st.com/resource/en/datasheet/stm32l433cb.pdf,verified_st_datasheet_ordering_information_plus_retained_exact_identity
STMicroelectronics,STM32L433VCT6,STM32L4,STM32L433,STM32L433VC,LQFP,100,256 KiB,-40..85 C,,,STM32L433VCTx,ordering_pattern,deterministic_ordering_pattern,tcl/target/stm32l4x.cfg,official_st_datasheet_ordering_information,DS11449 Rev 8 p220,https://www.st.com/resource/en/datasheet/stm32l433cb.pdf,verified_st_datasheet_ordering_information_plus_retained_exact_identity
STMicroelectronics,STM32L433VCT6TR,STM32L4,STM32L433,STM32L433VC,LQFP,100,256 KiB,-40..85 C,TR,,STM32L433VCTx,ordering_pattern,deterministic_ordering_pattern,tcl/target/stm32l4x.cfg,official_st_datasheet_ordering_information,DS11449 Rev 8 p220,https://www.st.com/resource/en/datasheet/stm32l433cb.pdf,verified_st_datasheet_ordering_information_plus_retained_exact_identity
STMicroelectronics,STM32L442KCU6,STM32L4,STM32L442,STM32L442KC,UFQFPN,32,256 KiB,-40..85 C,,,STM32L442KCUx,ordering_pattern,deterministic_ordering_pattern,tcl/target/stm32l4x.cfg,official_st_datasheet_ordering_information,DS11450 Rev 4 p154,https://www.st.com/resource/en/datasheet/stm32l442kc.pdf,verified_st_datasheet_ordering_information_plus_retained_exact_identity
STMicroelectronics,STM32L442KCU6TR,STM32L4,STM32L442,STM32L442KC,UFQFPN,32,256 KiB,-40..85 C,TR,,STM32L442KCUx,ordering_pattern,deterministic_ordering_pattern,tcl/target/stm32l4x.cfg,official_st_datasheet_ordering_information,DS11450 Rev 4 p154,https://www.st.com/resource/en/datasheet/stm32l442kc.pdf,verified_st_datasheet_ordering_information_plus_retained_exact_identity
STMicroelectronics,STM32L443CCF6TR,STM32L4,STM32L443,STM32L443CC,Thin WLCSP,48,256 KiB,-40..85 C,TR,,STM32L443CCFx,ordering_pattern,deterministic_ordering_pattern,tcl/target/stm32l4x.cfg,official_st_datasheet_ordering_information,DS11421 Rev 6 p214,https://www.st.com/resource/en/datasheet/stm32l443cc.pdf,verified_st_datasheet_ordering_information_plus_retained_exact_identity
STMicroelectronics,STM32L443CCT6,STM32L4,STM32L443,STM32L443CC,LQFP,48,256 KiB,-40..85 C,,,STM32L443CCTx,ordering_pattern,deterministic_ordering_pattern,tcl/target/stm32l4x.cfg,official_st_datasheet_ordering_information,DS11421 Rev 6 p214,https://www.st.com/resource/en/datasheet/stm32l443cc.pdf,verified_st_datasheet_ordering_information_plus_retained_exact_identity
STMicroelectronics,STM32L443CCT6TR,STM32L4,STM32L443,STM32L443CC,LQFP,48,256 KiB,-40..85 C,TR,,STM32L443CCTx,ordering_pattern,deterministic_ordering_pattern,tcl/target/stm32l4x.cfg,official_st_datasheet_ordering_information,DS11421 Rev 6 p214,https://www.st.com/resource/en/datasheet/stm32l443cc.pdf,verified_st_datasheet_ordering_information_plus_retained_exact_identity
STMicroelectronics,STM32L443CCU6,STM32L4,STM32L443,STM32L443CC,UFQFPN,48,256 KiB,-40..85 C,,,STM32L443CCUx,ordering_pattern,deterministic_ordering_pattern,tcl/target/stm32l4x.cfg,official_st_datasheet_ordering_information,DS11421 Rev 6 p214,https://www.st.com/resource/en/datasheet/stm32l443cc.pdf,verified_st_datasheet_ordering_information_plus_retained_exact_identity
STMicroelectronics,STM32L443CCY6TR,STM32L4,STM32L443,STM32L443CC,WLCSP,48,256 KiB,-40..85 C,TR,,STM32L443CCYx,ordering_pattern,deterministic_ordering_pattern,tcl/target/stm32l4x.cfg,official_st_datasheet_ordering_information,DS11421 Rev 6 p214,https://www.st.com/resource/en/datasheet/stm32l443cc.pdf,verified_st_datasheet_ordering_information_plus_retained_exact_identity
STMicroelectronics,STM32L443RCI3,STM32L4,STM32L443,STM32L443RC,UFBGA,64,256 KiB,-40..125 C,,,STM32L443RCIx,ordering_pattern,deterministic_ordering_pattern,tcl/target/stm32l4x.cfg,official_st_datasheet_ordering_information,DS11421 Rev 6 p214,https://www.st.com/resource/en/datasheet/stm32l443cc.pdf,verified_st_datasheet_ordering_information_plus_retained_exact_identity
STMicroelectronics,STM32L443RCI3TR,STM32L4,STM32L443,STM32L443RC,UFBGA,64,256 KiB,-40..125 C,TR,,STM32L443RCIx,ordering_pattern,deterministic_ordering_pattern,tcl/target/stm32l4x.cfg,official_st_datasheet_ordering_information,DS11421 Rev 6 p214,https://www.st.com/resource/en/datasheet/stm32l443cc.pdf,verified_st_datasheet_ordering_information_plus_retained_exact_identity
STMicroelectronics,STM32L443RCI6,STM32L4,STM32L443,STM32L443RC,UFBGA,64,256 KiB,-40..85 C,,,STM32L443RCIx,ordering_pattern,deterministic_ordering_pattern,tcl/target/stm32l4x.cfg,official_st_datasheet_ordering_information,DS11421 Rev 6 p214,https://www.st.com/resource/en/datasheet/stm32l443cc.pdf,verified_st_datasheet_ordering_information_plus_retained_exact_identity
STMicroelectronics,STM32L443RCI6TR,STM32L4,STM32L443,STM32L443RC,UFBGA,64,256 KiB,-40..85 C,TR,,STM32L443RCIx,ordering_pattern,deterministic_ordering_pattern,tcl/target/stm32l4x.cfg,official_st_datasheet_ordering_information,DS11421 Rev 6 p214,https://www.st.com/resource/en/datasheet/stm32l443cc.pdf,verified_st_datasheet_ordering_information_plus_retained_exact_identity
STMicroelectronics,STM32L443RCT6,STM32L4,STM32L443,STM32L443RC,LQFP,64,256 KiB,-40..85 C,,,STM32L443RCTx,ordering_pattern,deterministic_ordering_pattern,tcl/target/stm32l4x.cfg,official_st_datasheet_ordering_information,DS11421 Rev 6 p214,https://www.st.com/resource/en/datasheet/stm32l443cc.pdf,verified_st_datasheet_ordering_information_plus_retained_exact_identity
STMicroelectronics,STM32L443RCT6TR,STM32L4,STM32L443,STM32L443RC,LQFP,64,256 KiB,-40..85 C,TR,,STM32L443RCTx,ordering_pattern,deterministic_ordering_pattern,tcl/target/stm32l4x.cfg,official_st_datasheet_ordering_information,DS11421 Rev 6 p214,https://www.st.com/resource/en/datasheet/stm32l443cc.pdf,verified_st_datasheet_ordering_information_plus_retained_exact_identity
STMicroelectronics,STM32L443RCY6TR,STM32L4,STM32L443,STM32L443RC,WLCSP,64,256 KiB,-40..85 C,TR,,STM32L443RCYx,ordering_pattern,deterministic_ordering_pattern,tcl/target/stm32l4x.cfg,official_st_datasheet_ordering_information,DS11421 Rev 6 p214,https://www.st.com/resource/en/datasheet/stm32l443cc.pdf,verified_st_datasheet_ordering_information_plus_retained_exact_identity
STMicroelectronics,STM32L443VCI6,STM32L4,STM32L443,STM32L443VC,UFBGA,100,256 KiB,-40..85 C,,,STM32L443VCIx,ordering_pattern,deterministic_ordering_pattern,tcl/target/stm32l4x.cfg,official_st_datasheet_ordering_information,DS11421 Rev 6 p214,https://www.st.com/resource/en/datasheet/stm32l443cc.pdf,verified_st_datasheet_ordering_information_plus_retained_exact_identity
STMicroelectronics,STM32L443VCT6,STM32L4,STM32L443,STM32L443VC,LQFP,100,256 KiB,-40..85 C,,,STM32L443VCTx,ordering_pattern,deterministic_ordering_pattern,tcl/target/stm32l4x.cfg,official_st_datasheet_ordering_information,DS11421 Rev 6 p214,https://www.st.com/resource/en/datasheet/stm32l443cc.pdf,verified_st_datasheet_ordering_information_plus_retained_exact_identity
STMicroelectronics,STM32L443VCT6TR,STM32L4,STM32L443,STM32L443VC,LQFP,100,256 KiB,-40..85 C,TR,,STM32L443VCTx,ordering_pattern,deterministic_ordering_pattern,tcl/target/stm32l4x.cfg,official_st_datasheet_ordering_information,DS11421 Rev 6 p214,https://www.st.com/resource/en/datasheet/stm32l443cc.pdf,verified_st_datasheet_ordering_information_plus_retained_exact_identity
STMicroelectronics,STM32L443VCT7,STM32L4,STM32L443,STM32L443VC,LQFP,100,256 KiB,-40..105 C,,,STM32L443VCTx,ordering_pattern,deterministic_ordering_pattern,tcl/target/stm32l4x.cfg,official_st_datasheet_ordering_information,DS11421 Rev 6 p214,https://www.st.com/resource/en/datasheet/stm32l443cc.pdf,verified_st_datasheet_ordering_information_plus_retained_exact_identity
STMicroelectronics,STM32L443VCT7TR,STM32L4,STM32L443,STM32L443VC,LQFP,100,256 KiB,-40..105 C,TR,,STM32L443VCTx,ordering_pattern,deterministic_ordering_pattern,tcl/target/stm32l4x.cfg,official_st_datasheet_ordering_information,DS11421 Rev 6 p214,https://www.st.com/resource/en/datasheet/stm32l443cc.pdf,verified_st_datasheet_ordering_information_plus_retained_exact_identity
STMicroelectronics,STM32L451CCU3,STM32L4,STM32L451,STM32L451CC,UFQFPN,48,256 KiB,-40..125 C,,,STM32L451CCUx,ordering_pattern,deterministic_ordering_pattern,tcl/target/stm32l4x.cfg,official_st_datasheet_ordering_information,DS11910 Rev 5 p204,https://www.st.com/resource/en/datasheet/stm32l451cc.pdf,verified_st_datasheet_ordering_information_plus_retained_exact_identity
STMicroelectronics,STM32L451CCU3TR,STM32L4,STM32L451,STM32L451CC,UFQFPN,48,256 KiB,-40..125 C,TR,,STM32L451CCUx,ordering_pattern,deterministic_ordering_pattern,tcl/target/stm32l4x.cfg,official_st_datasheet_ordering_information,DS11910 Rev 5 p204,https://www.st.com/resource/en/datasheet/stm32l451cc.pdf,verified_st_datasheet_ordering_information_plus_retained_exact_identity
STMicroelectronics,STM32L451CCU6,STM32L4,STM32L451,STM32L451CC,UFQFPN,48,256 KiB,-40..85 C,,,STM32L451CCUx,ordering_pattern,deterministic_ordering_pattern,tcl/target/stm32l4x.cfg,official_st_datasheet_ordering_information,DS11910 Rev 5 p204,https://www.st.com/resource/en/datasheet/stm32l451cc.pdf,verified_st_datasheet_ordering_information_plus_retained_exact_identity
STMicroelectronics,STM32L451CCU6TR,STM32L4,STM32L451,STM32L451CC,UFQFPN,48,256 KiB,-40..85 C,TR,,STM32L451CCUx,ordering_pattern,deterministic_ordering_pattern,tcl/target/stm32l4x.cfg,official_st_datasheet_ordering_information,DS11910 Rev 5 p204,https://www.st.com/resource/en/datasheet/stm32l451cc.pdf,verified_st_datasheet_ordering_information_plus_retained_exact_identity
STMicroelectronics,STM32L451CET6,STM32L4,STM32L451,STM32L451CE,LQFP,48,512 KiB,-40..85 C,,,STM32L451CETx,ordering_pattern,deterministic_ordering_pattern,tcl/target/stm32l4x.cfg,official_st_datasheet_ordering_information,DS11910 Rev 5 p204,https://www.st.com/resource/en/datasheet/stm32l451cc.pdf,verified_st_datasheet_ordering_information_plus_retained_exact_identity
STMicroelectronics,STM32L451CEU3,STM32L4,STM32L451,STM32L451CE,UFQFPN,48,512 KiB,-40..125 C,,,STM32L451CEUx,ordering_pattern,deterministic_ordering_pattern,tcl/target/stm32l4x.cfg,official_st_datasheet_ordering_information,DS11910 Rev 5 p204,https://www.st.com/resource/en/datasheet/stm32l451cc.pdf,verified_st_datasheet_ordering_information_plus_retained_exact_identity
STMicroelectronics,STM32L451CEU6,STM32L4,STM32L451,STM32L451CE,UFQFPN,48,512 KiB,-40..85 C,,,STM32L451CEUx,ordering_pattern,deterministic_ordering_pattern,tcl/target/stm32l4x.cfg,official_st_datasheet_ordering_information,DS11910 Rev 5 p204,https://www.st.com/resource/en/datasheet/stm32l451cc.pdf,verified_st_datasheet_ordering_information_plus_retained_exact_identity
STMicroelectronics,STM32L451CEU6TR,STM32L4,STM32L451,STM32L451CE,UFQFPN,48,512 KiB,-40..85 C,TR,,STM32L451CEUx,ordering_pattern,deterministic_ordering_pattern,tcl/target/stm32l4x.cfg,official_st_datasheet_ordering_information,DS11910 Rev 5 p204,https://www.st.com/resource/en/datasheet/stm32l451cc.pdf,verified_st_datasheet_ordering_information_plus_retained_exact_identity
STMicroelectronics,STM32L451RCI6,STM32L4,STM32L451,STM32L451RC,UFBGA,64,256 KiB,-40..85 C,,,STM32L451RCIx,ordering_pattern,deterministic_ordering_pattern,tcl/target/stm32l4x.cfg,official_st_datasheet_ordering_information,DS11910 Rev 5 p204,https://www.st.com/resource/en/datasheet/stm32l451cc.pdf,verified_st_datasheet_ordering_information_plus_retained_exact_identity
STMicroelectronics,STM32L451RCI6TR,STM32L4,STM32L451,STM32L451RC,UFBGA,64,256 KiB,-40..85 C,TR,,STM32L451RCIx,ordering_pattern,deterministic_ordering_pattern,tcl/target/stm32l4x.cfg,official_st_datasheet_ordering_information,DS11910 Rev 5 p204,https://www.st.com/resource/en/datasheet/stm32l451cc.pdf,verified_st_datasheet_ordering_information_plus_retained_exact_identity
STMicroelectronics,STM32L451RCT3,STM32L4,STM32L451,STM32L451RC,LQFP,64,256 KiB,-40..125 C,,,STM32L451RCTx,ordering_pattern,deterministic_ordering_pattern,tcl/target/stm32l4x.cfg,official_st_datasheet_ordering_information,DS11910 Rev 5 p204,https://www.st.com/resource/en/datasheet/stm32l451cc.pdf,verified_st_datasheet_ordering_information_plus_retained_exact_identity
STMicroelectronics,STM32L451RCT3TR,STM32L4,STM32L451,STM32L451RC,LQFP,64,256 KiB,-40..125 C,TR,,STM32L451RCTx,ordering_pattern,deterministic_ordering_pattern,tcl/target/stm32l4x.cfg,official_st_datasheet_ordering_information,DS11910 Rev 5 p204,https://www.st.com/resource/en/datasheet/stm32l451cc.pdf,verified_st_datasheet_ordering_information_plus_retained_exact_identity
STMicroelectronics,STM32L451RCT6,STM32L4,STM32L451,STM32L451RC,LQFP,64,256 KiB,-40..85 C,,,STM32L451RCTx,ordering_pattern,deterministic_ordering_pattern,tcl/target/stm32l4x.cfg,official_st_datasheet_ordering_information,DS11910 Rev 5 p204,https://www.st.com/resource/en/datasheet/stm32l451cc.pdf,verified_st_datasheet_ordering_information_plus_retained_exact_identity
STMicroelectronics,STM32L451REI3,STM32L4,STM32L451,STM32L451RE,UFBGA,64,512 KiB,-40..125 C,,,STM32L451REIx,ordering_pattern,deterministic_ordering_pattern,tcl/target/stm32l4x.cfg,official_st_datasheet_ordering_information,DS11910 Rev 5 p204,https://www.st.com/resource/en/datasheet/stm32l451cc.pdf,verified_st_datasheet_ordering_information_plus_retained_exact_identity
STMicroelectronics,STM32L451REI6,STM32L4,STM32L451,STM32L451RE,UFBGA,64,512 KiB,-40..85 C,,,STM32L451REIx,ordering_pattern,deterministic_ordering_pattern,tcl/target/stm32l4x.cfg,official_st_datasheet_ordering_information,DS11910 Rev 5 p204,https://www.st.com/resource/en/datasheet/stm32l451cc.pdf,verified_st_datasheet_ordering_information_plus_retained_exact_identity
STMicroelectronics,STM32L451REI6TR,STM32L4,STM32L451,STM32L451RE,UFBGA,64,512 KiB,-40..85 C,TR,,STM32L451REIx,ordering_pattern,deterministic_ordering_pattern,tcl/target/stm32l4x.cfg,official_st_datasheet_ordering_information,DS11910 Rev 5 p204,https://www.st.com/resource/en/datasheet/stm32l451cc.pdf,verified_st_datasheet_ordering_information_plus_retained_exact_identity
STMicroelectronics,STM32L451RET6,STM32L4,STM32L451,STM32L451RE,LQFP,64,512 KiB,-40..85 C,,,STM32L451RETx,ordering_pattern,deterministic_ordering_pattern,tcl/target/stm32l4x.cfg,official_st_datasheet_ordering_information,DS11910 Rev 5 p204,https://www.st.com/resource/en/datasheet/stm32l451cc.pdf,verified_st_datasheet_ordering_information_plus_retained_exact_identity
STMicroelectronics,STM32L451RET6TR,STM32L4,STM32L451,STM32L451RE,LQFP,64,512 KiB,-40..85 C,TR,,STM32L451RETx,ordering_pattern,deterministic_ordering_pattern,tcl/target/stm32l4x.cfg,official_st_datasheet_ordering_information,DS11910 Rev 5 p204,https://www.st.com/resource/en/datasheet/stm32l451cc.pdf,verified_st_datasheet_ordering_information_plus_retained_exact_identity
STMicroelectronics,STM32L451REY6TR,STM32L4,STM32L451,STM32L451RE,WLCSP,64,512 KiB,-40..85 C,TR,,STM32L451REYx,ordering_pattern,deterministic_ordering_pattern,tcl/target/stm32l4x.cfg,official_st_datasheet_ordering_information,DS11910 Rev 5 p204,https://www.st.com/resource/en/datasheet/stm32l451cc.pdf,verified_st_datasheet_ordering_information_plus_retained_exact_identity
STMicroelectronics,STM32L451VCI6,STM32L4,STM32L451,STM32L451VC,UFBGA,100,256 KiB,-40..85 C,,,STM32L451VCIx,ordering_pattern,deterministic_ordering_pattern,tcl/target/stm32l4x.cfg,official_st_datasheet_ordering_information,DS11910 Rev 5 p204,https://www.st.com/resource/en/datasheet/stm32l451cc.pdf,verified_st_datasheet_ordering_information_plus_retained_exact_identity
STMicroelectronics,STM32L451VCT6,STM32L4,STM32L451,STM32L451VC,LQFP,100,256 KiB,-40..85 C,,,STM32L451VCTx,ordering_pattern,deterministic_ordering_pattern,tcl/target/stm32l4x.cfg,official_st_datasheet_ordering_information,DS11910 Rev 5 p204,https://www.st.com/resource/en/datasheet/stm32l451cc.pdf,verified_st_datasheet_ordering_information_plus_retained_exact_identity
STMicroelectronics,STM32L451VEI6,STM32L4,STM32L451,STM32L451VE,UFBGA,100,512 KiB,-40..85 C,,,STM32L451VEIx,ordering_pattern,deterministic_ordering_pattern,tcl/target/stm32l4x.cfg,official_st_datasheet_ordering_information,DS11910 Rev 5 p204,https://www.st.com/resource/en/datasheet/stm32l451cc.pdf,verified_st_datasheet_ordering_information_plus_retained_exact_identity
STMicroelectronics,STM32L451VEI6TR,STM32L4,STM32L451,STM32L451VE,UFBGA,100,512 KiB,-40..85 C,TR,,STM32L451VEIx,ordering_pattern,deterministic_ordering_pattern,tcl/target/stm32l4x.cfg,official_st_datasheet_ordering_information,DS11910 Rev 5 p204,https://www.st.com/resource/en/datasheet/stm32l451cc.pdf,verified_st_datasheet_ordering_information_plus_retained_exact_identity
STMicroelectronics,STM32L451VET6,STM32L4,STM32L451,STM32L451VE,LQFP,100,512 KiB,-40..85 C,,,STM32L451VETx,ordering_pattern,deterministic_ordering_pattern,tcl/target/stm32l4x.cfg,official_st_datasheet_ordering_information,DS11910 Rev 5 p204,https://www.st.com/resource/en/datasheet/stm32l451cc.pdf,verified_st_datasheet_ordering_information_plus_retained_exact_identity
STMicroelectronics,STM32L451VET6TR,STM32L4,STM32L451,STM32L451VE,LQFP,100,512 KiB,-40..85 C,TR,,STM32L451VETx,ordering_pattern,deterministic_ordering_pattern,tcl/target/stm32l4x.cfg,official_st_datasheet_ordering_information,DS11910 Rev 5 p204,https://www.st.com/resource/en/datasheet/stm32l451cc.pdf,verified_st_datasheet_ordering_information_plus_retained_exact_identity
STMicroelectronics,STM32L452CCU6,STM32L4,STM32L452,STM32L452CC,UFQFPN,48,256 KiB,-40..85 C,,,STM32L452CCUx,ordering_pattern,deterministic_ordering_pattern,tcl/target/stm32l4x.cfg,official_st_datasheet_ordering_information,DS11912 Rev 7 p218,https://www.st.com/resource/en/datasheet/stm32l452cc.pdf,verified_st_datasheet_ordering_information_plus_retained_exact_identity
STMicroelectronics,STM32L452CET6,STM32L4,STM32L452,STM32L452CE,LQFP,48,512 KiB,-40..85 C,,,STM32L452CETx,ordering_pattern,deterministic_ordering_pattern,tcl/target/stm32l4x.cfg,official_st_datasheet_ordering_information,DS11912 Rev 7 p218,https://www.st.com/resource/en/datasheet/stm32l452cc.pdf,verified_st_datasheet_ordering_information_plus_retained_exact_identity
STMicroelectronics,STM32L452CEU3,STM32L4,STM32L452,STM32L452CE,UFQFPN,48,512 KiB,-40..125 C,,,STM32L452CEUx,ordering_pattern,deterministic_ordering_pattern,tcl/target/stm32l4x.cfg,official_st_datasheet_ordering_information,DS11912 Rev 7 p218,https://www.st.com/resource/en/datasheet/stm32l452cc.pdf,verified_st_datasheet_ordering_information_plus_retained_exact_identity
STMicroelectronics,STM32L452CEU3TR,STM32L4,STM32L452,STM32L452CE,UFQFPN,48,512 KiB,-40..125 C,TR,,STM32L452CEUx,ordering_pattern,deterministic_ordering_pattern,tcl/target/stm32l4x.cfg,official_st_datasheet_ordering_information,DS11912 Rev 7 p218,https://www.st.com/resource/en/datasheet/stm32l452cc.pdf,verified_st_datasheet_ordering_information_plus_retained_exact_identity
STMicroelectronics,STM32L452CEU6,STM32L4,STM32L452,STM32L452CE,UFQFPN,48,512 KiB,-40..85 C,,,STM32L452CEUx,ordering_pattern,deterministic_ordering_pattern,tcl/target/stm32l4x.cfg,official_st_datasheet_ordering_information,DS11912 Rev 7 p218,https://www.st.com/resource/en/datasheet/stm32l452cc.pdf,verified_st_datasheet_ordering_information_plus_retained_exact_identity
STMicroelectronics,STM32L452RCI6,STM32L4,STM32L452,STM32L452RC,UFBGA,64,256 KiB,-40..85 C,,,STM32L452RCIx,ordering_pattern,deterministic_ordering_pattern,tcl/target/stm32l4x.cfg,official_st_datasheet_ordering_information,DS11912 Rev 7 p218,https://www.st.com/resource/en/datasheet/stm32l452cc.pdf,verified_st_datasheet_ordering_information_plus_retained_exact_identity
STMicroelectronics,STM32L452RCT6,STM32L4,STM32L452,STM32L452RC,LQFP,64,256 KiB,-40..85 C,,,STM32L452RCTx,ordering_pattern,deterministic_ordering_pattern,tcl/target/stm32l4x.cfg,official_st_datasheet_ordering_information,DS11912 Rev 7 p218,https://www.st.com/resource/en/datasheet/stm32l452cc.pdf,verified_st_datasheet_ordering_information_plus_retained_exact_identity
STMicroelectronics,STM32L452RCT6TR,STM32L4,STM32L452,STM32L452RC,LQFP,64,256 KiB,-40..85 C,TR,,STM32L452RCTx,ordering_pattern,deterministic_ordering_pattern,tcl/target/stm32l4x.cfg,official_st_datasheet_ordering_information,DS11912 Rev 7 p218,https://www.st.com/resource/en/datasheet/stm32l452cc.pdf,verified_st_datasheet_ordering_information_plus_retained_exact_identity
STMicroelectronics,STM32L452REI3,STM32L4,STM32L452,STM32L452RE,UFBGA,64,512 KiB,-40..125 C,,,STM32L452REIx,ordering_pattern,deterministic_ordering_pattern,tcl/target/stm32l4x.cfg,official_st_datasheet_ordering_information,DS11912 Rev 7 p218,https://www.st.com/resource/en/datasheet/stm32l452cc.pdf,verified_st_datasheet_ordering_information_plus_retained_exact_identity
STMicroelectronics,STM32L452REI6,STM32L4,STM32L452,STM32L452RE,UFBGA,64,512 KiB,-40..85 C,,,STM32L452REIx,ordering_pattern,deterministic_ordering_pattern,tcl/target/stm32l4x.cfg,official_st_datasheet_ordering_information,DS11912 Rev 7 p218,https://www.st.com/resource/en/datasheet/stm32l452cc.pdf,verified_st_datasheet_ordering_information_plus_retained_exact_identity
STMicroelectronics,STM32L452RET3,STM32L4,STM32L452,STM32L452RE,LQFP,64,512 KiB,-40..125 C,,,STM32L452RETx,ordering_pattern,deterministic_ordering_pattern,tcl/target/stm32l4x.cfg,official_st_datasheet_ordering_information,DS11912 Rev 7 p218,https://www.st.com/resource/en/datasheet/stm32l452cc.pdf,verified_st_datasheet_ordering_information_plus_retained_exact_identity
STMicroelectronics,STM32L452RET6,STM32L4,STM32L452,STM32L452RE,LQFP,64,512 KiB,-40..85 C,,,STM32L452RETx,ordering_pattern,deterministic_ordering_pattern,tcl/target/stm32l4x.cfg,official_st_datasheet_ordering_information,DS11912 Rev 7 p218,https://www.st.com/resource/en/datasheet/stm32l452cc.pdf,verified_st_datasheet_ordering_information_plus_retained_exact_identity
STMicroelectronics,STM32L452RET6P,STM32L4,STM32L452,STM32L452RE,LQFP,64,512 KiB,-40..85 C,P,,STM32L452RETx,ordering_pattern,deterministic_ordering_pattern,tcl/target/stm32l4x.cfg,official_st_datasheet_ordering_information,DS11912 Rev 7 p218,https://www.st.com/resource/en/datasheet/stm32l452cc.pdf,verified_st_datasheet_ordering_information_plus_retained_exact_identity
STMicroelectronics,STM32L452RET6TR,STM32L4,STM32L452,STM32L452RE,LQFP,64,512 KiB,-40..85 C,TR,,STM32L452RETx,ordering_pattern,deterministic_ordering_pattern,tcl/target/stm32l4x.cfg,official_st_datasheet_ordering_information,DS11912 Rev 7 p218,https://www.st.com/resource/en/datasheet/stm32l452cc.pdf,verified_st_datasheet_ordering_information_plus_retained_exact_identity
STMicroelectronics,STM32L452REY3TR,STM32L4,STM32L452,STM32L452RE,WLCSP,64,512 KiB,-40..125 C,TR,,STM32L452REYx,ordering_pattern,deterministic_ordering_pattern,tcl/target/stm32l4x.cfg,official_st_datasheet_ordering_information,DS11912 Rev 7 p218,https://www.st.com/resource/en/datasheet/stm32l452cc.pdf,verified_st_datasheet_ordering_information_plus_retained_exact_identity
STMicroelectronics,STM32L452REY6PTR,STM32L4,STM32L452,STM32L452RE,WLCSP,64,512 KiB,-40..85 C,PTR,,STM32L452REYx,ordering_pattern,deterministic_ordering_pattern,tcl/target/stm32l4x.cfg,official_st_datasheet_ordering_information,DS11912 Rev 7 p218,https://www.st.com/resource/en/datasheet/stm32l452cc.pdf,verified_st_datasheet_ordering_information_plus_retained_exact_identity
STMicroelectronics,STM32L452REY6TR,STM32L4,STM32L452,STM32L452RE,WLCSP,64,512 KiB,-40..85 C,TR,,STM32L452REYx,ordering_pattern,deterministic_ordering_pattern,tcl/target/stm32l4x.cfg,official_st_datasheet_ordering_information,DS11912 Rev 7 p218,https://www.st.com/resource/en/datasheet/stm32l452cc.pdf,verified_st_datasheet_ordering_information_plus_retained_exact_identity
STMicroelectronics,STM32L452VCI6,STM32L4,STM32L452,STM32L452VC,UFBGA,100,256 KiB,-40..85 C,,,STM32L452VCIx,ordering_pattern,deterministic_ordering_pattern,tcl/target/stm32l4x.cfg,official_st_datasheet_ordering_information,DS11912 Rev 7 p218,https://www.st.com/resource/en/datasheet/stm32l452cc.pdf,verified_st_datasheet_ordering_information_plus_retained_exact_identity
STMicroelectronics,STM32L452VCT6,STM32L4,STM32L452,STM32L452VC,LQFP,100,256 KiB,-40..85 C,,,STM32L452VCTx,ordering_pattern,deterministic_ordering_pattern,tcl/target/stm32l4x.cfg,official_st_datasheet_ordering_information,DS11912 Rev 7 p218,https://www.st.com/resource/en/datasheet/stm32l452cc.pdf,verified_st_datasheet_ordering_information_plus_retained_exact_identity
STMicroelectronics,STM32L452VEI3,STM32L4,STM32L452,STM32L452VE,UFBGA,100,512 KiB,-40..125 C,,,STM32L452VEIx,ordering_pattern,deterministic_ordering_pattern,tcl/target/stm32l4x.cfg,official_st_datasheet_ordering_information,DS11912 Rev 7 p218,https://www.st.com/resource/en/datasheet/stm32l452cc.pdf,verified_st_datasheet_ordering_information_plus_retained_exact_identity
STMicroelectronics,STM32L452VEI3TR,STM32L4,STM32L452,STM32L452VE,UFBGA,100,512 KiB,-40..125 C,TR,,STM32L452VEIx,ordering_pattern,deterministic_ordering_pattern,tcl/target/stm32l4x.cfg,official_st_datasheet_ordering_information,DS11912 Rev 7 p218,https://www.st.com/resource/en/datasheet/stm32l452cc.pdf,verified_st_datasheet_ordering_information_plus_retained_exact_identity
STMicroelectronics,STM32L452VEI6,STM32L4,STM32L452,STM32L452VE,UFBGA,100,512 KiB,-40..85 C,,,STM32L452VEIx,ordering_pattern,deterministic_ordering_pattern,tcl/target/stm32l4x.cfg,official_st_datasheet_ordering_information,DS11912 Rev 7 p218,https://www.st.com/resource/en/datasheet/stm32l452cc.pdf,verified_st_datasheet_ordering_information_plus_retained_exact_identity
STMicroelectronics,STM32L452VEI6TR,STM32L4,STM32L452,STM32L452VE,UFBGA,100,512 KiB,-40..85 C,TR,,STM32L452VEIx,ordering_pattern,deterministic_ordering_pattern,tcl/target/stm32l4x.cfg,official_st_datasheet_ordering_information,DS11912 Rev 7 p218,https://www.st.com/resource/en/datasheet/stm32l452cc.pdf,verified_st_datasheet_ordering_information_plus_retained_exact_identity
STMicroelectronics,STM32L452VET3,STM32L4,STM32L452,STM32L452VE,LQFP,100,512 KiB,-40..125 C,,,STM32L452VETx,ordering_pattern,deterministic_ordering_pattern,tcl/target/stm32l4x.cfg,official_st_datasheet_ordering_information,DS11912 Rev 7 p218,https://www.st.com/resource/en/datasheet/stm32l452cc.pdf,verified_st_datasheet_ordering_information_plus_retained_exact_identity
STMicroelectronics,STM32L452VET6,STM32L4,STM32L452,STM32L452VE,LQFP,100,512 KiB,-40..85 C,,,STM32L452VETx,ordering_pattern,deterministic_ordering_pattern,tcl/target/stm32l4x.cfg,official_st_datasheet_ordering_information,DS11912 Rev 7 p218,https://www.st.com/resource/en/datasheet/stm32l452cc.pdf,verified_st_datasheet_ordering_information_plus_retained_exact_identity
STMicroelectronics,STM32L462CET6,STM32L4,STM32L462,STM32L462CE,LQFP,48,512 KiB,-40..85 C,,,STM32L462CETx,ordering_pattern,deterministic_ordering_pattern,tcl/target/stm32l4x.cfg,official_st_datasheet_ordering_information,DS11913 Rev 5 p207,https://www.st.com/resource/en/datasheet/stm32l462ce.pdf,verified_st_datasheet_ordering_information_plus_retained_exact_identity
STMicroelectronics,STM32L462CEU6,STM32L4,STM32L462,STM32L462CE,UFQFPN,48,512 KiB,-40..85 C,,,STM32L462CEUx,ordering_pattern,deterministic_ordering_pattern,tcl/target/stm32l4x.cfg,official_st_datasheet_ordering_information,DS11913 Rev 5 p207,https://www.st.com/resource/en/datasheet/stm32l462ce.pdf,verified_st_datasheet_ordering_information_plus_retained_exact_identity
STMicroelectronics,STM32L462CEU6TR,STM32L4,STM32L462,STM32L462CE,UFQFPN,48,512 KiB,-40..85 C,TR,,STM32L462CEUx,ordering_pattern,deterministic_ordering_pattern,tcl/target/stm32l4x.cfg,official_st_datasheet_ordering_information,DS11913 Rev 5 p207,https://www.st.com/resource/en/datasheet/stm32l462ce.pdf,verified_st_datasheet_ordering_information_plus_retained_exact_identity
STMicroelectronics,STM32L462REI6,STM32L4,STM32L462,STM32L462RE,UFBGA,64,512 KiB,-40..85 C,,,STM32L462REIx,ordering_pattern,deterministic_ordering_pattern,tcl/target/stm32l4x.cfg,official_st_datasheet_ordering_information,DS11913 Rev 5 p207,https://www.st.com/resource/en/datasheet/stm32l462ce.pdf,verified_st_datasheet_ordering_information_plus_retained_exact_identity
STMicroelectronics,STM32L462RET6,STM32L4,STM32L462,STM32L462RE,LQFP,64,512 KiB,-40..85 C,,,STM32L462RETx,ordering_pattern,deterministic_ordering_pattern,tcl/target/stm32l4x.cfg,official_st_datasheet_ordering_information,DS11913 Rev 5 p207,https://www.st.com/resource/en/datasheet/stm32l462ce.pdf,verified_st_datasheet_ordering_information_plus_retained_exact_identity
STMicroelectronics,STM32L462RET6TR,STM32L4,STM32L462,STM32L462RE,LQFP,64,512 KiB,-40..85 C,TR,,STM32L462RETx,ordering_pattern,deterministic_ordering_pattern,tcl/target/stm32l4x.cfg,official_st_datasheet_ordering_information,DS11913 Rev 5 p207,https://www.st.com/resource/en/datasheet/stm32l462ce.pdf,verified_st_datasheet_ordering_information_plus_retained_exact_identity
STMicroelectronics,STM32L462REY6TR,STM32L4,STM32L462,STM32L462RE,WLCSP,64,512 KiB,-40..85 C,TR,,STM32L462REYx,ordering_pattern,deterministic_ordering_pattern,tcl/target/stm32l4x.cfg,official_st_datasheet_ordering_information,DS11913 Rev 5 p207,https://www.st.com/resource/en/datasheet/stm32l462ce.pdf,verified_st_datasheet_ordering_information_plus_retained_exact_identity
STMicroelectronics,STM32L462VEI6,STM32L4,STM32L462,STM32L462VE,UFBGA,100,512 KiB,-40..85 C,,,STM32L462VEIx,ordering_pattern,deterministic_ordering_pattern,tcl/target/stm32l4x.cfg,official_st_datasheet_ordering_information,DS11913 Rev 5 p207,https://www.st.com/resource/en/datasheet/stm32l462ce.pdf,verified_st_datasheet_ordering_information_plus_retained_exact_identity
STMicroelectronics,STM32L462VEI6TR,STM32L4,STM32L462,STM32L462VE,UFBGA,100,512 KiB,-40..85 C,TR,,STM32L462VEIx,ordering_pattern,deterministic_ordering_pattern,tcl/target/stm32l4x.cfg,official_st_datasheet_ordering_information,DS11913 Rev 5 p207,https://www.st.com/resource/en/datasheet/stm32l462ce.pdf,verified_st_datasheet_ordering_information_plus_retained_exact_identity
STMicroelectronics,STM32L462VET6,STM32L4,STM32L462,STM32L462VE,LQFP,100,512 KiB,-40..85 C,,,STM32L462VETx,ordering_pattern,deterministic_ordering_pattern,tcl/target/stm32l4x.cfg,official_st_datasheet_ordering_information,DS11913 Rev 5 p207,https://www.st.com/resource/en/datasheet/stm32l462ce.pdf,verified_st_datasheet_ordering_information_plus_retained_exact_identity
STMicroelectronics,STM32L462VET6TR,STM32L4,STM32L462,STM32L462VE,LQFP,100,512 KiB,-40..85 C,TR,,STM32L462VETx,ordering_pattern,deterministic_ordering_pattern,tcl/target/stm32l4x.cfg,official_st_datasheet_ordering_information,DS11913 Rev 5 p207,https://www.st.com/resource/en/datasheet/stm32l462ce.pdf,verified_st_datasheet_ordering_information_plus_retained_exact_identity
STMicroelectronics,STM32L471QEI3TR,STM32L4,STM32L471,STM32L471QE,UFBGA 7x7,132,512 KiB,-40..125 C,TR,,STM32L471QEIx,ordering_pattern,deterministic_ordering_pattern,tcl/target/stm32l4x.cfg,official_st_datasheet_ordering_information,DS10741 Rev 3 p226,https://www.st.com/resource/en/datasheet/stm32l471qe.pdf,verified_st_datasheet_ordering_information_plus_retained_exact_identity
STMicroelectronics,STM32L471QEI6,STM32L4,STM32L471,STM32L471QE,UFBGA 7x7,132,512 KiB,-40..85 C,,,STM32L471QEIx,ordering_pattern,deterministic_ordering_pattern,tcl/target/stm32l4x.cfg,official_st_datasheet_ordering_information,DS10741 Rev 3 p226,https://www.st.com/resource/en/datasheet/stm32l471qe.pdf,verified_st_datasheet_ordering_information_plus_retained_exact_identity
STMicroelectronics,STM32L471QEI6TR,STM32L4,STM32L471,STM32L471QE,UFBGA 7x7,132,512 KiB,-40..85 C,TR,,STM32L471QEIx,ordering_pattern,deterministic_ordering_pattern,tcl/target/stm32l4x.cfg,official_st_datasheet_ordering_information,DS10741 Rev 3 p226,https://www.st.com/resource/en/datasheet/stm32l471qe.pdf,verified_st_datasheet_ordering_information_plus_retained_exact_identity
STMicroelectronics,STM32L471QEI7,STM32L4,STM32L471,STM32L471QE,UFBGA 7x7,132,512 KiB,-40..105 C,,,STM32L471QEIx,ordering_pattern,deterministic_ordering_pattern,tcl/target/stm32l4x.cfg,official_st_datasheet_ordering_information,DS10741 Rev 3 p226,https://www.st.com/resource/en/datasheet/stm32l471qe.pdf,verified_st_datasheet_ordering_information_plus_retained_exact_identity
STMicroelectronics,STM32L471QEI7TR,STM32L4,STM32L471,STM32L471QE,UFBGA 7x7,132,512 KiB,-40..105 C,TR,,STM32L471QEIx,ordering_pattern,deterministic_ordering_pattern,tcl/target/stm32l4x.cfg,official_st_datasheet_ordering_information,DS10741 Rev 3 p226,https://www.st.com/resource/en/datasheet/stm32l471qe.pdf,verified_st_datasheet_ordering_information_plus_retained_exact_identity
STMicroelectronics,STM32L471QGI6,STM32L4,STM32L471,STM32L471QG,UFBGA 7x7,132,1 MiB,-40..85 C,,,STM32L471QGIx,ordering_pattern,deterministic_ordering_pattern,tcl/target/stm32l4x.cfg,official_st_datasheet_ordering_information,DS10741 Rev 3 p226,https://www.st.com/resource/en/datasheet/stm32l471qe.pdf,verified_st_datasheet_ordering_information_plus_retained_exact_identity
STMicroelectronics,STM32L471QGI6TR,STM32L4,STM32L471,STM32L471QG,UFBGA 7x7,132,1 MiB,-40..85 C,TR,,STM32L471QGIx,ordering_pattern,deterministic_ordering_pattern,tcl/target/stm32l4x.cfg,official_st_datasheet_ordering_information,DS10741 Rev 3 p226,https://www.st.com/resource/en/datasheet/stm32l471qe.pdf,verified_st_datasheet_ordering_information_plus_retained_exact_identity
STMicroelectronics,STM32L471RET3,STM32L4,STM32L471,STM32L471RE,LQFP,64,512 KiB,-40..125 C,,,STM32L471RETx,ordering_pattern,deterministic_ordering_pattern,tcl/target/stm32l4x.cfg,official_st_datasheet_ordering_information,DS10741 Rev 3 p226,https://www.st.com/resource/en/datasheet/stm32l471qe.pdf,verified_st_datasheet_ordering_information_plus_retained_exact_identity
STMicroelectronics,STM32L471RET3TR,STM32L4,STM32L471,STM32L471RE,LQFP,64,512 KiB,-40..125 C,TR,,STM32L471RETx,ordering_pattern,deterministic_ordering_pattern,tcl/target/stm32l4x.cfg,official_st_datasheet_ordering_information,DS10741 Rev 3 p226,https://www.st.com/resource/en/datasheet/stm32l471qe.pdf,verified_st_datasheet_ordering_information_plus_retained_exact_identity
STMicroelectronics,STM32L471RET6,STM32L4,STM32L471,STM32L471RE,LQFP,64,512 KiB,-40..85 C,,,STM32L471RETx,ordering_pattern,deterministic_ordering_pattern,tcl/target/stm32l4x.cfg,official_st_datasheet_ordering_information,DS10741 Rev 3 p226,https://www.st.com/resource/en/datasheet/stm32l471qe.pdf,verified_st_datasheet_ordering_information_plus_retained_exact_identity
STMicroelectronics,STM32L471RET6TR,STM32L4,STM32L471,STM32L471RE,LQFP,64,512 KiB,-40..85 C,TR,,STM32L471RETx,ordering_pattern,deterministic_ordering_pattern,tcl/target/stm32l4x.cfg,official_st_datasheet_ordering_information,DS10741 Rev 3 p226,https://www.st.com/resource/en/datasheet/stm32l471qe.pdf,verified_st_datasheet_ordering_information_plus_retained_exact_identity
STMicroelectronics,STM32L471RGT6,STM32L4,STM32L471,STM32L471RG,LQFP,64,1 MiB,-40..85 C,,,STM32L471RGTx,ordering_pattern,deterministic_ordering_pattern,tcl/target/stm32l4x.cfg,official_st_datasheet_ordering_information,DS10741 Rev 3 p226,https://www.st.com/resource/en/datasheet/stm32l471qe.pdf,verified_st_datasheet_ordering_information_plus_retained_exact_identity
STMicroelectronics,STM32L471RGT6TR,STM32L4,STM32L471,STM32L471RG,LQFP,64,1 MiB,-40..85 C,TR,,STM32L471RGTx,ordering_pattern,deterministic_ordering_pattern,tcl/target/stm32l4x.cfg,official_st_datasheet_ordering_information,DS10741 Rev 3 p226,https://www.st.com/resource/en/datasheet/stm32l471qe.pdf,verified_st_datasheet_ordering_information_plus_retained_exact_identity
STMicroelectronics,STM32L471VET6,STM32L4,STM32L471,STM32L471VE,LQFP,100,512 KiB,-40..85 C,,,STM32L471VETx,ordering_pattern,deterministic_ordering_pattern,tcl/target/stm32l4x.cfg,official_st_datasheet_ordering_information,DS10741 Rev 3 p226,https://www.st.com/resource/en/datasheet/stm32l471qe.pdf,verified_st_datasheet_ordering_information_plus_retained_exact_identity
STMicroelectronics,STM32L471VET6TR,STM32L4,STM32L471,STM32L471VE,LQFP,100,512 KiB,-40..85 C,TR,,STM32L471VETx,ordering_pattern,deterministic_ordering_pattern,tcl/target/stm32l4x.cfg,official_st_datasheet_ordering_information,DS10741 Rev 3 p226,https://www.st.com/resource/en/datasheet/stm32l471qe.pdf,verified_st_datasheet_ordering_information_plus_retained_exact_identity
STMicroelectronics,STM32L471VGT3,STM32L4,STM32L471,STM32L471VG,LQFP,100,1 MiB,-40..125 C,,,STM32L471VGTx,ordering_pattern,deterministic_ordering_pattern,tcl/target/stm32l4x.cfg,official_st_datasheet_ordering_information,DS10741 Rev 3 p226,https://www.st.com/resource/en/datasheet/stm32l471qe.pdf,verified_st_datasheet_ordering_information_plus_retained_exact_identity
STMicroelectronics,STM32L471VGT6,STM32L4,STM32L471,STM32L471VG,LQFP,100,1 MiB,-40..85 C,,,STM32L471VGTx,ordering_pattern,deterministic_ordering_pattern,tcl/target/stm32l4x.cfg,official_st_datasheet_ordering_information,DS10741 Rev 3 p226,https://www.st.com/resource/en/datasheet/stm32l471qe.pdf,verified_st_datasheet_ordering_information_plus_retained_exact_identity
STMicroelectronics,STM32L471VGT6TR,STM32L4,STM32L471,STM32L471VG,LQFP,100,1 MiB,-40..85 C,TR,,STM32L471VGTx,ordering_pattern,deterministic_ordering_pattern,tcl/target/stm32l4x.cfg,official_st_datasheet_ordering_information,DS10741 Rev 3 p226,https://www.st.com/resource/en/datasheet/stm32l471qe.pdf,verified_st_datasheet_ordering_information_plus_retained_exact_identity
STMicroelectronics,STM32L471ZEJ3,STM32L4,STM32L471,STM32L471ZE,UFBGA 10x10,144,512 KiB,-40..125 C,,,STM32L471ZEJx,ordering_pattern,deterministic_ordering_pattern,tcl/target/stm32l4x.cfg,official_st_datasheet_ordering_information,DS10741 Rev 3 p226,https://www.st.com/resource/en/datasheet/stm32l471qe.pdf,verified_st_datasheet_ordering_information_plus_retained_exact_identity
STMicroelectronics,STM32L471ZEJ3TR,STM32L4,STM32L471,STM32L471ZE,UFBGA 10x10,144,512 KiB,-40..125 C,TR,,STM32L471ZEJx,ordering_pattern,deterministic_ordering_pattern,tcl/target/stm32l4x.cfg,official_st_datasheet_ordering_information,DS10741 Rev 3 p226,https://www.st.com/resource/en/datasheet/stm32l471qe.pdf,verified_st_datasheet_ordering_information_plus_retained_exact_identity
STMicroelectronics,STM32L471ZEJ6,STM32L4,STM32L471,STM32L471ZE,UFBGA 10x10,144,512 KiB,-40..85 C,,,STM32L471ZEJx,ordering_pattern,deterministic_ordering_pattern,tcl/target/stm32l4x.cfg,official_st_datasheet_ordering_information,DS10741 Rev 3 p226,https://www.st.com/resource/en/datasheet/stm32l471qe.pdf,verified_st_datasheet_ordering_information_plus_retained_exact_identity
STMicroelectronics,STM32L471ZEJ6TR,STM32L4,STM32L471,STM32L471ZE,UFBGA 10x10,144,512 KiB,-40..85 C,TR,,STM32L471ZEJx,ordering_pattern,deterministic_ordering_pattern,tcl/target/stm32l4x.cfg,official_st_datasheet_ordering_information,DS10741 Rev 3 p226,https://www.st.com/resource/en/datasheet/stm32l471qe.pdf,verified_st_datasheet_ordering_information_plus_retained_exact_identity
STMicroelectronics,STM32L471ZET6,STM32L4,STM32L471,STM32L471ZE,LQFP,144,512 KiB,-40..85 C,,,STM32L471ZETx,ordering_pattern,deterministic_ordering_pattern,tcl/target/stm32l4x.cfg,official_st_datasheet_ordering_information,DS10741 Rev 3 p226,https://www.st.com/resource/en/datasheet/stm32l471qe.pdf,verified_st_datasheet_ordering_information_plus_retained_exact_identity
STMicroelectronics,STM32L471ZET6TR,STM32L4,STM32L471,STM32L471ZE,LQFP,144,512 KiB,-40..85 C,TR,,STM32L471ZETx,ordering_pattern,deterministic_ordering_pattern,tcl/target/stm32l4x.cfg,official_st_datasheet_ordering_information,DS10741 Rev 3 p226,https://www.st.com/resource/en/datasheet/stm32l471qe.pdf,verified_st_datasheet_ordering_information_plus_retained_exact_identity
STMicroelectronics,STM32L471ZGJ6,STM32L4,STM32L471,STM32L471ZG,UFBGA 10x10,144,1 MiB,-40..85 C,,,STM32L471ZGJx,ordering_pattern,deterministic_ordering_pattern,tcl/target/stm32l4x.cfg,official_st_datasheet_ordering_information,DS10741 Rev 3 p226,https://www.st.com/resource/en/datasheet/stm32l471qe.pdf,verified_st_datasheet_ordering_information_plus_retained_exact_identity
STMicroelectronics,STM32L471ZGT6,STM32L4,STM32L471,STM32L471ZG,LQFP,144,1 MiB,-40..85 C,,,STM32L471ZGTx,ordering_pattern,deterministic_ordering_pattern,tcl/target/stm32l4x.cfg,official_st_datasheet_ordering_information,DS10741 Rev 3 p226,https://www.st.com/resource/en/datasheet/stm32l471qe.pdf,verified_st_datasheet_ordering_information_plus_retained_exact_identity
STMicroelectronics,STM32L475RCT3,STM32L4,STM32L475,STM32L475RC,LQFP,64,256 KiB,-40..125 C,,,STM32L475RCTx,ordering_pattern,deterministic_ordering_pattern,tcl/target/stm32l4x.cfg,official_st_datasheet_ordering_information,DS10969 Rev 5 p201,https://www.st.com/resource/en/datasheet/stm32l475rc.pdf,verified_st_datasheet_ordering_information_plus_retained_exact_identity
STMicroelectronics,STM32L475RCT6,STM32L4,STM32L475,STM32L475RC,LQFP,64,256 KiB,-40..85 C,,,STM32L475RCTx,ordering_pattern,deterministic_ordering_pattern,tcl/target/stm32l4x.cfg,official_st_datasheet_ordering_information,DS10969 Rev 5 p201,https://www.st.com/resource/en/datasheet/stm32l475rc.pdf,verified_st_datasheet_ordering_information_plus_retained_exact_identity
STMicroelectronics,STM32L475RCT7,STM32L4,STM32L475,STM32L475RC,LQFP,64,256 KiB,-40..105 C,,,STM32L475RCTx,ordering_pattern,deterministic_ordering_pattern,tcl/target/stm32l4x.cfg,official_st_datasheet_ordering_information,DS10969 Rev 5 p201,https://www.st.com/resource/en/datasheet/stm32l475rc.pdf,verified_st_datasheet_ordering_information_plus_retained_exact_identity
STMicroelectronics,STM32L475RCT7TR,STM32L4,STM32L475,STM32L475RC,LQFP,64,256 KiB,-40..105 C,TR,,STM32L475RCTx,ordering_pattern,deterministic_ordering_pattern,tcl/target/stm32l4x.cfg,official_st_datasheet_ordering_information,DS10969 Rev 5 p201,https://www.st.com/resource/en/datasheet/stm32l475rc.pdf,verified_st_datasheet_ordering_information_plus_retained_exact_identity
STMicroelectronics,STM32L475RET6,STM32L4,STM32L475,STM32L475RE,LQFP,64,512 KiB,-40..85 C,,,STM32L475RETx,ordering_pattern,deterministic_ordering_pattern,tcl/target/stm32l4x.cfg,official_st_datasheet_ordering_information,DS10969 Rev 5 p201,https://www.st.com/resource/en/datasheet/stm32l475rc.pdf,verified_st_datasheet_ordering_information_plus_retained_exact_identity
STMicroelectronics,STM32L475RET6TR,STM32L4,STM32L475,STM32L475RE,LQFP,64,512 KiB,-40..85 C,TR,,STM32L475RETx,ordering_pattern,deterministic_ordering_pattern,tcl/target/stm32l4x.cfg,official_st_datasheet_ordering_information,DS10969 Rev 5 p201,https://www.st.com/resource/en/datasheet/stm32l475rc.pdf,verified_st_datasheet_ordering_information_plus_retained_exact_identity
STMicroelectronics,STM32L475RGT6,STM32L4,STM32L475,STM32L475RG,LQFP,64,1 MiB,-40..85 C,,,STM32L475RGTx,ordering_pattern,deterministic_ordering_pattern,tcl/target/stm32l4x.cfg,official_st_datasheet_ordering_information,DS10969 Rev 5 p201,https://www.st.com/resource/en/datasheet/stm32l475rc.pdf,verified_st_datasheet_ordering_information_plus_retained_exact_identity
STMicroelectronics,STM32L475RGT6TR,STM32L4,STM32L475,STM32L475RG,LQFP,64,1 MiB,-40..85 C,TR,,STM32L475RGTx,ordering_pattern,deterministic_ordering_pattern,tcl/target/stm32l4x.cfg,official_st_datasheet_ordering_information,DS10969 Rev 5 p201,https://www.st.com/resource/en/datasheet/stm32l475rc.pdf,verified_st_datasheet_ordering_information_plus_retained_exact_identity
STMicroelectronics,STM32L475RGT7,STM32L4,STM32L475,STM32L475RG,LQFP,64,1 MiB,-40..105 C,,,STM32L475RGTx,ordering_pattern,deterministic_ordering_pattern,tcl/target/stm32l4x.cfg,official_st_datasheet_ordering_information,DS10969 Rev 5 p201,https://www.st.com/resource/en/datasheet/stm32l475rc.pdf,verified_st_datasheet_ordering_information_plus_retained_exact_identity
STMicroelectronics,STM32L475RGT7TR,STM32L4,STM32L475,STM32L475RG,LQFP,64,1 MiB,-40..105 C,TR,,STM32L475RGTx,ordering_pattern,deterministic_ordering_pattern,tcl/target/stm32l4x.cfg,official_st_datasheet_ordering_information,DS10969 Rev 5 p201,https://www.st.com/resource/en/datasheet/stm32l475rc.pdf,verified_st_datasheet_ordering_information_plus_retained_exact_identity
STMicroelectronics,STM32L475VCT6,STM32L4,STM32L475,STM32L475VC,LQFP,100,256 KiB,-40..85 C,,,STM32L475VCTx,ordering_pattern,deterministic_ordering_pattern,tcl/target/stm32l4x.cfg,official_st_datasheet_ordering_information,DS10969 Rev 5 p201,https://www.st.com/resource/en/datasheet/stm32l475rc.pdf,verified_st_datasheet_ordering_information_plus_retained_exact_identity
STMicroelectronics,STM32L475VET6,STM32L4,STM32L475,STM32L475VE,LQFP,100,512 KiB,-40..85 C,,,STM32L475VETx,ordering_pattern,deterministic_ordering_pattern,tcl/target/stm32l4x.cfg,official_st_datasheet_ordering_information,DS10969 Rev 5 p201,https://www.st.com/resource/en/datasheet/stm32l475rc.pdf,verified_st_datasheet_ordering_information_plus_retained_exact_identity
STMicroelectronics,STM32L475VET6TR,STM32L4,STM32L475,STM32L475VE,LQFP,100,512 KiB,-40..85 C,TR,,STM32L475VETx,ordering_pattern,deterministic_ordering_pattern,tcl/target/stm32l4x.cfg,official_st_datasheet_ordering_information,DS10969 Rev 5 p201,https://www.st.com/resource/en/datasheet/stm32l475rc.pdf,verified_st_datasheet_ordering_information_plus_retained_exact_identity
STMicroelectronics,STM32L475VGT6,STM32L4,STM32L475,STM32L475VG,LQFP,100,1 MiB,-40..85 C,,,STM32L475VGTx,ordering_pattern,deterministic_ordering_pattern,tcl/target/stm32l4x.cfg,official_st_datasheet_ordering_information,DS10969 Rev 5 p201,https://www.st.com/resource/en/datasheet/stm32l475rc.pdf,verified_st_datasheet_ordering_information_plus_retained_exact_identity
STMicroelectronics,STM32L476JEY6TR,STM32L4,STM32L476,STM32L476JE,WLCSP,72,512 KiB,-40..85 C,TR,,STM32L476JEYx,ordering_pattern,deterministic_ordering_pattern,tcl/target/stm32l4x.cfg,official_st_datasheet_ordering_information,DS10198 Rev 11 p261,https://www.st.com/resource/en/datasheet/stm32l476je.pdf,verified_st_datasheet_ordering_information_plus_retained_exact_identity
STMicroelectronics,STM32L476JGY3TR,STM32L4,STM32L476,STM32L476JG,WLCSP,72,1 MiB,-40..125 C,TR,,STM32L476JGYx,ordering_pattern,deterministic_ordering_pattern,tcl/target/stm32l4x.cfg,official_st_datasheet_ordering_information,DS10198 Rev 11 p261,https://www.st.com/resource/en/datasheet/stm32l476je.pdf,verified_st_datasheet_ordering_information_plus_retained_exact_identity
STMicroelectronics,STM32L476JGY6PTR,STM32L4,STM32L476,STM32L476JG,WLCSP,72,1 MiB,-40..85 C,PTR,,STM32L476JGYx,ordering_pattern,deterministic_ordering_pattern,tcl/target/stm32l4x.cfg,official_st_datasheet_ordering_information,DS10198 Rev 11 p261,https://www.st.com/resource/en/datasheet/stm32l476je.pdf,verified_st_datasheet_ordering_information_plus_retained_exact_identity
STMicroelectronics,STM32L476JGY6STR,STM32L4,STM32L476,STM32L476JG,WLCSP,72,1 MiB,-40..85 C,STR,,STM32L476JGYx,ordering_pattern,deterministic_ordering_pattern,tcl/target/stm32l4x.cfg,official_st_datasheet_ordering_information,DS10198 Rev 11 p261,https://www.st.com/resource/en/datasheet/stm32l476je.pdf,verified_st_datasheet_ordering_information_plus_retained_exact_identity
STMicroelectronics,STM32L476JGY6TR,STM32L4,STM32L476,STM32L476JG,WLCSP,72,1 MiB,-40..85 C,TR,,STM32L476JGYx,ordering_pattern,deterministic_ordering_pattern,tcl/target/stm32l4x.cfg,official_st_datasheet_ordering_information,DS10198 Rev 11 p261,https://www.st.com/resource/en/datasheet/stm32l476je.pdf,verified_st_datasheet_ordering_information_plus_retained_exact_identity
STMicroelectronics,STM32L476JGY7TR,STM32L4,STM32L476,STM32L476JG,WLCSP,72,1 MiB,-40..105 C,TR,,STM32L476JGYx,ordering_pattern,deterministic_ordering_pattern,tcl/target/stm32l4x.cfg,official_st_datasheet_ordering_information,DS10198 Rev 11 p261,https://www.st.com/resource/en/datasheet/stm32l476je.pdf,verified_st_datasheet_ordering_information_plus_retained_exact_identity
STMicroelectronics,STM32L476MEY6TR,STM32L4,STM32L476,STM32L476ME,WLCSP,81,512 KiB,-40..85 C,TR,,STM32L476MEYx,ordering_pattern,deterministic_ordering_pattern,tcl/target/stm32l4x.cfg,official_st_datasheet_ordering_information,DS10198 Rev 11 p261,https://www.st.com/resource/en/datasheet/stm32l476je.pdf,verified_st_datasheet_ordering_information_plus_retained_exact_identity
STMicroelectronics,STM32L476MGY3TR,STM32L4,STM32L476,STM32L476MG,WLCSP,81,1 MiB,-40..125 C,TR,,STM32L476MGYx,ordering_pattern,deterministic_ordering_pattern,tcl/target/stm32l4x.cfg,official_st_datasheet_ordering_information,DS10198 Rev 11 p261,https://www.st.com/resource/en/datasheet/stm32l476je.pdf,verified_st_datasheet_ordering_information_plus_retained_exact_identity
STMicroelectronics,STM32L476MGY6MTR,STM32L4,STM32L476,STM32L476MG,WLCSP,81,1 MiB,-40..85 C,MTR,,STM32L476MGYx,ordering_pattern,deterministic_ordering_pattern,tcl/target/stm32l4x.cfg,official_st_datasheet_ordering_information,DS10198 Rev 11 p261,https://www.st.com/resource/en/datasheet/stm32l476je.pdf,verified_st_datasheet_ordering_information_plus_retained_exact_identity
STMicroelectronics,STM32L476MGY6TR,STM32L4,STM32L476,STM32L476MG,WLCSP,81,1 MiB,-40..85 C,TR,,STM32L476MGYx,ordering_pattern,deterministic_ordering_pattern,tcl/target/stm32l4x.cfg,official_st_datasheet_ordering_information,DS10198 Rev 11 p261,https://www.st.com/resource/en/datasheet/stm32l476je.pdf,verified_st_datasheet_ordering_information_plus_retained_exact_identity
STMicroelectronics,STM32L476QEI6,STM32L4,STM32L476,STM32L476QE,UFBGA 7x7,132,512 KiB,-40..85 C,,,STM32L476QEIx,ordering_pattern,deterministic_ordering_pattern,tcl/target/stm32l4x.cfg,official_st_datasheet_ordering_information,DS10198 Rev 11 p261,https://www.st.com/resource/en/datasheet/stm32l476je.pdf,verified_st_datasheet_ordering_information_plus_retained_exact_identity
STMicroelectronics,STM32L476QEI6TR,STM32L4,STM32L476,STM32L476QE,UFBGA 7x7,132,512 KiB,-40..85 C,TR,,STM32L476QEIx,ordering_pattern,deterministic_ordering_pattern,tcl/target/stm32l4x.cfg,official_st_datasheet_ordering_information,DS10198 Rev 11 p261,https://www.st.com/resource/en/datasheet/stm32l476je.pdf,verified_st_datasheet_ordering_information_plus_retained_exact_identity
STMicroelectronics,STM32L476QGI3,STM32L4,STM32L476,STM32L476QG,UFBGA 7x7,132,1 MiB,-40..125 C,,,STM32L476QGIx,ordering_pattern,deterministic_ordering_pattern,tcl/target/stm32l4x.cfg,official_st_datasheet_ordering_information,DS10198 Rev 11 p261,https://www.st.com/resource/en/datasheet/stm32l476je.pdf,verified_st_datasheet_ordering_information_plus_retained_exact_identity
STMicroelectronics,STM32L476QGI3TR,STM32L4,STM32L476,STM32L476QG,UFBGA 7x7,132,1 MiB,-40..125 C,TR,,STM32L476QGIx,ordering_pattern,deterministic_ordering_pattern,tcl/target/stm32l4x.cfg,official_st_datasheet_ordering_information,DS10198 Rev 11 p261,https://www.st.com/resource/en/datasheet/stm32l476je.pdf,verified_st_datasheet_ordering_information_plus_retained_exact_identity
STMicroelectronics,STM32L476QGI6,STM32L4,STM32L476,STM32L476QG,UFBGA 7x7,132,1 MiB,-40..85 C,,,STM32L476QGIx,ordering_pattern,deterministic_ordering_pattern,tcl/target/stm32l4x.cfg,official_st_datasheet_ordering_information,DS10198 Rev 11 p261,https://www.st.com/resource/en/datasheet/stm32l476je.pdf,verified_st_datasheet_ordering_information_plus_retained_exact_identity
STMicroelectronics,STM32L476QGI6P,STM32L4,STM32L476,STM32L476QG,UFBGA 7x7,132,1 MiB,-40..85 C,P,,STM32L476QGIx,ordering_pattern,deterministic_ordering_pattern,tcl/target/stm32l4x.cfg,official_st_datasheet_ordering_information,DS10198 Rev 11 p261,https://www.st.com/resource/en/datasheet/stm32l476je.pdf,verified_st_datasheet_ordering_information_plus_retained_exact_identity
STMicroelectronics,STM32L476QGI6TR,STM32L4,STM32L476,STM32L476QG,UFBGA 7x7,132,1 MiB,-40..85 C,TR,,STM32L476QGIx,ordering_pattern,deterministic_ordering_pattern,tcl/target/stm32l4x.cfg,official_st_datasheet_ordering_information,DS10198 Rev 11 p261,https://www.st.com/resource/en/datasheet/stm32l476je.pdf,verified_st_datasheet_ordering_information_plus_retained_exact_identity
STMicroelectronics,STM32L476RCT6,STM32L4,STM32L476,STM32L476RC,LQFP,64,256 KiB,-40..85 C,,,STM32L476RCTx,ordering_pattern,deterministic_ordering_pattern,tcl/target/stm32l4x.cfg,official_st_datasheet_ordering_information,DS10198 Rev 11 p261,https://www.st.com/resource/en/datasheet/stm32l476je.pdf,verified_st_datasheet_ordering_information_plus_retained_exact_identity
STMicroelectronics,STM32L476RCT6TR,STM32L4,STM32L476,STM32L476RC,LQFP,64,256 KiB,-40..85 C,TR,,STM32L476RCTx,ordering_pattern,deterministic_ordering_pattern,tcl/target/stm32l4x.cfg,official_st_datasheet_ordering_information,DS10198 Rev 11 p261,https://www.st.com/resource/en/datasheet/stm32l476je.pdf,verified_st_datasheet_ordering_information_plus_retained_exact_identity
STMicroelectronics,STM32L476RET6,STM32L4,STM32L476,STM32L476RE,LQFP,64,512 KiB,-40..85 C,,,STM32L476RETx,ordering_pattern,deterministic_ordering_pattern,tcl/target/stm32l4x.cfg,official_st_datasheet_ordering_information,DS10198 Rev 11 p261,https://www.st.com/resource/en/datasheet/stm32l476je.pdf,verified_st_datasheet_ordering_information_plus_retained_exact_identity
STMicroelectronics,STM32L476RET6TR,STM32L4,STM32L476,STM32L476RE,LQFP,64,512 KiB,-40..85 C,TR,,STM32L476RETx,ordering_pattern,deterministic_ordering_pattern,tcl/target/stm32l4x.cfg,official_st_datasheet_ordering_information,DS10198 Rev 11 p261,https://www.st.com/resource/en/datasheet/stm32l476je.pdf,verified_st_datasheet_ordering_information_plus_retained_exact_identity
STMicroelectronics,STM32L476RGT3,STM32L4,STM32L476,STM32L476RG,LQFP,64,1 MiB,-40..125 C,,,STM32L476RGTx,ordering_pattern,deterministic_ordering_pattern,tcl/target/stm32l4x.cfg,official_st_datasheet_ordering_information,DS10198 Rev 11 p261,https://www.st.com/resource/en/datasheet/stm32l476je.pdf,verified_st_datasheet_ordering_information_plus_retained_exact_identity
STMicroelectronics,STM32L476RGT6,STM32L4,STM32L476,STM32L476RG,LQFP,64,1 MiB,-40..85 C,,,STM32L476RGTx,ordering_pattern,deterministic_ordering_pattern,tcl/target/stm32l4x.cfg,official_st_datasheet_ordering_information,DS10198 Rev 11 p261,https://www.st.com/resource/en/datasheet/stm32l476je.pdf,verified_st_datasheet_ordering_information_plus_retained_exact_identity
STMicroelectronics,STM32L476RGT6TR,STM32L4,STM32L476,STM32L476RG,LQFP,64,1 MiB,-40..85 C,TR,,STM32L476RGTx,ordering_pattern,deterministic_ordering_pattern,tcl/target/stm32l4x.cfg,official_st_datasheet_ordering_information,DS10198 Rev 11 p261,https://www.st.com/resource/en/datasheet/stm32l476je.pdf,verified_st_datasheet_ordering_information_plus_retained_exact_identity
STMicroelectronics,STM32L476VCT6,STM32L4,STM32L476,STM32L476VC,LQFP,100,256 KiB,-40..85 C,,,STM32L476VCTx,ordering_pattern,deterministic_ordering_pattern,tcl/target/stm32l4x.cfg,official_st_datasheet_ordering_information,DS10198 Rev 11 p261,https://www.st.com/resource/en/datasheet/stm32l476je.pdf,verified_st_datasheet_ordering_information_plus_retained_exact_identity
STMicroelectronics,STM32L476VCT6TR,STM32L4,STM32L476,STM32L476VC,LQFP,100,256 KiB,-40..85 C,TR,,STM32L476VCTx,ordering_pattern,deterministic_ordering_pattern,tcl/target/stm32l4x.cfg,official_st_datasheet_ordering_information,DS10198 Rev 11 p261,https://www.st.com/resource/en/datasheet/stm32l476je.pdf,verified_st_datasheet_ordering_information_plus_retained_exact_identity
STMicroelectronics,STM32L476VET6,STM32L4,STM32L476,STM32L476VE,LQFP,100,512 KiB,-40..85 C,,,STM32L476VETx,ordering_pattern,deterministic_ordering_pattern,tcl/target/stm32l4x.cfg,official_st_datasheet_ordering_information,DS10198 Rev 11 p261,https://www.st.com/resource/en/datasheet/stm32l476je.pdf,verified_st_datasheet_ordering_information_plus_retained_exact_identity
STMicroelectronics,STM32L476VET6TR,STM32L4,STM32L476,STM32L476VE,LQFP,100,512 KiB,-40..85 C,TR,,STM32L476VETx,ordering_pattern,deterministic_ordering_pattern,tcl/target/stm32l4x.cfg,official_st_datasheet_ordering_information,DS10198 Rev 11 p261,https://www.st.com/resource/en/datasheet/stm32l476je.pdf,verified_st_datasheet_ordering_information_plus_retained_exact_identity
STMicroelectronics,STM32L476VGT3,STM32L4,STM32L476,STM32L476VG,LQFP,100,1 MiB,-40..125 C,,,STM32L476VGTx,ordering_pattern,deterministic_ordering_pattern,tcl/target/stm32l4x.cfg,official_st_datasheet_ordering_information,DS10198 Rev 11 p261,https://www.st.com/resource/en/datasheet/stm32l476je.pdf,verified_st_datasheet_ordering_information_plus_retained_exact_identity
STMicroelectronics,STM32L476VGT6,STM32L4,STM32L476,STM32L476VG,LQFP,100,1 MiB,-40..85 C,,,STM32L476VGTx,ordering_pattern,deterministic_ordering_pattern,tcl/target/stm32l4x.cfg,official_st_datasheet_ordering_information,DS10198 Rev 11 p261,https://www.st.com/resource/en/datasheet/stm32l476je.pdf,verified_st_datasheet_ordering_information_plus_retained_exact_identity
STMicroelectronics,STM32L476VGT6TR,STM32L4,STM32L476,STM32L476VG,LQFP,100,1 MiB,-40..85 C,TR,,STM32L476VGTx,ordering_pattern,deterministic_ordering_pattern,tcl/target/stm32l4x.cfg,official_st_datasheet_ordering_information,DS10198 Rev 11 p261,https://www.st.com/resource/en/datasheet/stm32l476je.pdf,verified_st_datasheet_ordering_information_plus_retained_exact_identity
STMicroelectronics,STM32L476VGT7,STM32L4,STM32L476,STM32L476VG,LQFP,100,1 MiB,-40..105 C,,,STM32L476VGTx,ordering_pattern,deterministic_ordering_pattern,tcl/target/stm32l4x.cfg,official_st_datasheet_ordering_information,DS10198 Rev 11 p261,https://www.st.com/resource/en/datasheet/stm32l476je.pdf,verified_st_datasheet_ordering_information_plus_retained_exact_identity
STMicroelectronics,STM32L476VGT7TR,STM32L4,STM32L476,STM32L476VG,LQFP,100,1 MiB,-40..105 C,TR,,STM32L476VGTx,ordering_pattern,deterministic_ordering_pattern,tcl/target/stm32l4x.cfg,official_st_datasheet_ordering_information,DS10198 Rev 11 p261,https://www.st.com/resource/en/datasheet/stm32l476je.pdf,verified_st_datasheet_ordering_information_plus_retained_exact_identity
STMicroelectronics,STM32L476ZET6,STM32L4,STM32L476,STM32L476ZE,LQFP,144,512 KiB,-40..85 C,,,STM32L476ZETx,ordering_pattern,deterministic_ordering_pattern,tcl/target/stm32l4x.cfg,official_st_datasheet_ordering_information,DS10198 Rev 11 p261,https://www.st.com/resource/en/datasheet/stm32l476je.pdf,verified_st_datasheet_ordering_information_plus_retained_exact_identity
STMicroelectronics,STM32L476ZET6TR,STM32L4,STM32L476,STM32L476ZE,LQFP,144,512 KiB,-40..85 C,TR,,STM32L476ZETx,ordering_pattern,deterministic_ordering_pattern,tcl/target/stm32l4x.cfg,official_st_datasheet_ordering_information,DS10198 Rev 11 p261,https://www.st.com/resource/en/datasheet/stm32l476je.pdf,verified_st_datasheet_ordering_information_plus_retained_exact_identity
STMicroelectronics,STM32L476ZGJ6,STM32L4,STM32L476,STM32L476ZG,UFBGA 10x10,144,1 MiB,-40..85 C,,,STM32L476ZGJx,ordering_pattern,deterministic_ordering_pattern,tcl/target/stm32l4x.cfg,official_st_datasheet_ordering_information,DS10198 Rev 11 p261,https://www.st.com/resource/en/datasheet/stm32l476je.pdf,verified_st_datasheet_ordering_information_plus_retained_exact_identity
STMicroelectronics,STM32L476ZGT3,STM32L4,STM32L476,STM32L476ZG,LQFP,144,1 MiB,-40..125 C,,,STM32L476ZGTx,ordering_pattern,deterministic_ordering_pattern,tcl/target/stm32l4x.cfg,official_st_datasheet_ordering_information,DS10198 Rev 11 p261,https://www.st.com/resource/en/datasheet/stm32l476je.pdf,verified_st_datasheet_ordering_information_plus_retained_exact_identity
STMicroelectronics,STM32L476ZGT6,STM32L4,STM32L476,STM32L476ZG,LQFP,144,1 MiB,-40..85 C,,,STM32L476ZGTx,ordering_pattern,deterministic_ordering_pattern,tcl/target/stm32l4x.cfg,official_st_datasheet_ordering_information,DS10198 Rev 11 p261,https://www.st.com/resource/en/datasheet/stm32l476je.pdf,verified_st_datasheet_ordering_information_plus_retained_exact_identity
STMicroelectronics,STM32L476ZGT6TR,STM32L4,STM32L476,STM32L476ZG,LQFP,144,1 MiB,-40..85 C,TR,,STM32L476ZGTx,ordering_pattern,deterministic_ordering_pattern,tcl/target/stm32l4x.cfg,official_st_datasheet_ordering_information,DS10198 Rev 11 p261,https://www.st.com/resource/en/datasheet/stm32l476je.pdf,verified_st_datasheet_ordering_information_plus_retained_exact_identity
STMicroelectronics,STM32L486JGY6TR,STM32L4,STM32L486,STM32L486JG,WLCSP,72,1 MiB,-40..85 C,TR,,STM32L486JGYx,ordering_pattern,deterministic_ordering_pattern,tcl/target/stm32l4x.cfg,official_st_datasheet_ordering_information,DS10199 Rev 8 p250,https://www.st.com/resource/en/datasheet/stm32l486jg.pdf,verified_st_datasheet_ordering_information_plus_retained_exact_identity
STMicroelectronics,STM32L486QGI6,STM32L4,STM32L486,STM32L486QG,UFBGA,132,1 MiB,-40..85 C,,,STM32L486QGIx,ordering_pattern,deterministic_ordering_pattern,tcl/target/stm32l4x.cfg,official_st_datasheet_ordering_information,DS10199 Rev 8 p250,https://www.st.com/resource/en/datasheet/stm32l486jg.pdf,verified_st_datasheet_ordering_information_plus_retained_exact_identity
STMicroelectronics,STM32L486QGI6TR,STM32L4,STM32L486,STM32L486QG,UFBGA,132,1 MiB,-40..85 C,TR,,STM32L486QGIx,ordering_pattern,deterministic_ordering_pattern,tcl/target/stm32l4x.cfg,official_st_datasheet_ordering_information,DS10199 Rev 8 p250,https://www.st.com/resource/en/datasheet/stm32l486jg.pdf,verified_st_datasheet_ordering_information_plus_retained_exact_identity
STMicroelectronics,STM32L486RGT6,STM32L4,STM32L486,STM32L486RG,LQFP,64,1 MiB,-40..85 C,,,STM32L486RGTx,ordering_pattern,deterministic_ordering_pattern,tcl/target/stm32l4x.cfg,official_st_datasheet_ordering_information,DS10199 Rev 8 p250,https://www.st.com/resource/en/datasheet/stm32l486jg.pdf,verified_st_datasheet_ordering_information_plus_retained_exact_identity
STMicroelectronics,STM32L486RGT6TR,STM32L4,STM32L486,STM32L486RG,LQFP,64,1 MiB,-40..85 C,TR,,STM32L486RGTx,ordering_pattern,deterministic_ordering_pattern,tcl/target/stm32l4x.cfg,official_st_datasheet_ordering_information,DS10199 Rev 8 p250,https://www.st.com/resource/en/datasheet/stm32l486jg.pdf,verified_st_datasheet_ordering_information_plus_retained_exact_identity
STMicroelectronics,STM32L486RGT7,STM32L4,STM32L486,STM32L486RG,LQFP,64,1 MiB,-40..105 C,,,STM32L486RGTx,ordering_pattern,deterministic_ordering_pattern,tcl/target/stm32l4x.cfg,official_st_datasheet_ordering_information,DS10199 Rev 8 p250,https://www.st.com/resource/en/datasheet/stm32l486jg.pdf,verified_st_datasheet_ordering_information_plus_retained_exact_identity
STMicroelectronics,STM32L486RGT7TR,STM32L4,STM32L486,STM32L486RG,LQFP,64,1 MiB,-40..105 C,TR,,STM32L486RGTx,ordering_pattern,deterministic_ordering_pattern,tcl/target/stm32l4x.cfg,official_st_datasheet_ordering_information,DS10199 Rev 8 p250,https://www.st.com/resource/en/datasheet/stm32l486jg.pdf,verified_st_datasheet_ordering_information_plus_retained_exact_identity
STMicroelectronics,STM32L486VGT3,STM32L4,STM32L486,STM32L486VG,LQFP,100,1 MiB,-40..125 C,,,STM32L486VGTx,ordering_pattern,deterministic_ordering_pattern,tcl/target/stm32l4x.cfg,official_st_datasheet_ordering_information,DS10199 Rev 8 p250,https://www.st.com/resource/en/datasheet/stm32l486jg.pdf,verified_st_datasheet_ordering_information_plus_retained_exact_identity
STMicroelectronics,STM32L486VGT3TR,STM32L4,STM32L486,STM32L486VG,LQFP,100,1 MiB,-40..125 C,TR,,STM32L486VGTx,ordering_pattern,deterministic_ordering_pattern,tcl/target/stm32l4x.cfg,official_st_datasheet_ordering_information,DS10199 Rev 8 p250,https://www.st.com/resource/en/datasheet/stm32l486jg.pdf,verified_st_datasheet_ordering_information_plus_retained_exact_identity
STMicroelectronics,STM32L486VGT6,STM32L4,STM32L486,STM32L486VG,LQFP,100,1 MiB,-40..85 C,,,STM32L486VGTx,ordering_pattern,deterministic_ordering_pattern,tcl/target/stm32l4x.cfg,official_st_datasheet_ordering_information,DS10199 Rev 8 p250,https://www.st.com/resource/en/datasheet/stm32l486jg.pdf,verified_st_datasheet_ordering_information_plus_retained_exact_identity
STMicroelectronics,STM32L486VGT6TR,STM32L4,STM32L486,STM32L486VG,LQFP,100,1 MiB,-40..85 C,TR,,STM32L486VGTx,ordering_pattern,deterministic_ordering_pattern,tcl/target/stm32l4x.cfg,official_st_datasheet_ordering_information,DS10199 Rev 8 p250,https://www.st.com/resource/en/datasheet/stm32l486jg.pdf,verified_st_datasheet_ordering_information_plus_retained_exact_identity
STMicroelectronics,STM32L486VGT7,STM32L4,STM32L486,STM32L486VG,LQFP,100,1 MiB,-40..105 C,,,STM32L486VGTx,ordering_pattern,deterministic_ordering_pattern,tcl/target/stm32l4x.cfg,official_st_datasheet_ordering_information,DS10199 Rev 8 p250,https://www.st.com/resource/en/datasheet/stm32l486jg.pdf,verified_st_datasheet_ordering_information_plus_retained_exact_identity
STMicroelectronics,STM32L486VGT7TR,STM32L4,STM32L486,STM32L486VG,LQFP,100,1 MiB,-40..105 C,TR,,STM32L486VGTx,ordering_pattern,deterministic_ordering_pattern,tcl/target/stm32l4x.cfg,official_st_datasheet_ordering_information,DS10199 Rev 8 p250,https://www.st.com/resource/en/datasheet/stm32l486jg.pdf,verified_st_datasheet_ordering_information_plus_retained_exact_identity
STMicroelectronics,STM32L486ZGT3,STM32L4,STM32L486,STM32L486ZG,LQFP,144,1 MiB,-40..125 C,,,STM32L486ZGTx,ordering_pattern,deterministic_ordering_pattern,tcl/target/stm32l4x.cfg,official_st_datasheet_ordering_information,DS10199 Rev 8 p250,https://www.st.com/resource/en/datasheet/stm32l486jg.pdf,verified_st_datasheet_ordering_information_plus_retained_exact_identity
STMicroelectronics,STM32L486ZGT6,STM32L4,STM32L486,STM32L486ZG,LQFP,144,1 MiB,-40..85 C,,,STM32L486ZGTx,ordering_pattern,deterministic_ordering_pattern,tcl/target/stm32l4x.cfg,official_st_datasheet_ordering_information,DS10199 Rev 8 p250,https://www.st.com/resource/en/datasheet/stm32l486jg.pdf,verified_st_datasheet_ordering_information_plus_retained_exact_identity
STMicroelectronics,STM32L496AEI6,STM32L4,STM32L496,STM32L496AE,UFBGA,169,512 KiB,-40..85 C,,,STM32L496AEIx,ordering_pattern,deterministic_ordering_pattern,tcl/target/stm32l4x.cfg,official_st_datasheet_ordering_information,DS11585 Rev 20 p274,https://www.st.com/resource/en/datasheet/stm32l496ae.pdf,verified_st_datasheet_ordering_information_plus_retained_exact_identity
STMicroelectronics,STM32L496AGI3,STM32L4,STM32L496,STM32L496AG,UFBGA,169,1 MiB,-40..125 C,,,STM32L496AGIx,ordering_pattern,deterministic_ordering_pattern,tcl/target/stm32l4x.cfg,official_st_datasheet_ordering_information,DS11585 Rev 20 p274,https://www.st.com/resource/en/datasheet/stm32l496ae.pdf,verified_st_datasheet_ordering_information_plus_retained_exact_identity
STMicroelectronics,STM32L496AGI6,STM32L4,STM32L496,STM32L496AG,UFBGA,169,1 MiB,-40..85 C,,,STM32L496AGIx,ordering_pattern,deterministic_ordering_pattern,tcl/target/stm32l4x.cfg,official_st_datasheet_ordering_information,DS11585 Rev 20 p274,https://www.st.com/resource/en/datasheet/stm32l496ae.pdf,verified_st_datasheet_ordering_information_plus_retained_exact_identity
STMicroelectronics,STM32L496AGI6P,STM32L4,STM32L496,STM32L496AG,UFBGA,169,1 MiB,-40..85 C,P,,STM32L496AGIx,ordering_pattern,deterministic_ordering_pattern,tcl/target/stm32l4x.cfg,official_st_datasheet_ordering_information,DS11585 Rev 20 p274,https://www.st.com/resource/en/datasheet/stm32l496ae.pdf,verified_st_datasheet_ordering_information_plus_retained_exact_identity
STMicroelectronics,STM32L496QEI6,STM32L4,STM32L496,STM32L496QE,UFBGA,132,512 KiB,-40..85 C,,,STM32L496QEIx,ordering_pattern,deterministic_ordering_pattern,tcl/target/stm32l4x.cfg,official_st_datasheet_ordering_information,DS11585 Rev 20 p274,https://www.st.com/resource/en/datasheet/stm32l496ae.pdf,verified_st_datasheet_ordering_information_plus_retained_exact_identity
STMicroelectronics,STM32L496QEI6TR,STM32L4,STM32L496,STM32L496QE,UFBGA,132,512 KiB,-40..85 C,TR,,STM32L496QEIx,ordering_pattern,deterministic_ordering_pattern,tcl/target/stm32l4x.cfg,official_st_datasheet_ordering_information,DS11585 Rev 20 p274,https://www.st.com/resource/en/datasheet/stm32l496ae.pdf,verified_st_datasheet_ordering_information_plus_retained_exact_identity
STMicroelectronics,STM32L496QGI3,STM32L4,STM32L496,STM32L496QG,UFBGA,132,1 MiB,-40..125 C,,,STM32L496QGIx,ordering_pattern,deterministic_ordering_pattern,tcl/target/stm32l4x.cfg,official_st_datasheet_ordering_information,DS11585 Rev 20 p274,https://www.st.com/resource/en/datasheet/stm32l496ae.pdf,verified_st_datasheet_ordering_information_plus_retained_exact_identity
STMicroelectronics,STM32L496QGI6,STM32L4,STM32L496,STM32L496QG,UFBGA,132,1 MiB,-40..85 C,,,STM32L496QGIx,ordering_pattern,deterministic_ordering_pattern,tcl/target/stm32l4x.cfg,official_st_datasheet_ordering_information,DS11585 Rev 20 p274,https://www.st.com/resource/en/datasheet/stm32l496ae.pdf,verified_st_datasheet_ordering_information_plus_retained_exact_identity
STMicroelectronics,STM32L496QGI6P,STM32L4,STM32L496,STM32L496QG,UFBGA,132,1 MiB,-40..85 C,P,,STM32L496QGIx,ordering_pattern,deterministic_ordering_pattern,tcl/target/stm32l4x.cfg,official_st_datasheet_ordering_information,DS11585 Rev 20 p274,https://www.st.com/resource/en/datasheet/stm32l496ae.pdf,verified_st_datasheet_ordering_information_plus_retained_exact_identity
STMicroelectronics,STM32L496QGI6S,STM32L4,STM32L496,STM32L496QG,UFBGA,132,1 MiB,-40..85 C,S,,STM32L496QGIx,ordering_pattern,deterministic_ordering_pattern,tcl/target/stm32l4x.cfg,official_st_datasheet_ordering_information,DS11585 Rev 20 p274,https://www.st.com/resource/en/datasheet/stm32l496ae.pdf,verified_st_datasheet_ordering_information_plus_retained_exact_identity
STMicroelectronics,STM32L496QGI6STR,STM32L4,STM32L496,STM32L496QG,UFBGA,132,1 MiB,-40..85 C,STR,,STM32L496QGIx,ordering_pattern,deterministic_ordering_pattern,tcl/target/stm32l4x.cfg,official_st_datasheet_ordering_information,DS11585 Rev 20 p274,https://www.st.com/resource/en/datasheet/stm32l496ae.pdf,verified_st_datasheet_ordering_information_plus_retained_exact_identity
STMicroelectronics,STM32L496RET6,STM32L4,STM32L496,STM32L496RE,LQFP,64,512 KiB,-40..85 C,,,STM32L496RETx,ordering_pattern,deterministic_ordering_pattern,tcl/target/stm32l4x.cfg,official_st_datasheet_ordering_information,DS11585 Rev 20 p274,https://www.st.com/resource/en/datasheet/stm32l496ae.pdf,verified_st_datasheet_ordering_information_plus_retained_exact_identity
STMicroelectronics,STM32L496RET6TR,STM32L4,STM32L496,STM32L496RE,LQFP,64,512 KiB,-40..85 C,TR,,STM32L496RETx,ordering_pattern,deterministic_ordering_pattern,tcl/target/stm32l4x.cfg,official_st_datasheet_ordering_information,DS11585 Rev 20 p274,https://www.st.com/resource/en/datasheet/stm32l496ae.pdf,verified_st_datasheet_ordering_information_plus_retained_exact_identity
STMicroelectronics,STM32L496RGT3,STM32L4,STM32L496,STM32L496RG,LQFP,64,1 MiB,-40..125 C,,,STM32L496RGTx,ordering_pattern,deterministic_ordering_pattern,tcl/target/stm32l4x.cfg,official_st_datasheet_ordering_information,DS11585 Rev 20 p274,https://www.st.com/resource/en/datasheet/stm32l496ae.pdf,verified_st_datasheet_ordering_information_plus_retained_exact_identity
STMicroelectronics,STM32L496RGT3TR,STM32L4,STM32L496,STM32L496RG,LQFP,64,1 MiB,-40..125 C,TR,,STM32L496RGTx,ordering_pattern,deterministic_ordering_pattern,tcl/target/stm32l4x.cfg,official_st_datasheet_ordering_information,DS11585 Rev 20 p274,https://www.st.com/resource/en/datasheet/stm32l496ae.pdf,verified_st_datasheet_ordering_information_plus_retained_exact_identity
STMicroelectronics,STM32L496RGT6,STM32L4,STM32L496,STM32L496RG,LQFP,64,1 MiB,-40..85 C,,,STM32L496RGTx,ordering_pattern,deterministic_ordering_pattern,tcl/target/stm32l4x.cfg,official_st_datasheet_ordering_information,DS11585 Rev 20 p274,https://www.st.com/resource/en/datasheet/stm32l496ae.pdf,verified_st_datasheet_ordering_information_plus_retained_exact_identity
STMicroelectronics,STM32L496RGT6P,STM32L4,STM32L496,STM32L496RG,LQFP,64,1 MiB,-40..85 C,P,,STM32L496RGTx,ordering_pattern,deterministic_ordering_pattern,tcl/target/stm32l4x.cfg,official_st_datasheet_ordering_information,DS11585 Rev 20 p274,https://www.st.com/resource/en/datasheet/stm32l496ae.pdf,verified_st_datasheet_ordering_information_plus_retained_exact_identity
STMicroelectronics,STM32L496RGT6TR,STM32L4,STM32L496,STM32L496RG,LQFP,64,1 MiB,-40..85 C,TR,,STM32L496RGTx,ordering_pattern,deterministic_ordering_pattern,tcl/target/stm32l4x.cfg,official_st_datasheet_ordering_information,DS11585 Rev 20 p274,https://www.st.com/resource/en/datasheet/stm32l496ae.pdf,verified_st_datasheet_ordering_information_plus_retained_exact_identity
STMicroelectronics,STM32L496VET3,STM32L4,STM32L496,STM32L496VE,LQFP,100,512 KiB,-40..125 C,,,STM32L496VETx,ordering_pattern,deterministic_ordering_pattern,tcl/target/stm32l4x.cfg,official_st_datasheet_ordering_information,DS11585 Rev 20 p274,https://www.st.com/resource/en/datasheet/stm32l496ae.pdf,verified_st_datasheet_ordering_information_plus_retained_exact_identity
STMicroelectronics,STM32L496VET6,STM32L4,STM32L496,STM32L496VE,LQFP,100,512 KiB,-40..85 C,,,STM32L496VETx,ordering_pattern,deterministic_ordering_pattern,tcl/target/stm32l4x.cfg,official_st_datasheet_ordering_information,DS11585 Rev 20 p274,https://www.st.com/resource/en/datasheet/stm32l496ae.pdf,verified_st_datasheet_ordering_information_plus_retained_exact_identity
STMicroelectronics,STM32L496VET6TR,STM32L4,STM32L496,STM32L496VE,LQFP,100,512 KiB,-40..85 C,TR,,STM32L496VETx,ordering_pattern,deterministic_ordering_pattern,tcl/target/stm32l4x.cfg,official_st_datasheet_ordering_information,DS11585 Rev 20 p274,https://www.st.com/resource/en/datasheet/stm32l496ae.pdf,verified_st_datasheet_ordering_information_plus_retained_exact_identity
STMicroelectronics,STM32L496VGT3,STM32L4,STM32L496,STM32L496VG,LQFP,100,1 MiB,-40..125 C,,,STM32L496VGTx,ordering_pattern,deterministic_ordering_pattern,tcl/target/stm32l4x.cfg,official_st_datasheet_ordering_information,DS11585 Rev 20 p274,https://www.st.com/resource/en/datasheet/stm32l496ae.pdf,verified_st_datasheet_ordering_information_plus_retained_exact_identity
STMicroelectronics,STM32L496VGT6,STM32L4,STM32L496,STM32L496VG,LQFP,100,1 MiB,-40..85 C,,,STM32L496VGTx,ordering_pattern,deterministic_ordering_pattern,tcl/target/stm32l4x.cfg,official_st_datasheet_ordering_information,DS11585 Rev 20 p274,https://www.st.com/resource/en/datasheet/stm32l496ae.pdf,verified_st_datasheet_ordering_information_plus_retained_exact_identity
STMicroelectronics,STM32L496VGT6P,STM32L4,STM32L496,STM32L496VG,LQFP,100,1 MiB,-40..85 C,P,,STM32L496VGTx,ordering_pattern,deterministic_ordering_pattern,tcl/target/stm32l4x.cfg,official_st_datasheet_ordering_information,DS11585 Rev 20 p274,https://www.st.com/resource/en/datasheet/stm32l496ae.pdf,verified_st_datasheet_ordering_information_plus_retained_exact_identity
STMicroelectronics,STM32L496VGT6TR,STM32L4,STM32L496,STM32L496VG,LQFP,100,1 MiB,-40..85 C,TR,,STM32L496VGTx,ordering_pattern,deterministic_ordering_pattern,tcl/target/stm32l4x.cfg,official_st_datasheet_ordering_information,DS11585 Rev 20 p274,https://www.st.com/resource/en/datasheet/stm32l496ae.pdf,verified_st_datasheet_ordering_information_plus_retained_exact_identity
STMicroelectronics,STM32L496VGY6PTR,STM32L4,STM32L496,STM32L496VG,WLCSP,100,1 MiB,-40..85 C,PTR,,STM32L496VGYx,ordering_pattern,deterministic_ordering_pattern,tcl/target/stm32l4x.cfg,official_st_datasheet_ordering_information,DS11585 Rev 20 p274,https://www.st.com/resource/en/datasheet/stm32l496ae.pdf,verified_st_datasheet_ordering_information_plus_retained_exact_identity
STMicroelectronics,STM32L496VGY6TR,STM32L4,STM32L496,STM32L496VG,WLCSP,100,1 MiB,-40..85 C,TR,,STM32L496VGYx,ordering_pattern,deterministic_ordering_pattern,tcl/target/stm32l4x.cfg,official_st_datasheet_ordering_information,DS11585 Rev 20 p274,https://www.st.com/resource/en/datasheet/stm32l496ae.pdf,verified_st_datasheet_ordering_information_plus_retained_exact_identity
STMicroelectronics,STM32L496ZET6,STM32L4,STM32L496,STM32L496ZE,LQFP,144,512 KiB,-40..85 C,,,STM32L496ZETx,ordering_pattern,deterministic_ordering_pattern,tcl/target/stm32l4x.cfg,official_st_datasheet_ordering_information,DS11585 Rev 20 p274,https://www.st.com/resource/en/datasheet/stm32l496ae.pdf,verified_st_datasheet_ordering_information_plus_retained_exact_identity
STMicroelectronics,STM32L496ZET6TR,STM32L4,STM32L496,STM32L496ZE,LQFP,144,512 KiB,-40..85 C,TR,,STM32L496ZETx,ordering_pattern,deterministic_ordering_pattern,tcl/target/stm32l4x.cfg,official_st_datasheet_ordering_information,DS11585 Rev 20 p274,https://www.st.com/resource/en/datasheet/stm32l496ae.pdf,verified_st_datasheet_ordering_information_plus_retained_exact_identity
STMicroelectronics,STM32L496ZGT3,STM32L4,STM32L496,STM32L496ZG,LQFP,144,1 MiB,-40..125 C,,,STM32L496ZGTx,ordering_pattern,deterministic_ordering_pattern,tcl/target/stm32l4x.cfg,official_st_datasheet_ordering_information,DS11585 Rev 20 p274,https://www.st.com/resource/en/datasheet/stm32l496ae.pdf,verified_st_datasheet_ordering_information_plus_retained_exact_identity
STMicroelectronics,STM32L496ZGT6,STM32L4,STM32L496,STM32L496ZG,LQFP,144,1 MiB,-40..85 C,,,STM32L496ZGTx,ordering_pattern,deterministic_ordering_pattern,tcl/target/stm32l4x.cfg,official_st_datasheet_ordering_information,DS11585 Rev 20 p274,https://www.st.com/resource/en/datasheet/stm32l496ae.pdf,verified_st_datasheet_ordering_information_plus_retained_exact_identity
STMicroelectronics,STM32L496ZGT6P,STM32L4,STM32L496,STM32L496ZG,LQFP,144,1 MiB,-40..85 C,P,,STM32L496ZGTx,ordering_pattern,deterministic_ordering_pattern,tcl/target/stm32l4x.cfg,official_st_datasheet_ordering_information,DS11585 Rev 20 p274,https://www.st.com/resource/en/datasheet/stm32l496ae.pdf,verified_st_datasheet_ordering_information_plus_retained_exact_identity
STMicroelectronics,STM32L496ZGT6TR,STM32L4,STM32L496,STM32L496ZG,LQFP,144,1 MiB,-40..85 C,TR,,STM32L496ZGTx,ordering_pattern,deterministic_ordering_pattern,tcl/target/stm32l4x.cfg,official_st_datasheet_ordering_information,DS11585 Rev 20 p274,https://www.st.com/resource/en/datasheet/stm32l496ae.pdf,verified_st_datasheet_ordering_information_plus_retained_exact_identity
STMicroelectronics,STM32L4A6AGI6,STM32L4,STM32L4A6,STM32L4A6AG,UFBGA,169,1 MiB,-40..85 C,,,STM32L4A6AGIx,ordering_pattern,deterministic_ordering_pattern,tcl/target/stm32l4x.cfg,official_st_datasheet_ordering_information,DS11584 Rev 14 p275,https://www.st.com/resource/en/datasheet/stm32l4a6ag.pdf,verified_st_datasheet_ordering_information_plus_retained_exact_identity
STMicroelectronics,STM32L4A6AGI6P,STM32L4,STM32L4A6,STM32L4A6AG,UFBGA,169,1 MiB,-40..85 C,P,,STM32L4A6AGIx,ordering_pattern,deterministic_ordering_pattern,tcl/target/stm32l4x.cfg,official_st_datasheet_ordering_information,DS11584 Rev 14 p275,https://www.st.com/resource/en/datasheet/stm32l4a6ag.pdf,verified_st_datasheet_ordering_information_plus_retained_exact_identity
STMicroelectronics,STM32L4A6QGI6,STM32L4,STM32L4A6,STM32L4A6QG,UFBGA,132,1 MiB,-40..85 C,,,STM32L4A6QGIx,ordering_pattern,deterministic_ordering_pattern,tcl/target/stm32l4x.cfg,official_st_datasheet_ordering_information,DS11584 Rev 14 p275,https://www.st.com/resource/en/datasheet/stm32l4a6ag.pdf,verified_st_datasheet_ordering_information_plus_retained_exact_identity
STMicroelectronics,STM32L4A6QGI6P,STM32L4,STM32L4A6,STM32L4A6QG,UFBGA,132,1 MiB,-40..85 C,P,,STM32L4A6QGIx,ordering_pattern,deterministic_ordering_pattern,tcl/target/stm32l4x.cfg,official_st_datasheet_ordering_information,DS11584 Rev 14 p275,https://www.st.com/resource/en/datasheet/stm32l4a6ag.pdf,verified_st_datasheet_ordering_information_plus_retained_exact_identity
STMicroelectronics,STM32L4A6RGT6,STM32L4,STM32L4A6,STM32L4A6RG,LQFP,64,1 MiB,-40..85 C,,,STM32L4A6RGTx,ordering_pattern,deterministic_ordering_pattern,tcl/target/stm32l4x.cfg,official_st_datasheet_ordering_information,DS11584 Rev 14 p275,https://www.st.com/resource/en/datasheet/stm32l4a6ag.pdf,verified_st_datasheet_ordering_information_plus_retained_exact_identity
STMicroelectronics,STM32L4A6RGT6P,STM32L4,STM32L4A6,STM32L4A6RG,LQFP,64,1 MiB,-40..85 C,P,,STM32L4A6RGTx,ordering_pattern,deterministic_ordering_pattern,tcl/target/stm32l4x.cfg,official_st_datasheet_ordering_information,DS11584 Rev 14 p275,https://www.st.com/resource/en/datasheet/stm32l4a6ag.pdf,verified_st_datasheet_ordering_information_plus_retained_exact_identity
STMicroelectronics,STM32L4A6RGT6TR,STM32L4,STM32L4A6,STM32L4A6RG,LQFP,64,1 MiB,-40..85 C,TR,,STM32L4A6RGTx,ordering_pattern,deterministic_ordering_pattern,tcl/target/stm32l4x.cfg,official_st_datasheet_ordering_information,DS11584 Rev 14 p275,https://www.st.com/resource/en/datasheet/stm32l4a6ag.pdf,verified_st_datasheet_ordering_information_plus_retained_exact_identity
STMicroelectronics,STM32L4A6RGT7,STM32L4,STM32L4A6,STM32L4A6RG,LQFP,64,1 MiB,-40..105 C,,,STM32L4A6RGTx,ordering_pattern,deterministic_ordering_pattern,tcl/target/stm32l4x.cfg,official_st_datasheet_plus_exact_variant_manufacturer_exception,DS11584 Rev 14 p275 + exact Active variant manufacturer-surface exception,https://www.st.com/resource/en/datasheet/stm32l4a6ag.pdf | https://www.st.com/en/microcontrollers-microprocessors/stm32l4a6rg.html | https://estore.st.com/en/stm32l4a6rgt7-cpn.html,verified_st_datasheet_ordering_information_plus_exact_variant_manufacturer_exception_plus_retained_exact_identity
STMicroelectronics,STM32L4A6RGT7TR,STM32L4,STM32L4A6,STM32L4A6RG,LQFP,64,1 MiB,-40..105 C,TR,,STM32L4A6RGTx,ordering_pattern,deterministic_ordering_pattern,tcl/target/stm32l4x.cfg,official_st_datasheet_plus_exact_variant_manufacturer_exception,DS11584 Rev 14 p275 + exact Active variant manufacturer-surface exception,https://www.st.com/resource/en/datasheet/stm32l4a6ag.pdf | https://www.st.com/en/microcontrollers-microprocessors/stm32l4a6rg.html | https://estore.st.com/en/stm32l4a6rgt7tr-cpn.html,verified_st_datasheet_ordering_information_plus_exact_variant_manufacturer_exception_plus_retained_exact_identity
STMicroelectronics,STM32L4A6VGT6,STM32L4,STM32L4A6,STM32L4A6VG,LQFP,100,1 MiB,-40..85 C,,,STM32L4A6VGTx,ordering_pattern,deterministic_ordering_pattern,tcl/target/stm32l4x.cfg,official_st_datasheet_ordering_information,DS11584 Rev 14 p275,https://www.st.com/resource/en/datasheet/stm32l4a6ag.pdf,verified_st_datasheet_ordering_information_plus_retained_exact_identity
STMicroelectronics,STM32L4A6VGT6P,STM32L4,STM32L4A6,STM32L4A6VG,LQFP,100,1 MiB,-40..85 C,P,,STM32L4A6VGTx,ordering_pattern,deterministic_ordering_pattern,tcl/target/stm32l4x.cfg,official_st_datasheet_ordering_information,DS11584 Rev 14 p275,https://www.st.com/resource/en/datasheet/stm32l4a6ag.pdf,verified_st_datasheet_ordering_information_plus_retained_exact_identity
STMicroelectronics,STM32L4A6VGT6PTR,STM32L4,STM32L4A6,STM32L4A6VG,LQFP,100,1 MiB,-40..85 C,PTR,,STM32L4A6VGTx,ordering_pattern,deterministic_ordering_pattern,tcl/target/stm32l4x.cfg,official_st_datasheet_ordering_information,DS11584 Rev 14 p275,https://www.st.com/resource/en/datasheet/stm32l4a6ag.pdf,verified_st_datasheet_ordering_information_plus_retained_exact_identity
STMicroelectronics,STM32L4A6VGT6TR,STM32L4,STM32L4A6,STM32L4A6VG,LQFP,100,1 MiB,-40..85 C,TR,,STM32L4A6VGTx,ordering_pattern,deterministic_ordering_pattern,tcl/target/stm32l4x.cfg,official_st_datasheet_ordering_information,DS11584 Rev 14 p275,https://www.st.com/resource/en/datasheet/stm32l4a6ag.pdf,verified_st_datasheet_ordering_information_plus_retained_exact_identity
STMicroelectronics,STM32L4A6VGY6PTR,STM32L4,STM32L4A6,STM32L4A6VG,WLCSP,100,1 MiB,-40..85 C,PTR,,STM32L4A6VGYx,ordering_pattern,deterministic_ordering_pattern,tcl/target/stm32l4x.cfg,official_st_datasheet_ordering_information,DS11584 Rev 14 p275,https://www.st.com/resource/en/datasheet/stm32l4a6ag.pdf,verified_st_datasheet_ordering_information_plus_retained_exact_identity
STMicroelectronics,STM32L4A6VGY6TR,STM32L4,STM32L4A6,STM32L4A6VG,WLCSP,100,1 MiB,-40..85 C,TR,,STM32L4A6VGYx,ordering_pattern,deterministic_ordering_pattern,tcl/target/stm32l4x.cfg,official_st_datasheet_ordering_information,DS11584 Rev 14 p275,https://www.st.com/resource/en/datasheet/stm32l4a6ag.pdf,verified_st_datasheet_ordering_information_plus_retained_exact_identity
STMicroelectronics,STM32L4A6ZGT6,STM32L4,STM32L4A6,STM32L4A6ZG,LQFP,144,1 MiB,-40..85 C,,,STM32L4A6ZGTx,ordering_pattern,deterministic_ordering_pattern,tcl/target/stm32l4x.cfg,official_st_datasheet_ordering_information,DS11584 Rev 14 p275,https://www.st.com/resource/en/datasheet/stm32l4a6ag.pdf,verified_st_datasheet_ordering_information_plus_retained_exact_identity
STMicroelectronics,STM32L4A6ZGT6P,STM32L4,STM32L4A6,STM32L4A6ZG,LQFP,144,1 MiB,-40..85 C,P,,STM32L4A6ZGTx,ordering_pattern,deterministic_ordering_pattern,tcl/target/stm32l4x.cfg,official_st_datasheet_ordering_information,DS11584 Rev 14 p275,https://www.st.com/resource/en/datasheet/stm32l4a6ag.pdf,verified_st_datasheet_ordering_information_plus_retained_exact_identity
STMicroelectronics,STM32L4P5AEI6,STM32L4,STM32L4P5,STM32L4P5AE,UFBGA,169,512 KiB,-40..85 C,,,STM32L4P5AEIx,ordering_pattern,deterministic_ordering_pattern,tcl/target/stm32l4x.cfg,official_st_datasheet_ordering_information,DS12903 Rev 3 p308,https://www.st.com/resource/en/datasheet/stm32l4p5ae.pdf,verified_st_datasheet_ordering_information_plus_retained_exact_identity
STMicroelectronics,STM32L4P5AGI6,STM32L4,STM32L4P5,STM32L4P5AG,UFBGA,169,1 MiB,-40..85 C,,,STM32L4P5AGIx,ordering_pattern,deterministic_ordering_pattern,tcl/target/stm32l4x.cfg,official_st_datasheet_ordering_information,DS12903 Rev 3 p308,https://www.st.com/resource/en/datasheet/stm32l4p5ae.pdf,verified_st_datasheet_ordering_information_plus_retained_exact_identity
STMicroelectronics,STM32L4P5AGI6P,STM32L4,STM32L4P5,STM32L4P5AG,UFBGA,169,1 MiB,-40..85 C,P,,STM32L4P5AGIx,ordering_pattern,deterministic_ordering_pattern,tcl/target/stm32l4x.cfg,official_st_datasheet_ordering_information,DS12903 Rev 3 p308,https://www.st.com/resource/en/datasheet/stm32l4p5ae.pdf,verified_st_datasheet_ordering_information_plus_retained_exact_identity
STMicroelectronics,STM32L4P5CET6,STM32L4,STM32L4P5,STM32L4P5CE,LQFP,48,512 KiB,-40..85 C,,,STM32L4P5CETx,ordering_pattern,deterministic_ordering_pattern,tcl/target/stm32l4x.cfg,official_st_datasheet_ordering_information,DS12903 Rev 3 p308,https://www.st.com/resource/en/datasheet/stm32l4p5ae.pdf,verified_st_datasheet_ordering_information_plus_retained_exact_identity
STMicroelectronics,STM32L4P5CEU6,STM32L4,STM32L4P5,STM32L4P5CE,UFQFPN,48,512 KiB,-40..85 C,,,STM32L4P5CEUx,ordering_pattern,deterministic_ordering_pattern,tcl/target/stm32l4x.cfg,official_st_datasheet_ordering_information,DS12903 Rev 3 p308,https://www.st.com/resource/en/datasheet/stm32l4p5ae.pdf,verified_st_datasheet_ordering_information_plus_retained_exact_identity
STMicroelectronics,STM32L4P5CGT6,STM32L4,STM32L4P5,STM32L4P5CG,LQFP,48,1 MiB,-40..85 C,,,STM32L4P5CGTx,ordering_pattern,deterministic_ordering_pattern,tcl/target/stm32l4x.cfg,official_st_datasheet_ordering_information,DS12903 Rev 3 p308,https://www.st.com/resource/en/datasheet/stm32l4p5ae.pdf,verified_st_datasheet_ordering_information_plus_retained_exact_identity
STMicroelectronics,STM32L4P5CGT6P,STM32L4,STM32L4P5,STM32L4P5CG,LQFP,48,1 MiB,-40..85 C,P,,STM32L4P5CGTx,ordering_pattern,deterministic_ordering_pattern,tcl/target/stm32l4x.cfg,official_st_datasheet_ordering_information,DS12903 Rev 3 p308,https://www.st.com/resource/en/datasheet/stm32l4p5ae.pdf,verified_st_datasheet_ordering_information_plus_retained_exact_identity
STMicroelectronics,STM32L4P5CGU6,STM32L4,STM32L4P5,STM32L4P5CG,UFQFPN,48,1 MiB,-40..85 C,,,STM32L4P5CGUx,ordering_pattern,deterministic_ordering_pattern,tcl/target/stm32l4x.cfg,official_st_datasheet_ordering_information,DS12903 Rev 3 p308,https://www.st.com/resource/en/datasheet/stm32l4p5ae.pdf,verified_st_datasheet_ordering_information_plus_retained_exact_identity
STMicroelectronics,STM32L4P5CGU6P,STM32L4,STM32L4P5,STM32L4P5CG,UFQFPN,48,1 MiB,-40..85 C,P,,STM32L4P5CGUx,ordering_pattern,deterministic_ordering_pattern,tcl/target/stm32l4x.cfg,official_st_datasheet_ordering_information,DS12903 Rev 3 p308,https://www.st.com/resource/en/datasheet/stm32l4p5ae.pdf,verified_st_datasheet_ordering_information_plus_retained_exact_identity
STMicroelectronics,STM32L4P5QEI6,STM32L4,STM32L4P5,STM32L4P5QE,UFBGA,132,512 KiB,-40..85 C,,,STM32L4P5QEIx,ordering_pattern,deterministic_ordering_pattern,tcl/target/stm32l4x.cfg,official_st_datasheet_ordering_information,DS12903 Rev 3 p308,https://www.st.com/resource/en/datasheet/stm32l4p5ae.pdf,verified_st_datasheet_ordering_information_plus_retained_exact_identity
STMicroelectronics,STM32L4P5QGI6,STM32L4,STM32L4P5,STM32L4P5QG,UFBGA,132,1 MiB,-40..85 C,,,STM32L4P5QGIx,ordering_pattern,deterministic_ordering_pattern,tcl/target/stm32l4x.cfg,official_st_datasheet_ordering_information,DS12903 Rev 3 p308,https://www.st.com/resource/en/datasheet/stm32l4p5ae.pdf,verified_st_datasheet_ordering_information_plus_retained_exact_identity
STMicroelectronics,STM32L4P5QGI6P,STM32L4,STM32L4P5,STM32L4P5QG,UFBGA,132,1 MiB,-40..85 C,P,,STM32L4P5QGIx,ordering_pattern,deterministic_ordering_pattern,tcl/target/stm32l4x.cfg,official_st_datasheet_ordering_information,DS12903 Rev 3 p308,https://www.st.com/resource/en/datasheet/stm32l4p5ae.pdf,verified_st_datasheet_ordering_information_plus_retained_exact_identity
STMicroelectronics,STM32L4P5QGI6S,STM32L4,STM32L4P5,STM32L4P5QG,UFBGA,132,1 MiB,-40..85 C,S,,STM32L4P5QGIx,ordering_pattern,deterministic_ordering_pattern,tcl/target/stm32l4x.cfg,official_st_datasheet_ordering_information,DS12903 Rev 3 p308,https://www.st.com/resource/en/datasheet/stm32l4p5ae.pdf,verified_st_datasheet_ordering_information_plus_retained_exact_identity
STMicroelectronics,STM32L4P5QGI6STR,STM32L4,STM32L4P5,STM32L4P5QG,UFBGA,132,1 MiB,-40..85 C,STR,,STM32L4P5QGIx,ordering_pattern,deterministic_ordering_pattern,tcl/target/stm32l4x.cfg,official_st_datasheet_ordering_information,DS12903 Rev 3 p308,https://www.st.com/resource/en/datasheet/stm32l4p5ae.pdf,verified_st_datasheet_ordering_information_plus_retained_exact_identity
STMicroelectronics,STM32L4P5QGI6TR,STM32L4,STM32L4P5,STM32L4P5QG,UFBGA,132,1 MiB,-40..85 C,TR,,STM32L4P5QGIx,ordering_pattern,deterministic_ordering_pattern,tcl/target/stm32l4x.cfg,official_st_datasheet_ordering_information,DS12903 Rev 3 p308,https://www.st.com/resource/en/datasheet/stm32l4p5ae.pdf,verified_st_datasheet_ordering_information_plus_retained_exact_identity
STMicroelectronics,STM32L4P5RET6,STM32L4,STM32L4P5,STM32L4P5RE,LQFP,64,512 KiB,-40..85 C,,,STM32L4P5RETx,ordering_pattern,deterministic_ordering_pattern,tcl/target/stm32l4x.cfg,official_st_datasheet_ordering_information,DS12903 Rev 3 p308,https://www.st.com/resource/en/datasheet/stm32l4p5ae.pdf,verified_st_datasheet_ordering_information_plus_retained_exact_identity
STMicroelectronics,STM32L4P5RGT6,STM32L4,STM32L4P5,STM32L4P5RG,LQFP,64,1 MiB,-40..85 C,,,STM32L4P5RGTx,ordering_pattern,deterministic_ordering_pattern,tcl/target/stm32l4x.cfg,official_st_datasheet_ordering_information,DS12903 Rev 3 p308,https://www.st.com/resource/en/datasheet/stm32l4p5ae.pdf,verified_st_datasheet_ordering_information_plus_retained_exact_identity
STMicroelectronics,STM32L4P5RGT6P,STM32L4,STM32L4P5,STM32L4P5RG,LQFP,64,1 MiB,-40..85 C,P,,STM32L4P5RGTx,ordering_pattern,deterministic_ordering_pattern,tcl/target/stm32l4x.cfg,official_st_datasheet_ordering_information,DS12903 Rev 3 p308,https://www.st.com/resource/en/datasheet/stm32l4p5ae.pdf,verified_st_datasheet_ordering_information_plus_retained_exact_identity
STMicroelectronics,STM32L4P5VET6,STM32L4,STM32L4P5,STM32L4P5VE,LQFP,100,512 KiB,-40..85 C,,,STM32L4P5VETx,ordering_pattern,deterministic_ordering_pattern,tcl/target/stm32l4x.cfg,official_st_datasheet_ordering_information,DS12903 Rev 3 p308,https://www.st.com/resource/en/datasheet/stm32l4p5ae.pdf,verified_st_datasheet_ordering_information_plus_retained_exact_identity
STMicroelectronics,STM32L4P5VET6TR,STM32L4,STM32L4P5,STM32L4P5VE,LQFP,100,512 KiB,-40..85 C,TR,,STM32L4P5VETx,ordering_pattern,deterministic_ordering_pattern,tcl/target/stm32l4x.cfg,official_st_datasheet_ordering_information,DS12903 Rev 3 p308,https://www.st.com/resource/en/datasheet/stm32l4p5ae.pdf,verified_st_datasheet_ordering_information_plus_retained_exact_identity
STMicroelectronics,STM32L4P5VEY6TR,STM32L4,STM32L4P5,STM32L4P5VE,WLCSP,100,512 KiB,-40..85 C,TR,,STM32L4P5VEYx,ordering_pattern,deterministic_ordering_pattern,tcl/target/stm32l4x.cfg,official_st_datasheet_ordering_information,DS12903 Rev 3 p308,https://www.st.com/resource/en/datasheet/stm32l4p5ae.pdf,verified_st_datasheet_ordering_information_plus_retained_exact_identity
STMicroelectronics,STM32L4P5VGT6,STM32L4,STM32L4P5,STM32L4P5VG,LQFP,100,1 MiB,-40..85 C,,,STM32L4P5VGTx,ordering_pattern,deterministic_ordering_pattern,tcl/target/stm32l4x.cfg,official_st_datasheet_ordering_information,DS12903 Rev 3 p308,https://www.st.com/resource/en/datasheet/stm32l4p5ae.pdf,verified_st_datasheet_ordering_information_plus_retained_exact_identity
STMicroelectronics,STM32L4P5VGT6P,STM32L4,STM32L4P5,STM32L4P5VG,LQFP,100,1 MiB,-40..85 C,P,,STM32L4P5VGTx,ordering_pattern,deterministic_ordering_pattern,tcl/target/stm32l4x.cfg,official_st_datasheet_ordering_information,DS12903 Rev 3 p308,https://www.st.com/resource/en/datasheet/stm32l4p5ae.pdf,verified_st_datasheet_ordering_information_plus_retained_exact_identity
STMicroelectronics,STM32L4P5VGY6PTR,STM32L4,STM32L4P5,STM32L4P5VG,WLCSP,100,1 MiB,-40..85 C,PTR,,STM32L4P5VGYx,ordering_pattern,deterministic_ordering_pattern,tcl/target/stm32l4x.cfg,official_st_datasheet_ordering_information,DS12903 Rev 3 p308,https://www.st.com/resource/en/datasheet/stm32l4p5ae.pdf,verified_st_datasheet_ordering_information_plus_retained_exact_identity
STMicroelectronics,STM32L4P5VGY6TR,STM32L4,STM32L4P5,STM32L4P5VG,WLCSP,100,1 MiB,-40..85 C,TR,,STM32L4P5VGYx,ordering_pattern,deterministic_ordering_pattern,tcl/target/stm32l4x.cfg,official_st_datasheet_ordering_information,DS12903 Rev 3 p308,https://www.st.com/resource/en/datasheet/stm32l4p5ae.pdf,verified_st_datasheet_ordering_information_plus_retained_exact_identity
STMicroelectronics,STM32L4P5ZET6,STM32L4,STM32L4P5,STM32L4P5ZE,LQFP,144,512 KiB,-40..85 C,,,STM32L4P5ZETx,ordering_pattern,deterministic_ordering_pattern,tcl/target/stm32l4x.cfg,official_st_datasheet_ordering_information,DS12903 Rev 3 p308,https://www.st.com/resource/en/datasheet/stm32l4p5ae.pdf,verified_st_datasheet_ordering_information_plus_retained_exact_identity
STMicroelectronics,STM32L4P5ZGT6,STM32L4,STM32L4P5,STM32L4P5ZG,LQFP,144,1 MiB,-40..85 C,,,STM32L4P5ZGTx,ordering_pattern,deterministic_ordering_pattern,tcl/target/stm32l4x.cfg,official_st_datasheet_ordering_information,DS12903 Rev 3 p308,https://www.st.com/resource/en/datasheet/stm32l4p5ae.pdf,verified_st_datasheet_ordering_information_plus_retained_exact_identity
STMicroelectronics,STM32L4P5ZGT6P,STM32L4,STM32L4P5,STM32L4P5ZG,LQFP,144,1 MiB,-40..85 C,P,,STM32L4P5ZGTx,ordering_pattern,deterministic_ordering_pattern,tcl/target/stm32l4x.cfg,official_st_datasheet_ordering_information,DS12903 Rev 3 p308,https://www.st.com/resource/en/datasheet/stm32l4p5ae.pdf,verified_st_datasheet_ordering_information_plus_retained_exact_identity
STMicroelectronics,STM32L4P5ZGT6TR,STM32L4,STM32L4P5,STM32L4P5ZG,LQFP,144,1 MiB,-40..85 C,TR,,STM32L4P5ZGTx,ordering_pattern,deterministic_ordering_pattern,tcl/target/stm32l4x.cfg,official_st_datasheet_ordering_information,DS12903 Rev 3 p308,https://www.st.com/resource/en/datasheet/stm32l4p5ae.pdf,verified_st_datasheet_ordering_information_plus_retained_exact_identity
STMicroelectronics,STM32L4Q5AGI6,STM32L4,STM32L4Q5,STM32L4Q5AG,UFBGA,169,1 MiB,-40..85 C,,,STM32L4Q5AGIx,ordering_pattern,deterministic_ordering_pattern,tcl/target/stm32l4x.cfg,official_st_datasheet_ordering_information,DS12902 Rev 3 p308,https://www.st.com/resource/en/datasheet/stm32l4q5ag.pdf,verified_st_datasheet_ordering_information_plus_retained_exact_identity
STMicroelectronics,STM32L4Q5AGI6P,STM32L4,STM32L4Q5,STM32L4Q5AG,UFBGA,169,1 MiB,-40..85 C,P,,STM32L4Q5AGIx,ordering_pattern,deterministic_ordering_pattern,tcl/target/stm32l4x.cfg,official_st_datasheet_ordering_information,DS12902 Rev 3 p308,https://www.st.com/resource/en/datasheet/stm32l4q5ag.pdf,verified_st_datasheet_ordering_information_plus_retained_exact_identity
STMicroelectronics,STM32L4Q5CGT6,STM32L4,STM32L4Q5,STM32L4Q5CG,LQFP,48,1 MiB,-40..85 C,,,STM32L4Q5CGTx,ordering_pattern,deterministic_ordering_pattern,tcl/target/stm32l4x.cfg,official_st_datasheet_ordering_information,DS12902 Rev 3 p308,https://www.st.com/resource/en/datasheet/stm32l4q5ag.pdf,verified_st_datasheet_ordering_information_plus_retained_exact_identity
STMicroelectronics,STM32L4Q5CGT6P,STM32L4,STM32L4Q5,STM32L4Q5CG,LQFP,48,1 MiB,-40..85 C,P,,STM32L4Q5CGTx,ordering_pattern,deterministic_ordering_pattern,tcl/target/stm32l4x.cfg,official_st_datasheet_ordering_information,DS12902 Rev 3 p308,https://www.st.com/resource/en/datasheet/stm32l4q5ag.pdf,verified_st_datasheet_ordering_information_plus_retained_exact_identity
STMicroelectronics,STM32L4Q5CGU6,STM32L4,STM32L4Q5,STM32L4Q5CG,UFQFPN,48,1 MiB,-40..85 C,,,STM32L4Q5CGUx,ordering_pattern,deterministic_ordering_pattern,tcl/target/stm32l4x.cfg,official_st_datasheet_ordering_information,DS12902 Rev 3 p308,https://www.st.com/resource/en/datasheet/stm32l4q5ag.pdf,verified_st_datasheet_ordering_information_plus_retained_exact_identity
STMicroelectronics,STM32L4Q5CGU6P,STM32L4,STM32L4Q5,STM32L4Q5CG,UFQFPN,48,1 MiB,-40..85 C,P,,STM32L4Q5CGUx,ordering_pattern,deterministic_ordering_pattern,tcl/target/stm32l4x.cfg,official_st_datasheet_ordering_information,DS12902 Rev 3 p308,https://www.st.com/resource/en/datasheet/stm32l4q5ag.pdf,verified_st_datasheet_ordering_information_plus_retained_exact_identity
STMicroelectronics,STM32L4Q5QGI6,STM32L4,STM32L4Q5,STM32L4Q5QG,UFBGA,132,1 MiB,-40..85 C,,,STM32L4Q5QGIx,ordering_pattern,deterministic_ordering_pattern,tcl/target/stm32l4x.cfg,official_st_datasheet_ordering_information,DS12902 Rev 3 p308,https://www.st.com/resource/en/datasheet/stm32l4q5ag.pdf,verified_st_datasheet_ordering_information_plus_retained_exact_identity
STMicroelectronics,STM32L4Q5QGI6P,STM32L4,STM32L4Q5,STM32L4Q5QG,UFBGA,132,1 MiB,-40..85 C,P,,STM32L4Q5QGIx,ordering_pattern,deterministic_ordering_pattern,tcl/target/stm32l4x.cfg,official_st_datasheet_ordering_information,DS12902 Rev 3 p308,https://www.st.com/resource/en/datasheet/stm32l4q5ag.pdf,verified_st_datasheet_ordering_information_plus_retained_exact_identity
STMicroelectronics,STM32L4Q5RGT3,STM32L4,STM32L4Q5,STM32L4Q5RG,LQFP,64,1 MiB,-40..125 C,,,STM32L4Q5RGTx,ordering_pattern,deterministic_ordering_pattern,tcl/target/stm32l4x.cfg,official_st_datasheet_ordering_information,DS12902 Rev 3 p308,https://www.st.com/resource/en/datasheet/stm32l4q5ag.pdf,verified_st_datasheet_ordering_information_plus_retained_exact_identity
STMicroelectronics,STM32L4Q5RGT6,STM32L4,STM32L4Q5,STM32L4Q5RG,LQFP,64,1 MiB,-40..85 C,,,STM32L4Q5RGTx,ordering_pattern,deterministic_ordering_pattern,tcl/target/stm32l4x.cfg,official_st_datasheet_ordering_information,DS12902 Rev 3 p308,https://www.st.com/resource/en/datasheet/stm32l4q5ag.pdf,verified_st_datasheet_ordering_information_plus_retained_exact_identity
STMicroelectronics,STM32L4Q5RGT6P,STM32L4,STM32L4Q5,STM32L4Q5RG,LQFP,64,1 MiB,-40..85 C,P,,STM32L4Q5RGTx,ordering_pattern,deterministic_ordering_pattern,tcl/target/stm32l4x.cfg,official_st_datasheet_ordering_information,DS12902 Rev 3 p308,https://www.st.com/resource/en/datasheet/stm32l4q5ag.pdf,verified_st_datasheet_ordering_information_plus_retained_exact_identity
STMicroelectronics,STM32L4Q5VGT6,STM32L4,STM32L4Q5,STM32L4Q5VG,LQFP,100,1 MiB,-40..85 C,,,STM32L4Q5VGTx,ordering_pattern,deterministic_ordering_pattern,tcl/target/stm32l4x.cfg,official_st_datasheet_ordering_information,DS12902 Rev 3 p308,https://www.st.com/resource/en/datasheet/stm32l4q5ag.pdf,verified_st_datasheet_ordering_information_plus_retained_exact_identity
STMicroelectronics,STM32L4Q5VGT6P,STM32L4,STM32L4Q5,STM32L4Q5VG,LQFP,100,1 MiB,-40..85 C,P,,STM32L4Q5VGTx,ordering_pattern,deterministic_ordering_pattern,tcl/target/stm32l4x.cfg,official_st_datasheet_ordering_information,DS12902 Rev 3 p308,https://www.st.com/resource/en/datasheet/stm32l4q5ag.pdf,verified_st_datasheet_ordering_information_plus_retained_exact_identity
STMicroelectronics,STM32L4Q5VGY6PTR,STM32L4,STM32L4Q5,STM32L4Q5VG,WLCSP,100,1 MiB,-40..85 C,PTR,,STM32L4Q5VGYx,ordering_pattern,deterministic_ordering_pattern,tcl/target/stm32l4x.cfg,official_st_datasheet_ordering_information,DS12902 Rev 3 p308,https://www.st.com/resource/en/datasheet/stm32l4q5ag.pdf,verified_st_datasheet_ordering_information_plus_retained_exact_identity
STMicroelectronics,STM32L4Q5VGY6TR,STM32L4,STM32L4Q5,STM32L4Q5VG,WLCSP,100,1 MiB,-40..85 C,TR,,STM32L4Q5VGYx,ordering_pattern,deterministic_ordering_pattern,tcl/target/stm32l4x.cfg,official_st_datasheet_ordering_information,DS12902 Rev 3 p308,https://www.st.com/resource/en/datasheet/stm32l4q5ag.pdf,verified_st_datasheet_ordering_information_plus_retained_exact_identity
STMicroelectronics,STM32L4Q5ZGT6,STM32L4,STM32L4Q5,STM32L4Q5ZG,LQFP,144,1 MiB,-40..85 C,,,STM32L4Q5ZGTx,ordering_pattern,deterministic_ordering_pattern,tcl/target/stm32l4x.cfg,official_st_datasheet_ordering_information,DS12902 Rev 3 p308,https://www.st.com/resource/en/datasheet/stm32l4q5ag.pdf,verified_st_datasheet_ordering_information_plus_retained_exact_identity
STMicroelectronics,STM32L4Q5ZGT6P,STM32L4,STM32L4Q5,STM32L4Q5ZG,LQFP,144,1 MiB,-40..85 C,P,,STM32L4Q5ZGTx,ordering_pattern,deterministic_ordering_pattern,tcl/target/stm32l4x.cfg,official_st_datasheet_ordering_information,DS12902 Rev 3 p308,https://www.st.com/resource/en/datasheet/stm32l4q5ag.pdf,verified_st_datasheet_ordering_information_plus_retained_exact_identity
STMicroelectronics,STM32L4R5AGI6,STM32L4,STM32L4R5,STM32L4R5AG,UFBGA 7x7,169,1 MiB,-40..85 C,,,STM32L4R5AGIx,ordering_pattern,deterministic_ordering_pattern,tcl/target/stm32l4x.cfg,official_st_datasheet_ordering_information,DS12023 Rev 5 p304,https://www.st.com/resource/en/datasheet/stm32l4r5ag.pdf,verified_st_datasheet_ordering_information_plus_retained_exact_identity
STMicroelectronics,STM32L4R5AII6,STM32L4,STM32L4R5,STM32L4R5AI,UFBGA 7x7,169,2 MiB,-40..85 C,,,STM32L4R5AIIx,ordering_pattern,deterministic_ordering_pattern,tcl/target/stm32l4x.cfg,official_st_datasheet_ordering_information,DS12023 Rev 5 p304,https://www.st.com/resource/en/datasheet/stm32l4r5ag.pdf,verified_st_datasheet_ordering_information_plus_retained_exact_identity
STMicroelectronics,STM32L4R5AII6P,STM32L4,STM32L4R5,STM32L4R5AI,UFBGA 7x7,169,2 MiB,-40..85 C,P,,STM32L4R5AIIx,ordering_pattern,deterministic_ordering_pattern,tcl/target/stm32l4x.cfg,official_st_datasheet_ordering_information,DS12023 Rev 5 p304,https://www.st.com/resource/en/datasheet/stm32l4r5ag.pdf,verified_st_datasheet_ordering_information_plus_retained_exact_identity
STMicroelectronics,STM32L4R5QGI6,STM32L4,STM32L4R5,STM32L4R5QG,UFBGA 7x7,132,1 MiB,-40..85 C,,,STM32L4R5QGIx,ordering_pattern,deterministic_ordering_pattern,tcl/target/stm32l4x.cfg,official_st_datasheet_ordering_information,DS12023 Rev 5 p304,https://www.st.com/resource/en/datasheet/stm32l4r5ag.pdf,verified_st_datasheet_ordering_information_plus_retained_exact_identity
STMicroelectronics,STM32L4R5QGI6S,STM32L4,STM32L4R5,STM32L4R5QG,UFBGA 7x7,132,1 MiB,-40..85 C,S,,STM32L4R5QGIx,ordering_pattern,deterministic_ordering_pattern,tcl/target/stm32l4x.cfg,official_st_datasheet_ordering_information,DS12023 Rev 5 p304,https://www.st.com/resource/en/datasheet/stm32l4r5ag.pdf,verified_st_datasheet_ordering_information_plus_retained_exact_identity
STMicroelectronics,STM32L4R5QGI6STR,STM32L4,STM32L4R5,STM32L4R5QG,UFBGA 7x7,132,1 MiB,-40..85 C,STR,,STM32L4R5QGIx,ordering_pattern,deterministic_ordering_pattern,tcl/target/stm32l4x.cfg,official_st_datasheet_ordering_information,DS12023 Rev 5 p304,https://www.st.com/resource/en/datasheet/stm32l4r5ag.pdf,verified_st_datasheet_ordering_information_plus_retained_exact_identity
STMicroelectronics,STM32L4R5QGI6TR,STM32L4,STM32L4R5,STM32L4R5QG,UFBGA 7x7,132,1 MiB,-40..85 C,TR,,STM32L4R5QGIx,ordering_pattern,deterministic_ordering_pattern,tcl/target/stm32l4x.cfg,official_st_datasheet_ordering_information,DS12023 Rev 5 p304,https://www.st.com/resource/en/datasheet/stm32l4r5ag.pdf,verified_st_datasheet_ordering_information_plus_retained_exact_identity
STMicroelectronics,STM32L4R5QII6,STM32L4,STM32L4R5,STM32L4R5QI,UFBGA 7x7,132,2 MiB,-40..85 C,,,STM32L4R5QIIx,ordering_pattern,deterministic_ordering_pattern,tcl/target/stm32l4x.cfg,official_st_datasheet_ordering_information,DS12023 Rev 5 p304,https://www.st.com/resource/en/datasheet/stm32l4r5ag.pdf,verified_st_datasheet_ordering_information_plus_retained_exact_identity
STMicroelectronics,STM32L4R5QII6P,STM32L4,STM32L4R5,STM32L4R5QI,UFBGA 7x7,132,2 MiB,-40..85 C,P,,STM32L4R5QIIx,ordering_pattern,deterministic_ordering_pattern,tcl/target/stm32l4x.cfg,official_st_datasheet_ordering_information,DS12023 Rev 5 p304,https://www.st.com/resource/en/datasheet/stm32l4r5ag.pdf,verified_st_datasheet_ordering_information_plus_retained_exact_identity
STMicroelectronics,STM32L4R5QII6TR,STM32L4,STM32L4R5,STM32L4R5QI,UFBGA 7x7,132,2 MiB,-40..85 C,TR,,STM32L4R5QIIx,ordering_pattern,deterministic_ordering_pattern,tcl/target/stm32l4x.cfg,official_st_datasheet_ordering_information,DS12023 Rev 5 p304,https://www.st.com/resource/en/datasheet/stm32l4r5ag.pdf,verified_st_datasheet_ordering_information_plus_retained_exact_identity
STMicroelectronics,STM32L4R5VGT6,STM32L4,STM32L4R5,STM32L4R5VG,LQFP,100,1 MiB,-40..85 C,,,STM32L4R5VGTx,ordering_pattern,deterministic_ordering_pattern,tcl/target/stm32l4x.cfg,official_st_datasheet_ordering_information,DS12023 Rev 5 p304,https://www.st.com/resource/en/datasheet/stm32l4r5ag.pdf,verified_st_datasheet_ordering_information_plus_retained_exact_identity
STMicroelectronics,STM32L4R5VIT6,STM32L4,STM32L4R5,STM32L4R5VI,LQFP,100,2 MiB,-40..85 C,,,STM32L4R5VITx,ordering_pattern,deterministic_ordering_pattern,tcl/target/stm32l4x.cfg,official_st_datasheet_ordering_information,DS12023 Rev 5 p304,https://www.st.com/resource/en/datasheet/stm32l4r5ag.pdf,verified_st_datasheet_ordering_information_plus_retained_exact_identity
STMicroelectronics,STM32L4R5VIT6TR,STM32L4,STM32L4R5,STM32L4R5VI,LQFP,100,2 MiB,-40..85 C,TR,,STM32L4R5VITx,ordering_pattern,deterministic_ordering_pattern,tcl/target/stm32l4x.cfg,official_st_datasheet_ordering_information,DS12023 Rev 5 p304,https://www.st.com/resource/en/datasheet/stm32l4r5ag.pdf,verified_st_datasheet_ordering_information_plus_retained_exact_identity
STMicroelectronics,STM32L4R5ZGT6,STM32L4,STM32L4R5,STM32L4R5ZG,LQFP,144,1 MiB,-40..85 C,,,STM32L4R5ZGTx,ordering_pattern,deterministic_ordering_pattern,tcl/target/stm32l4x.cfg,official_st_datasheet_ordering_information,DS12023 Rev 5 p304,https://www.st.com/resource/en/datasheet/stm32l4r5ag.pdf,verified_st_datasheet_ordering_information_plus_retained_exact_identity
STMicroelectronics,STM32L4R5ZGT6TR,STM32L4,STM32L4R5,STM32L4R5ZG,LQFP,144,1 MiB,-40..85 C,TR,,STM32L4R5ZGTx,ordering_pattern,deterministic_ordering_pattern,tcl/target/stm32l4x.cfg,official_st_datasheet_ordering_information,DS12023 Rev 5 p304,https://www.st.com/resource/en/datasheet/stm32l4r5ag.pdf,verified_st_datasheet_ordering_information_plus_retained_exact_identity
STMicroelectronics,STM32L4R5ZGY6TR,STM32L4,STM32L4R5,STM32L4R5ZG,WLCSP,144,1 MiB,-40..85 C,TR,,STM32L4R5ZGYx,ordering_pattern,deterministic_ordering_pattern,tcl/target/stm32l4x.cfg,official_st_datasheet_ordering_information,DS12023 Rev 5 p304,https://www.st.com/resource/en/datasheet/stm32l4r5ag.pdf,verified_st_datasheet_ordering_information_plus_retained_exact_identity
STMicroelectronics,STM32L4R5ZIT6,STM32L4,STM32L4R5,STM32L4R5ZI,LQFP,144,2 MiB,-40..85 C,,,STM32L4R5ZITx,ordering_pattern,deterministic_ordering_pattern,tcl/target/stm32l4x.cfg,official_st_datasheet_ordering_information,DS12023 Rev 5 p304,https://www.st.com/resource/en/datasheet/stm32l4r5ag.pdf,verified_st_datasheet_ordering_information_plus_retained_exact_identity
STMicroelectronics,STM32L4R5ZIT6P,STM32L4,STM32L4R5,STM32L4R5ZI,LQFP,144,2 MiB,-40..85 C,P,,STM32L4R5ZITx,ordering_pattern,deterministic_ordering_pattern,tcl/target/stm32l4x.cfg,official_st_datasheet_ordering_information,DS12023 Rev 5 p304,https://www.st.com/resource/en/datasheet/stm32l4r5ag.pdf,verified_st_datasheet_ordering_information_plus_retained_exact_identity
STMicroelectronics,STM32L4R5ZIY6TR,STM32L4,STM32L4R5,STM32L4R5ZI,WLCSP,144,2 MiB,-40..85 C,TR,,STM32L4R5ZIYx,ordering_pattern,deterministic_ordering_pattern,tcl/target/stm32l4x.cfg,official_st_datasheet_ordering_information,DS12023 Rev 5 p304,https://www.st.com/resource/en/datasheet/stm32l4r5ag.pdf,verified_st_datasheet_ordering_information_plus_retained_exact_identity
STMicroelectronics,STM32L4R7AII6,STM32L4,STM32L4R7,STM32L4R7AI,UFBGA 7x7,169,2 MiB,-40..85 C,,,STM32L4R7AIIx,ordering_pattern,deterministic_ordering_pattern,tcl/target/stm32l4x.cfg,official_st_datasheet_ordering_information,DS12023 Rev 5 p304,https://www.st.com/resource/en/datasheet/stm32l4r5ag.pdf,verified_st_datasheet_ordering_information_plus_retained_exact_identity
STMicroelectronics,STM32L4R7VIT6,STM32L4,STM32L4R7,STM32L4R7VI,LQFP,100,2 MiB,-40..85 C,,,STM32L4R7VITx,ordering_pattern,deterministic_ordering_pattern,tcl/target/stm32l4x.cfg,official_st_datasheet_ordering_information,DS12023 Rev 5 p304,https://www.st.com/resource/en/datasheet/stm32l4r5ag.pdf,verified_st_datasheet_ordering_information_plus_retained_exact_identity
STMicroelectronics,STM32L4R7ZIT6,STM32L4,STM32L4R7,STM32L4R7ZI,LQFP,144,2 MiB,-40..85 C,,,STM32L4R7ZITx,ordering_pattern,deterministic_ordering_pattern,tcl/target/stm32l4x.cfg,official_st_datasheet_ordering_information,DS12023 Rev 5 p304,https://www.st.com/resource/en/datasheet/stm32l4r5ag.pdf,verified_st_datasheet_ordering_information_plus_retained_exact_identity
STMicroelectronics,STM32L4R9AGI6,STM32L4,STM32L4R9,STM32L4R9AG,UFBGA 7x7,169,1 MiB,-40..85 C,,,STM32L4R9AGIx,ordering_pattern,deterministic_ordering_pattern,tcl/target/stm32l4x.cfg,official_st_datasheet_ordering_information,DS12023 Rev 5 p304,https://www.st.com/resource/en/datasheet/stm32l4r5ag.pdf,verified_st_datasheet_ordering_information_plus_retained_exact_identity
STMicroelectronics,STM32L4R9AII6,STM32L4,STM32L4R9,STM32L4R9AI,UFBGA 7x7,169,2 MiB,-40..85 C,,,STM32L4R9AIIx,ordering_pattern,deterministic_ordering_pattern,tcl/target/stm32l4x.cfg,official_st_datasheet_ordering_information,DS12023 Rev 5 p304,https://www.st.com/resource/en/datasheet/stm32l4r5ag.pdf,verified_st_datasheet_ordering_information_plus_retained_exact_identity
STMicroelectronics,STM32L4R9VGT6,STM32L4,STM32L4R9,STM32L4R9VG,LQFP,100,1 MiB,-40..85 C,,,STM32L4R9VGTx,ordering_pattern,deterministic_ordering_pattern,tcl/target/stm32l4x.cfg,official_st_datasheet_ordering_information,DS12023 Rev 5 p304,https://www.st.com/resource/en/datasheet/stm32l4r5ag.pdf,verified_st_datasheet_ordering_information_plus_retained_exact_identity
STMicroelectronics,STM32L4R9VIT6,STM32L4,STM32L4R9,STM32L4R9VI,LQFP,100,2 MiB,-40..85 C,,,STM32L4R9VITx,ordering_pattern,deterministic_ordering_pattern,tcl/target/stm32l4x.cfg,official_st_datasheet_ordering_information,DS12023 Rev 5 p304,https://www.st.com/resource/en/datasheet/stm32l4r5ag.pdf,verified_st_datasheet_ordering_information_plus_retained_exact_identity
STMicroelectronics,STM32L4R9ZGJ6,STM32L4,STM32L4R9,STM32L4R9ZG,UFBGA 10x10,144,1 MiB,-40..85 C,,,STM32L4R9ZGJx,ordering_pattern,deterministic_ordering_pattern,tcl/target/stm32l4x.cfg,official_st_datasheet_ordering_information,DS12023 Rev 5 p304,https://www.st.com/resource/en/datasheet/stm32l4r5ag.pdf,verified_st_datasheet_ordering_information_plus_retained_exact_identity
STMicroelectronics,STM32L4R9ZGT6,STM32L4,STM32L4R9,STM32L4R9ZG,LQFP,144,1 MiB,-40..85 C,,,STM32L4R9ZGTx,ordering_pattern,deterministic_ordering_pattern,tcl/target/stm32l4x.cfg,official_st_datasheet_ordering_information,DS12023 Rev 5 p304,https://www.st.com/resource/en/datasheet/stm32l4r5ag.pdf,verified_st_datasheet_ordering_information_plus_retained_exact_identity
STMicroelectronics,STM32L4R9ZGY6TR,STM32L4,STM32L4R9,STM32L4R9ZG,WLCSP,144,1 MiB,-40..85 C,TR,,STM32L4R9ZGYx,ordering_pattern,deterministic_ordering_pattern,tcl/target/stm32l4x.cfg,official_st_datasheet_ordering_information,DS12023 Rev 5 p304,https://www.st.com/resource/en/datasheet/stm32l4r5ag.pdf,verified_st_datasheet_ordering_information_plus_retained_exact_identity
STMicroelectronics,STM32L4R9ZIJ6,STM32L4,STM32L4R9,STM32L4R9ZI,UFBGA 10x10,144,2 MiB,-40..85 C,,,STM32L4R9ZIJx,ordering_pattern,deterministic_ordering_pattern,tcl/target/stm32l4x.cfg,official_st_datasheet_ordering_information,DS12023 Rev 5 p304,https://www.st.com/resource/en/datasheet/stm32l4r5ag.pdf,verified_st_datasheet_ordering_information_plus_retained_exact_identity
STMicroelectronics,STM32L4R9ZIT6,STM32L4,STM32L4R9,STM32L4R9ZI,LQFP,144,2 MiB,-40..85 C,,,STM32L4R9ZITx,ordering_pattern,deterministic_ordering_pattern,tcl/target/stm32l4x.cfg,official_st_datasheet_ordering_information,DS12023 Rev 5 p304,https://www.st.com/resource/en/datasheet/stm32l4r5ag.pdf,verified_st_datasheet_ordering_information_plus_retained_exact_identity
STMicroelectronics,STM32L4R9ZIY6PTR,STM32L4,STM32L4R9,STM32L4R9ZI,WLCSP,144,2 MiB,-40..85 C,PTR,,STM32L4R9ZIYx,ordering_pattern,deterministic_ordering_pattern,tcl/target/stm32l4x.cfg,official_st_datasheet_ordering_information,DS12023 Rev 5 p304,https://www.st.com/resource/en/datasheet/stm32l4r5ag.pdf,verified_st_datasheet_ordering_information_plus_retained_exact_identity
STMicroelectronics,STM32L4R9ZIY6TR,STM32L4,STM32L4R9,STM32L4R9ZI,WLCSP,144,2 MiB,-40..85 C,TR,,STM32L4R9ZIYx,ordering_pattern,deterministic_ordering_pattern,tcl/target/stm32l4x.cfg,official_st_datasheet_ordering_information,DS12023 Rev 5 p304,https://www.st.com/resource/en/datasheet/stm32l4r5ag.pdf,verified_st_datasheet_ordering_information_plus_retained_exact_identity
STMicroelectronics,STM32L4S5AII3,STM32L4,STM32L4S5,STM32L4S5AI,UFBGA 7x7,169,2 MiB,-40..125 C,,,STM32L4S5AIIx,ordering_pattern,deterministic_ordering_pattern,tcl/target/stm32l4x.cfg,official_st_datasheet_ordering_information,DS12024 Rev 4 p272,https://www.st.com/resource/en/datasheet/stm32l4s5ai.pdf,verified_st_datasheet_ordering_information_plus_retained_exact_identity
STMicroelectronics,STM32L4S5AII3TR,STM32L4,STM32L4S5,STM32L4S5AI,UFBGA 7x7,169,2 MiB,-40..125 C,TR,,STM32L4S5AIIx,ordering_pattern,deterministic_ordering_pattern,tcl/target/stm32l4x.cfg,official_st_datasheet_ordering_information,DS12024 Rev 4 p272,https://www.st.com/resource/en/datasheet/stm32l4s5ai.pdf,verified_st_datasheet_ordering_information_plus_retained_exact_identity
STMicroelectronics,STM32L4S5AII6,STM32L4,STM32L4S5,STM32L4S5AI,UFBGA 7x7,169,2 MiB,-40..85 C,,,STM32L4S5AIIx,ordering_pattern,deterministic_ordering_pattern,tcl/target/stm32l4x.cfg,official_st_datasheet_ordering_information,DS12024 Rev 4 p272,https://www.st.com/resource/en/datasheet/stm32l4s5ai.pdf,verified_st_datasheet_ordering_information_plus_retained_exact_identity
STMicroelectronics,STM32L4S5QII3P,STM32L4,STM32L4S5,STM32L4S5QI,UFBGA 7x7,132,2 MiB,-40..125 C,P,,STM32L4S5QIIx,ordering_pattern,deterministic_ordering_pattern,tcl/target/stm32l4x.cfg,official_st_datasheet_plus_exact_variant_manufacturer_exception,DS12024 Rev 4 p272 + exact Active variant manufacturer-surface exception,https://www.st.com/resource/en/datasheet/stm32l4s5ai.pdf | https://www.st.com/en/microcontrollers-microprocessors/stm32l4s5qi.html | https://estore.st.com/en/products/microcontrollers-microprocessors/stm32-32-bit-arm-cortex-mcus/stm32-ultra-low-power-mcus/stm32l4plus-series/stm32l4r5-s5/stm32l4s5qi.html,verified_st_datasheet_ordering_information_plus_exact_variant_manufacturer_exception_plus_retained_exact_identity
STMicroelectronics,STM32L4S5QII6,STM32L4,STM32L4S5,STM32L4S5QI,UFBGA 7x7,132,2 MiB,-40..85 C,,,STM32L4S5QIIx,ordering_pattern,deterministic_ordering_pattern,tcl/target/stm32l4x.cfg,official_st_datasheet_ordering_information,DS12024 Rev 4 p272,https://www.st.com/resource/en/datasheet/stm32l4s5ai.pdf,verified_st_datasheet_ordering_information_plus_retained_exact_identity
STMicroelectronics,STM32L4S5VIT3,STM32L4,STM32L4S5,STM32L4S5VI,LQFP,100,2 MiB,-40..125 C,,,STM32L4S5VITx,ordering_pattern,deterministic_ordering_pattern,tcl/target/stm32l4x.cfg,official_st_datasheet_ordering_information,DS12024 Rev 4 p272,https://www.st.com/resource/en/datasheet/stm32l4s5ai.pdf,verified_st_datasheet_ordering_information_plus_retained_exact_identity
STMicroelectronics,STM32L4S5VIT6,STM32L4,STM32L4S5,STM32L4S5VI,LQFP,100,2 MiB,-40..85 C,,,STM32L4S5VITx,ordering_pattern,deterministic_ordering_pattern,tcl/target/stm32l4x.cfg,official_st_datasheet_ordering_information,DS12024 Rev 4 p272,https://www.st.com/resource/en/datasheet/stm32l4s5ai.pdf,verified_st_datasheet_ordering_information_plus_retained_exact_identity
STMicroelectronics,STM32L4S5VIT6TR,STM32L4,STM32L4S5,STM32L4S5VI,LQFP,100,2 MiB,-40..85 C,TR,,STM32L4S5VITx,ordering_pattern,deterministic_ordering_pattern,tcl/target/stm32l4x.cfg,official_st_datasheet_ordering_information,DS12024 Rev 4 p272,https://www.st.com/resource/en/datasheet/stm32l4s5ai.pdf,verified_st_datasheet_ordering_information_plus_retained_exact_identity
STMicroelectronics,STM32L4S5ZIT6,STM32L4,STM32L4S5,STM32L4S5ZI,LQFP,144,2 MiB,-40..85 C,,,STM32L4S5ZITx,ordering_pattern,deterministic_ordering_pattern,tcl/target/stm32l4x.cfg,official_st_datasheet_ordering_information,DS12024 Rev 4 p272,https://www.st.com/resource/en/datasheet/stm32l4s5ai.pdf,verified_st_datasheet_ordering_information_plus_retained_exact_identity
STMicroelectronics,STM32L4S5ZIY6TR,STM32L4,STM32L4S5,STM32L4S5ZI,WLCSP,144,2 MiB,-40..85 C,TR,,STM32L4S5ZIYx,ordering_pattern,deterministic_ordering_pattern,tcl/target/stm32l4x.cfg,official_st_datasheet_ordering_information,DS12024 Rev 4 p272,https://www.st.com/resource/en/datasheet/stm32l4s5ai.pdf,verified_st_datasheet_ordering_information_plus_retained_exact_identity
STMicroelectronics,STM32L4S7AII6,STM32L4,STM32L4S7,STM32L4S7AI,UFBGA 7x7,169,2 MiB,-40..85 C,,,STM32L4S7AIIx,ordering_pattern,deterministic_ordering_pattern,tcl/target/stm32l4x.cfg,official_st_datasheet_ordering_information,DS12024 Rev 4 p272,https://www.st.com/resource/en/datasheet/stm32l4s5ai.pdf,verified_st_datasheet_ordering_information_plus_retained_exact_identity
STMicroelectronics,STM32L4S7VIT6,STM32L4,STM32L4S7,STM32L4S7VI,LQFP,100,2 MiB,-40..85 C,,,STM32L4S7VITx,ordering_pattern,deterministic_ordering_pattern,tcl/target/stm32l4x.cfg,official_st_datasheet_ordering_information,DS12024 Rev 4 p272,https://www.st.com/resource/en/datasheet/stm32l4s5ai.pdf,verified_st_datasheet_ordering_information_plus_retained_exact_identity
STMicroelectronics,STM32L4S7ZIT6,STM32L4,STM32L4S7,STM32L4S7ZI,LQFP,144,2 MiB,-40..85 C,,,STM32L4S7ZITx,ordering_pattern,deterministic_ordering_pattern,tcl/target/stm32l4x.cfg,official_st_datasheet_ordering_information,DS12024 Rev 4 p272,https://www.st.com/resource/en/datasheet/stm32l4s5ai.pdf,verified_st_datasheet_ordering_information_plus_retained_exact_identity
STMicroelectronics,STM32L4S9AII6,STM32L4,STM32L4S9,STM32L4S9AI,UFBGA 7x7,169,2 MiB,-40..85 C,,,STM32L4S9AIIx,ordering_pattern,deterministic_ordering_pattern,tcl/target/stm32l4x.cfg,official_st_datasheet_ordering_information,DS12024 Rev 4 p272,https://www.st.com/resource/en/datasheet/stm32l4s5ai.pdf,verified_st_datasheet_ordering_information_plus_retained_exact_identity
STMicroelectronics,STM32L4S9VIT6,STM32L4,STM32L4S9,STM32L4S9VI,LQFP,100,2 MiB,-40..85 C,,,STM32L4S9VITx,ordering_pattern,deterministic_ordering_pattern,tcl/target/stm32l4x.cfg,official_st_datasheet_ordering_information,DS12024 Rev 4 p272,https://www.st.com/resource/en/datasheet/stm32l4s5ai.pdf,verified_st_datasheet_ordering_information_plus_retained_exact_identity
STMicroelectronics,STM32L4S9ZIJ6,STM32L4,STM32L4S9,STM32L4S9ZI,UFBGA 10x10,144,2 MiB,-40..85 C,,,STM32L4S9ZIJx,ordering_pattern,deterministic_ordering_pattern,tcl/target/stm32l4x.cfg,official_st_datasheet_ordering_information,DS12024 Rev 4 p272,https://www.st.com/resource/en/datasheet/stm32l4s5ai.pdf,verified_st_datasheet_ordering_information_plus_retained_exact_identity
STMicroelectronics,STM32L4S9ZIJ6TR,STM32L4,STM32L4S9,STM32L4S9ZI,UFBGA 10x10,144,2 MiB,-40..85 C,TR,,STM32L4S9ZIJx,ordering_pattern,deterministic_ordering_pattern,tcl/target/stm32l4x.cfg,official_st_datasheet_ordering_information,DS12024 Rev 4 p272,https://www.st.com/resource/en/datasheet/stm32l4s5ai.pdf,verified_st_datasheet_ordering_information_plus_retained_exact_identity
STMicroelectronics,STM32L4S9ZIT6,STM32L4,STM32L4S9,STM32L4S9ZI,LQFP,144,2 MiB,-40..85 C,,,STM32L4S9ZITx,ordering_pattern,deterministic_ordering_pattern,tcl/target/stm32l4x.cfg,official_st_datasheet_ordering_information,DS12024 Rev 4 p272,https://www.st.com/resource/en/datasheet/stm32l4s5ai.pdf,verified_st_datasheet_ordering_information_plus_retained_exact_identity
STMicroelectronics,STM32L4S9ZIY6TR,STM32L4,STM32L4S9,STM32L4S9ZI,WLCSP,144,2 MiB,-40..85 C,TR,,STM32L4S9ZIYx,ordering_pattern,deterministic_ordering_pattern,tcl/target/stm32l4x.cfg,official_st_datasheet_ordering_information,DS12024 Rev 4 p272,https://www.st.com/resource/en/datasheet/stm32l4s5ai.pdf,verified_st_datasheet_ordering_information_plus_retained_exact_identity
