manufacturer,icpn,family,series,base_device,package,pin_count,flash_size,temperature_grade,option_suffix,cmsis_device_name,existing_identifier,existing_identifier_kind,mapping_status,openocd_target_config,source_type,source_reference,source_authority,verification_status
STMicroelectronics,STM32F100C4T6B,STM32F1,STM32F100,STM32F100C4,LQFP,48,16 KiB,-40 to 85 C,B,STM32F100C4,STM32F100C4,cmsis_device_name,deterministic_pattern,tcl/target/stm32f1x.cfg,official_st_ordering_information_plus_estore_active_exact_identity,https://www.st.com/resource/en/datasheet/stm32f100v8.pdf,STMicroelectronics official,verified_st_ordering_information_codes_plus_current_estore_active_identity
STMicroelectronics,STM32F100C4T6BTR,STM32F1,STM32F100,STM32F100C4,LQFP,48,16 KiB,-40 to 85 C,BTR,STM32F100C4,STM32F100C4,cmsis_device_name,deterministic_pattern,tcl/target/stm32f1x.cfg,official_st_ordering_information_plus_estore_active_exact_identity,https://www.st.com/resource/en/datasheet/stm32f100v8.pdf,STMicroelectronics official,verified_st_ordering_information_codes_plus_current_estore_active_identity
STMicroelectronics,STM32F100C4T7B,STM32F1,STM32F100,STM32F100C4,LQFP,48,16 KiB,-40 to 105 C,B,STM32F100C4,STM32F100C4,cmsis_device_name,deterministic_pattern,tcl/target/stm32f1x.cfg,official_st_ordering_information_plus_estore_active_exact_identity,https://www.st.com/resource/en/datasheet/stm32f100v8.pdf,STMicroelectronics official,verified_st_ordering_information_codes_plus_current_estore_active_identity
STMicroelectronics,STM32F100C6T6B,STM32F1,STM32F100,STM32F100C6,LQFP,48,32 KiB,-40 to 85 C,B,STM32F100C6,STM32F100C6,cmsis_device_name,deterministic_pattern,tcl/target/stm32f1x.cfg,official_st_ordering_information_plus_estore_active_exact_identity,https://www.st.com/resource/en/datasheet/stm32f100v8.pdf,STMicroelectronics official,verified_st_ordering_information_codes_plus_current_estore_active_identity
STMicroelectronics,STM32F100C6T6BTR,STM32F1,STM32F100,STM32F100C6,LQFP,48,32 KiB,-40 to 85 C,BTR,STM32F100C6,STM32F100C6,cmsis_device_name,deterministic_pattern,tcl/target/stm32f1x.cfg,official_st_ordering_information_plus_estore_active_exact_identity,https://www.st.com/resource/en/datasheet/stm32f100v8.pdf,STMicroelectronics official,verified_st_ordering_information_codes_plus_current_estore_active_identity
STMicroelectronics,STM32F100C6T7B,STM32F1,STM32F100,STM32F100C6,LQFP,48,32 KiB,-40 to 105 C,B,STM32F100C6,STM32F100C6,cmsis_device_name,deterministic_pattern,tcl/target/stm32f1x.cfg,official_st_ordering_information_plus_estore_active_exact_identity,https://www.st.com/resource/en/datasheet/stm32f100v8.pdf,STMicroelectronics official,verified_st_ordering_information_codes_plus_current_estore_active_identity
STMicroelectronics,STM32F100C6T7BTR,STM32F1,STM32F100,STM32F100C6,LQFP,48,32 KiB,-40 to 105 C,BTR,STM32F100C6,STM32F100C6,cmsis_device_name,deterministic_pattern,tcl/target/stm32f1x.cfg,official_st_ordering_information_plus_estore_active_exact_identity,https://www.st.com/resource/en/datasheet/stm32f100v8.pdf,STMicroelectronics official,verified_st_ordering_information_codes_plus_current_estore_active_identity
STMicroelectronics,STM32F100C8T6B,STM32F1,STM32F100,STM32F100C8,LQFP,48,64 KiB,-40 to 85 C,B,STM32F100C8,STM32F100C8,cmsis_device_name,deterministic_pattern,tcl/target/stm32f1x.cfg,official_st_product_page_retained_browser_evidence,https://www.st.com/en/microcontrollers-microprocessors/stm32f100c8.html#plasma-evidence=stm32f1-phase2.6.3-browser-20260829T130248Z-075cb97,STMicroelectronics official,verified_direct_st_retained_browser_exact_icpn
STMicroelectronics,STM32F100C8T6BTR,STM32F1,STM32F100,STM32F100C8,LQFP,48,64 KiB,-40 to 85 C,BTR,STM32F100C8,STM32F100C8,cmsis_device_name,deterministic_pattern,tcl/target/stm32f1x.cfg,official_st_product_page_retained_browser_evidence,https://www.st.com/en/microcontrollers-microprocessors/stm32f100c8.html#plasma-evidence=stm32f1-phase2.6.3-browser-20260829T130248Z-075cb97,STMicroelectronics official,verified_direct_st_retained_browser_exact_icpn
STMicroelectronics,STM32F100C8T7B,STM32F1,STM32F100,STM32F100C8,LQFP,48,64 KiB,-40 to 105 C,B,STM32F100C8,STM32F100C8,cmsis_device_name,deterministic_pattern,tcl/target/stm32f1x.cfg,official_st_product_page_retained_browser_evidence,https://www.st.com/en/microcontrollers-microprocessors/stm32f100c8.html#plasma-evidence=stm32f1-phase2.6.3-browser-20260829T130248Z-075cb97,STMicroelectronics official,verified_direct_st_retained_browser_exact_icpn
STMicroelectronics,STM32F100C8T7BTR,STM32F1,STM32F100,STM32F100C8,LQFP,48,64 KiB,-40 to 105 C,BTR,STM32F100C8,STM32F100C8,cmsis_device_name,deterministic_pattern,tcl/target/stm32f1x.cfg,official_st_product_page_retained_browser_evidence,https://www.st.com/en/microcontrollers-microprocessors/stm32f100c8.html#plasma-evidence=stm32f1-phase2.6.3-browser-20260829T130248Z-075cb97,STMicroelectronics official,verified_direct_st_retained_browser_exact_icpn
STMicroelectronics,STM32F100CBT6B,STM32F1,STM32F100,STM32F100CB,LQFP,48,128 KiB,-40 to 85 C,B,STM32F100CB,STM32F100CB,cmsis_device_name,deterministic_pattern,tcl/target/stm32f1x.cfg,official_st_product_page_retained_browser_evidence,https://www.st.com/en/microcontrollers-microprocessors/stm32f100cb.html#plasma-evidence=stm32f1-phase2.9-scaleout-batch1-2026-08-29-retained-20260829T161336Z-396213d,STMicroelectronics official,verified_direct_st_retained_browser_exact_icpn
STMicroelectronics,STM32F100CBT6BTR,STM32F1,STM32F100,STM32F100CB,LQFP,48,128 KiB,-40 to 85 C,BTR,STM32F100CB,STM32F100CB,cmsis_device_name,deterministic_pattern,tcl/target/stm32f1x.cfg,official_st_product_page_retained_browser_evidence,https://www.st.com/en/microcontrollers-microprocessors/stm32f100cb.html#plasma-evidence=stm32f1-phase2.9-scaleout-batch1-2026-08-29-retained-20260829T161336Z-396213d,STMicroelectronics official,verified_direct_st_retained_browser_exact_icpn
STMicroelectronics,STM32F100CBT7B,STM32F1,STM32F100,STM32F100CB,LQFP,48,128 KiB,-40 to 105 C,B,STM32F100CB,STM32F100CB,cmsis_device_name,deterministic_pattern,tcl/target/stm32f1x.cfg,official_st_product_page_retained_browser_evidence,https://www.st.com/en/microcontrollers-microprocessors/stm32f100cb.html#plasma-evidence=stm32f1-phase2.9-scaleout-batch1-2026-08-29-retained-20260829T161336Z-396213d,STMicroelectronics official,verified_direct_st_retained_browser_exact_icpn
STMicroelectronics,STM32F100CBT7BTR,STM32F1,STM32F100,STM32F100CB,LQFP,48,128 KiB,-40 to 105 C,BTR,STM32F100CB,STM32F100CB,cmsis_device_name,deterministic_pattern,tcl/target/stm32f1x.cfg,official_st_product_page_retained_browser_evidence,https://www.st.com/en/microcontrollers-microprocessors/stm32f100cb.html#plasma-evidence=stm32f1-phase2.9-scaleout-batch1-2026-08-29-retained-20260829T161336Z-396213d,STMicroelectronics official,verified_direct_st_retained_browser_exact_icpn
STMicroelectronics,STM32F100R4H6B,STM32F1,STM32F100,STM32F100R4,TFBGA,64,16 KiB,-40 to 85 C,B,STM32F100R4,STM32F100R4,cmsis_device_name,deterministic_pattern,tcl/target/stm32f1x.cfg,official_st_ordering_information_plus_estore_active_exact_identity,https://www.st.com/resource/en/datasheet/stm32f100v8.pdf,STMicroelectronics official,verified_st_ordering_information_codes_plus_current_estore_active_identity
STMicroelectronics,STM32F100R4T6B,STM32F1,STM32F100,STM32F100R4,LQFP,64,16 KiB,-40 to 85 C,B,STM32F100R4,STM32F100R4,cmsis_device_name,deterministic_pattern,tcl/target/stm32f1x.cfg,official_st_ordering_information_plus_estore_active_exact_identity,https://www.st.com/resource/en/datasheet/stm32f100v8.pdf,STMicroelectronics official,verified_st_ordering_information_codes_plus_current_estore_active_identity
STMicroelectronics,STM32F100R4T6BTR,STM32F1,STM32F100,STM32F100R4,LQFP,64,16 KiB,-40 to 85 C,BTR,STM32F100R4,STM32F100R4,cmsis_device_name,deterministic_pattern,tcl/target/stm32f1x.cfg,official_st_ordering_information_plus_estore_active_exact_identity,https://www.st.com/resource/en/datasheet/stm32f100v8.pdf,STMicroelectronics official,verified_st_ordering_information_codes_plus_current_estore_active_identity
STMicroelectronics,STM32F100R6H6B,STM32F1,STM32F100,STM32F100R6,TFBGA,64,32 KiB,-40 to 85 C,B,STM32F100R6,STM32F100R6,cmsis_device_name,deterministic_pattern,tcl/target/stm32f1x.cfg,official_st_ordering_information_plus_estore_active_exact_identity,https://www.st.com/resource/en/datasheet/stm32f100v8.pdf,STMicroelectronics official,verified_st_ordering_information_codes_plus_current_estore_active_identity
STMicroelectronics,STM32F100R6T6B,STM32F1,STM32F100,STM32F100R6,LQFP,64,32 KiB,-40 to 85 C,B,STM32F100R6,STM32F100R6,cmsis_device_name,deterministic_pattern,tcl/target/stm32f1x.cfg,official_st_ordering_information_plus_estore_active_exact_identity,https://www.st.com/resource/en/datasheet/stm32f100v8.pdf,STMicroelectronics official,verified_st_ordering_information_codes_plus_current_estore_active_identity
STMicroelectronics,STM32F100R6T6BTR,STM32F1,STM32F100,STM32F100R6,LQFP,64,32 KiB,-40 to 85 C,BTR,STM32F100R6,STM32F100R6,cmsis_device_name,deterministic_pattern,tcl/target/stm32f1x.cfg,official_st_ordering_information_plus_estore_active_exact_identity,https://www.st.com/resource/en/datasheet/stm32f100v8.pdf,STMicroelectronics official,verified_st_ordering_information_codes_plus_current_estore_active_identity
STMicroelectronics,STM32F100R8H6B,STM32F1,STM32F100,STM32F100R8,TFBGA,64,64 KiB,-40 to 85 C,B,STM32F100R8,STM32F100R8,cmsis_device_name,deterministic_pattern,tcl/target/stm32f1x.cfg,official_st_ordering_information_plus_estore_active_exact_identity,https://www.st.com/resource/en/datasheet/stm32f100v8.pdf,STMicroelectronics official,verified_st_ordering_information_codes_plus_current_estore_active_identity
STMicroelectronics,STM32F100R8H7B,STM32F1,STM32F100,STM32F100R8,TFBGA,64,64 KiB,-40 to 105 C,B,STM32F100R8,STM32F100R8,cmsis_device_name,deterministic_pattern,tcl/target/stm32f1x.cfg,official_st_ordering_information_plus_estore_active_exact_identity,https://www.st.com/resource/en/datasheet/stm32f100v8.pdf,STMicroelectronics official,verified_st_ordering_information_codes_plus_current_estore_active_identity
STMicroelectronics,STM32F100R8T6B,STM32F1,STM32F100,STM32F100R8,LQFP,64,64 KiB,-40 to 85 C,B,STM32F100R8,STM32F100R8,cmsis_device_name,deterministic_pattern,tcl/target/stm32f1x.cfg,official_st_ordering_information_plus_estore_active_exact_identity,https://www.st.com/resource/en/datasheet/stm32f100v8.pdf,STMicroelectronics official,verified_st_ordering_information_codes_plus_current_estore_active_identity
STMicroelectronics,STM32F100R8T6BTR,STM32F1,STM32F100,STM32F100R8,LQFP,64,64 KiB,-40 to 85 C,BTR,STM32F100R8,STM32F100R8,cmsis_device_name,deterministic_pattern,tcl/target/stm32f1x.cfg,official_st_ordering_information_plus_estore_active_exact_identity,https://www.st.com/resource/en/datasheet/stm32f100v8.pdf,STMicroelectronics official,verified_st_ordering_information_codes_plus_current_estore_active_identity
STMicroelectronics,STM32F100R8T7B,STM32F1,STM32F100,STM32F100R8,LQFP,64,64 KiB,-40 to 105 C,B,STM32F100R8,STM32F100R8,cmsis_device_name,deterministic_pattern,tcl/target/stm32f1x.cfg,official_st_ordering_information_plus_estore_active_exact_identity,https://www.st.com/resource/en/datasheet/stm32f100v8.pdf,STMicroelectronics official,verified_st_ordering_information_codes_plus_current_estore_active_identity
STMicroelectronics,STM32F100R8T7BTR,STM32F1,STM32F100,STM32F100R8,LQFP,64,64 KiB,-40 to 105 C,BTR,STM32F100R8,STM32F100R8,cmsis_device_name,deterministic_pattern,tcl/target/stm32f1x.cfg,official_st_ordering_information_plus_estore_active_exact_identity,https://www.st.com/resource/en/datasheet/stm32f100v8.pdf,STMicroelectronics official,verified_st_ordering_information_codes_plus_current_estore_active_identity
STMicroelectronics,STM32F100RBH6B,STM32F1,STM32F100,STM32F100RB,TFBGA,64,128 KiB,-40 to 85 C,B,STM32F100RB,STM32F100RB,cmsis_device_name,deterministic_pattern,tcl/target/stm32f1x.cfg,official_st_ordering_information_plus_estore_active_exact_identity,https://www.st.com/resource/en/datasheet/stm32f100v8.pdf,STMicroelectronics official,verified_st_ordering_information_codes_plus_current_estore_active_identity
STMicroelectronics,STM32F100RBH6BTR,STM32F1,STM32F100,STM32F100RB,TFBGA,64,128 KiB,-40 to 85 C,BTR,STM32F100RB,STM32F100RB,cmsis_device_name,deterministic_pattern,tcl/target/stm32f1x.cfg,official_st_ordering_information_plus_estore_active_exact_identity,https://www.st.com/resource/en/datasheet/stm32f100v8.pdf,STMicroelectronics official,verified_st_ordering_information_codes_plus_current_estore_active_identity
STMicroelectronics,STM32F100RBT6B,STM32F1,STM32F100,STM32F100RB,LQFP,64,128 KiB,-40 to 85 C,B,STM32F100RB,STM32F100RB,cmsis_device_name,deterministic_pattern,tcl/target/stm32f1x.cfg,official_st_ordering_information_plus_estore_active_exact_identity,https://www.st.com/resource/en/datasheet/stm32f100v8.pdf,STMicroelectronics official,verified_st_ordering_information_codes_plus_current_estore_active_identity
STMicroelectronics,STM32F100RBT6BTR,STM32F1,STM32F100,STM32F100RB,LQFP,64,128 KiB,-40 to 85 C,BTR,STM32F100RB,STM32F100RB,cmsis_device_name,deterministic_pattern,tcl/target/stm32f1x.cfg,official_st_ordering_information_plus_estore_active_exact_identity,https://www.st.com/resource/en/datasheet/stm32f100v8.pdf,STMicroelectronics official,verified_st_ordering_information_codes_plus_current_estore_active_identity
STMicroelectronics,STM32F100RCT6B,STM32F1,STM32F100,STM32F100RC,LQFP,64,256 KiB,-40 to 85 C,B,STM32F100RC,STM32F100RC,cmsis_device_name,deterministic_pattern,tcl/target/stm32f1x.cfg,official_st_ordering_information_plus_estore_active_exact_identity,https://www.st.com/resource/en/datasheet/stm32f100vd.pdf,STMicroelectronics official,verified_st_ordering_information_codes_plus_current_estore_active_identity
STMicroelectronics,STM32F100RCT6BTR,STM32F1,STM32F100,STM32F100RC,LQFP,64,256 KiB,-40 to 85 C,BTR,STM32F100RC,STM32F100RC,cmsis_device_name,deterministic_pattern,tcl/target/stm32f1x.cfg,official_st_ordering_information_plus_estore_active_exact_identity,https://www.st.com/resource/en/datasheet/stm32f100vd.pdf,STMicroelectronics official,verified_st_ordering_information_codes_plus_current_estore_active_identity
STMicroelectronics,STM32F100RCT7B,STM32F1,STM32F100,STM32F100RC,LQFP,64,256 KiB,-40 to 105 C,B,STM32F100RC,STM32F100RC,cmsis_device_name,deterministic_pattern,tcl/target/stm32f1x.cfg,official_st_ordering_information_plus_estore_active_exact_identity,https://www.st.com/resource/en/datasheet/stm32f100vd.pdf,STMicroelectronics official,verified_st_ordering_information_codes_plus_current_estore_active_identity
STMicroelectronics,STM32F100RDT6B,STM32F1,STM32F100,STM32F100RD,LQFP,64,384 KiB,-40 to 85 C,B,STM32F100RD,STM32F100RD,cmsis_device_name,deterministic_pattern,tcl/target/stm32f1x.cfg,official_st_ordering_information_plus_estore_active_exact_identity,https://www.st.com/resource/en/datasheet/stm32f100vd.pdf,STMicroelectronics official,verified_st_ordering_information_codes_plus_current_estore_active_identity
STMicroelectronics,STM32F100RDT6BTR,STM32F1,STM32F100,STM32F100RD,LQFP,64,384 KiB,-40 to 85 C,BTR,STM32F100RD,STM32F100RD,cmsis_device_name,deterministic_pattern,tcl/target/stm32f1x.cfg,official_st_ordering_information_plus_estore_active_exact_identity,https://www.st.com/resource/en/datasheet/stm32f100vd.pdf,STMicroelectronics official,verified_st_ordering_information_codes_plus_current_estore_active_identity
STMicroelectronics,STM32F100RDT7B,STM32F1,STM32F100,STM32F100RD,LQFP,64,384 KiB,-40 to 105 C,B,STM32F100RD,STM32F100RD,cmsis_device_name,deterministic_pattern,tcl/target/stm32f1x.cfg,official_st_ordering_information_plus_estore_active_exact_identity,https://www.st.com/resource/en/datasheet/stm32f100vd.pdf,STMicroelectronics official,verified_st_ordering_information_codes_plus_current_estore_active_identity
STMicroelectronics,STM32F100RET6B,STM32F1,STM32F100,STM32F100RE,LQFP,64,512 KiB,-40 to 85 C,B,STM32F100RE,STM32F100RE,cmsis_device_name,deterministic_pattern,tcl/target/stm32f1x.cfg,official_st_ordering_information_plus_estore_active_exact_identity,https://www.st.com/resource/en/datasheet/stm32f100vd.pdf,STMicroelectronics official,verified_st_ordering_information_codes_plus_current_estore_active_identity
STMicroelectronics,STM32F100RET6BTR,STM32F1,STM32F100,STM32F100RE,LQFP,64,512 KiB,-40 to 85 C,BTR,STM32F100RE,STM32F100RE,cmsis_device_name,deterministic_pattern,tcl/target/stm32f1x.cfg,official_st_ordering_information_plus_estore_active_exact_identity,https://www.st.com/resource/en/datasheet/stm32f100vd.pdf,STMicroelectronics official,verified_st_ordering_information_codes_plus_current_estore_active_identity
STMicroelectronics,STM32F100RET7BTR,STM32F1,STM32F100,STM32F100RE,LQFP,64,512 KiB,-40 to 105 C,BTR,STM32F100RE,STM32F100RE,cmsis_device_name,deterministic_pattern,tcl/target/stm32f1x.cfg,official_st_ordering_information_plus_estore_active_exact_identity,https://www.st.com/resource/en/datasheet/stm32f100vd.pdf,STMicroelectronics official,verified_st_ordering_information_codes_plus_current_estore_active_identity
STMicroelectronics,STM32F100V8T6B,STM32F1,STM32F100,STM32F100V8,LQFP,100,64 KiB,-40 to 85 C,B,STM32F100V8,STM32F100V8,cmsis_device_name,deterministic_pattern,tcl/target/stm32f1x.cfg,official_st_ordering_information_plus_estore_active_exact_identity,https://www.st.com/resource/en/datasheet/stm32f100v8.pdf,STMicroelectronics official,verified_st_ordering_information_codes_plus_current_estore_active_identity
STMicroelectronics,STM32F100V8T6BTR,STM32F1,STM32F100,STM32F100V8,LQFP,100,64 KiB,-40 to 85 C,BTR,STM32F100V8,STM32F100V8,cmsis_device_name,deterministic_pattern,tcl/target/stm32f1x.cfg,official_st_ordering_information_plus_estore_active_exact_identity,https://www.st.com/resource/en/datasheet/stm32f100v8.pdf,STMicroelectronics official,verified_st_ordering_information_codes_plus_current_estore_active_identity
STMicroelectronics,STM32F100V8T7B,STM32F1,STM32F100,STM32F100V8,LQFP,100,64 KiB,-40 to 105 C,B,STM32F100V8,STM32F100V8,cmsis_device_name,deterministic_pattern,tcl/target/stm32f1x.cfg,official_st_ordering_information_plus_estore_active_exact_identity,https://www.st.com/resource/en/datasheet/stm32f100v8.pdf,STMicroelectronics official,verified_st_ordering_information_codes_plus_current_estore_active_identity
STMicroelectronics,STM32F100VBT6B,STM32F1,STM32F100,STM32F100VB,LQFP,100,128 KiB,-40 to 85 C,B,STM32F100VB,STM32F100VB,cmsis_device_name,deterministic_pattern,tcl/target/stm32f1x.cfg,official_st_ordering_information_plus_estore_active_exact_identity,https://www.st.com/resource/en/datasheet/stm32f100v8.pdf,STMicroelectronics official,verified_st_ordering_information_codes_plus_current_estore_active_identity
STMicroelectronics,STM32F100VBT6BTR,STM32F1,STM32F100,STM32F100VB,LQFP,100,128 KiB,-40 to 85 C,BTR,STM32F100VB,STM32F100VB,cmsis_device_name,deterministic_pattern,tcl/target/stm32f1x.cfg,official_st_ordering_information_plus_estore_active_exact_identity,https://www.st.com/resource/en/datasheet/stm32f100v8.pdf,STMicroelectronics official,verified_st_ordering_information_codes_plus_current_estore_active_identity
STMicroelectronics,STM32F100VBT7B,STM32F1,STM32F100,STM32F100VB,LQFP,100,128 KiB,-40 to 105 C,B,STM32F100VB,STM32F100VB,cmsis_device_name,deterministic_pattern,tcl/target/stm32f1x.cfg,official_st_ordering_information_plus_estore_active_exact_identity,https://www.st.com/resource/en/datasheet/stm32f100v8.pdf,STMicroelectronics official,verified_st_ordering_information_codes_plus_current_estore_active_identity
STMicroelectronics,STM32F100VCT6B,STM32F1,STM32F100,STM32F100VC,LQFP,100,256 KiB,-40 to 85 C,B,STM32F100VC,STM32F100VC,cmsis_device_name,deterministic_pattern,tcl/target/stm32f1x.cfg,official_st_ordering_information_plus_estore_active_exact_identity,https://www.st.com/resource/en/datasheet/stm32f100vd.pdf,STMicroelectronics official,verified_st_ordering_information_codes_plus_current_estore_active_identity
STMicroelectronics,STM32F100VCT6BTR,STM32F1,STM32F100,STM32F100VC,LQFP,100,256 KiB,-40 to 85 C,BTR,STM32F100VC,STM32F100VC,cmsis_device_name,deterministic_pattern,tcl/target/stm32f1x.cfg,official_st_ordering_information_plus_estore_active_exact_identity,https://www.st.com/resource/en/datasheet/stm32f100vd.pdf,STMicroelectronics official,verified_st_ordering_information_codes_plus_current_estore_active_identity
STMicroelectronics,STM32F100VDT6B,STM32F1,STM32F100,STM32F100VD,LQFP,100,384 KiB,-40 to 85 C,B,STM32F100VD,STM32F100VD,cmsis_device_name,deterministic_pattern,tcl/target/stm32f1x.cfg,official_st_ordering_information_plus_estore_active_exact_identity,https://www.st.com/resource/en/datasheet/stm32f100vd.pdf,STMicroelectronics official,verified_st_ordering_information_codes_plus_current_estore_active_identity
STMicroelectronics,STM32F100VDT6BTR,STM32F1,STM32F100,STM32F100VD,LQFP,100,384 KiB,-40 to 85 C,BTR,STM32F100VD,STM32F100VD,cmsis_device_name,deterministic_pattern,tcl/target/stm32f1x.cfg,official_st_ordering_information_plus_estore_active_exact_identity,https://www.st.com/resource/en/datasheet/stm32f100vd.pdf,STMicroelectronics official,verified_st_ordering_information_codes_plus_current_estore_active_identity
STMicroelectronics,STM32F100VDT7B,STM32F1,STM32F100,STM32F100VD,LQFP,100,384 KiB,-40 to 105 C,B,STM32F100VD,STM32F100VD,cmsis_device_name,deterministic_pattern,tcl/target/stm32f1x.cfg,official_st_ordering_information_plus_estore_active_exact_identity,https://www.st.com/resource/en/datasheet/stm32f100vd.pdf,STMicroelectronics official,verified_st_ordering_information_codes_plus_current_estore_active_identity
STMicroelectronics,STM32F100VET6,STM32F1,STM32F100,STM32F100VE,LQFP,100,512 KiB,-40 to 85 C,,STM32F100VE,STM32F100VE,cmsis_device_name,deterministic_pattern,tcl/target/stm32f1x.cfg,official_st_product_page_retained_browser_evidence,https://www.st.com/en/microcontrollers-microprocessors/stm32f100ve.html#plasma-evidence=stm32f1-phase2.9-scaleout-batch1-2026-08-29-retained-20260829T161336Z-396213d,STMicroelectronics official,verified_direct_st_retained_browser_exact_icpn
STMicroelectronics,STM32F100VET6B,STM32F1,STM32F100,STM32F100VE,LQFP,100,512 KiB,-40 to 85 C,B,STM32F100VE,STM32F100VE,cmsis_device_name,deterministic_pattern,tcl/target/stm32f1x.cfg,official_st_product_page_retained_browser_evidence,https://www.st.com/en/microcontrollers-microprocessors/stm32f100ve.html#plasma-evidence=stm32f1-phase2.9-scaleout-batch1-2026-08-29-retained-20260829T161336Z-396213d,STMicroelectronics official,verified_direct_st_retained_browser_exact_icpn
STMicroelectronics,STM32F100VET6BTR,STM32F1,STM32F100,STM32F100VE,LQFP,100,512 KiB,-40 to 85 C,BTR,STM32F100VE,STM32F100VE,cmsis_device_name,deterministic_pattern,tcl/target/stm32f1x.cfg,official_st_product_page_retained_browser_evidence,https://www.st.com/en/microcontrollers-microprocessors/stm32f100ve.html#plasma-evidence=stm32f1-phase2.9-scaleout-batch1-2026-08-29-retained-20260829T161336Z-396213d,STMicroelectronics official,verified_direct_st_retained_browser_exact_icpn
STMicroelectronics,STM32F100VET7B,STM32F1,STM32F100,STM32F100VE,LQFP,100,512 KiB,-40 to 105 C,B,STM32F100VE,STM32F100VE,cmsis_device_name,deterministic_pattern,tcl/target/stm32f1x.cfg,official_st_product_page_retained_browser_evidence,https://www.st.com/en/microcontrollers-microprocessors/stm32f100ve.html#plasma-evidence=stm32f1-phase2.9-scaleout-batch1-2026-08-29-retained-20260829T161336Z-396213d,STMicroelectronics official,verified_direct_st_retained_browser_exact_icpn
STMicroelectronics,STM32F100ZCT6B,STM32F1,STM32F100,STM32F100ZC,LQFP,144,256 KiB,-40 to 85 C,B,STM32F100ZC,STM32F100ZC,cmsis_device_name,deterministic_pattern,tcl/target/stm32f1x.cfg,official_st_ordering_information_plus_estore_active_exact_identity,https://www.st.com/resource/en/datasheet/stm32f100vd.pdf,STMicroelectronics official,verified_st_ordering_information_codes_plus_current_estore_active_identity
STMicroelectronics,STM32F100ZDT6B,STM32F1,STM32F100,STM32F100ZD,LQFP,144,384 KiB,-40 to 85 C,B,STM32F100ZD,STM32F100ZD,cmsis_device_name,deterministic_pattern,tcl/target/stm32f1x.cfg,official_st_ordering_information_plus_estore_active_exact_identity,https://www.st.com/resource/en/datasheet/stm32f100vd.pdf,STMicroelectronics official,verified_st_ordering_information_codes_plus_current_estore_active_identity
STMicroelectronics,STM32F100ZDT6BTR,STM32F1,STM32F100,STM32F100ZD,LQFP,144,384 KiB,-40 to 85 C,BTR,STM32F100ZD,STM32F100ZD,cmsis_device_name,deterministic_pattern,tcl/target/stm32f1x.cfg,official_st_ordering_information_plus_estore_active_exact_identity,https://www.st.com/resource/en/datasheet/stm32f100vd.pdf,STMicroelectronics official,verified_st_ordering_information_codes_plus_current_estore_active_identity
STMicroelectronics,STM32F100ZET6B,STM32F1,STM32F100,STM32F100ZE,LQFP,144,512 KiB,-40 to 85 C,B,STM32F100ZE,STM32F100ZE,cmsis_device_name,deterministic_pattern,tcl/target/stm32f1x.cfg,official_st_ordering_information_plus_estore_active_exact_identity,https://www.st.com/resource/en/datasheet/stm32f100vd.pdf,STMicroelectronics official,verified_st_ordering_information_codes_plus_current_estore_active_identity
STMicroelectronics,STM32F100ZET6BTR,STM32F1,STM32F100,STM32F100ZE,LQFP,144,512 KiB,-40 to 85 C,BTR,STM32F100ZE,STM32F100ZE,cmsis_device_name,deterministic_pattern,tcl/target/stm32f1x.cfg,official_st_ordering_information_plus_estore_active_exact_identity,https://www.st.com/resource/en/datasheet/stm32f100vd.pdf,STMicroelectronics official,verified_st_ordering_information_codes_plus_current_estore_active_identity
STMicroelectronics,STM32F100ZET7B,STM32F1,STM32F100,STM32F100ZE,LQFP,144,512 KiB,-40 to 105 C,B,STM32F100ZE,STM32F100ZE,cmsis_device_name,deterministic_pattern,tcl/target/stm32f1x.cfg,official_st_ordering_information_plus_estore_active_exact_identity,https://www.st.com/resource/en/datasheet/stm32f100vd.pdf,STMicroelectronics official,verified_st_ordering_information_codes_plus_current_estore_active_identity
STMicroelectronics,STM32F101C4T6A,STM32F1,STM32F101,STM32F101C4,LQFP,48,16 KiB,-40 to 85 C,A,STM32F101C4,STM32F101C4,cmsis_device_name,deterministic_pattern,tcl/target/stm32f1x.cfg,official_st_ordering_information_plus_estore_active_exact_identity,https://www.st.com/resource/en/datasheet/stm32f101t6.pdf,STMicroelectronics official,verified_st_ordering_information_codes_plus_current_estore_active_identity
STMicroelectronics,STM32F101C6T6A,STM32F1,STM32F101,STM32F101C6,LQFP,48,32 KiB,-40 to 85 C,A,STM32F101C6,STM32F101C6,cmsis_device_name,deterministic_pattern,tcl/target/stm32f1x.cfg,official_st_ordering_information_plus_estore_active_exact_identity,https://www.st.com/resource/en/datasheet/stm32f101t6.pdf,STMicroelectronics official,verified_st_ordering_information_codes_plus_current_estore_active_identity
STMicroelectronics,STM32F101C6T6ATR,STM32F1,STM32F101,STM32F101C6,LQFP,48,32 KiB,-40 to 85 C,ATR,STM32F101C6,STM32F101C6,cmsis_device_name,deterministic_pattern,tcl/target/stm32f1x.cfg,official_st_ordering_information_plus_estore_active_exact_identity,https://www.st.com/resource/en/datasheet/stm32f101t6.pdf,STMicroelectronics official,verified_st_ordering_information_codes_plus_current_estore_active_identity
STMicroelectronics,STM32F101C8T6,STM32F1,STM32F101,STM32F101C8,LQFP,48,64 KiB,-40 to 85 C,,STM32F101C8,STM32F101C8,cmsis_device_name,deterministic_pattern,tcl/target/stm32f1x.cfg,official_st_product_page_retained_browser_evidence,https://www.st.com/en/microcontrollers-microprocessors/stm32f101c8.html#plasma-evidence=stm32f1-phase2.6.3-browser-20260829T130248Z-075cb97,STMicroelectronics official,verified_direct_st_retained_browser_exact_icpn
STMicroelectronics,STM32F101C8T6TR,STM32F1,STM32F101,STM32F101C8,LQFP,48,64 KiB,-40 to 85 C,TR,STM32F101C8,STM32F101C8,cmsis_device_name,deterministic_pattern,tcl/target/stm32f1x.cfg,official_st_product_page_retained_browser_evidence,https://www.st.com/en/microcontrollers-microprocessors/stm32f101c8.html#plasma-evidence=stm32f1-phase2.6.3-browser-20260829T130248Z-075cb97,STMicroelectronics official,verified_direct_st_retained_browser_exact_icpn
STMicroelectronics,STM32F101C8U6,STM32F1,STM32F101,STM32F101C8,UFQFPN,48,64 KiB,-40 to 85 C,,STM32F101C8,STM32F101C8,cmsis_device_name,deterministic_pattern,tcl/target/stm32f1x.cfg,official_st_product_page_retained_browser_evidence,https://www.st.com/en/microcontrollers-microprocessors/stm32f101c8.html#plasma-evidence=stm32f1-phase2.6.3-browser-20260829T130248Z-075cb97,STMicroelectronics official,verified_direct_st_retained_browser_exact_icpn
STMicroelectronics,STM32F101C8U6TR,STM32F1,STM32F101,STM32F101C8,UFQFPN,48,64 KiB,-40 to 85 C,TR,STM32F101C8,STM32F101C8,cmsis_device_name,deterministic_pattern,tcl/target/stm32f1x.cfg,official_st_product_page_retained_browser_evidence,https://www.st.com/en/microcontrollers-microprocessors/stm32f101c8.html#plasma-evidence=stm32f1-phase2.6.3-browser-20260829T130248Z-075cb97,STMicroelectronics official,verified_direct_st_retained_browser_exact_icpn
STMicroelectronics,STM32F101CBT6,STM32F1,STM32F101,STM32F101CB,LQFP,48,128 KiB,-40 to 85 C,,STM32F101CB,STM32F101CB,cmsis_device_name,deterministic_pattern,tcl/target/stm32f1x.cfg,official_st_ordering_information_plus_estore_active_exact_identity,https://www.st.com/resource/en/datasheet/stm32f101v8.pdf,STMicroelectronics official,verified_st_ordering_information_codes_plus_current_estore_active_identity
STMicroelectronics,STM32F101CBT6TR,STM32F1,STM32F101,STM32F101CB,LQFP,48,128 KiB,-40 to 85 C,TR,STM32F101CB,STM32F101CB,cmsis_device_name,deterministic_pattern,tcl/target/stm32f1x.cfg,official_st_ordering_information_plus_estore_active_exact_identity,https://www.st.com/resource/en/datasheet/stm32f101v8.pdf,STMicroelectronics official,verified_st_ordering_information_codes_plus_current_estore_active_identity
STMicroelectronics,STM32F101CBU6,STM32F1,STM32F101,STM32F101CB,UFQFPN,48,128 KiB,-40 to 85 C,,STM32F101CB,STM32F101CB,cmsis_device_name,deterministic_pattern,tcl/target/stm32f1x.cfg,official_st_ordering_information_plus_estore_active_exact_identity,https://www.st.com/resource/en/datasheet/stm32f101v8.pdf,STMicroelectronics official,verified_st_ordering_information_codes_plus_current_estore_active_identity
STMicroelectronics,STM32F101CBU6TR,STM32F1,STM32F101,STM32F101CB,UFQFPN,48,128 KiB,-40 to 85 C,TR,STM32F101CB,STM32F101CB,cmsis_device_name,deterministic_pattern,tcl/target/stm32f1x.cfg,official_st_ordering_information_plus_estore_active_exact_identity,https://www.st.com/resource/en/datasheet/stm32f101v8.pdf,STMicroelectronics official,verified_st_ordering_information_codes_plus_current_estore_active_identity
STMicroelectronics,STM32F101R4T6A,STM32F1,STM32F101,STM32F101R4,LQFP,64,16 KiB,-40 to 85 C,A,STM32F101R4,STM32F101R4,cmsis_device_name,deterministic_pattern,tcl/target/stm32f1x.cfg,official_st_ordering_information_plus_estore_active_exact_identity,https://www.st.com/resource/en/datasheet/stm32f101t6.pdf,STMicroelectronics official,verified_st_ordering_information_codes_plus_current_estore_active_identity
STMicroelectronics,STM32F101R6T6A,STM32F1,STM32F101,STM32F101R6,LQFP,64,32 KiB,-40 to 85 C,A,STM32F101R6,STM32F101R6,cmsis_device_name,deterministic_pattern,tcl/target/stm32f1x.cfg,official_st_ordering_information_plus_estore_active_exact_identity,https://www.st.com/resource/en/datasheet/stm32f101t6.pdf,STMicroelectronics official,verified_st_ordering_information_codes_plus_current_estore_active_identity
STMicroelectronics,STM32F101R6T6ATR,STM32F1,STM32F101,STM32F101R6,LQFP,64,32 KiB,-40 to 85 C,ATR,STM32F101R6,STM32F101R6,cmsis_device_name,deterministic_pattern,tcl/target/stm32f1x.cfg,official_st_ordering_information_plus_estore_active_exact_identity,https://www.st.com/resource/en/datasheet/stm32f101t6.pdf,STMicroelectronics official,verified_st_ordering_information_codes_plus_current_estore_active_identity
STMicroelectronics,STM32F101R8T6,STM32F1,STM32F101,STM32F101R8,LQFP,64,64 KiB,-40 to 85 C,,STM32F101R8,STM32F101R8,cmsis_device_name,deterministic_pattern,tcl/target/stm32f1x.cfg,official_st_ordering_information_plus_estore_active_exact_identity,https://www.st.com/resource/en/datasheet/stm32f101v8.pdf,STMicroelectronics official,verified_st_ordering_information_codes_plus_current_estore_active_identity
STMicroelectronics,STM32F101R8T6TR,STM32F1,STM32F101,STM32F101R8,LQFP,64,64 KiB,-40 to 85 C,TR,STM32F101R8,STM32F101R8,cmsis_device_name,deterministic_pattern,tcl/target/stm32f1x.cfg,official_st_ordering_information_plus_estore_active_exact_identity,https://www.st.com/resource/en/datasheet/stm32f101v8.pdf,STMicroelectronics official,verified_st_ordering_information_codes_plus_current_estore_active_identity
STMicroelectronics,STM32F101RBH6,STM32F1,STM32F101,STM32F101RB,TFBGA,64,128 KiB,-40 to 85 C,,STM32F101RB,STM32F101RB,cmsis_device_name,deterministic_pattern,tcl/target/stm32f1x.cfg,official_st_ordering_information_plus_estore_active_exact_identity,https://www.st.com/resource/en/datasheet/stm32f101v8.pdf;https://www.st.com/en/microcontrollers-microprocessors/stm32f101rb.html,STMicroelectronics official,verified_st_ordering_information_codes_plus_current_estore_active_identity
STMicroelectronics,STM32F101RBT6,STM32F1,STM32F101,STM32F101RB,LQFP,64,128 KiB,-40 to 85 C,,STM32F101RB,STM32F101RB,cmsis_device_name,deterministic_pattern,tcl/target/stm32f1x.cfg,official_st_ordering_information_plus_estore_active_exact_identity,https://www.st.com/resource/en/datasheet/stm32f101v8.pdf,STMicroelectronics official,verified_st_ordering_information_codes_plus_current_estore_active_identity
STMicroelectronics,STM32F101RBT6TR,STM32F1,STM32F101,STM32F101RB,LQFP,64,128 KiB,-40 to 85 C,TR,STM32F101RB,STM32F101RB,cmsis_device_name,deterministic_pattern,tcl/target/stm32f1x.cfg,official_st_ordering_information_plus_estore_active_exact_identity,https://www.st.com/resource/en/datasheet/stm32f101v8.pdf,STMicroelectronics official,verified_st_ordering_information_codes_plus_current_estore_active_identity
STMicroelectronics,STM32F101RCT6,STM32F1,STM32F101,STM32F101RC,LQFP,64,256 KiB,-40 to 85 C,,STM32F101RC,STM32F101RC,cmsis_device_name,deterministic_pattern,tcl/target/stm32f1x.cfg,official_st_ordering_information_plus_estore_active_exact_identity,https://www.st.com/resource/en/datasheet/stm32f101ze.pdf,STMicroelectronics official,verified_st_ordering_information_codes_plus_current_estore_active_identity
STMicroelectronics,STM32F101RCT6TR,STM32F1,STM32F101,STM32F101RC,LQFP,64,256 KiB,-40 to 85 C,TR,STM32F101RC,STM32F101RC,cmsis_device_name,deterministic_pattern,tcl/target/stm32f1x.cfg,official_st_ordering_information_plus_estore_active_exact_identity,https://www.st.com/resource/en/datasheet/stm32f101ze.pdf,STMicroelectronics official,verified_st_ordering_information_codes_plus_current_estore_active_identity
STMicroelectronics,STM32F101RDT6,STM32F1,STM32F101,STM32F101RD,LQFP,64,384 KiB,-40 to 85 C,,STM32F101RD,STM32F101RD,cmsis_device_name,deterministic_pattern,tcl/target/stm32f1x.cfg,official_st_ordering_information_plus_estore_active_exact_identity,https://www.st.com/resource/en/datasheet/stm32f101ze.pdf,STMicroelectronics official,verified_st_ordering_information_codes_plus_current_estore_active_identity
STMicroelectronics,STM32F101RDT6TR,STM32F1,STM32F101,STM32F101RD,LQFP,64,384 KiB,-40 to 85 C,TR,STM32F101RD,STM32F101RD,cmsis_device_name,deterministic_pattern,tcl/target/stm32f1x.cfg,official_st_ordering_information_plus_estore_active_exact_identity,https://www.st.com/resource/en/datasheet/stm32f101ze.pdf,STMicroelectronics official,verified_st_ordering_information_codes_plus_current_estore_active_identity
STMicroelectronics,STM32F101RET6,STM32F1,STM32F101,STM32F101RE,LQFP,64,512 KiB,-40 to 85 C,,STM32F101RE,STM32F101RE,cmsis_device_name,deterministic_pattern,tcl/target/stm32f1x.cfg,official_st_product_page_retained_browser_evidence,https://www.st.com/en/microcontrollers-microprocessors/stm32f101re.html#plasma-evidence=stm32f1-phase2.9-scaleout-batch1-2026-08-29-retained-20260829T161336Z-396213d,STMicroelectronics official,verified_direct_st_retained_browser_exact_icpn
STMicroelectronics,STM32F101RET6TR,STM32F1,STM32F101,STM32F101RE,LQFP,64,512 KiB,-40 to 85 C,TR,STM32F101RE,STM32F101RE,cmsis_device_name,deterministic_pattern,tcl/target/stm32f1x.cfg,official_st_product_page_retained_browser_evidence,https://www.st.com/en/microcontrollers-microprocessors/stm32f101re.html#plasma-evidence=stm32f1-phase2.9-scaleout-batch1-2026-08-29-retained-20260829T161336Z-396213d,STMicroelectronics official,verified_direct_st_retained_browser_exact_icpn
STMicroelectronics,STM32F101RFT6,STM32F1,STM32F101,STM32F101RF,LQFP,64,768 KiB,-40 to 85 C,,STM32F101RF,STM32F101RF,cmsis_device_name,deterministic_pattern,tcl/target/stm32f1x.cfg,official_st_ordering_information_plus_estore_active_exact_identity,https://www.st.com/resource/en/datasheet/stm32f101vg.pdf,STMicroelectronics official,verified_st_ordering_information_codes_plus_current_estore_active_identity
STMicroelectronics,STM32F101RFT6TR,STM32F1,STM32F101,STM32F101RF,LQFP,64,768 KiB,-40 to 85 C,TR,STM32F101RF,STM32F101RF,cmsis_device_name,deterministic_pattern,tcl/target/stm32f1x.cfg,official_st_ordering_information_plus_estore_active_exact_identity,https://www.st.com/resource/en/datasheet/stm32f101vg.pdf,STMicroelectronics official,verified_st_ordering_information_codes_plus_current_estore_active_identity
STMicroelectronics,STM32F101RGT6,STM32F1,STM32F101,STM32F101RG,LQFP,64,1024 KiB,-40 to 85 C,,STM32F101RG,STM32F101RG,cmsis_device_name,deterministic_pattern,tcl/target/stm32f1x.cfg,official_st_ordering_information_plus_estore_active_exact_identity,https://www.st.com/resource/en/datasheet/stm32f101vg.pdf,STMicroelectronics official,verified_st_ordering_information_codes_plus_current_estore_active_identity
STMicroelectronics,STM32F101RGT6TR,STM32F1,STM32F101,STM32F101RG,LQFP,64,1024 KiB,-40 to 85 C,TR,STM32F101RG,STM32F101RG,cmsis_device_name,deterministic_pattern,tcl/target/stm32f1x.cfg,official_st_ordering_information_plus_estore_active_exact_identity,https://www.st.com/resource/en/datasheet/stm32f101vg.pdf,STMicroelectronics official,verified_st_ordering_information_codes_plus_current_estore_active_identity
STMicroelectronics,STM32F101T4U6A,STM32F1,STM32F101,STM32F101T4,UFQFPN,36,16 KiB,-40 to 85 C,A,STM32F101T4,STM32F101T4,cmsis_device_name,deterministic_pattern,tcl/target/stm32f1x.cfg,official_st_ordering_information_plus_estore_active_exact_identity,https://www.st.com/resource/en/datasheet/stm32f101t6.pdf,STMicroelectronics official,verified_st_ordering_information_codes_plus_current_estore_active_identity
STMicroelectronics,STM32F101T4U6ATR,STM32F1,STM32F101,STM32F101T4,UFQFPN,36,16 KiB,-40 to 85 C,ATR,STM32F101T4,STM32F101T4,cmsis_device_name,deterministic_pattern,tcl/target/stm32f1x.cfg,official_st_ordering_information_plus_estore_active_exact_identity,https://www.st.com/resource/en/datasheet/stm32f101t6.pdf,STMicroelectronics official,verified_st_ordering_information_codes_plus_current_estore_active_identity
STMicroelectronics,STM32F101T6U6A,STM32F1,STM32F101,STM32F101T6,UFQFPN,36,32 KiB,-40 to 85 C,A,STM32F101T6,STM32F101T6,cmsis_device_name,deterministic_pattern,tcl/target/stm32f1x.cfg,official_st_ordering_information_plus_estore_active_exact_identity,https://www.st.com/resource/en/datasheet/stm32f101t6.pdf,STMicroelectronics official,verified_st_ordering_information_codes_plus_current_estore_active_identity
STMicroelectronics,STM32F101T6U6ATR,STM32F1,STM32F101,STM32F101T6,UFQFPN,36,32 KiB,-40 to 85 C,ATR,STM32F101T6,STM32F101T6,cmsis_device_name,deterministic_pattern,tcl/target/stm32f1x.cfg,official_st_ordering_information_plus_estore_active_exact_identity,https://www.st.com/resource/en/datasheet/stm32f101t6.pdf,STMicroelectronics official,verified_st_ordering_information_codes_plus_current_estore_active_identity
STMicroelectronics,STM32F101T8U6,STM32F1,STM32F101,STM32F101T8,UFQFPN,36,64 KiB,-40 to 85 C,,STM32F101T8,STM32F101T8,cmsis_device_name,deterministic_pattern,tcl/target/stm32f1x.cfg,official_st_ordering_information_plus_estore_active_exact_identity,https://www.st.com/resource/en/datasheet/stm32f101v8.pdf,STMicroelectronics official,verified_st_ordering_information_codes_plus_current_estore_active_identity
STMicroelectronics,STM32F101T8U6TR,STM32F1,STM32F101,STM32F101T8,UFQFPN,36,64 KiB,-40 to 85 C,TR,STM32F101T8,STM32F101T8,cmsis_device_name,deterministic_pattern,tcl/target/stm32f1x.cfg,official_st_ordering_information_plus_estore_active_exact_identity,https://www.st.com/resource/en/datasheet/stm32f101v8.pdf,STMicroelectronics official,verified_st_ordering_information_codes_plus_current_estore_active_identity
STMicroelectronics,STM32F101TBU6,STM32F1,STM32F101,STM32F101TB,UFQFPN,36,128 KiB,-40 to 85 C,,STM32F101TB,STM32F101TB,cmsis_device_name,deterministic_pattern,tcl/target/stm32f1x.cfg,official_st_ordering_information_plus_estore_active_exact_identity,https://www.st.com/resource/en/datasheet/stm32f101v8.pdf,STMicroelectronics official,verified_st_ordering_information_codes_plus_current_estore_active_identity
STMicroelectronics,STM32F101TBU6TR,STM32F1,STM32F101,STM32F101TB,UFQFPN,36,128 KiB,-40 to 85 C,TR,STM32F101TB,STM32F101TB,cmsis_device_name,deterministic_pattern,tcl/target/stm32f1x.cfg,official_st_ordering_information_plus_estore_active_exact_identity,https://www.st.com/resource/en/datasheet/stm32f101v8.pdf,STMicroelectronics official,verified_st_ordering_information_codes_plus_current_estore_active_identity
STMicroelectronics,STM32F101V8T6,STM32F1,STM32F101,STM32F101V8,LQFP,100,64 KiB,-40 to 85 C,,STM32F101V8,STM32F101V8,cmsis_device_name,deterministic_pattern,tcl/target/stm32f1x.cfg,official_st_ordering_information_plus_estore_active_exact_identity,https://www.st.com/resource/en/datasheet/stm32f101v8.pdf,STMicroelectronics official,verified_st_ordering_information_codes_plus_current_estore_active_identity
STMicroelectronics,STM32F101V8T6TR,STM32F1,STM32F101,STM32F101V8,LQFP,100,64 KiB,-40 to 85 C,TR,STM32F101V8,STM32F101V8,cmsis_device_name,deterministic_pattern,tcl/target/stm32f1x.cfg,official_st_ordering_information_plus_estore_active_exact_identity,https://www.st.com/resource/en/datasheet/stm32f101v8.pdf,STMicroelectronics official,verified_st_ordering_information_codes_plus_current_estore_active_identity
STMicroelectronics,STM32F101VBT6,STM32F1,STM32F101,STM32F101VB,LQFP,100,128 KiB,-40 to 85 C,,STM32F101VB,STM32F101VB,cmsis_device_name,deterministic_pattern,tcl/target/stm32f1x.cfg,official_st_ordering_information_plus_estore_active_exact_identity,https://www.st.com/resource/en/datasheet/stm32f101v8.pdf,STMicroelectronics official,verified_st_ordering_information_codes_plus_current_estore_active_identity
STMicroelectronics,STM32F101VBT6TR,STM32F1,STM32F101,STM32F101VB,LQFP,100,128 KiB,-40 to 85 C,TR,STM32F101VB,STM32F101VB,cmsis_device_name,deterministic_pattern,tcl/target/stm32f1x.cfg,official_st_ordering_information_plus_estore_active_exact_identity,https://www.st.com/resource/en/datasheet/stm32f101v8.pdf,STMicroelectronics official,verified_st_ordering_information_codes_plus_current_estore_active_identity
STMicroelectronics,STM32F101VCT6,STM32F1,STM32F101,STM32F101VC,LQFP,100,256 KiB,-40 to 85 C,,STM32F101VC,STM32F101VC,cmsis_device_name,deterministic_pattern,tcl/target/stm32f1x.cfg,official_st_ordering_information_plus_estore_active_exact_identity,https://www.st.com/resource/en/datasheet/stm32f101ze.pdf,STMicroelectronics official,verified_st_ordering_information_codes_plus_current_estore_active_identity
STMicroelectronics,STM32F101VCT6TR,STM32F1,STM32F101,STM32F101VC,LQFP,100,256 KiB,-40 to 85 C,TR,STM32F101VC,STM32F101VC,cmsis_device_name,deterministic_pattern,tcl/target/stm32f1x.cfg,official_st_ordering_information_plus_estore_active_exact_identity,https://www.st.com/resource/en/datasheet/stm32f101ze.pdf,STMicroelectronics official,verified_st_ordering_information_codes_plus_current_estore_active_identity
STMicroelectronics,STM32F101VDT6,STM32F1,STM32F101,STM32F101VD,LQFP,100,384 KiB,-40 to 85 C,,STM32F101VD,STM32F101VD,cmsis_device_name,deterministic_pattern,tcl/target/stm32f1x.cfg,official_st_ordering_information_plus_estore_active_exact_identity,https://www.st.com/resource/en/datasheet/stm32f101ze.pdf,STMicroelectronics official,verified_st_ordering_information_codes_plus_current_estore_active_identity
STMicroelectronics,STM32F101VDT6TR,STM32F1,STM32F101,STM32F101VD,LQFP,100,384 KiB,-40 to 85 C,TR,STM32F101VD,STM32F101VD,cmsis_device_name,deterministic_pattern,tcl/target/stm32f1x.cfg,official_st_ordering_information_plus_estore_active_exact_identity,https://www.st.com/resource/en/datasheet/stm32f101ze.pdf,STMicroelectronics official,verified_st_ordering_information_codes_plus_current_estore_active_identity
STMicroelectronics,STM32F101VET6,STM32F1,STM32F101,STM32F101VE,LQFP,100,512 KiB,-40 to 85 C,,STM32F101VE,STM32F101VE,cmsis_device_name,deterministic_pattern,tcl/target/stm32f1x.cfg,official_st_ordering_information_plus_estore_active_exact_identity,https://www.st.com/resource/en/datasheet/stm32f101ze.pdf,STMicroelectronics official,verified_st_ordering_information_codes_plus_current_estore_active_identity
STMicroelectronics,STM32F101VET6TR,STM32F1,STM32F101,STM32F101VE,LQFP,100,512 KiB,-40 to 85 C,TR,STM32F101VE,STM32F101VE,cmsis_device_name,deterministic_pattern,tcl/target/stm32f1x.cfg,official_st_ordering_information_plus_estore_active_exact_identity,https://www.st.com/resource/en/datasheet/stm32f101ze.pdf,STMicroelectronics official,verified_st_ordering_information_codes_plus_current_estore_active_identity
STMicroelectronics,STM32F101VFT6,STM32F1,STM32F101,STM32F101VF,LQFP,100,768 KiB,-40 to 85 C,,STM32F101VF,STM32F101VF,cmsis_device_name,deterministic_pattern,tcl/target/stm32f1x.cfg,official_st_ordering_information_plus_estore_active_exact_identity,https://www.st.com/resource/en/datasheet/stm32f101vg.pdf,STMicroelectronics official,verified_st_ordering_information_codes_plus_current_estore_active_identity
STMicroelectronics,STM32F101VFT6TR,STM32F1,STM32F101,STM32F101VF,LQFP,100,768 KiB,-40 to 85 C,TR,STM32F101VF,STM32F101VF,cmsis_device_name,deterministic_pattern,tcl/target/stm32f1x.cfg,official_st_ordering_information_plus_estore_active_exact_identity,https://www.st.com/resource/en/datasheet/stm32f101vg.pdf,STMicroelectronics official,verified_st_ordering_information_codes_plus_current_estore_active_identity
STMicroelectronics,STM32F101VGT6,STM32F1,STM32F101,STM32F101VG,LQFP,100,1024 KiB,-40 to 85 C,,STM32F101VG,STM32F101VG,cmsis_device_name,deterministic_pattern,tcl/target/stm32f1x.cfg,official_st_ordering_information_plus_estore_active_exact_identity,https://www.st.com/resource/en/datasheet/stm32f101vg.pdf,STMicroelectronics official,verified_st_ordering_information_codes_plus_current_estore_active_identity
STMicroelectronics,STM32F101ZCT6,STM32F1,STM32F101,STM32F101ZC,LQFP,144,256 KiB,-40 to 85 C,,STM32F101ZC,STM32F101ZC,cmsis_device_name,deterministic_pattern,tcl/target/stm32f1x.cfg,official_st_ordering_information_plus_estore_active_exact_identity,https://www.st.com/resource/en/datasheet/stm32f101ze.pdf,STMicroelectronics official,verified_st_ordering_information_codes_plus_current_estore_active_identity
STMicroelectronics,STM32F101ZDT6,STM32F1,STM32F101,STM32F101ZD,LQFP,144,384 KiB,-40 to 85 C,,STM32F101ZD,STM32F101ZD,cmsis_device_name,deterministic_pattern,tcl/target/stm32f1x.cfg,official_st_ordering_information_plus_estore_active_exact_identity,https://www.st.com/resource/en/datasheet/stm32f101ze.pdf,STMicroelectronics official,verified_st_ordering_information_codes_plus_current_estore_active_identity
STMicroelectronics,STM32F101ZET6,STM32F1,STM32F101,STM32F101ZE,LQFP,144,512 KiB,-40 to 85 C,,STM32F101ZE,STM32F101ZE,cmsis_device_name,deterministic_pattern,tcl/target/stm32f1x.cfg,official_st_product_page_retained_browser_evidence,https://www.st.com/en/microcontrollers-microprocessors/stm32f101ze.html#plasma-evidence=stm32f1-phase2.9-scaleout-batch1-2026-08-29-retained-20260829T161336Z-396213d,STMicroelectronics official,verified_direct_st_retained_browser_exact_icpn
STMicroelectronics,STM32F101ZFT6,STM32F1,STM32F101,STM32F101ZF,LQFP,144,768 KiB,-40 to 85 C,,STM32F101ZF,STM32F101ZF,cmsis_device_name,deterministic_pattern,tcl/target/stm32f1x.cfg,official_st_ordering_information_plus_estore_active_exact_identity,https://www.st.com/resource/en/datasheet/stm32f101vg.pdf,STMicroelectronics official,verified_st_ordering_information_codes_plus_current_estore_active_identity
STMicroelectronics,STM32F101ZGT6,STM32F1,STM32F101,STM32F101ZG,LQFP,144,1024 KiB,-40 to 85 C,,STM32F101ZG,STM32F101ZG,cmsis_device_name,deterministic_pattern,tcl/target/stm32f1x.cfg,official_st_ordering_information_plus_estore_active_exact_identity,https://www.st.com/resource/en/datasheet/stm32f101vg.pdf,STMicroelectronics official,verified_st_ordering_information_codes_plus_current_estore_active_identity
STMicroelectronics,STM32F102C4T6A,STM32F1,STM32F102,STM32F102C4,LQFP,48,16 KiB,-40 to 85 C,A,STM32F102C4,STM32F102C4,cmsis_device_name,deterministic_pattern,tcl/target/stm32f1x.cfg,official_st_ordering_information_plus_estore_active_exact_identity,https://www.st.com/resource/en/datasheet/stm32f102c6.pdf,STMicroelectronics official,verified_st_ordering_information_codes_plus_current_estore_active_identity
STMicroelectronics,STM32F102C4T6ATR,STM32F1,STM32F102,STM32F102C4,LQFP,48,16 KiB,-40 to 85 C,ATR,STM32F102C4,STM32F102C4,cmsis_device_name,deterministic_pattern,tcl/target/stm32f1x.cfg,official_st_ordering_information_plus_estore_active_exact_identity,https://www.st.com/resource/en/datasheet/stm32f102c6.pdf,STMicroelectronics official,verified_st_ordering_information_codes_plus_current_estore_active_identity
STMicroelectronics,STM32F102C6T6A,STM32F1,STM32F102,STM32F102C6,LQFP,48,32 KiB,-40 to 85 C,A,STM32F102C6,STM32F102C6,cmsis_device_name,deterministic_pattern,tcl/target/stm32f1x.cfg,official_st_ordering_information_plus_estore_active_exact_identity,https://www.st.com/resource/en/datasheet/stm32f102c6.pdf,STMicroelectronics official,verified_st_ordering_information_codes_plus_current_estore_active_identity
STMicroelectronics,STM32F102C6T6ATR,STM32F1,STM32F102,STM32F102C6,LQFP,48,32 KiB,-40 to 85 C,ATR,STM32F102C6,STM32F102C6,cmsis_device_name,deterministic_pattern,tcl/target/stm32f1x.cfg,official_st_ordering_information_plus_estore_active_exact_identity,https://www.st.com/resource/en/datasheet/stm32f102c6.pdf,STMicroelectronics official,verified_st_ordering_information_codes_plus_current_estore_active_identity
STMicroelectronics,STM32F102C8T6,STM32F1,STM32F102,STM32F102C8,LQFP,48,64 KiB,-40 to 85 C,,STM32F102C8,STM32F102C8,cmsis_device_name,deterministic_pattern,tcl/target/stm32f1x.cfg,official_st_product_page_retained_browser_evidence,https://www.st.com/en/microcontrollers-microprocessors/stm32f102c8.html#plasma-evidence=stm32f1-phase2.6.3-browser-20260829T130248Z-075cb97,STMicroelectronics official,verified_direct_st_retained_browser_exact_icpn
STMicroelectronics,STM32F102C8T6TR,STM32F1,STM32F102,STM32F102C8,LQFP,48,64 KiB,-40 to 85 C,TR,STM32F102C8,STM32F102C8,cmsis_device_name,deterministic_pattern,tcl/target/stm32f1x.cfg,official_st_product_page_retained_browser_evidence,https://www.st.com/en/microcontrollers-microprocessors/stm32f102c8.html#plasma-evidence=stm32f1-phase2.6.3-browser-20260829T130248Z-075cb97,STMicroelectronics official,verified_direct_st_retained_browser_exact_icpn
STMicroelectronics,STM32F102CBT6,STM32F1,STM32F102,STM32F102CB,LQFP,48,128 KiB,-40 to 85 C,,STM32F102CB,STM32F102CB,cmsis_device_name,deterministic_pattern,tcl/target/stm32f1x.cfg,official_st_product_page_retained_browser_evidence,https://www.st.com/en/microcontrollers-microprocessors/stm32f102cb.html#plasma-evidence=stm32f1-phase2.9-scaleout-batch1-2026-08-29-retained-20260829T161336Z-396213d,STMicroelectronics official,verified_direct_st_retained_browser_exact_icpn
STMicroelectronics,STM32F102CBT6TR,STM32F1,STM32F102,STM32F102CB,LQFP,48,128 KiB,-40 to 85 C,TR,STM32F102CB,STM32F102CB,cmsis_device_name,deterministic_pattern,tcl/target/stm32f1x.cfg,official_st_product_page_retained_browser_evidence,https://www.st.com/en/microcontrollers-microprocessors/stm32f102cb.html#plasma-evidence=stm32f1-phase2.9-scaleout-batch1-2026-08-29-retained-20260829T161336Z-396213d,STMicroelectronics official,verified_direct_st_retained_browser_exact_icpn
STMicroelectronics,STM32F102R4T6A,STM32F1,STM32F102,STM32F102R4,LQFP,64,16 KiB,-40 to 85 C,A,STM32F102R4,STM32F102R4,cmsis_device_name,deterministic_pattern,tcl/target/stm32f1x.cfg,official_st_ordering_information_plus_estore_active_exact_identity,https://www.st.com/resource/en/datasheet/stm32f102c6.pdf,STMicroelectronics official,verified_st_ordering_information_codes_plus_current_estore_active_identity
STMicroelectronics,STM32F102R6T6A,STM32F1,STM32F102,STM32F102R6,LQFP,64,32 KiB,-40 to 85 C,A,STM32F102R6,STM32F102R6,cmsis_device_name,deterministic_pattern,tcl/target/stm32f1x.cfg,official_st_ordering_information_plus_estore_active_exact_identity,https://www.st.com/resource/en/datasheet/stm32f102c6.pdf,STMicroelectronics official,verified_st_ordering_information_codes_plus_current_estore_active_identity
STMicroelectronics,STM32F102R8T6,STM32F1,STM32F102,STM32F102R8,LQFP,64,64 KiB,-40 to 85 C,,STM32F102R8,STM32F102R8,cmsis_device_name,deterministic_pattern,tcl/target/stm32f1x.cfg,official_st_ordering_information_plus_estore_active_exact_identity,https://www.st.com/resource/en/datasheet/stm32f102r8.pdf,STMicroelectronics official,verified_st_ordering_information_codes_plus_current_estore_active_identity
STMicroelectronics,STM32F102RBT6,STM32F1,STM32F102,STM32F102RB,LQFP,64,128 KiB,-40 to 85 C,,STM32F102RB,STM32F102RB,cmsis_device_name,deterministic_pattern,tcl/target/stm32f1x.cfg,official_st_ordering_information_plus_estore_active_exact_identity,https://www.st.com/resource/en/datasheet/stm32f102r8.pdf,STMicroelectronics official,verified_st_ordering_information_codes_plus_current_estore_active_identity
STMicroelectronics,STM32F102RBT6TR,STM32F1,STM32F102,STM32F102RB,LQFP,64,128 KiB,-40 to 85 C,TR,STM32F102RB,STM32F102RB,cmsis_device_name,deterministic_pattern,tcl/target/stm32f1x.cfg,official_st_ordering_information_plus_estore_active_exact_identity,https://www.st.com/resource/en/datasheet/stm32f102r8.pdf,STMicroelectronics official,verified_st_ordering_information_codes_plus_current_estore_active_identity
STMicroelectronics,STM32F103C4T6A,STM32F1,STM32F103,STM32F103C4,LQFP,48,16 KiB,-40 to 85 C,A,STM32F103C4,STM32F103C4,cmsis_device_name,deterministic_pattern,tcl/target/stm32f1x.cfg,official_st_ordering_information_plus_estore_active_exact_identity,https://www.st.com/resource/en/datasheet/stm32f103c6.pdf,STMicroelectronics official,verified_st_ordering_information_codes_plus_current_estore_active_identity
STMicroelectronics,STM32F103C6T6A,STM32F1,STM32F103,STM32F103C6,LQFP,48,32 KiB,-40 to 85 C,A,STM32F103C6,STM32F103C6,cmsis_device_name,deterministic_pattern,tcl/target/stm32f1x.cfg,official_st_ordering_information_plus_estore_active_exact_identity,https://www.st.com/resource/en/datasheet/stm32f103c6.pdf,STMicroelectronics official,verified_st_ordering_information_codes_plus_current_estore_active_identity
STMicroelectronics,STM32F103C6T6ATR,STM32F1,STM32F103,STM32F103C6,LQFP,48,32 KiB,-40 to 85 C,ATR,STM32F103C6,STM32F103C6,cmsis_device_name,deterministic_pattern,tcl/target/stm32f1x.cfg,official_st_ordering_information_plus_estore_active_exact_identity,https://www.st.com/resource/en/datasheet/stm32f103c6.pdf,STMicroelectronics official,verified_st_ordering_information_codes_plus_current_estore_active_identity
STMicroelectronics,STM32F103C6T7A,STM32F1,STM32F103,STM32F103C6,LQFP,48,32 KiB,-40 to 105 C,A,STM32F103C6,STM32F103C6,cmsis_device_name,deterministic_pattern,tcl/target/stm32f1x.cfg,official_st_ordering_information_plus_estore_active_exact_identity,https://www.st.com/resource/en/datasheet/stm32f103c6.pdf,STMicroelectronics official,verified_st_ordering_information_codes_plus_current_estore_active_identity
STMicroelectronics,STM32F103C6T7ATR,STM32F1,STM32F103,STM32F103C6,LQFP,48,32 KiB,-40 to 105 C,ATR,STM32F103C6,STM32F103C6,cmsis_device_name,deterministic_pattern,tcl/target/stm32f1x.cfg,official_st_ordering_information_plus_estore_active_exact_identity,https://www.st.com/resource/en/datasheet/stm32f103c6.pdf,STMicroelectronics official,verified_st_ordering_information_codes_plus_current_estore_active_identity
STMicroelectronics,STM32F103C6U6A,STM32F1,STM32F103,STM32F103C6,UFQFPN,48,32 KiB,-40 to 85 C,A,STM32F103C6,STM32F103C6,cmsis_device_name,deterministic_pattern,tcl/target/stm32f1x.cfg,official_st_ordering_information_plus_estore_active_exact_identity,https://www.st.com/resource/en/datasheet/stm32f103c6.pdf,STMicroelectronics official,verified_st_ordering_information_codes_plus_current_estore_active_identity
STMicroelectronics,STM32F103C8T6,STM32F1,STM32F103,STM32F103C8,LQFP,48,64 KiB,-40 to 85 C,,STM32F103C8,STM32F103C8,cmsis_device_name,deterministic_pattern,tcl/target/stm32f1x.cfg,official_st_product_page+official_st_datasheet,https://www.st.com/en/microcontrollers-microprocessors/stm32f103c8.html;https://www.st.com/resource/en/datasheet/stm32f103c8.pdf,STMicroelectronics official,verified_direct_st_exact_icpn
STMicroelectronics,STM32F103C8T6TR,STM32F1,STM32F103,STM32F103C8,LQFP,48,64 KiB,-40 to 85 C,TR,STM32F103C8,STM32F103C8,cmsis_device_name,deterministic_pattern,tcl/target/stm32f1x.cfg,official_st_product_page+official_st_datasheet,https://www.st.com/en/microcontrollers-microprocessors/stm32f103c8.html;https://www.st.com/resource/en/datasheet/stm32f103c8.pdf,STMicroelectronics official,verified_direct_st_exact_icpn
STMicroelectronics,STM32F103C8T7,STM32F1,STM32F103,STM32F103C8,LQFP,48,64 KiB,-40 to 105 C,,STM32F103C8,STM32F103C8,cmsis_device_name,deterministic_pattern,tcl/target/stm32f1x.cfg,official_st_product_page+official_st_datasheet,https://www.st.com/en/microcontrollers-microprocessors/stm32f103c8.html;https://www.st.com/resource/en/datasheet/stm32f103c8.pdf,STMicroelectronics official,verified_direct_st_exact_icpn
STMicroelectronics,STM32F103C8T7TR,STM32F1,STM32F103,STM32F103C8,LQFP,48,64 KiB,-40 to 105 C,TR,STM32F103C8,STM32F103C8,cmsis_device_name,deterministic_pattern,tcl/target/stm32f1x.cfg,official_st_product_page+official_st_datasheet,https://www.st.com/en/microcontrollers-microprocessors/stm32f103c8.html;https://www.st.com/resource/en/datasheet/stm32f103c8.pdf,STMicroelectronics official,verified_direct_st_exact_icpn
STMicroelectronics,STM32F103CBT6,STM32F1,STM32F103,STM32F103CB,LQFP,48,128 KiB,-40 to 85 C,,STM32F103CB,STM32F103CB,cmsis_device_name,deterministic_pattern,tcl/target/stm32f1x.cfg,official_st_estore+official_st_datasheet,https://estore.st.com/en/products/microcontrollers-microprocessors/stm32-32-bit-arm-174-cortex-174-mcus/stm32-mainstream-mcus/stm32f1-series/stm32f103/stm32f103cb.html;https://www.st.com/resource/en/datasheet/stm32f103cb.pdf,STMicroelectronics official,verified_direct_st_exact_icpn
STMicroelectronics,STM32F103CBT6TR,STM32F1,STM32F103,STM32F103CB,LQFP,48,128 KiB,-40 to 85 C,TR,STM32F103CB,STM32F103CB,cmsis_device_name,deterministic_pattern,tcl/target/stm32f1x.cfg,official_st_estore+official_st_datasheet,https://estore.st.com/en/products/microcontrollers-microprocessors/stm32-32-bit-arm-174-cortex-174-mcus/stm32-mainstream-mcus/stm32f1-series/stm32f103/stm32f103cb.html;https://www.st.com/resource/en/datasheet/stm32f103cb.pdf,STMicroelectronics official,verified_direct_st_exact_icpn
STMicroelectronics,STM32F103CBT7,STM32F1,STM32F103,STM32F103CB,LQFP,48,128 KiB,-40 to 105 C,,STM32F103CB,STM32F103CB,cmsis_device_name,deterministic_pattern,tcl/target/stm32f1x.cfg,official_st_estore+official_st_datasheet,https://estore.st.com/en/products/microcontrollers-microprocessors/stm32-32-bit-arm-174-cortex-174-mcus/stm32-mainstream-mcus/stm32f1-series/stm32f103/stm32f103cb.html;https://www.st.com/resource/en/datasheet/stm32f103cb.pdf,STMicroelectronics official,verified_direct_st_exact_icpn
STMicroelectronics,STM32F103CBT7TR,STM32F1,STM32F103,STM32F103CB,LQFP,48,128 KiB,-40 to 105 C,TR,STM32F103CB,STM32F103CB,cmsis_device_name,deterministic_pattern,tcl/target/stm32f1x.cfg,official_st_estore+official_st_datasheet,https://estore.st.com/en/products/microcontrollers-microprocessors/stm32-32-bit-arm-174-cortex-174-mcus/stm32-mainstream-mcus/stm32f1-series/stm32f103/stm32f103cb.html;https://www.st.com/resource/en/datasheet/stm32f103cb.pdf,STMicroelectronics official,verified_direct_st_exact_icpn
STMicroelectronics,STM32F103CBU6,STM32F1,STM32F103,STM32F103CB,UFQFPN,48,128 KiB,-40 to 85 C,,STM32F103CB,STM32F103CB,cmsis_device_name,deterministic_pattern,tcl/target/stm32f1x.cfg,official_st_estore+official_st_datasheet,https://estore.st.com/en/products/microcontrollers-microprocessors/stm32-32-bit-arm-174-cortex-174-mcus/stm32-mainstream-mcus/stm32f1-series/stm32f103/stm32f103cb.html;https://www.st.com/resource/en/datasheet/stm32f103cb.pdf,STMicroelectronics official,verified_direct_st_exact_icpn
STMicroelectronics,STM32F103CBU6TR,STM32F1,STM32F103,STM32F103CB,UFQFPN,48,128 KiB,-40 to 85 C,TR,STM32F103CB,STM32F103CB,cmsis_device_name,deterministic_pattern,tcl/target/stm32f1x.cfg,official_st_estore+official_st_datasheet,https://estore.st.com/en/products/microcontrollers-microprocessors/stm32-32-bit-arm-174-cortex-174-mcus/stm32-mainstream-mcus/stm32f1-series/stm32f103/stm32f103cb.html;https://www.st.com/resource/en/datasheet/stm32f103cb.pdf,STMicroelectronics official,verified_direct_st_exact_icpn
STMicroelectronics,STM32F103R4H6A,STM32F1,STM32F103,STM32F103R4,TFBGA,64,16 KiB,-40 to 85 C,A,STM32F103R4,STM32F103R4,cmsis_device_name,deterministic_pattern,tcl/target/stm32f1x.cfg,official_st_ordering_information_plus_estore_active_exact_identity,https://www.st.com/resource/en/datasheet/stm32f103c6.pdf,STMicroelectronics official,verified_st_ordering_information_codes_plus_current_estore_active_identity
STMicroelectronics,STM32F103R4T6A,STM32F1,STM32F103,STM32F103R4,LQFP,64,16 KiB,-40 to 85 C,A,STM32F103R4,STM32F103R4,cmsis_device_name,deterministic_pattern,tcl/target/stm32f1x.cfg,official_st_ordering_information_plus_estore_active_exact_identity,https://www.st.com/resource/en/datasheet/stm32f103c6.pdf,STMicroelectronics official,verified_st_ordering_information_codes_plus_current_estore_active_identity
STMicroelectronics,STM32F103R6H6A,STM32F1,STM32F103,STM32F103R6,TFBGA,64,32 KiB,-40 to 85 C,A,STM32F103R6,STM32F103R6,cmsis_device_name,deterministic_pattern,tcl/target/stm32f1x.cfg,official_st_ordering_information_plus_estore_active_exact_identity,https://www.st.com/resource/en/datasheet/stm32f103c6.pdf,STMicroelectronics official,verified_st_ordering_information_codes_plus_current_estore_active_identity
STMicroelectronics,STM32F103R6T6A,STM32F1,STM32F103,STM32F103R6,LQFP,64,32 KiB,-40 to 85 C,A,STM32F103R6,STM32F103R6,cmsis_device_name,deterministic_pattern,tcl/target/stm32f1x.cfg,official_st_ordering_information_plus_estore_active_exact_identity,https://www.st.com/resource/en/datasheet/stm32f103c6.pdf,STMicroelectronics official,verified_st_ordering_information_codes_plus_current_estore_active_identity
STMicroelectronics,STM32F103R6T6ATR,STM32F1,STM32F103,STM32F103R6,LQFP,64,32 KiB,-40 to 85 C,ATR,STM32F103R6,STM32F103R6,cmsis_device_name,deterministic_pattern,tcl/target/stm32f1x.cfg,official_st_ordering_information_plus_estore_active_exact_identity,https://www.st.com/resource/en/datasheet/stm32f103c6.pdf,STMicroelectronics official,verified_st_ordering_information_codes_plus_current_estore_active_identity
STMicroelectronics,STM32F103R6T7A,STM32F1,STM32F103,STM32F103R6,LQFP,64,32 KiB,-40 to 105 C,A,STM32F103R6,STM32F103R6,cmsis_device_name,deterministic_pattern,tcl/target/stm32f1x.cfg,official_st_ordering_information_plus_estore_active_exact_identity,https://www.st.com/resource/en/datasheet/stm32f103c6.pdf,STMicroelectronics official,verified_st_ordering_information_codes_plus_current_estore_active_identity
STMicroelectronics,STM32F103R8H6,STM32F1,STM32F103,STM32F103R8,TFBGA,64,64 KiB,-40 to 85 C,,STM32F103R8,STM32F103R8,cmsis_device_name,deterministic_pattern,tcl/target/stm32f1x.cfg,official_st_ordering_information_plus_estore_active_exact_identity,https://www.st.com/resource/en/datasheet/stm32f103r8.pdf,STMicroelectronics official,verified_st_ordering_information_codes_plus_current_estore_active_identity
STMicroelectronics,STM32F103R8H6TR,STM32F1,STM32F103,STM32F103R8,TFBGA,64,64 KiB,-40 to 85 C,TR,STM32F103R8,STM32F103R8,cmsis_device_name,deterministic_pattern,tcl/target/stm32f1x.cfg,official_st_ordering_information_plus_estore_active_exact_identity,https://www.st.com/resource/en/datasheet/stm32f103r8.pdf,STMicroelectronics official,verified_st_ordering_information_codes_plus_current_estore_active_identity
STMicroelectronics,STM32F103R8H7,STM32F1,STM32F103,STM32F103R8,TFBGA,64,64 KiB,-40 to 105 C,,STM32F103R8,STM32F103R8,cmsis_device_name,deterministic_pattern,tcl/target/stm32f1x.cfg,official_st_ordering_information_plus_estore_active_exact_identity,https://www.st.com/resource/en/datasheet/stm32f103r8.pdf,STMicroelectronics official,verified_st_ordering_information_codes_plus_current_estore_active_identity
STMicroelectronics,STM32F103R8T6,STM32F1,STM32F103,STM32F103R8,LQFP,64,64 KiB,-40 to 85 C,,STM32F103R8,STM32F103R8,cmsis_device_name,deterministic_pattern,tcl/target/stm32f1x.cfg,official_st_ordering_information_plus_estore_active_exact_identity,https://www.st.com/resource/en/datasheet/stm32f103r8.pdf,STMicroelectronics official,verified_st_ordering_information_codes_plus_current_estore_active_identity
STMicroelectronics,STM32F103R8T6TR,STM32F1,STM32F103,STM32F103R8,LQFP,64,64 KiB,-40 to 85 C,TR,STM32F103R8,STM32F103R8,cmsis_device_name,deterministic_pattern,tcl/target/stm32f1x.cfg,official_st_ordering_information_plus_estore_active_exact_identity,https://www.st.com/resource/en/datasheet/stm32f103r8.pdf,STMicroelectronics official,verified_st_ordering_information_codes_plus_current_estore_active_identity
STMicroelectronics,STM32F103R8T7,STM32F1,STM32F103,STM32F103R8,LQFP,64,64 KiB,-40 to 105 C,,STM32F103R8,STM32F103R8,cmsis_device_name,deterministic_pattern,tcl/target/stm32f1x.cfg,official_st_ordering_information_plus_estore_active_exact_identity,https://www.st.com/resource/en/datasheet/stm32f103r8.pdf,STMicroelectronics official,verified_st_ordering_information_codes_plus_current_estore_active_identity
STMicroelectronics,STM32F103R8T7TR,STM32F1,STM32F103,STM32F103R8,LQFP,64,64 KiB,-40 to 105 C,TR,STM32F103R8,STM32F103R8,cmsis_device_name,deterministic_pattern,tcl/target/stm32f1x.cfg,official_st_ordering_information_plus_estore_active_exact_identity,https://www.st.com/resource/en/datasheet/stm32f103r8.pdf,STMicroelectronics official,verified_st_ordering_information_codes_plus_current_estore_active_identity
STMicroelectronics,STM32F103RBH6,STM32F1,STM32F103,STM32F103RB,TFBGA,64,128 KiB,-40 to 85 C,,STM32F103RB,STM32F103RB,cmsis_device_name,deterministic_pattern,tcl/target/stm32f1x.cfg,official_st_product_page+official_st_estore+official_st_datasheet,https://www.st.com/en/microcontrollers-microprocessors/stm32f103rb.html;https://estore.st.com/en/products/microcontrollers-microprocessors/stm32-32-bit-arm-174-cortex-174-mcus/stm32-mainstream-mcus/stm32f1-series/stm32f103/stm32f103rb.html;https://www.st.com/resource/en/datasheet/stm32f103rb.pdf,STMicroelectronics official,verified_direct_st_exact_icpn
STMicroelectronics,STM32F103RBH6R,STM32F1,STM32F103,STM32F103RB,TFBGA,64,128 KiB,-40 to 85 C,R,STM32F103RB,STM32F103RB,cmsis_device_name,deterministic_pattern,tcl/target/stm32f1x.cfg,official_st_product_page+official_st_estore+official_st_datasheet,https://www.st.com/en/microcontrollers-microprocessors/stm32f103rb.html;https://estore.st.com/en/products/microcontrollers-microprocessors/stm32-32-bit-arm-174-cortex-174-mcus/stm32-mainstream-mcus/stm32f1-series/stm32f103/stm32f103rb.html;https://www.st.com/resource/en/datasheet/stm32f103rb.pdf,STMicroelectronics official,verified_direct_st_exact_icpn
STMicroelectronics,STM32F103RBH6RTR,STM32F1,STM32F103,STM32F103RB,TFBGA,64,128 KiB,-40 to 85 C,RTR,STM32F103RB,STM32F103RB,cmsis_device_name,deterministic_pattern,tcl/target/stm32f1x.cfg,official_st_product_page+official_st_estore+official_st_datasheet,https://www.st.com/en/microcontrollers-microprocessors/stm32f103rb.html;https://estore.st.com/en/products/microcontrollers-microprocessors/stm32-32-bit-arm-174-cortex-174-mcus/stm32-mainstream-mcus/stm32f1-series/stm32f103/stm32f103rb.html;https://www.st.com/resource/en/datasheet/stm32f103rb.pdf,STMicroelectronics official,verified_direct_st_exact_icpn
STMicroelectronics,STM32F103RBH6TR,STM32F1,STM32F103,STM32F103RB,TFBGA,64,128 KiB,-40 to 85 C,TR,STM32F103RB,STM32F103RB,cmsis_device_name,deterministic_pattern,tcl/target/stm32f1x.cfg,official_st_product_page+official_st_estore+official_st_datasheet,https://www.st.com/en/microcontrollers-microprocessors/stm32f103rb.html;https://estore.st.com/en/products/microcontrollers-microprocessors/stm32-32-bit-arm-174-cortex-174-mcus/stm32-mainstream-mcus/stm32f1-series/stm32f103/stm32f103rb.html;https://www.st.com/resource/en/datasheet/stm32f103rb.pdf,STMicroelectronics official,verified_direct_st_exact_icpn
STMicroelectronics,STM32F103RBH7,STM32F1,STM32F103,STM32F103RB,TFBGA,64,128 KiB,-40 to 105 C,,STM32F103RB,STM32F103RB,cmsis_device_name,deterministic_pattern,tcl/target/stm32f1x.cfg,official_st_product_page+official_st_estore+official_st_datasheet,https://www.st.com/en/microcontrollers-microprocessors/stm32f103rb.html;https://estore.st.com/en/products/microcontrollers-microprocessors/stm32-32-bit-arm-174-cortex-174-mcus/stm32-mainstream-mcus/stm32f1-series/stm32f103/stm32f103rb.html;https://www.st.com/resource/en/datasheet/stm32f103rb.pdf,STMicroelectronics official,verified_direct_st_exact_icpn
STMicroelectronics,STM32F103RBT6,STM32F1,STM32F103,STM32F103RB,LQFP,64,128 KiB,-40 to 85 C,,STM32F103RB,STM32F103RB,cmsis_device_name,deterministic_pattern,tcl/target/stm32f1x.cfg,official_st_product_page+official_st_estore+official_st_datasheet,https://www.st.com/en/microcontrollers-microprocessors/stm32f103rb.html;https://estore.st.com/en/products/microcontrollers-microprocessors/stm32-32-bit-arm-174-cortex-174-mcus/stm32-mainstream-mcus/stm32f1-series/stm32f103/stm32f103rb.html;https://www.st.com/resource/en/datasheet/stm32f103rb.pdf,STMicroelectronics official,verified_direct_st_exact_icpn
STMicroelectronics,STM32F103RBT6TR,STM32F1,STM32F103,STM32F103RB,LQFP,64,128 KiB,-40 to 85 C,TR,STM32F103RB,STM32F103RB,cmsis_device_name,deterministic_pattern,tcl/target/stm32f1x.cfg,official_st_product_page+official_st_estore+official_st_datasheet,https://www.st.com/en/microcontrollers-microprocessors/stm32f103rb.html;https://estore.st.com/en/products/microcontrollers-microprocessors/stm32-32-bit-arm-174-cortex-174-mcus/stm32-mainstream-mcus/stm32f1-series/stm32f103/stm32f103rb.html;https://www.st.com/resource/en/datasheet/stm32f103rb.pdf,STMicroelectronics official,verified_direct_st_exact_icpn
STMicroelectronics,STM32F103RBT7,STM32F1,STM32F103,STM32F103RB,LQFP,64,128 KiB,-40 to 105 C,,STM32F103RB,STM32F103RB,cmsis_device_name,deterministic_pattern,tcl/target/stm32f1x.cfg,official_st_product_page+official_st_estore+official_st_datasheet,https://www.st.com/en/microcontrollers-microprocessors/stm32f103rb.html;https://estore.st.com/en/products/microcontrollers-microprocessors/stm32-32-bit-arm-174-cortex-174-mcus/stm32-mainstream-mcus/stm32f1-series/stm32f103/stm32f103rb.html;https://www.st.com/resource/en/datasheet/stm32f103rb.pdf,STMicroelectronics official,verified_direct_st_exact_icpn
STMicroelectronics,STM32F103RBT7TR,STM32F1,STM32F103,STM32F103RB,LQFP,64,128 KiB,-40 to 105 C,TR,STM32F103RB,STM32F103RB,cmsis_device_name,deterministic_pattern,tcl/target/stm32f1x.cfg,official_st_product_page+official_st_estore+official_st_datasheet,https://www.st.com/en/microcontrollers-microprocessors/stm32f103rb.html;https://estore.st.com/en/products/microcontrollers-microprocessors/stm32-32-bit-arm-174-cortex-174-mcus/stm32-mainstream-mcus/stm32f1-series/stm32f103/stm32f103rb.html;https://www.st.com/resource/en/datasheet/stm32f103rb.pdf,STMicroelectronics official,verified_direct_st_exact_icpn
STMicroelectronics,STM32F103RCT6,STM32F1,STM32F103,STM32F103RC,LQFP,64,256 KiB,-40 to 85 C,,STM32F103RC,STM32F103RC,cmsis_device_name,deterministic_pattern,tcl/target/stm32f1x.cfg,official_st_product_page_retained_browser_evidence,https://www.st.com/en/microcontrollers-microprocessors/stm32f103rc.html#plasma-evidence=stm32f1-phase2.9-scaleout-batch1-2026-08-29-retained-20260829T161336Z-396213d,STMicroelectronics official,verified_direct_st_retained_browser_exact_icpn
STMicroelectronics,STM32F103RCT6TR,STM32F1,STM32F103,STM32F103RC,LQFP,64,256 KiB,-40 to 85 C,TR,STM32F103RC,STM32F103RC,cmsis_device_name,deterministic_pattern,tcl/target/stm32f1x.cfg,official_st_product_page_retained_browser_evidence,https://www.st.com/en/microcontrollers-microprocessors/stm32f103rc.html#plasma-evidence=stm32f1-phase2.9-scaleout-batch1-2026-08-29-retained-20260829T161336Z-396213d,STMicroelectronics official,verified_direct_st_retained_browser_exact_icpn
STMicroelectronics,STM32F103RCT7,STM32F1,STM32F103,STM32F103RC,LQFP,64,256 KiB,-40 to 105 C,,STM32F103RC,STM32F103RC,cmsis_device_name,deterministic_pattern,tcl/target/stm32f1x.cfg,official_st_product_page_retained_browser_evidence,https://www.st.com/en/microcontrollers-microprocessors/stm32f103rc.html#plasma-evidence=stm32f1-phase2.9-scaleout-batch1-2026-08-29-retained-20260829T161336Z-396213d,STMicroelectronics official,verified_direct_st_retained_browser_exact_icpn
STMicroelectronics,STM32F103RCT7TR,STM32F1,STM32F103,STM32F103RC,LQFP,64,256 KiB,-40 to 105 C,TR,STM32F103RC,STM32F103RC,cmsis_device_name,deterministic_pattern,tcl/target/stm32f1x.cfg,official_st_product_page_retained_browser_evidence,https://www.st.com/en/microcontrollers-microprocessors/stm32f103rc.html#plasma-evidence=stm32f1-phase2.9-scaleout-batch1-2026-08-29-retained-20260829T161336Z-396213d,STMicroelectronics official,verified_direct_st_retained_browser_exact_icpn
STMicroelectronics,STM32F103RCY6TR,STM32F1,STM32F103,STM32F103RC,WLCSP64,64,256 KiB,-40 to 85 C,TR,STM32F103RC,STM32F103RC,cmsis_device_name,deterministic_pattern,tcl/target/stm32f1x.cfg,official_st_product_page_retained_browser_evidence,https://www.st.com/en/microcontrollers-microprocessors/stm32f103rc.html#plasma-evidence=stm32f1-phase2.9-scaleout-batch1-2026-08-29-retained-20260829T161336Z-396213d,STMicroelectronics official,verified_direct_st_retained_browser_exact_icpn
STMicroelectronics,STM32F103RDT6,STM32F1,STM32F103,STM32F103RD,LQFP,64,384 KiB,-40 to 85 C,,STM32F103RD,STM32F103RD,cmsis_device_name,deterministic_pattern,tcl/target/stm32f1x.cfg,official_st_ordering_information_plus_estore_active_exact_identity,https://www.st.com/resource/en/datasheet/stm32f103ze.pdf,STMicroelectronics official,verified_st_ordering_information_codes_plus_current_estore_active_identity
STMicroelectronics,STM32F103RDT6TR,STM32F1,STM32F103,STM32F103RD,LQFP,64,384 KiB,-40 to 85 C,TR,STM32F103RD,STM32F103RD,cmsis_device_name,deterministic_pattern,tcl/target/stm32f1x.cfg,official_st_ordering_information_plus_estore_active_exact_identity,https://www.st.com/resource/en/datasheet/stm32f103ze.pdf,STMicroelectronics official,verified_st_ordering_information_codes_plus_current_estore_active_identity
STMicroelectronics,STM32F103RDY6TR,STM32F1,STM32F103,STM32F103RD,WLCSP64,64,384 KiB,-40 to 85 C,TR,STM32F103RD,STM32F103RD,cmsis_device_name,deterministic_pattern,tcl/target/stm32f1x.cfg,official_st_ordering_information_plus_estore_active_exact_identity,https://www.st.com/resource/en/datasheet/stm32f103ze.pdf,STMicroelectronics official,verified_st_ordering_information_codes_plus_current_estore_active_identity
STMicroelectronics,STM32F103RET6,STM32F1,STM32F103,STM32F103RE,LQFP,64,512 KiB,-40 to 85 C,,STM32F103RE,STM32F103RE,cmsis_device_name,deterministic_pattern,tcl/target/stm32f1x.cfg,official_st_product_page+official_st_datasheet,https://www.st.com/en/microcontrollers-microprocessors/stm32f103re.html;https://www.st.com/resource/en/datasheet/stm32f103re.pdf,STMicroelectronics official,verified_direct_st_exact_icpn
STMicroelectronics,STM32F103RET6TR,STM32F1,STM32F103,STM32F103RE,LQFP,64,512 KiB,-40 to 85 C,TR,STM32F103RE,STM32F103RE,cmsis_device_name,deterministic_pattern,tcl/target/stm32f1x.cfg,official_st_product_page+official_st_datasheet,https://www.st.com/en/microcontrollers-microprocessors/stm32f103re.html;https://www.st.com/resource/en/datasheet/stm32f103re.pdf,STMicroelectronics official,verified_direct_st_exact_icpn
STMicroelectronics,STM32F103RET7,STM32F1,STM32F103,STM32F103RE,LQFP,64,512 KiB,-40 to 105 C,,STM32F103RE,STM32F103RE,cmsis_device_name,deterministic_pattern,tcl/target/stm32f1x.cfg,official_st_product_page+official_st_datasheet,https://www.st.com/en/microcontrollers-microprocessors/stm32f103re.html;https://www.st.com/resource/en/datasheet/stm32f103re.pdf,STMicroelectronics official,verified_direct_st_exact_icpn
STMicroelectronics,STM32F103REY6TR,STM32F1,STM32F103,STM32F103RE,WLCSP64,64,512 KiB,-40 to 85 C,TR,STM32F103RE,STM32F103RE,cmsis_device_name,deterministic_pattern,tcl/target/stm32f1x.cfg,official_st_product_page+official_st_datasheet,https://www.st.com/en/microcontrollers-microprocessors/stm32f103re.html;https://www.st.com/resource/en/datasheet/stm32f103re.pdf,STMicroelectronics official,verified_direct_st_exact_icpn
STMicroelectronics,STM32F103RFT6,STM32F1,STM32F103,STM32F103RF,LQFP,64,768 KiB,-40 to 85 C,,STM32F103RF,STM32F103RF,cmsis_device_name,deterministic_pattern,tcl/target/stm32f1x.cfg,official_st_ordering_information_plus_estore_active_exact_identity,https://www.st.com/resource/en/datasheet/stm32f103vg.pdf,STMicroelectronics official,verified_st_ordering_information_codes_plus_current_estore_active_identity
STMicroelectronics,STM32F103RFT6TR,STM32F1,STM32F103,STM32F103RF,LQFP,64,768 KiB,-40 to 85 C,TR,STM32F103RF,STM32F103RF,cmsis_device_name,deterministic_pattern,tcl/target/stm32f1x.cfg,official_st_ordering_information_plus_estore_active_exact_identity,https://www.st.com/resource/en/datasheet/stm32f103vg.pdf,STMicroelectronics official,verified_st_ordering_information_codes_plus_current_estore_active_identity
STMicroelectronics,STM32F103RGT6,STM32F1,STM32F103,STM32F103RG,LQFP,64,1024 KiB,-40 to 85 C,,STM32F103RG,STM32F103RG,cmsis_device_name,deterministic_pattern,tcl/target/stm32f1x.cfg,official_st_ordering_information_plus_estore_active_exact_identity,https://www.st.com/resource/en/datasheet/stm32f103vg.pdf,STMicroelectronics official,verified_st_ordering_information_codes_plus_current_estore_active_identity
STMicroelectronics,STM32F103RGT6TR,STM32F1,STM32F103,STM32F103RG,LQFP,64,1024 KiB,-40 to 85 C,TR,STM32F103RG,STM32F103RG,cmsis_device_name,deterministic_pattern,tcl/target/stm32f1x.cfg,official_st_ordering_information_plus_estore_active_exact_identity,https://www.st.com/resource/en/datasheet/stm32f103vg.pdf,STMicroelectronics official,verified_st_ordering_information_codes_plus_current_estore_active_identity
STMicroelectronics,STM32F103RGT7,STM32F1,STM32F103,STM32F103RG,LQFP,64,1024 KiB,-40 to 105 C,,STM32F103RG,STM32F103RG,cmsis_device_name,deterministic_pattern,tcl/target/stm32f1x.cfg,official_st_ordering_information_plus_estore_active_exact_identity,https://www.st.com/resource/en/datasheet/stm32f103vg.pdf,STMicroelectronics official,verified_st_ordering_information_codes_plus_current_estore_active_identity
STMicroelectronics,STM32F103T4U6A,STM32F1,STM32F103,STM32F103T4,UFQFPN,36,16 KiB,-40 to 85 C,A,STM32F103T4,STM32F103T4,cmsis_device_name,deterministic_pattern,tcl/target/stm32f1x.cfg,official_st_ordering_information_plus_estore_active_exact_identity,https://www.st.com/resource/en/datasheet/stm32f103c6.pdf,STMicroelectronics official,verified_st_ordering_information_codes_plus_current_estore_active_identity
STMicroelectronics,STM32F103T6U6A,STM32F1,STM32F103,STM32F103T6,UFQFPN,36,32 KiB,-40 to 85 C,A,STM32F103T6,STM32F103T6,cmsis_device_name,deterministic_pattern,tcl/target/stm32f1x.cfg,official_st_ordering_information_plus_estore_active_exact_identity,https://www.st.com/resource/en/datasheet/stm32f103c6.pdf,STMicroelectronics official,verified_st_ordering_information_codes_plus_current_estore_active_identity
STMicroelectronics,STM32F103T6U7A,STM32F1,STM32F103,STM32F103T6,UFQFPN,36,32 KiB,-40 to 105 C,A,STM32F103T6,STM32F103T6,cmsis_device_name,deterministic_pattern,tcl/target/stm32f1x.cfg,official_st_ordering_information_plus_estore_active_exact_identity,https://www.st.com/resource/en/datasheet/stm32f103c6.pdf,STMicroelectronics official,verified_st_ordering_information_codes_plus_current_estore_active_identity
STMicroelectronics,STM32F103T8U6,STM32F1,STM32F103,STM32F103T8,UFQFPN,36,64 KiB,-40 to 85 C,,STM32F103T8,STM32F103T8,cmsis_device_name,deterministic_pattern,tcl/target/stm32f1x.cfg,official_st_ordering_information_plus_estore_active_exact_identity,https://www.st.com/resource/en/datasheet/stm32f103r8.pdf,STMicroelectronics official,verified_st_ordering_information_codes_plus_current_estore_active_identity
STMicroelectronics,STM32F103T8U6TR,STM32F1,STM32F103,STM32F103T8,UFQFPN,36,64 KiB,-40 to 85 C,TR,STM32F103T8,STM32F103T8,cmsis_device_name,deterministic_pattern,tcl/target/stm32f1x.cfg,official_st_ordering_information_plus_estore_active_exact_identity,https://www.st.com/resource/en/datasheet/stm32f103r8.pdf,STMicroelectronics official,verified_st_ordering_information_codes_plus_current_estore_active_identity
STMicroelectronics,STM32F103T8U7,STM32F1,STM32F103,STM32F103T8,UFQFPN,36,64 KiB,-40 to 105 C,,STM32F103T8,STM32F103T8,cmsis_device_name,deterministic_pattern,tcl/target/stm32f1x.cfg,official_st_ordering_information_plus_estore_active_exact_identity,https://www.st.com/resource/en/datasheet/stm32f103r8.pdf,STMicroelectronics official,verified_st_ordering_information_codes_plus_current_estore_active_identity
STMicroelectronics,STM32F103T8U7TR,STM32F1,STM32F103,STM32F103T8,UFQFPN,36,64 KiB,-40 to 105 C,TR,STM32F103T8,STM32F103T8,cmsis_device_name,deterministic_pattern,tcl/target/stm32f1x.cfg,official_st_ordering_information_plus_estore_active_exact_identity,https://www.st.com/resource/en/datasheet/stm32f103r8.pdf,STMicroelectronics official,verified_st_ordering_information_codes_plus_current_estore_active_identity
STMicroelectronics,STM32F103TBU6,STM32F1,STM32F103,STM32F103TB,UFQFPN,36,128 KiB,-40 to 85 C,,STM32F103TB,STM32F103TB,cmsis_device_name,deterministic_pattern,tcl/target/stm32f1x.cfg,official_st_ordering_information_plus_estore_active_exact_identity,https://www.st.com/resource/en/datasheet/stm32f103r8.pdf,STMicroelectronics official,verified_st_ordering_information_codes_plus_current_estore_active_identity
STMicroelectronics,STM32F103TBU6TR,STM32F1,STM32F103,STM32F103TB,UFQFPN,36,128 KiB,-40 to 85 C,TR,STM32F103TB,STM32F103TB,cmsis_device_name,deterministic_pattern,tcl/target/stm32f1x.cfg,official_st_ordering_information_plus_estore_active_exact_identity,https://www.st.com/resource/en/datasheet/stm32f103r8.pdf,STMicroelectronics official,verified_st_ordering_information_codes_plus_current_estore_active_identity
STMicroelectronics,STM32F103TBU7,STM32F1,STM32F103,STM32F103TB,UFQFPN,36,128 KiB,-40 to 105 C,,STM32F103TB,STM32F103TB,cmsis_device_name,deterministic_pattern,tcl/target/stm32f1x.cfg,official_st_ordering_information_plus_estore_active_exact_identity,https://www.st.com/resource/en/datasheet/stm32f103r8.pdf,STMicroelectronics official,verified_st_ordering_information_codes_plus_current_estore_active_identity
STMicroelectronics,STM32F103V8H6,STM32F1,STM32F103,STM32F103V8,LFBGA,100,64 KiB,-40 to 85 C,,STM32F103V8,STM32F103V8,cmsis_device_name,deterministic_pattern,tcl/target/stm32f1x.cfg,official_st_ordering_information_plus_estore_active_exact_identity,https://www.st.com/resource/en/datasheet/stm32f103r8.pdf,STMicroelectronics official,verified_st_ordering_information_codes_plus_current_estore_active_identity
STMicroelectronics,STM32F103V8H6TR,STM32F1,STM32F103,STM32F103V8,LFBGA,100,64 KiB,-40 to 85 C,TR,STM32F103V8,STM32F103V8,cmsis_device_name,deterministic_pattern,tcl/target/stm32f1x.cfg,official_st_ordering_information_plus_estore_active_exact_identity,https://www.st.com/resource/en/datasheet/stm32f103r8.pdf,STMicroelectronics official,verified_st_ordering_information_codes_plus_current_estore_active_identity
STMicroelectronics,STM32F103V8T6,STM32F1,STM32F103,STM32F103V8,LQFP,100,64 KiB,-40 to 85 C,,STM32F103V8,STM32F103V8,cmsis_device_name,deterministic_pattern,tcl/target/stm32f1x.cfg,official_st_ordering_information_plus_estore_active_exact_identity,https://www.st.com/resource/en/datasheet/stm32f103r8.pdf,STMicroelectronics official,verified_st_ordering_information_codes_plus_current_estore_active_identity
STMicroelectronics,STM32F103V8T6TR,STM32F1,STM32F103,STM32F103V8,LQFP,100,64 KiB,-40 to 85 C,TR,STM32F103V8,STM32F103V8,cmsis_device_name,deterministic_pattern,tcl/target/stm32f1x.cfg,official_st_ordering_information_plus_estore_active_exact_identity,https://www.st.com/resource/en/datasheet/stm32f103r8.pdf,STMicroelectronics official,verified_st_ordering_information_codes_plus_current_estore_active_identity
STMicroelectronics,STM32F103VBH6,STM32F1,STM32F103,STM32F103VB,LFBGA,100,128 KiB,-40 to 85 C,,STM32F103VB,STM32F103VB,cmsis_device_name,deterministic_pattern,tcl/target/stm32f1x.cfg,official_st_ordering_information_plus_estore_active_exact_identity,https://www.st.com/resource/en/datasheet/stm32f103r8.pdf,STMicroelectronics official,verified_st_ordering_information_codes_plus_current_estore_active_identity
STMicroelectronics,STM32F103VBH7,STM32F1,STM32F103,STM32F103VB,LFBGA,100,128 KiB,-40 to 105 C,,STM32F103VB,STM32F103VB,cmsis_device_name,deterministic_pattern,tcl/target/stm32f1x.cfg,official_st_ordering_information_plus_estore_active_exact_identity,https://www.st.com/resource/en/datasheet/stm32f103r8.pdf,STMicroelectronics official,verified_st_ordering_information_codes_plus_current_estore_active_identity
STMicroelectronics,STM32F103VBT6,STM32F1,STM32F103,STM32F103VB,LQFP,100,128 KiB,-40 to 85 C,,STM32F103VB,STM32F103VB,cmsis_device_name,deterministic_pattern,tcl/target/stm32f1x.cfg,official_st_ordering_information_plus_estore_active_exact_identity,https://www.st.com/resource/en/datasheet/stm32f103r8.pdf,STMicroelectronics official,verified_st_ordering_information_codes_plus_current_estore_active_identity
STMicroelectronics,STM32F103VBT6TR,STM32F1,STM32F103,STM32F103VB,LQFP,100,128 KiB,-40 to 85 C,TR,STM32F103VB,STM32F103VB,cmsis_device_name,deterministic_pattern,tcl/target/stm32f1x.cfg,official_st_ordering_information_plus_estore_active_exact_identity,https://www.st.com/resource/en/datasheet/stm32f103r8.pdf,STMicroelectronics official,verified_st_ordering_information_codes_plus_current_estore_active_identity
STMicroelectronics,STM32F103VBT7,STM32F1,STM32F103,STM32F103VB,LQFP,100,128 KiB,-40 to 105 C,,STM32F103VB,STM32F103VB,cmsis_device_name,deterministic_pattern,tcl/target/stm32f1x.cfg,official_st_ordering_information_plus_estore_active_exact_identity,https://www.st.com/resource/en/datasheet/stm32f103r8.pdf,STMicroelectronics official,verified_st_ordering_information_codes_plus_current_estore_active_identity
STMicroelectronics,STM32F103VBT7TR,STM32F1,STM32F103,STM32F103VB,LQFP,100,128 KiB,-40 to 105 C,TR,STM32F103VB,STM32F103VB,cmsis_device_name,deterministic_pattern,tcl/target/stm32f1x.cfg,official_st_ordering_information_plus_estore_active_exact_identity,https://www.st.com/resource/en/datasheet/stm32f103r8.pdf,STMicroelectronics official,verified_st_ordering_information_codes_plus_current_estore_active_identity
STMicroelectronics,STM32F103VCH6,STM32F1,STM32F103,STM32F103VC,LFBGA,100,256 KiB,-40 to 85 C,,STM32F103VC,STM32F103VC,cmsis_device_name,deterministic_pattern,tcl/target/stm32f1x.cfg,official_st_ordering_information_plus_estore_active_exact_identity,https://www.st.com/resource/en/datasheet/stm32f103ze.pdf,STMicroelectronics official,verified_st_ordering_information_codes_plus_current_estore_active_identity
STMicroelectronics,STM32F103VCT6,STM32F1,STM32F103,STM32F103VC,LQFP,100,256 KiB,-40 to 85 C,,STM32F103VC,STM32F103VC,cmsis_device_name,deterministic_pattern,tcl/target/stm32f1x.cfg,official_st_ordering_information_plus_estore_active_exact_identity,https://www.st.com/resource/en/datasheet/stm32f103ze.pdf,STMicroelectronics official,verified_st_ordering_information_codes_plus_current_estore_active_identity
STMicroelectronics,STM32F103VCT6TR,STM32F1,STM32F103,STM32F103VC,LQFP,100,256 KiB,-40 to 85 C,TR,STM32F103VC,STM32F103VC,cmsis_device_name,deterministic_pattern,tcl/target/stm32f1x.cfg,official_st_ordering_information_plus_estore_active_exact_identity,https://www.st.com/resource/en/datasheet/stm32f103ze.pdf,STMicroelectronics official,verified_st_ordering_information_codes_plus_current_estore_active_identity
STMicroelectronics,STM32F103VDH6,STM32F1,STM32F103,STM32F103VD,LFBGA,100,384 KiB,-40 to 85 C,,STM32F103VD,STM32F103VD,cmsis_device_name,deterministic_pattern,tcl/target/stm32f1x.cfg,official_st_ordering_information_plus_estore_active_exact_identity,https://www.st.com/resource/en/datasheet/stm32f103ze.pdf,STMicroelectronics official,verified_st_ordering_information_codes_plus_current_estore_active_identity
STMicroelectronics,STM32F103VDH6TR,STM32F1,STM32F103,STM32F103VD,LFBGA,100,384 KiB,-40 to 85 C,TR,STM32F103VD,STM32F103VD,cmsis_device_name,deterministic_pattern,tcl/target/stm32f1x.cfg,official_st_ordering_information_plus_estore_active_exact_identity,https://www.st.com/resource/en/datasheet/stm32f103ze.pdf,STMicroelectronics official,verified_st_ordering_information_codes_plus_current_estore_active_identity
STMicroelectronics,STM32F103VDT6,STM32F1,STM32F103,STM32F103VD,LQFP,100,384 KiB,-40 to 85 C,,STM32F103VD,STM32F103VD,cmsis_device_name,deterministic_pattern,tcl/target/stm32f1x.cfg,official_st_ordering_information_plus_estore_active_exact_identity,https://www.st.com/resource/en/datasheet/stm32f103ze.pdf,STMicroelectronics official,verified_st_ordering_information_codes_plus_current_estore_active_identity
STMicroelectronics,STM32F103VDT6TR,STM32F1,STM32F103,STM32F103VD,LQFP,100,384 KiB,-40 to 85 C,TR,STM32F103VD,STM32F103VD,cmsis_device_name,deterministic_pattern,tcl/target/stm32f1x.cfg,official_st_ordering_information_plus_estore_active_exact_identity,https://www.st.com/resource/en/datasheet/stm32f103ze.pdf,STMicroelectronics official,verified_st_ordering_information_codes_plus_current_estore_active_identity
STMicroelectronics,STM32F103VDT7,STM32F1,STM32F103,STM32F103VD,LQFP,100,384 KiB,-40 to 105 C,,STM32F103VD,STM32F103VD,cmsis_device_name,deterministic_pattern,tcl/target/stm32f1x.cfg,official_st_ordering_information_plus_estore_active_exact_identity,https://www.st.com/resource/en/datasheet/stm32f103ze.pdf,STMicroelectronics official,verified_st_ordering_information_codes_plus_current_estore_active_identity
STMicroelectronics,STM32F103VDT7TR,STM32F1,STM32F103,STM32F103VD,LQFP,100,384 KiB,-40 to 105 C,TR,STM32F103VD,STM32F103VD,cmsis_device_name,deterministic_pattern,tcl/target/stm32f1x.cfg,official_st_ordering_information_plus_estore_active_exact_identity,https://www.st.com/resource/en/datasheet/stm32f103ze.pdf,STMicroelectronics official,verified_st_ordering_information_codes_plus_current_estore_active_identity
STMicroelectronics,STM32F103VEH6,STM32F1,STM32F103,STM32F103VE,LFBGA,100,512 KiB,-40 to 85 C,,STM32F103VE,STM32F103VE,cmsis_device_name,deterministic_pattern,tcl/target/stm32f1x.cfg,official_st_ordering_information_plus_estore_active_exact_identity,https://www.st.com/resource/en/datasheet/stm32f103ze.pdf,STMicroelectronics official,verified_st_ordering_information_codes_plus_current_estore_active_identity
STMicroelectronics,STM32F103VEH6TR,STM32F1,STM32F103,STM32F103VE,LFBGA,100,512 KiB,-40 to 85 C,TR,STM32F103VE,STM32F103VE,cmsis_device_name,deterministic_pattern,tcl/target/stm32f1x.cfg,official_st_ordering_information_plus_estore_active_exact_identity,https://www.st.com/resource/en/datasheet/stm32f103ze.pdf,STMicroelectronics official,verified_st_ordering_information_codes_plus_current_estore_active_identity
STMicroelectronics,STM32F103VEH7,STM32F1,STM32F103,STM32F103VE,LFBGA,100,512 KiB,-40 to 105 C,,STM32F103VE,STM32F103VE,cmsis_device_name,deterministic_pattern,tcl/target/stm32f1x.cfg,official_st_ordering_information_plus_estore_active_exact_identity,https://www.st.com/resource/en/datasheet/stm32f103ze.pdf,STMicroelectronics official,verified_st_ordering_information_codes_plus_current_estore_active_identity
STMicroelectronics,STM32F103VET6,STM32F1,STM32F103,STM32F103VE,LQFP,100,512 KiB,-40 to 85 C,,STM32F103VE,STM32F103VE,cmsis_device_name,deterministic_pattern,tcl/target/stm32f1x.cfg,official_st_ordering_information_plus_estore_active_exact_identity,https://www.st.com/resource/en/datasheet/stm32f103ze.pdf,STMicroelectronics official,verified_st_ordering_information_codes_plus_current_estore_active_identity
STMicroelectronics,STM32F103VET6TR,STM32F1,STM32F103,STM32F103VE,LQFP,100,512 KiB,-40 to 85 C,TR,STM32F103VE,STM32F103VE,cmsis_device_name,deterministic_pattern,tcl/target/stm32f1x.cfg,official_st_ordering_information_plus_estore_active_exact_identity,https://www.st.com/resource/en/datasheet/stm32f103ze.pdf,STMicroelectronics official,verified_st_ordering_information_codes_plus_current_estore_active_identity
STMicroelectronics,STM32F103VET7,STM32F1,STM32F103,STM32F103VE,LQFP,100,512 KiB,-40 to 105 C,,STM32F103VE,STM32F103VE,cmsis_device_name,deterministic_pattern,tcl/target/stm32f1x.cfg,official_st_ordering_information_plus_estore_active_exact_identity,https://www.st.com/resource/en/datasheet/stm32f103ze.pdf,STMicroelectronics official,verified_st_ordering_information_codes_plus_current_estore_active_identity
STMicroelectronics,STM32F103VET7TR,STM32F1,STM32F103,STM32F103VE,LQFP,100,512 KiB,-40 to 105 C,TR,STM32F103VE,STM32F103VE,cmsis_device_name,deterministic_pattern,tcl/target/stm32f1x.cfg,official_st_ordering_information_plus_estore_active_exact_identity,https://www.st.com/resource/en/datasheet/stm32f103ze.pdf,STMicroelectronics official,verified_st_ordering_information_codes_plus_current_estore_active_identity
STMicroelectronics,STM32F103VFT6,STM32F1,STM32F103,STM32F103VF,LQFP,100,768 KiB,-40 to 85 C,,STM32F103VF,STM32F103VF,cmsis_device_name,deterministic_pattern,tcl/target/stm32f1x.cfg,official_st_ordering_information_plus_estore_active_exact_identity,https://www.st.com/resource/en/datasheet/stm32f103vg.pdf,STMicroelectronics official,verified_st_ordering_information_codes_plus_current_estore_active_identity
STMicroelectronics,STM32F103VFT6TR,STM32F1,STM32F103,STM32F103VF,LQFP,100,768 KiB,-40 to 85 C,TR,STM32F103VF,STM32F103VF,cmsis_device_name,deterministic_pattern,tcl/target/stm32f1x.cfg,official_st_ordering_information_plus_estore_active_exact_identity,https://www.st.com/resource/en/datasheet/stm32f103vg.pdf,STMicroelectronics official,verified_st_ordering_information_codes_plus_current_estore_active_identity
STMicroelectronics,STM32F103VFT7,STM32F1,STM32F103,STM32F103VF,LQFP,100,768 KiB,-40 to 105 C,,STM32F103VF,STM32F103VF,cmsis_device_name,deterministic_pattern,tcl/target/stm32f1x.cfg,official_st_ordering_information_plus_estore_active_exact_identity,https://www.st.com/resource/en/datasheet/stm32f103vg.pdf,STMicroelectronics official,verified_st_ordering_information_codes_plus_current_estore_active_identity
STMicroelectronics,STM32F103VGT6,STM32F1,STM32F103,STM32F103VG,LQFP,100,1024 KiB,-40 to 85 C,,STM32F103VG,STM32F103VG,cmsis_device_name,deterministic_pattern,tcl/target/stm32f1x.cfg,official_st_ordering_information_plus_estore_active_exact_identity,https://www.st.com/resource/en/datasheet/stm32f103vg.pdf,STMicroelectronics official,verified_st_ordering_information_codes_plus_current_estore_active_identity
STMicroelectronics,STM32F103VGT6TR,STM32F1,STM32F103,STM32F103VG,LQFP,100,1024 KiB,-40 to 85 C,TR,STM32F103VG,STM32F103VG,cmsis_device_name,deterministic_pattern,tcl/target/stm32f1x.cfg,official_st_ordering_information_plus_estore_active_exact_identity,https://www.st.com/resource/en/datasheet/stm32f103vg.pdf,STMicroelectronics official,verified_st_ordering_information_codes_plus_current_estore_active_identity
STMicroelectronics,STM32F103VGT7,STM32F1,STM32F103,STM32F103VG,LQFP,100,1024 KiB,-40 to 105 C,,STM32F103VG,STM32F103VG,cmsis_device_name,deterministic_pattern,tcl/target/stm32f1x.cfg,official_st_ordering_information_plus_estore_active_exact_identity,https://www.st.com/resource/en/datasheet/stm32f103vg.pdf,STMicroelectronics official,verified_st_ordering_information_codes_plus_current_estore_active_identity
STMicroelectronics,STM32F103VGT7TR,STM32F1,STM32F103,STM32F103VG,LQFP,100,1024 KiB,-40 to 105 C,TR,STM32F103VG,STM32F103VG,cmsis_device_name,deterministic_pattern,tcl/target/stm32f1x.cfg,official_st_ordering_information_plus_estore_active_exact_identity,https://www.st.com/resource/en/datasheet/stm32f103vg.pdf,STMicroelectronics official,verified_st_ordering_information_codes_plus_current_estore_active_identity
STMicroelectronics,STM32F103ZCH6,STM32F1,STM32F103,STM32F103ZC,LFBGA,144,256 KiB,-40 to 85 C,,STM32F103ZC,STM32F103ZC,cmsis_device_name,deterministic_pattern,tcl/target/stm32f1x.cfg,official_st_ordering_information_plus_estore_active_exact_identity,https://www.st.com/resource/en/datasheet/stm32f103ze.pdf,STMicroelectronics official,verified_st_ordering_information_codes_plus_current_estore_active_identity
STMicroelectronics,STM32F103ZCT6,STM32F1,STM32F103,STM32F103ZC,LQFP,144,256 KiB,-40 to 85 C,,STM32F103ZC,STM32F103ZC,cmsis_device_name,deterministic_pattern,tcl/target/stm32f1x.cfg,official_st_ordering_information_plus_estore_active_exact_identity,https://www.st.com/resource/en/datasheet/stm32f103ze.pdf,STMicroelectronics official,verified_st_ordering_information_codes_plus_current_estore_active_identity
STMicroelectronics,STM32F103ZCT6TR,STM32F1,STM32F103,STM32F103ZC,LQFP,144,256 KiB,-40 to 85 C,TR,STM32F103ZC,STM32F103ZC,cmsis_device_name,deterministic_pattern,tcl/target/stm32f1x.cfg,official_st_ordering_information_plus_estore_active_exact_identity,https://www.st.com/resource/en/datasheet/stm32f103ze.pdf,STMicroelectronics official,verified_st_ordering_information_codes_plus_current_estore_active_identity
STMicroelectronics,STM32F103ZCT7,STM32F1,STM32F103,STM32F103ZC,LQFP,144,256 KiB,-40 to 105 C,,STM32F103ZC,STM32F103ZC,cmsis_device_name,deterministic_pattern,tcl/target/stm32f1x.cfg,official_st_ordering_information_plus_estore_active_exact_identity,https://www.st.com/resource/en/datasheet/stm32f103ze.pdf,STMicroelectronics official,verified_st_ordering_information_codes_plus_current_estore_active_identity
STMicroelectronics,STM32F103ZCT7TR,STM32F1,STM32F103,STM32F103ZC,LQFP,144,256 KiB,-40 to 105 C,TR,STM32F103ZC,STM32F103ZC,cmsis_device_name,deterministic_pattern,tcl/target/stm32f1x.cfg,official_st_ordering_information_plus_estore_active_exact_identity,https://www.st.com/resource/en/datasheet/stm32f103ze.pdf,STMicroelectronics official,verified_st_ordering_information_codes_plus_current_estore_active_identity
STMicroelectronics,STM32F103ZDH6,STM32F1,STM32F103,STM32F103ZD,LFBGA,144,384 KiB,-40 to 85 C,,STM32F103ZD,STM32F103ZD,cmsis_device_name,deterministic_pattern,tcl/target/stm32f1x.cfg,official_st_ordering_information_plus_estore_active_exact_identity,https://www.st.com/resource/en/datasheet/stm32f103ze.pdf,STMicroelectronics official,verified_st_ordering_information_codes_plus_current_estore_active_identity
STMicroelectronics,STM32F103ZDH6TR,STM32F1,STM32F103,STM32F103ZD,LFBGA,144,384 KiB,-40 to 85 C,TR,STM32F103ZD,STM32F103ZD,cmsis_device_name,deterministic_pattern,tcl/target/stm32f1x.cfg,official_st_ordering_information_plus_estore_active_exact_identity,https://www.st.com/resource/en/datasheet/stm32f103ze.pdf,STMicroelectronics official,verified_st_ordering_information_codes_plus_current_estore_active_identity
STMicroelectronics,STM32F103ZDT6,STM32F1,STM32F103,STM32F103ZD,LQFP,144,384 KiB,-40 to 85 C,,STM32F103ZD,STM32F103ZD,cmsis_device_name,deterministic_pattern,tcl/target/stm32f1x.cfg,official_st_ordering_information_plus_estore_active_exact_identity,https://www.st.com/resource/en/datasheet/stm32f103ze.pdf,STMicroelectronics official,verified_st_ordering_information_codes_plus_current_estore_active_identity
STMicroelectronics,STM32F103ZEH6,STM32F1,STM32F103,STM32F103ZE,LFBGA,144,512 KiB,-40 to 85 C,,STM32F103ZE,STM32F103ZE,cmsis_device_name,deterministic_pattern,tcl/target/stm32f1x.cfg,official_st_product_page_retained_browser_evidence,https://www.st.com/en/microcontrollers-microprocessors/stm32f103ze.html#plasma-evidence=stm32f1-phase2.6.3-browser-20260829T130248Z-075cb97,STMicroelectronics official,verified_direct_st_retained_browser_exact_icpn
STMicroelectronics,STM32F103ZEH6TR,STM32F1,STM32F103,STM32F103ZE,LFBGA,144,512 KiB,-40 to 85 C,TR,STM32F103ZE,STM32F103ZE,cmsis_device_name,deterministic_pattern,tcl/target/stm32f1x.cfg,official_st_product_page_retained_browser_evidence,https://www.st.com/en/microcontrollers-microprocessors/stm32f103ze.html#plasma-evidence=stm32f1-phase2.6.3-browser-20260829T130248Z-075cb97,STMicroelectronics official,verified_direct_st_retained_browser_exact_icpn
STMicroelectronics,STM32F103ZEH7,STM32F1,STM32F103,STM32F103ZE,LFBGA,144,512 KiB,-40 to 105 C,,STM32F103ZE,STM32F103ZE,cmsis_device_name,deterministic_pattern,tcl/target/stm32f1x.cfg,official_st_product_page_retained_browser_evidence,https://www.st.com/en/microcontrollers-microprocessors/stm32f103ze.html#plasma-evidence=stm32f1-phase2.6.3-browser-20260829T130248Z-075cb97,STMicroelectronics official,verified_direct_st_retained_browser_exact_icpn
STMicroelectronics,STM32F103ZEH7TR,STM32F1,STM32F103,STM32F103ZE,LFBGA,144,512 KiB,-40 to 105 C,TR,STM32F103ZE,STM32F103ZE,cmsis_device_name,deterministic_pattern,tcl/target/stm32f1x.cfg,official_st_product_page_retained_browser_evidence,https://www.st.com/en/microcontrollers-microprocessors/stm32f103ze.html#plasma-evidence=stm32f1-phase2.6.3-browser-20260829T130248Z-075cb97,STMicroelectronics official,verified_direct_st_retained_browser_exact_icpn
STMicroelectronics,STM32F103ZET6,STM32F1,STM32F103,STM32F103ZE,LQFP,144,512 KiB,-40 to 85 C,,STM32F103ZE,STM32F103ZE,cmsis_device_name,deterministic_pattern,tcl/target/stm32f1x.cfg,official_st_product_page_retained_browser_evidence,https://www.st.com/en/microcontrollers-microprocessors/stm32f103ze.html#plasma-evidence=stm32f1-phase2.6.3-browser-20260829T130248Z-075cb97,STMicroelectronics official,verified_direct_st_retained_browser_exact_icpn
STMicroelectronics,STM32F103ZET6TR,STM32F1,STM32F103,STM32F103ZE,LQFP,144,512 KiB,-40 to 85 C,TR,STM32F103ZE,STM32F103ZE,cmsis_device_name,deterministic_pattern,tcl/target/stm32f1x.cfg,official_st_product_page_retained_browser_evidence,https://www.st.com/en/microcontrollers-microprocessors/stm32f103ze.html#plasma-evidence=stm32f1-phase2.6.3-browser-20260829T130248Z-075cb97,STMicroelectronics official,verified_direct_st_retained_browser_exact_icpn
STMicroelectronics,STM32F103ZET7,STM32F1,STM32F103,STM32F103ZE,LQFP,144,512 KiB,-40 to 105 C,,STM32F103ZE,STM32F103ZE,cmsis_device_name,deterministic_pattern,tcl/target/stm32f1x.cfg,official_st_product_page_retained_browser_evidence,https://www.st.com/en/microcontrollers-microprocessors/stm32f103ze.html#plasma-evidence=stm32f1-phase2.6.3-browser-20260829T130248Z-075cb97,STMicroelectronics official,verified_direct_st_retained_browser_exact_icpn
STMicroelectronics,STM32F103ZFH6,STM32F1,STM32F103,STM32F103ZF,LFBGA,144,768 KiB,-40 to 85 C,,STM32F103ZF,STM32F103ZF,cmsis_device_name,deterministic_pattern,tcl/target/stm32f1x.cfg,official_st_ordering_information_plus_estore_active_exact_identity,https://www.st.com/resource/en/datasheet/stm32f103vg.pdf,STMicroelectronics official,verified_st_ordering_information_codes_plus_current_estore_active_identity
STMicroelectronics,STM32F103ZFH6TR,STM32F1,STM32F103,STM32F103ZF,LFBGA,144,768 KiB,-40 to 85 C,TR,STM32F103ZF,STM32F103ZF,cmsis_device_name,deterministic_pattern,tcl/target/stm32f1x.cfg,official_st_ordering_information_plus_estore_active_exact_identity,https://www.st.com/resource/en/datasheet/stm32f103vg.pdf,STMicroelectronics official,verified_st_ordering_information_codes_plus_current_estore_active_identity
STMicroelectronics,STM32F103ZFT6,STM32F1,STM32F103,STM32F103ZF,LQFP,144,768 KiB,-40 to 85 C,,STM32F103ZF,STM32F103ZF,cmsis_device_name,deterministic_pattern,tcl/target/stm32f1x.cfg,official_st_ordering_information_plus_estore_active_exact_identity,https://www.st.com/resource/en/datasheet/stm32f103vg.pdf,STMicroelectronics official,verified_st_ordering_information_codes_plus_current_estore_active_identity
STMicroelectronics,STM32F103ZGH6,STM32F1,STM32F103,STM32F103ZG,LFBGA,144,1024 KiB,-40 to 85 C,,STM32F103ZG,STM32F103ZG,cmsis_device_name,deterministic_pattern,tcl/target/stm32f1x.cfg,official_st_ordering_information_plus_estore_active_exact_identity,https://www.st.com/resource/en/datasheet/stm32f103vg.pdf,STMicroelectronics official,verified_st_ordering_information_codes_plus_current_estore_active_identity
STMicroelectronics,STM32F103ZGH6TR,STM32F1,STM32F103,STM32F103ZG,LFBGA,144,1024 KiB,-40 to 85 C,TR,STM32F103ZG,STM32F103ZG,cmsis_device_name,deterministic_pattern,tcl/target/stm32f1x.cfg,official_st_ordering_information_plus_estore_active_exact_identity,https://www.st.com/resource/en/datasheet/stm32f103vg.pdf,STMicroelectronics official,verified_st_ordering_information_codes_plus_current_estore_active_identity
STMicroelectronics,STM32F103ZGH7,STM32F1,STM32F103,STM32F103ZG,LFBGA,144,1024 KiB,-40 to 105 C,,STM32F103ZG,STM32F103ZG,cmsis_device_name,deterministic_pattern,tcl/target/stm32f1x.cfg,official_st_ordering_information_plus_estore_active_exact_identity,https://www.st.com/resource/en/datasheet/stm32f103vg.pdf,STMicroelectronics official,verified_st_ordering_information_codes_plus_current_estore_active_identity
STMicroelectronics,STM32F103ZGT6,STM32F1,STM32F103,STM32F103ZG,LQFP,144,1024 KiB,-40 to 85 C,,STM32F103ZG,STM32F103ZG,cmsis_device_name,deterministic_pattern,tcl/target/stm32f1x.cfg,official_st_ordering_information_plus_estore_active_exact_identity,https://www.st.com/resource/en/datasheet/stm32f103vg.pdf,STMicroelectronics official,verified_st_ordering_information_codes_plus_current_estore_active_identity
STMicroelectronics,STM32F103ZGT6TR,STM32F1,STM32F103,STM32F103ZG,LQFP,144,1024 KiB,-40 to 85 C,TR,STM32F103ZG,STM32F103ZG,cmsis_device_name,deterministic_pattern,tcl/target/stm32f1x.cfg,official_st_ordering_information_plus_estore_active_exact_identity,https://www.st.com/resource/en/datasheet/stm32f103vg.pdf,STMicroelectronics official,verified_st_ordering_information_codes_plus_current_estore_active_identity
STMicroelectronics,STM32F105R8T6,STM32F1,STM32F105,STM32F105R8,LQFP,64,64 KiB,-40 to 85 C,,STM32F105R8,STM32F105R8,cmsis_device_name,deterministic_pattern,tcl/target/stm32f1x.cfg,official_st_ordering_information_plus_estore_active_exact_identity,https://www.st.com/resource/en/datasheet/stm32f105rc.pdf,STMicroelectronics official,verified_st_ordering_information_codes_plus_current_estore_active_identity
STMicroelectronics,STM32F105R8T6TR,STM32F1,STM32F105,STM32F105R8,LQFP,64,64 KiB,-40 to 85 C,TR,STM32F105R8,STM32F105R8,cmsis_device_name,deterministic_pattern,tcl/target/stm32f1x.cfg,official_st_ordering_information_plus_estore_active_exact_identity,https://www.st.com/resource/en/datasheet/stm32f105rc.pdf,STMicroelectronics official,verified_st_ordering_information_codes_plus_current_estore_active_identity
STMicroelectronics,STM32F105R8T7,STM32F1,STM32F105,STM32F105R8,LQFP,64,64 KiB,-40 to 105 C,,STM32F105R8,STM32F105R8,cmsis_device_name,deterministic_pattern,tcl/target/stm32f1x.cfg,official_st_ordering_information_plus_estore_active_exact_identity,https://www.st.com/resource/en/datasheet/stm32f105rc.pdf,STMicroelectronics official,verified_st_ordering_information_codes_plus_current_estore_active_identity
STMicroelectronics,STM32F105RBT6,STM32F1,STM32F105,STM32F105RB,LQFP,64,128 KiB,-40 to 85 C,,STM32F105RB,STM32F105RB,cmsis_device_name,deterministic_pattern,tcl/target/stm32f1x.cfg,official_st_ordering_information_plus_estore_active_exact_identity,https://www.st.com/resource/en/datasheet/stm32f105rc.pdf,STMicroelectronics official,verified_st_ordering_information_codes_plus_current_estore_active_identity
STMicroelectronics,STM32F105RBT6TR,STM32F1,STM32F105,STM32F105RB,LQFP,64,128 KiB,-40 to 85 C,TR,STM32F105RB,STM32F105RB,cmsis_device_name,deterministic_pattern,tcl/target/stm32f1x.cfg,official_st_ordering_information_plus_estore_active_exact_identity,https://www.st.com/resource/en/datasheet/stm32f105rc.pdf,STMicroelectronics official,verified_st_ordering_information_codes_plus_current_estore_active_identity
STMicroelectronics,STM32F105RCT6,STM32F1,STM32F105,STM32F105RC,LQFP,64,256 KiB,-40 to 85 C,,STM32F105RC,STM32F105RC,cmsis_device_name,deterministic_pattern,tcl/target/stm32f1x.cfg,official_st_product_page_retained_browser_evidence,https://www.st.com/en/microcontrollers-microprocessors/stm32f105rc.html#plasma-evidence=stm32f1-phase2.6.3-browser-20260829T130248Z-075cb97,STMicroelectronics official,verified_direct_st_retained_browser_exact_icpn
STMicroelectronics,STM32F105RCT6TR,STM32F1,STM32F105,STM32F105RC,LQFP,64,256 KiB,-40 to 85 C,TR,STM32F105RC,STM32F105RC,cmsis_device_name,deterministic_pattern,tcl/target/stm32f1x.cfg,official_st_product_page_retained_browser_evidence,https://www.st.com/en/microcontrollers-microprocessors/stm32f105rc.html#plasma-evidence=stm32f1-phase2.6.3-browser-20260829T130248Z-075cb97,STMicroelectronics official,verified_direct_st_retained_browser_exact_icpn
STMicroelectronics,STM32F105RCT6V,STM32F1,STM32F105,STM32F105RC,LQFP,64,256 KiB,-40 to 85 C,V,STM32F105RC,STM32F105RC,cmsis_device_name,deterministic_pattern,tcl/target/stm32f1x.cfg,official_st_product_page_retained_browser_evidence,https://www.st.com/en/microcontrollers-microprocessors/stm32f105rc.html#plasma-evidence=stm32f1-phase2.6.3-browser-20260829T130248Z-075cb97,STMicroelectronics official,verified_direct_st_retained_browser_exact_icpn
STMicroelectronics,STM32F105RCT6W,STM32F1,STM32F105,STM32F105RC,LQFP,64,256 KiB,-40 to 85 C,W,STM32F105RC,STM32F105RC,cmsis_device_name,deterministic_pattern,tcl/target/stm32f1x.cfg,official_st_product_page_retained_browser_evidence,https://www.st.com/en/microcontrollers-microprocessors/stm32f105rc.html#plasma-evidence=stm32f1-phase2.6.3-browser-20260829T130248Z-075cb97,STMicroelectronics official,verified_direct_st_retained_browser_exact_icpn
STMicroelectronics,STM32F105RCT7,STM32F1,STM32F105,STM32F105RC,LQFP,64,256 KiB,-40 to 105 C,,STM32F105RC,STM32F105RC,cmsis_device_name,deterministic_pattern,tcl/target/stm32f1x.cfg,official_st_product_page_retained_browser_evidence,https://www.st.com/en/microcontrollers-microprocessors/stm32f105rc.html#plasma-evidence=stm32f1-phase2.6.3-browser-20260829T130248Z-075cb97,STMicroelectronics official,verified_direct_st_retained_browser_exact_icpn
STMicroelectronics,STM32F105V8T6,STM32F1,STM32F105,STM32F105V8,LQFP,100,64 KiB,-40 to 85 C,,STM32F105V8,STM32F105V8,cmsis_device_name,deterministic_pattern,tcl/target/stm32f1x.cfg,official_st_ordering_information_plus_estore_active_exact_identity,https://www.st.com/resource/en/datasheet/stm32f105rc.pdf,STMicroelectronics official,verified_st_ordering_information_codes_plus_current_estore_active_identity
STMicroelectronics,STM32F105V8T6TR,STM32F1,STM32F105,STM32F105V8,LQFP,100,64 KiB,-40 to 85 C,TR,STM32F105V8,STM32F105V8,cmsis_device_name,deterministic_pattern,tcl/target/stm32f1x.cfg,official_st_ordering_information_plus_estore_active_exact_identity,https://www.st.com/resource/en/datasheet/stm32f105rc.pdf,STMicroelectronics official,verified_st_ordering_information_codes_plus_current_estore_active_identity
STMicroelectronics,STM32F105VBH6,STM32F1,STM32F105,STM32F105VB,LFBGA,100,128 KiB,-40 to 85 C,,STM32F105VB,STM32F105VB,cmsis_device_name,deterministic_pattern,tcl/target/stm32f1x.cfg,official_st_product_page_retained_browser_evidence,https://www.st.com/en/microcontrollers-microprocessors/stm32f105vb.html#plasma-evidence=stm32f1-phase2.9-scaleout-batch1-2026-08-29-retained-20260829T161336Z-396213d,STMicroelectronics official,verified_direct_st_retained_browser_exact_icpn
STMicroelectronics,STM32F105VBH6TR,STM32F1,STM32F105,STM32F105VB,LFBGA,100,128 KiB,-40 to 85 C,TR,STM32F105VB,STM32F105VB,cmsis_device_name,deterministic_pattern,tcl/target/stm32f1x.cfg,official_st_product_page_retained_browser_evidence,https://www.st.com/en/microcontrollers-microprocessors/stm32f105vb.html#plasma-evidence=stm32f1-phase2.9-scaleout-batch1-2026-08-29-retained-20260829T161336Z-396213d,STMicroelectronics official,verified_direct_st_retained_browser_exact_icpn
STMicroelectronics,STM32F105VBH7,STM32F1,STM32F105,STM32F105VB,LFBGA,100,128 KiB,-40 to 105 C,,STM32F105VB,STM32F105VB,cmsis_device_name,deterministic_pattern,tcl/target/stm32f1x.cfg,official_st_product_page_retained_browser_evidence,https://www.st.com/en/microcontrollers-microprocessors/stm32f105vb.html#plasma-evidence=stm32f1-phase2.9-scaleout-batch1-2026-08-29-retained-20260829T161336Z-396213d,STMicroelectronics official,verified_direct_st_retained_browser_exact_icpn
STMicroelectronics,STM32F105VBT6,STM32F1,STM32F105,STM32F105VB,LQFP,100,128 KiB,-40 to 85 C,,STM32F105VB,STM32F105VB,cmsis_device_name,deterministic_pattern,tcl/target/stm32f1x.cfg,official_st_product_page_retained_browser_evidence,https://www.st.com/en/microcontrollers-microprocessors/stm32f105vb.html#plasma-evidence=stm32f1-phase2.9-scaleout-batch1-2026-08-29-retained-20260829T161336Z-396213d,STMicroelectronics official,verified_direct_st_retained_browser_exact_icpn
STMicroelectronics,STM32F105VBT7,STM32F1,STM32F105,STM32F105VB,LQFP,100,128 KiB,-40 to 105 C,,STM32F105VB,STM32F105VB,cmsis_device_name,deterministic_pattern,tcl/target/stm32f1x.cfg,official_st_product_page_retained_browser_evidence,https://www.st.com/en/microcontrollers-microprocessors/stm32f105vb.html#plasma-evidence=stm32f1-phase2.9-scaleout-batch1-2026-08-29-retained-20260829T161336Z-396213d,STMicroelectronics official,verified_direct_st_retained_browser_exact_icpn
STMicroelectronics,STM32F105VCT6,STM32F1,STM32F105,STM32F105VC,LQFP,100,256 KiB,-40 to 85 C,,STM32F105VC,STM32F105VC,cmsis_device_name,deterministic_pattern,tcl/target/stm32f1x.cfg,official_st_ordering_information_plus_estore_active_exact_identity,https://www.st.com/resource/en/datasheet/stm32f105rc.pdf,STMicroelectronics official,verified_st_ordering_information_codes_plus_current_estore_active_identity
STMicroelectronics,STM32F105VCT6TR,STM32F1,STM32F105,STM32F105VC,LQFP,100,256 KiB,-40 to 85 C,TR,STM32F105VC,STM32F105VC,cmsis_device_name,deterministic_pattern,tcl/target/stm32f1x.cfg,official_st_ordering_information_plus_estore_active_exact_identity,https://www.st.com/resource/en/datasheet/stm32f105rc.pdf,STMicroelectronics official,verified_st_ordering_information_codes_plus_current_estore_active_identity
STMicroelectronics,STM32F105VCT7,STM32F1,STM32F105,STM32F105VC,LQFP,100,256 KiB,-40 to 105 C,,STM32F105VC,STM32F105VC,cmsis_device_name,deterministic_pattern,tcl/target/stm32f1x.cfg,official_st_ordering_information_plus_estore_active_exact_identity,https://www.st.com/resource/en/datasheet/stm32f105rc.pdf,STMicroelectronics official,verified_st_ordering_information_codes_plus_current_estore_active_identity
STMicroelectronics,STM32F107RBT6,STM32F1,STM32F107,STM32F107RB,LQFP,64,128 KiB,-40 to 85 C,,STM32F107RB,STM32F107RB,cmsis_device_name,deterministic_pattern,tcl/target/stm32f1x.cfg,official_st_ordering_information_plus_estore_active_exact_identity,https://www.st.com/resource/en/datasheet/stm32f107vc.pdf,STMicroelectronics official,verified_st_ordering_information_codes_plus_current_estore_active_identity
STMicroelectronics,STM32F107RBT6TR,STM32F1,STM32F107,STM32F107RB,LQFP,64,128 KiB,-40 to 85 C,TR,STM32F107RB,STM32F107RB,cmsis_device_name,deterministic_pattern,tcl/target/stm32f1x.cfg,official_st_ordering_information_plus_estore_active_exact_identity,https://www.st.com/resource/en/datasheet/stm32f107vc.pdf,STMicroelectronics official,verified_st_ordering_information_codes_plus_current_estore_active_identity
STMicroelectronics,STM32F107RCT6,STM32F1,STM32F107,STM32F107RC,LQFP,64,256 KiB,-40 to 85 C,,STM32F107RC,STM32F107RC,cmsis_device_name,deterministic_pattern,tcl/target/stm32f1x.cfg,official_st_product_page_retained_browser_evidence,https://www.st.com/en/microcontrollers-microprocessors/stm32f107rc.html#plasma-evidence=stm32f1-phase2.9-scaleout-batch1-2026-08-29-retained-20260829T161336Z-396213d,STMicroelectronics official,verified_direct_st_retained_browser_exact_icpn
STMicroelectronics,STM32F107RCT6TR,STM32F1,STM32F107,STM32F107RC,LQFP,64,256 KiB,-40 to 85 C,TR,STM32F107RC,STM32F107RC,cmsis_device_name,deterministic_pattern,tcl/target/stm32f1x.cfg,official_st_product_page_retained_browser_evidence,https://www.st.com/en/microcontrollers-microprocessors/stm32f107rc.html#plasma-evidence=stm32f1-phase2.9-scaleout-batch1-2026-08-29-retained-20260829T161336Z-396213d,STMicroelectronics official,verified_direct_st_retained_browser_exact_icpn
STMicroelectronics,STM32F107RCT7,STM32F1,STM32F107,STM32F107RC,LQFP,64,256 KiB,-40 to 105 C,,STM32F107RC,STM32F107RC,cmsis_device_name,deterministic_pattern,tcl/target/stm32f1x.cfg,official_st_product_page_retained_browser_evidence,https://www.st.com/en/microcontrollers-microprocessors/stm32f107rc.html#plasma-evidence=stm32f1-phase2.9-scaleout-batch1-2026-08-29-retained-20260829T161336Z-396213d,STMicroelectronics official,verified_direct_st_retained_browser_exact_icpn
STMicroelectronics,STM32F107VBT6,STM32F1,STM32F107,STM32F107VB,LQFP,100,128 KiB,-40 to 85 C,,STM32F107VB,STM32F107VB,cmsis_device_name,deterministic_pattern,tcl/target/stm32f1x.cfg,official_st_ordering_information_plus_estore_active_exact_identity,https://www.st.com/resource/en/datasheet/stm32f107vc.pdf,STMicroelectronics official,verified_st_ordering_information_codes_plus_current_estore_active_identity
STMicroelectronics,STM32F107VCH6,STM32F1,STM32F107,STM32F107VC,LFBGA,100,256 KiB,-40 to 85 C,,STM32F107VC,STM32F107VC,cmsis_device_name,deterministic_pattern,tcl/target/stm32f1x.cfg,official_st_product_page_retained_browser_evidence,https://www.st.com/en/microcontrollers-microprocessors/stm32f107vc.html#plasma-evidence=stm32f1-phase2.6.3-browser-20260829T130248Z-075cb97,STMicroelectronics official,verified_direct_st_retained_browser_exact_icpn
STMicroelectronics,STM32F107VCT6,STM32F1,STM32F107,STM32F107VC,LQFP,100,256 KiB,-40 to 85 C,,STM32F107VC,STM32F107VC,cmsis_device_name,deterministic_pattern,tcl/target/stm32f1x.cfg,official_st_product_page_retained_browser_evidence,https://www.st.com/en/microcontrollers-microprocessors/stm32f107vc.html#plasma-evidence=stm32f1-phase2.6.3-browser-20260829T130248Z-075cb97,STMicroelectronics official,verified_direct_st_retained_browser_exact_icpn
STMicroelectronics,STM32F107VCT6TR,STM32F1,STM32F107,STM32F107VC,LQFP,100,256 KiB,-40 to 85 C,TR,STM32F107VC,STM32F107VC,cmsis_device_name,deterministic_pattern,tcl/target/stm32f1x.cfg,official_st_product_page_retained_browser_evidence,https://www.st.com/en/microcontrollers-microprocessors/stm32f107vc.html#plasma-evidence=stm32f1-phase2.6.3-browser-20260829T130248Z-075cb97,STMicroelectronics official,verified_direct_st_retained_browser_exact_icpn
STMicroelectronics,STM32F107VCT7,STM32F1,STM32F107,STM32F107VC,LQFP,100,256 KiB,-40 to 105 C,,STM32F107VC,STM32F107VC,cmsis_device_name,deterministic_pattern,tcl/target/stm32f1x.cfg,official_st_product_page_retained_browser_evidence,https://www.st.com/en/microcontrollers-microprocessors/stm32f107vc.html#plasma-evidence=stm32f1-phase2.6.3-browser-20260829T130248Z-075cb97,STMicroelectronics official,verified_direct_st_retained_browser_exact_icpn
