manufacturer,icpn,family,series,base_device,package,pin_count,flash_size,temperature_grade,option_suffix,cmsis_device_name,existing_identifier,existing_identifier_kind,mapping_status,openocd_target_config,source_type,source_reference,source_authority,verification_status
STMicroelectronics,STM32G030C6T6,STM32G0,STM32G030,STM32G030C6,LQFP,48,32 KiB,-40 to 85 C,,,STM32G030C6Tx,ordering_pattern,deterministic_ordering_pattern,tcl/target/stm32g0x.cfg,official_st_ordering_information_plus_retained_phase4_8b_identity,https://www.st.com/resource/en/datasheet/stm32g030c6.pdf#identity=stm32g0-phase4.8b-official-st-discovery-2026-09-09-retained-20260909T153114Z-233e9300,STMicroelectronics official,verified_st_datasheet_ordering_information_plus_retained_exact_identity
STMicroelectronics,STM32G030C6T6TR,STM32G0,STM32G030,STM32G030C6,LQFP,48,32 KiB,-40 to 85 C,TR,,STM32G030C6Tx,ordering_pattern,deterministic_ordering_pattern,tcl/target/stm32g0x.cfg,official_st_ordering_information_plus_retained_phase4_8b_identity,https://www.st.com/resource/en/datasheet/stm32g030c6.pdf#identity=stm32g0-phase4.8b-official-st-discovery-2026-09-09-retained-20260909T153114Z-233e9300,STMicroelectronics official,verified_st_datasheet_ordering_information_plus_retained_exact_identity
STMicroelectronics,STM32G030C8T6,STM32G0,STM32G030,STM32G030C8,LQFP,48,64 KiB,-40 to 85 C,,,STM32G030C8Tx,ordering_pattern,deterministic_ordering_pattern,tcl/target/stm32g0x.cfg,official_st_ordering_information_plus_estore_active_exact_identity,https://www.st.com/resource/en/datasheet/stm32g030c6.pdf,STMicroelectronics official,verified_st_ordering_information_codes_plus_current_estore_active_identity
STMicroelectronics,STM32G030C8T6TR,STM32G0,STM32G030,STM32G030C8,LQFP,48,64 KiB,-40 to 85 C,TR,,STM32G030C8Tx,ordering_pattern,deterministic_ordering_pattern,tcl/target/stm32g0x.cfg,official_st_ordering_information_plus_estore_active_exact_identity,https://www.st.com/resource/en/datasheet/stm32g030c6.pdf,STMicroelectronics official,verified_st_ordering_information_codes_plus_current_estore_active_identity
STMicroelectronics,STM32G030F6P6,STM32G0,STM32G030,STM32G030F6,TSSOP,20,32 KiB,-40 to 85 C,,,STM32G030F6Px,ordering_pattern,deterministic_ordering_pattern,tcl/target/stm32g0x.cfg,official_st_ordering_information_plus_estore_active_exact_identity,https://www.st.com/resource/en/datasheet/stm32g030c6.pdf,STMicroelectronics official,verified_st_ordering_information_codes_plus_current_estore_active_identity
STMicroelectronics,STM32G030F6P6TR,STM32G0,STM32G030,STM32G030F6,TSSOP,20,32 KiB,-40 to 85 C,TR,,STM32G030F6Px,ordering_pattern,deterministic_ordering_pattern,tcl/target/stm32g0x.cfg,official_st_ordering_information_plus_estore_active_exact_identity,https://www.st.com/resource/en/datasheet/stm32g030c6.pdf,STMicroelectronics official,verified_st_ordering_information_codes_plus_current_estore_active_identity
STMicroelectronics,STM32G030J6M6,STM32G0,STM32G030,STM32G030J6,SO8N,8,32 KiB,-40 to 85 C,,,STM32G030J6Mx,ordering_pattern,deterministic_ordering_pattern,tcl/target/stm32g0x.cfg,official_st_ordering_information_plus_estore_active_exact_identity,https://www.st.com/resource/en/datasheet/stm32g030c6.pdf,STMicroelectronics official,verified_st_ordering_information_codes_plus_current_estore_active_identity
STMicroelectronics,STM32G030J6M6TR,STM32G0,STM32G030,STM32G030J6,SO8N,8,32 KiB,-40 to 85 C,TR,,STM32G030J6Mx,ordering_pattern,deterministic_ordering_pattern,tcl/target/stm32g0x.cfg,official_st_ordering_information_plus_estore_active_exact_identity,https://www.st.com/resource/en/datasheet/stm32g030c6.pdf,STMicroelectronics official,verified_st_ordering_information_codes_plus_current_estore_active_identity
STMicroelectronics,STM32G030K6T6,STM32G0,STM32G030,STM32G030K6,LQFP,32,32 KiB,-40 to 85 C,,,STM32G030K6Tx,ordering_pattern,deterministic_ordering_pattern,tcl/target/stm32g0x.cfg,official_st_ordering_information_plus_estore_active_exact_identity,https://www.st.com/resource/en/datasheet/stm32g030c6.pdf,STMicroelectronics official,verified_st_ordering_information_codes_plus_current_estore_active_identity
STMicroelectronics,STM32G030K6T6TR,STM32G0,STM32G030,STM32G030K6,LQFP,32,32 KiB,-40 to 85 C,TR,,STM32G030K6Tx,ordering_pattern,deterministic_ordering_pattern,tcl/target/stm32g0x.cfg,official_st_ordering_information_plus_estore_active_exact_identity,https://www.st.com/resource/en/datasheet/stm32g030c6.pdf,STMicroelectronics official,verified_st_ordering_information_codes_plus_current_estore_active_identity
STMicroelectronics,STM32G030K8T6,STM32G0,STM32G030,STM32G030K8,LQFP,32,64 KiB,-40 to 85 C,,,STM32G030K8Tx,ordering_pattern,deterministic_ordering_pattern,tcl/target/stm32g0x.cfg,official_st_ordering_information_plus_estore_active_exact_identity,https://www.st.com/resource/en/datasheet/stm32g030c6.pdf,STMicroelectronics official,verified_st_ordering_information_codes_plus_current_estore_active_identity
STMicroelectronics,STM32G030K8T6TR,STM32G0,STM32G030,STM32G030K8,LQFP,32,64 KiB,-40 to 85 C,TR,,STM32G030K8Tx,ordering_pattern,deterministic_ordering_pattern,tcl/target/stm32g0x.cfg,official_st_ordering_information_plus_estore_active_exact_identity,https://www.st.com/resource/en/datasheet/stm32g030c6.pdf,STMicroelectronics official,verified_st_ordering_information_codes_plus_current_estore_active_identity
STMicroelectronics,STM32G031C4T6,STM32G0,STM32G031,STM32G031C4,LQFP,48,16 KiB,-40 to 85 C,,,STM32G031C4Tx,ordering_pattern,deterministic_ordering_pattern,tcl/target/stm32g0x.cfg,official_st_ordering_information_plus_retained_phase4_8b_identity,https://www.st.com/resource/en/datasheet/stm32g031c4.pdf#identity=stm32g0-phase4.8b-official-st-discovery-2026-09-09-retained-20260909T153114Z-233e9300,STMicroelectronics official,verified_st_datasheet_ordering_information_plus_retained_exact_identity
STMicroelectronics,STM32G031C4U6,STM32G0,STM32G031,STM32G031C4,UFQFPN,48,16 KiB,-40 to 85 C,,,STM32G031C4Ux,ordering_pattern,deterministic_ordering_pattern,tcl/target/stm32g0x.cfg,official_st_ordering_information_plus_retained_phase4_8b_identity,https://www.st.com/resource/en/datasheet/stm32g031c4.pdf#identity=stm32g0-phase4.8b-official-st-discovery-2026-09-09-retained-20260909T153114Z-233e9300,STMicroelectronics official,verified_st_datasheet_ordering_information_plus_retained_exact_identity
STMicroelectronics,STM32G031C6T6,STM32G0,STM32G031,STM32G031C6,LQFP,48,32 KiB,-40 to 85 C,,,STM32G031C6Tx,ordering_pattern,deterministic_ordering_pattern,tcl/target/stm32g0x.cfg,official_st_ordering_information_plus_estore_active_exact_identity,https://www.st.com/resource/en/datasheet/stm32g031c4.pdf,STMicroelectronics official,verified_st_ordering_information_codes_plus_current_estore_active_identity
STMicroelectronics,STM32G031C6T7,STM32G0,STM32G031,STM32G031C6,LQFP,48,32 KiB,-40 to 105 C,,,STM32G031C6Tx,ordering_pattern,deterministic_ordering_pattern,tcl/target/stm32g0x.cfg,official_st_ordering_information_plus_estore_active_exact_identity,https://www.st.com/resource/en/datasheet/stm32g031c4.pdf,STMicroelectronics official,verified_st_ordering_information_codes_plus_current_estore_active_identity
STMicroelectronics,STM32G031C6T7TR,STM32G0,STM32G031,STM32G031C6,LQFP,48,32 KiB,-40 to 105 C,TR,,STM32G031C6Tx,ordering_pattern,deterministic_ordering_pattern,tcl/target/stm32g0x.cfg,official_st_ordering_information_plus_estore_active_exact_identity,https://www.st.com/resource/en/datasheet/stm32g031c4.pdf,STMicroelectronics official,verified_st_ordering_information_codes_plus_current_estore_active_identity
STMicroelectronics,STM32G031C6U6,STM32G0,STM32G031,STM32G031C6,UFQFPN,48,32 KiB,-40 to 85 C,,,STM32G031C6Ux,ordering_pattern,deterministic_ordering_pattern,tcl/target/stm32g0x.cfg,official_st_ordering_information_plus_estore_active_exact_identity,https://www.st.com/resource/en/datasheet/stm32g031c4.pdf,STMicroelectronics official,verified_st_ordering_information_codes_plus_current_estore_active_identity
STMicroelectronics,STM32G031C8T3,STM32G0,STM32G031,STM32G031C8,LQFP,48,64 KiB,-40 to 125 C,,,STM32G031C8Tx,ordering_pattern,deterministic_ordering_pattern,tcl/target/stm32g0x.cfg,official_st_ordering_information_plus_estore_active_exact_identity,https://www.st.com/resource/en/datasheet/stm32g031c4.pdf,STMicroelectronics official,verified_st_ordering_information_codes_plus_current_estore_active_identity
STMicroelectronics,STM32G031C8T3TR,STM32G0,STM32G031,STM32G031C8,LQFP,48,64 KiB,-40 to 125 C,TR,,STM32G031C8Tx,ordering_pattern,deterministic_ordering_pattern,tcl/target/stm32g0x.cfg,official_st_ordering_information_plus_estore_active_exact_identity,https://www.st.com/resource/en/datasheet/stm32g031c4.pdf,STMicroelectronics official,verified_st_ordering_information_codes_plus_current_estore_active_identity
STMicroelectronics,STM32G031C8T6,STM32G0,STM32G031,STM32G031C8,LQFP,48,64 KiB,-40 to 85 C,,,STM32G031C8Tx,ordering_pattern,deterministic_ordering_pattern,tcl/target/stm32g0x.cfg,official_st_ordering_information_plus_estore_active_exact_identity,https://www.st.com/resource/en/datasheet/stm32g031c4.pdf,STMicroelectronics official,verified_st_ordering_information_codes_plus_current_estore_active_identity
STMicroelectronics,STM32G031C8T6TR,STM32G0,STM32G031,STM32G031C8,LQFP,48,64 KiB,-40 to 85 C,TR,,STM32G031C8Tx,ordering_pattern,deterministic_ordering_pattern,tcl/target/stm32g0x.cfg,official_st_ordering_information_plus_estore_active_exact_identity,https://www.st.com/resource/en/datasheet/stm32g031c4.pdf,STMicroelectronics official,verified_st_ordering_information_codes_plus_current_estore_active_identity
STMicroelectronics,STM32G031C8T7,STM32G0,STM32G031,STM32G031C8,LQFP,48,64 KiB,-40 to 105 C,,,STM32G031C8Tx,ordering_pattern,deterministic_ordering_pattern,tcl/target/stm32g0x.cfg,official_st_ordering_information_plus_estore_active_exact_identity,https://www.st.com/resource/en/datasheet/stm32g031c4.pdf,STMicroelectronics official,verified_st_ordering_information_codes_plus_current_estore_active_identity
STMicroelectronics,STM32G031C8U3,STM32G0,STM32G031,STM32G031C8,UFQFPN,48,64 KiB,-40 to 125 C,,,STM32G031C8Ux,ordering_pattern,deterministic_ordering_pattern,tcl/target/stm32g0x.cfg,official_st_ordering_information_plus_estore_active_exact_identity,https://www.st.com/resource/en/datasheet/stm32g031c4.pdf,STMicroelectronics official,verified_st_ordering_information_codes_plus_current_estore_active_identity
STMicroelectronics,STM32G031C8U3TR,STM32G0,STM32G031,STM32G031C8,UFQFPN,48,64 KiB,-40 to 125 C,TR,,STM32G031C8Ux,ordering_pattern,deterministic_ordering_pattern,tcl/target/stm32g0x.cfg,official_st_ordering_information_plus_estore_active_exact_identity,https://www.st.com/resource/en/datasheet/stm32g031c4.pdf,STMicroelectronics official,verified_st_ordering_information_codes_plus_current_estore_active_identity
STMicroelectronics,STM32G031C8U6,STM32G0,STM32G031,STM32G031C8,UFQFPN,48,64 KiB,-40 to 85 C,,,STM32G031C8Ux,ordering_pattern,deterministic_ordering_pattern,tcl/target/stm32g0x.cfg,official_st_ordering_information_plus_estore_active_exact_identity,https://www.st.com/resource/en/datasheet/stm32g031c4.pdf,STMicroelectronics official,verified_st_ordering_information_codes_plus_current_estore_active_identity
STMicroelectronics,STM32G031C8U6TR,STM32G0,STM32G031,STM32G031C8,UFQFPN,48,64 KiB,-40 to 85 C,TR,,STM32G031C8Ux,ordering_pattern,deterministic_ordering_pattern,tcl/target/stm32g0x.cfg,official_st_ordering_information_plus_estore_active_exact_identity,https://www.st.com/resource/en/datasheet/stm32g031c4.pdf,STMicroelectronics official,verified_st_ordering_information_codes_plus_current_estore_active_identity
STMicroelectronics,STM32G031C8U7,STM32G0,STM32G031,STM32G031C8,UFQFPN,48,64 KiB,-40 to 105 C,,,STM32G031C8Ux,ordering_pattern,deterministic_ordering_pattern,tcl/target/stm32g0x.cfg,official_st_ordering_information_plus_estore_active_exact_identity,https://www.st.com/resource/en/datasheet/stm32g031c4.pdf,STMicroelectronics official,verified_st_ordering_information_codes_plus_current_estore_active_identity
STMicroelectronics,STM32G031C8U7TR,STM32G0,STM32G031,STM32G031C8,UFQFPN,48,64 KiB,-40 to 105 C,TR,,STM32G031C8Ux,ordering_pattern,deterministic_ordering_pattern,tcl/target/stm32g0x.cfg,official_st_ordering_information_plus_estore_active_exact_identity,https://www.st.com/resource/en/datasheet/stm32g031c4.pdf,STMicroelectronics official,verified_st_ordering_information_codes_plus_current_estore_active_identity
STMicroelectronics,STM32G031F4P3,STM32G0,STM32G031,STM32G031F4,TSSOP,20,16 KiB,-40 to 125 C,,,STM32G031F4Px,ordering_pattern,deterministic_ordering_pattern,tcl/target/stm32g0x.cfg,official_st_ordering_information_plus_estore_active_exact_identity,https://www.st.com/resource/en/datasheet/stm32g031c4.pdf,STMicroelectronics official,verified_st_ordering_information_codes_plus_current_estore_active_identity
STMicroelectronics,STM32G031F4P6,STM32G0,STM32G031,STM32G031F4,TSSOP,20,16 KiB,-40 to 85 C,,,STM32G031F4Px,ordering_pattern,deterministic_ordering_pattern,tcl/target/stm32g0x.cfg,official_st_ordering_information_plus_estore_active_exact_identity,https://www.st.com/resource/en/datasheet/stm32g031c4.pdf,STMicroelectronics official,verified_st_ordering_information_codes_plus_current_estore_active_identity
STMicroelectronics,STM32G031F4P6TR,STM32G0,STM32G031,STM32G031F4,TSSOP,20,16 KiB,-40 to 85 C,TR,,STM32G031F4Px,ordering_pattern,deterministic_ordering_pattern,tcl/target/stm32g0x.cfg,official_st_ordering_information_plus_estore_active_exact_identity,https://www.st.com/resource/en/datasheet/stm32g031c4.pdf,STMicroelectronics official,verified_st_ordering_information_codes_plus_current_estore_active_identity
STMicroelectronics,STM32G031F6P6,STM32G0,STM32G031,STM32G031F6,TSSOP,20,32 KiB,-40 to 85 C,,,STM32G031F6Px,ordering_pattern,deterministic_ordering_pattern,tcl/target/stm32g0x.cfg,official_st_ordering_information_plus_estore_active_exact_identity,https://www.st.com/resource/en/datasheet/stm32g031c4.pdf,STMicroelectronics official,verified_st_ordering_information_codes_plus_current_estore_active_identity
STMicroelectronics,STM32G031F6P6TR,STM32G0,STM32G031,STM32G031F6,TSSOP,20,32 KiB,-40 to 85 C,TR,,STM32G031F6Px,ordering_pattern,deterministic_ordering_pattern,tcl/target/stm32g0x.cfg,official_st_ordering_information_plus_estore_active_exact_identity,https://www.st.com/resource/en/datasheet/stm32g031c4.pdf,STMicroelectronics official,verified_st_ordering_information_codes_plus_current_estore_active_identity
STMicroelectronics,STM32G031F6P7,STM32G0,STM32G031,STM32G031F6,TSSOP,20,32 KiB,-40 to 105 C,,,STM32G031F6Px,ordering_pattern,deterministic_ordering_pattern,tcl/target/stm32g0x.cfg,official_st_ordering_information_plus_estore_active_exact_identity,https://www.st.com/resource/en/datasheet/stm32g031c4.pdf,STMicroelectronics official,verified_st_ordering_information_codes_plus_current_estore_active_identity
STMicroelectronics,STM32G031F6P7TR,STM32G0,STM32G031,STM32G031F6,TSSOP,20,32 KiB,-40 to 105 C,TR,,STM32G031F6Px,ordering_pattern,deterministic_ordering_pattern,tcl/target/stm32g0x.cfg,official_st_ordering_information_plus_estore_active_exact_identity,https://www.st.com/resource/en/datasheet/stm32g031c4.pdf,STMicroelectronics official,verified_st_ordering_information_codes_plus_current_estore_active_identity
STMicroelectronics,STM32G031F8P3,STM32G0,STM32G031,STM32G031F8,TSSOP,20,64 KiB,-40 to 125 C,,,STM32G031F8Px,ordering_pattern,deterministic_ordering_pattern,tcl/target/stm32g0x.cfg,official_st_ordering_information_plus_estore_active_exact_identity,https://www.st.com/resource/en/datasheet/stm32g031c4.pdf,STMicroelectronics official,verified_st_ordering_information_codes_plus_current_estore_active_identity
STMicroelectronics,STM32G031F8P3TR,STM32G0,STM32G031,STM32G031F8,TSSOP,20,64 KiB,-40 to 125 C,TR,,STM32G031F8Px,ordering_pattern,deterministic_ordering_pattern,tcl/target/stm32g0x.cfg,official_st_ordering_information_plus_estore_active_exact_identity,https://www.st.com/resource/en/datasheet/stm32g031c4.pdf,STMicroelectronics official,verified_st_ordering_information_codes_plus_current_estore_active_identity
STMicroelectronics,STM32G031F8P6,STM32G0,STM32G031,STM32G031F8,TSSOP,20,64 KiB,-40 to 85 C,,,STM32G031F8Px,ordering_pattern,deterministic_ordering_pattern,tcl/target/stm32g0x.cfg,official_st_ordering_information_plus_estore_active_exact_identity,https://www.st.com/resource/en/datasheet/stm32g031c4.pdf,STMicroelectronics official,verified_st_ordering_information_codes_plus_current_estore_active_identity
STMicroelectronics,STM32G031F8P6TR,STM32G0,STM32G031,STM32G031F8,TSSOP,20,64 KiB,-40 to 85 C,TR,,STM32G031F8Px,ordering_pattern,deterministic_ordering_pattern,tcl/target/stm32g0x.cfg,official_st_ordering_information_plus_estore_active_exact_identity,https://www.st.com/resource/en/datasheet/stm32g031c4.pdf,STMicroelectronics official,verified_st_ordering_information_codes_plus_current_estore_active_identity
STMicroelectronics,STM32G031F8P7,STM32G0,STM32G031,STM32G031F8,TSSOP,20,64 KiB,-40 to 105 C,,,STM32G031F8Px,ordering_pattern,deterministic_ordering_pattern,tcl/target/stm32g0x.cfg,official_st_ordering_information_plus_estore_active_exact_identity,https://www.st.com/resource/en/datasheet/stm32g031c4.pdf,STMicroelectronics official,verified_st_ordering_information_codes_plus_current_estore_active_identity
STMicroelectronics,STM32G031G4U6,STM32G0,STM32G031,STM32G031G4,UFQFPN,28,16 KiB,-40 to 85 C,,,STM32G031G4Ux,ordering_pattern,deterministic_ordering_pattern,tcl/target/stm32g0x.cfg,official_st_ordering_information_plus_estore_active_exact_identity,https://www.st.com/resource/en/datasheet/stm32g031c4.pdf,STMicroelectronics official,verified_st_ordering_information_codes_plus_current_estore_active_identity
STMicroelectronics,STM32G031G6U3,STM32G0,STM32G031,STM32G031G6,UFQFPN,28,32 KiB,-40 to 125 C,,,STM32G031G6Ux,ordering_pattern,deterministic_ordering_pattern,tcl/target/stm32g0x.cfg,official_st_ordering_information_plus_estore_active_exact_identity,https://www.st.com/resource/en/datasheet/stm32g031c4.pdf,STMicroelectronics official,verified_st_ordering_information_codes_plus_current_estore_active_identity
STMicroelectronics,STM32G031G6U3TR,STM32G0,STM32G031,STM32G031G6,UFQFPN,28,32 KiB,-40 to 125 C,TR,,STM32G031G6Ux,ordering_pattern,deterministic_ordering_pattern,tcl/target/stm32g0x.cfg,official_st_ordering_information_plus_estore_active_exact_identity,https://www.st.com/resource/en/datasheet/stm32g031c4.pdf,STMicroelectronics official,verified_st_ordering_information_codes_plus_current_estore_active_identity
STMicroelectronics,STM32G031G6U6,STM32G0,STM32G031,STM32G031G6,UFQFPN,28,32 KiB,-40 to 85 C,,,STM32G031G6Ux,ordering_pattern,deterministic_ordering_pattern,tcl/target/stm32g0x.cfg,official_st_ordering_information_plus_estore_active_exact_identity,https://www.st.com/resource/en/datasheet/stm32g031c4.pdf,STMicroelectronics official,verified_st_ordering_information_codes_plus_current_estore_active_identity
STMicroelectronics,STM32G031G6U6TR,STM32G0,STM32G031,STM32G031G6,UFQFPN,28,32 KiB,-40 to 85 C,TR,,STM32G031G6Ux,ordering_pattern,deterministic_ordering_pattern,tcl/target/stm32g0x.cfg,official_st_ordering_information_plus_estore_active_exact_identity,https://www.st.com/resource/en/datasheet/stm32g031c4.pdf,STMicroelectronics official,verified_st_ordering_information_codes_plus_current_estore_active_identity
STMicroelectronics,STM32G031G6U7,STM32G0,STM32G031,STM32G031G6,UFQFPN,28,32 KiB,-40 to 105 C,,,STM32G031G6Ux,ordering_pattern,deterministic_ordering_pattern,tcl/target/stm32g0x.cfg,official_st_ordering_information_plus_estore_active_exact_identity,https://www.st.com/resource/en/datasheet/stm32g031c4.pdf,STMicroelectronics official,verified_st_ordering_information_codes_plus_current_estore_active_identity
STMicroelectronics,STM32G031G6U7TR,STM32G0,STM32G031,STM32G031G6,UFQFPN,28,32 KiB,-40 to 105 C,TR,,STM32G031G6Ux,ordering_pattern,deterministic_ordering_pattern,tcl/target/stm32g0x.cfg,official_st_ordering_information_plus_estore_active_exact_identity,https://www.st.com/resource/en/datasheet/stm32g031c4.pdf,STMicroelectronics official,verified_st_ordering_information_codes_plus_current_estore_active_identity
STMicroelectronics,STM32G031G8U3,STM32G0,STM32G031,STM32G031G8,UFQFPN,28,64 KiB,-40 to 125 C,,,STM32G031G8Ux,ordering_pattern,deterministic_ordering_pattern,tcl/target/stm32g0x.cfg,official_st_ordering_information_plus_estore_active_exact_identity,https://www.st.com/resource/en/datasheet/stm32g031c4.pdf,STMicroelectronics official,verified_st_ordering_information_codes_plus_current_estore_active_identity
STMicroelectronics,STM32G031G8U3TR,STM32G0,STM32G031,STM32G031G8,UFQFPN,28,64 KiB,-40 to 125 C,TR,,STM32G031G8Ux,ordering_pattern,deterministic_ordering_pattern,tcl/target/stm32g0x.cfg,official_st_ordering_information_plus_estore_active_exact_identity,https://www.st.com/resource/en/datasheet/stm32g031c4.pdf,STMicroelectronics official,verified_st_ordering_information_codes_plus_current_estore_active_identity
STMicroelectronics,STM32G031G8U6,STM32G0,STM32G031,STM32G031G8,UFQFPN,28,64 KiB,-40 to 85 C,,,STM32G031G8Ux,ordering_pattern,deterministic_ordering_pattern,tcl/target/stm32g0x.cfg,official_st_ordering_information_plus_estore_active_exact_identity,https://www.st.com/resource/en/datasheet/stm32g031c4.pdf,STMicroelectronics official,verified_st_ordering_information_codes_plus_current_estore_active_identity
STMicroelectronics,STM32G031G8U6TR,STM32G0,STM32G031,STM32G031G8,UFQFPN,28,64 KiB,-40 to 85 C,TR,,STM32G031G8Ux,ordering_pattern,deterministic_ordering_pattern,tcl/target/stm32g0x.cfg,official_st_ordering_information_plus_estore_active_exact_identity,https://www.st.com/resource/en/datasheet/stm32g031c4.pdf,STMicroelectronics official,verified_st_ordering_information_codes_plus_current_estore_active_identity
STMicroelectronics,STM32G031G8U7,STM32G0,STM32G031,STM32G031G8,UFQFPN,28,64 KiB,-40 to 105 C,,,STM32G031G8Ux,ordering_pattern,deterministic_ordering_pattern,tcl/target/stm32g0x.cfg,official_st_ordering_information_plus_estore_active_exact_identity,https://www.st.com/resource/en/datasheet/stm32g031c4.pdf,STMicroelectronics official,verified_st_ordering_information_codes_plus_current_estore_active_identity
STMicroelectronics,STM32G031G8U7TR,STM32G0,STM32G031,STM32G031G8,UFQFPN,28,64 KiB,-40 to 105 C,TR,,STM32G031G8Ux,ordering_pattern,deterministic_ordering_pattern,tcl/target/stm32g0x.cfg,official_st_ordering_information_plus_estore_active_exact_identity,https://www.st.com/resource/en/datasheet/stm32g031c4.pdf,STMicroelectronics official,verified_st_ordering_information_codes_plus_current_estore_active_identity
STMicroelectronics,STM32G031J4M3,STM32G0,STM32G031,STM32G031J4,SO8N,8,16 KiB,-40 to 125 C,,,STM32G031J4Mx,ordering_pattern,deterministic_ordering_pattern,tcl/target/stm32g0x.cfg,official_st_ordering_information_plus_estore_active_exact_identity,https://www.st.com/resource/en/datasheet/stm32g031c4.pdf,STMicroelectronics official,verified_st_ordering_information_codes_plus_current_estore_active_identity
STMicroelectronics,STM32G031J4M3TR,STM32G0,STM32G031,STM32G031J4,SO8N,8,16 KiB,-40 to 125 C,TR,,STM32G031J4Mx,ordering_pattern,deterministic_ordering_pattern,tcl/target/stm32g0x.cfg,official_st_ordering_information_plus_estore_active_exact_identity,https://www.st.com/resource/en/datasheet/stm32g031c4.pdf,STMicroelectronics official,verified_st_ordering_information_codes_plus_current_estore_active_identity
STMicroelectronics,STM32G031J4M6,STM32G0,STM32G031,STM32G031J4,SO8N,8,16 KiB,-40 to 85 C,,,STM32G031J4Mx,ordering_pattern,deterministic_ordering_pattern,tcl/target/stm32g0x.cfg,official_st_ordering_information_plus_estore_active_exact_identity,https://www.st.com/resource/en/datasheet/stm32g031c4.pdf,STMicroelectronics official,verified_st_ordering_information_codes_plus_current_estore_active_identity
STMicroelectronics,STM32G031J6M3,STM32G0,STM32G031,STM32G031J6,SO8N,8,32 KiB,-40 to 125 C,,,STM32G031J6Mx,ordering_pattern,deterministic_ordering_pattern,tcl/target/stm32g0x.cfg,official_st_ordering_information_plus_estore_active_exact_identity,https://www.st.com/resource/en/datasheet/stm32g031c4.pdf,STMicroelectronics official,verified_st_ordering_information_codes_plus_current_estore_active_identity
STMicroelectronics,STM32G031J6M6,STM32G0,STM32G031,STM32G031J6,SO8N,8,32 KiB,-40 to 85 C,,,STM32G031J6Mx,ordering_pattern,deterministic_ordering_pattern,tcl/target/stm32g0x.cfg,official_st_ordering_information_plus_estore_active_exact_identity,https://www.st.com/resource/en/datasheet/stm32g031c4.pdf,STMicroelectronics official,verified_st_ordering_information_codes_plus_current_estore_active_identity
STMicroelectronics,STM32G031J6M6TR,STM32G0,STM32G031,STM32G031J6,SO8N,8,32 KiB,-40 to 85 C,TR,,STM32G031J6Mx,ordering_pattern,deterministic_ordering_pattern,tcl/target/stm32g0x.cfg,official_st_ordering_information_plus_estore_active_exact_identity,https://www.st.com/resource/en/datasheet/stm32g031c4.pdf,STMicroelectronics official,verified_st_ordering_information_codes_plus_current_estore_active_identity
STMicroelectronics,STM32G031K4T3,STM32G0,STM32G031,STM32G031K4,LQFP,32,16 KiB,-40 to 125 C,,,STM32G031K4Tx,ordering_pattern,deterministic_ordering_pattern,tcl/target/stm32g0x.cfg,official_st_ordering_information_plus_estore_active_exact_identity,https://www.st.com/resource/en/datasheet/stm32g031c4.pdf,STMicroelectronics official,verified_st_ordering_information_codes_plus_current_estore_active_identity
STMicroelectronics,STM32G031K4T3TR,STM32G0,STM32G031,STM32G031K4,LQFP,32,16 KiB,-40 to 125 C,TR,,STM32G031K4Tx,ordering_pattern,deterministic_ordering_pattern,tcl/target/stm32g0x.cfg,official_st_ordering_information_plus_estore_active_exact_identity,https://www.st.com/resource/en/datasheet/stm32g031c4.pdf,STMicroelectronics official,verified_st_ordering_information_codes_plus_current_estore_active_identity
STMicroelectronics,STM32G031K4T6,STM32G0,STM32G031,STM32G031K4,LQFP,32,16 KiB,-40 to 85 C,,,STM32G031K4Tx,ordering_pattern,deterministic_ordering_pattern,tcl/target/stm32g0x.cfg,official_st_ordering_information_plus_estore_active_exact_identity,https://www.st.com/resource/en/datasheet/stm32g031c4.pdf,STMicroelectronics official,verified_st_ordering_information_codes_plus_current_estore_active_identity
STMicroelectronics,STM32G031K4U3,STM32G0,STM32G031,STM32G031K4,UFQFPN,32,16 KiB,-40 to 125 C,,,STM32G031K4Ux,ordering_pattern,deterministic_ordering_pattern,tcl/target/stm32g0x.cfg,official_st_ordering_information_plus_estore_active_exact_identity,https://www.st.com/resource/en/datasheet/stm32g031c4.pdf,STMicroelectronics official,verified_st_ordering_information_codes_plus_current_estore_active_identity
STMicroelectronics,STM32G031K4U3TR,STM32G0,STM32G031,STM32G031K4,UFQFPN,32,16 KiB,-40 to 125 C,TR,,STM32G031K4Ux,ordering_pattern,deterministic_ordering_pattern,tcl/target/stm32g0x.cfg,official_st_ordering_information_plus_estore_active_exact_identity,https://www.st.com/resource/en/datasheet/stm32g031c4.pdf,STMicroelectronics official,verified_st_ordering_information_codes_plus_current_estore_active_identity
STMicroelectronics,STM32G031K4U6,STM32G0,STM32G031,STM32G031K4,UFQFPN,32,16 KiB,-40 to 85 C,,,STM32G031K4Ux,ordering_pattern,deterministic_ordering_pattern,tcl/target/stm32g0x.cfg,official_st_ordering_information_plus_estore_active_exact_identity,https://www.st.com/resource/en/datasheet/stm32g031c4.pdf,STMicroelectronics official,verified_st_ordering_information_codes_plus_current_estore_active_identity
STMicroelectronics,STM32G031K4U6TR,STM32G0,STM32G031,STM32G031K4,UFQFPN,32,16 KiB,-40 to 85 C,TR,,STM32G031K4Ux,ordering_pattern,deterministic_ordering_pattern,tcl/target/stm32g0x.cfg,official_st_ordering_information_plus_estore_active_exact_identity,https://www.st.com/resource/en/datasheet/stm32g031c4.pdf,STMicroelectronics official,verified_st_ordering_information_codes_plus_current_estore_active_identity
STMicroelectronics,STM32G031K6T6,STM32G0,STM32G031,STM32G031K6,LQFP,32,32 KiB,-40 to 85 C,,,STM32G031K6Tx,ordering_pattern,deterministic_ordering_pattern,tcl/target/stm32g0x.cfg,official_st_ordering_information_plus_estore_active_exact_identity,https://www.st.com/resource/en/datasheet/stm32g031c4.pdf,STMicroelectronics official,verified_st_ordering_information_codes_plus_current_estore_active_identity
STMicroelectronics,STM32G031K6T6TR,STM32G0,STM32G031,STM32G031K6,LQFP,32,32 KiB,-40 to 85 C,TR,,STM32G031K6Tx,ordering_pattern,deterministic_ordering_pattern,tcl/target/stm32g0x.cfg,official_st_ordering_information_plus_estore_active_exact_identity,https://www.st.com/resource/en/datasheet/stm32g031c4.pdf,STMicroelectronics official,verified_st_ordering_information_codes_plus_current_estore_active_identity
STMicroelectronics,STM32G031K6T7,STM32G0,STM32G031,STM32G031K6,LQFP,32,32 KiB,-40 to 105 C,,,STM32G031K6Tx,ordering_pattern,deterministic_ordering_pattern,tcl/target/stm32g0x.cfg,official_st_ordering_information_plus_estore_active_exact_identity,https://www.st.com/resource/en/datasheet/stm32g031c4.pdf,STMicroelectronics official,verified_st_ordering_information_codes_plus_current_estore_active_identity
STMicroelectronics,STM32G031K6T7TR,STM32G0,STM32G031,STM32G031K6,LQFP,32,32 KiB,-40 to 105 C,TR,,STM32G031K6Tx,ordering_pattern,deterministic_ordering_pattern,tcl/target/stm32g0x.cfg,official_st_ordering_information_plus_estore_active_exact_identity,https://www.st.com/resource/en/datasheet/stm32g031c4.pdf,STMicroelectronics official,verified_st_ordering_information_codes_plus_current_estore_active_identity
STMicroelectronics,STM32G031K6U6,STM32G0,STM32G031,STM32G031K6,UFQFPN,32,32 KiB,-40 to 85 C,,,STM32G031K6Ux,ordering_pattern,deterministic_ordering_pattern,tcl/target/stm32g0x.cfg,official_st_ordering_information_plus_estore_active_exact_identity,https://www.st.com/resource/en/datasheet/stm32g031c4.pdf,STMicroelectronics official,verified_st_ordering_information_codes_plus_current_estore_active_identity
STMicroelectronics,STM32G031K6U7,STM32G0,STM32G031,STM32G031K6,UFQFPN,32,32 KiB,-40 to 105 C,,,STM32G031K6Ux,ordering_pattern,deterministic_ordering_pattern,tcl/target/stm32g0x.cfg,official_st_ordering_information_plus_estore_active_exact_identity,https://www.st.com/resource/en/datasheet/stm32g031c4.pdf,STMicroelectronics official,verified_st_ordering_information_codes_plus_current_estore_active_identity
STMicroelectronics,STM32G031K8T3,STM32G0,STM32G031,STM32G031K8,LQFP,32,64 KiB,-40 to 125 C,,,STM32G031K8Tx,ordering_pattern,deterministic_ordering_pattern,tcl/target/stm32g0x.cfg,official_st_ordering_information_plus_estore_active_exact_identity,https://www.st.com/resource/en/datasheet/stm32g031c4.pdf,STMicroelectronics official,verified_st_ordering_information_codes_plus_current_estore_active_identity
STMicroelectronics,STM32G031K8T3TR,STM32G0,STM32G031,STM32G031K8,LQFP,32,64 KiB,-40 to 125 C,TR,,STM32G031K8Tx,ordering_pattern,deterministic_ordering_pattern,tcl/target/stm32g0x.cfg,official_st_ordering_information_plus_estore_active_exact_identity,https://www.st.com/resource/en/datasheet/stm32g031c4.pdf,STMicroelectronics official,verified_st_ordering_information_codes_plus_current_estore_active_identity
STMicroelectronics,STM32G031K8T6,STM32G0,STM32G031,STM32G031K8,LQFP,32,64 KiB,-40 to 85 C,,,STM32G031K8Tx,ordering_pattern,deterministic_ordering_pattern,tcl/target/stm32g0x.cfg,official_st_ordering_information_plus_estore_active_exact_identity,https://www.st.com/resource/en/datasheet/stm32g031c4.pdf,STMicroelectronics official,verified_st_ordering_information_codes_plus_current_estore_active_identity
STMicroelectronics,STM32G031K8T6TR,STM32G0,STM32G031,STM32G031K8,LQFP,32,64 KiB,-40 to 85 C,TR,,STM32G031K8Tx,ordering_pattern,deterministic_ordering_pattern,tcl/target/stm32g0x.cfg,official_st_ordering_information_plus_estore_active_exact_identity,https://www.st.com/resource/en/datasheet/stm32g031c4.pdf,STMicroelectronics official,verified_st_ordering_information_codes_plus_current_estore_active_identity
STMicroelectronics,STM32G031K8T7,STM32G0,STM32G031,STM32G031K8,LQFP,32,64 KiB,-40 to 105 C,,,STM32G031K8Tx,ordering_pattern,deterministic_ordering_pattern,tcl/target/stm32g0x.cfg,official_st_ordering_information_plus_estore_active_exact_identity,https://www.st.com/resource/en/datasheet/stm32g031c4.pdf,STMicroelectronics official,verified_st_ordering_information_codes_plus_current_estore_active_identity
STMicroelectronics,STM32G031K8T7TR,STM32G0,STM32G031,STM32G031K8,LQFP,32,64 KiB,-40 to 105 C,TR,,STM32G031K8Tx,ordering_pattern,deterministic_ordering_pattern,tcl/target/stm32g0x.cfg,official_st_ordering_information_plus_estore_active_exact_identity,https://www.st.com/resource/en/datasheet/stm32g031c4.pdf,STMicroelectronics official,verified_st_ordering_information_codes_plus_current_estore_active_identity
STMicroelectronics,STM32G031K8U3,STM32G0,STM32G031,STM32G031K8,UFQFPN,32,64 KiB,-40 to 125 C,,,STM32G031K8Ux,ordering_pattern,deterministic_ordering_pattern,tcl/target/stm32g0x.cfg,official_st_ordering_information_plus_estore_active_exact_identity,https://www.st.com/resource/en/datasheet/stm32g031c4.pdf,STMicroelectronics official,verified_st_ordering_information_codes_plus_current_estore_active_identity
STMicroelectronics,STM32G031K8U3TR,STM32G0,STM32G031,STM32G031K8,UFQFPN,32,64 KiB,-40 to 125 C,TR,,STM32G031K8Ux,ordering_pattern,deterministic_ordering_pattern,tcl/target/stm32g0x.cfg,official_st_ordering_information_plus_estore_active_exact_identity,https://www.st.com/resource/en/datasheet/stm32g031c4.pdf,STMicroelectronics official,verified_st_ordering_information_codes_plus_current_estore_active_identity
STMicroelectronics,STM32G031K8U6,STM32G0,STM32G031,STM32G031K8,UFQFPN,32,64 KiB,-40 to 85 C,,,STM32G031K8Ux,ordering_pattern,deterministic_ordering_pattern,tcl/target/stm32g0x.cfg,official_st_ordering_information_plus_estore_active_exact_identity,https://www.st.com/resource/en/datasheet/stm32g031c4.pdf,STMicroelectronics official,verified_st_ordering_information_codes_plus_current_estore_active_identity
STMicroelectronics,STM32G031K8U6TR,STM32G0,STM32G031,STM32G031K8,UFQFPN,32,64 KiB,-40 to 85 C,TR,,STM32G031K8Ux,ordering_pattern,deterministic_ordering_pattern,tcl/target/stm32g0x.cfg,official_st_ordering_information_plus_estore_active_exact_identity,https://www.st.com/resource/en/datasheet/stm32g031c4.pdf,STMicroelectronics official,verified_st_ordering_information_codes_plus_current_estore_active_identity
STMicroelectronics,STM32G031K8U7,STM32G0,STM32G031,STM32G031K8,UFQFPN,32,64 KiB,-40 to 105 C,,,STM32G031K8Ux,ordering_pattern,deterministic_ordering_pattern,tcl/target/stm32g0x.cfg,official_st_ordering_information_plus_estore_active_exact_identity,https://www.st.com/resource/en/datasheet/stm32g031c4.pdf,STMicroelectronics official,verified_st_ordering_information_codes_plus_current_estore_active_identity
STMicroelectronics,STM32G031K8U7TR,STM32G0,STM32G031,STM32G031K8,UFQFPN,32,64 KiB,-40 to 105 C,TR,,STM32G031K8Ux,ordering_pattern,deterministic_ordering_pattern,tcl/target/stm32g0x.cfg,official_st_ordering_information_plus_estore_active_exact_identity,https://www.st.com/resource/en/datasheet/stm32g031c4.pdf,STMicroelectronics official,verified_st_ordering_information_codes_plus_current_estore_active_identity
STMicroelectronics,STM32G031Y8Y3TR,STM32G0,STM32G031,STM32G031Y8,WLCSP,18,64 KiB,-40 to 125 C,TR,,STM32G031Y8Yx,ordering_pattern,deterministic_ordering_pattern,tcl/target/stm32g0x.cfg,official_st_ordering_information_plus_estore_active_exact_identity,https://www.st.com/resource/en/datasheet/stm32g031c4.pdf,STMicroelectronics official,verified_st_ordering_information_codes_plus_current_estore_active_identity
STMicroelectronics,STM32G031Y8Y6TR,STM32G0,STM32G031,STM32G031Y8,WLCSP,18,64 KiB,-40 to 85 C,TR,,STM32G031Y8Yx,ordering_pattern,deterministic_ordering_pattern,tcl/target/stm32g0x.cfg,official_st_ordering_information_plus_estore_active_exact_identity,https://www.st.com/resource/en/datasheet/stm32g031c4.pdf,STMicroelectronics official,verified_st_ordering_information_codes_plus_current_estore_active_identity
STMicroelectronics,STM32G041C6T6,STM32G0,STM32G041,STM32G041C6,LQFP,48,32 KiB,-40 to 85 C,,,STM32G041C6Tx,ordering_pattern,deterministic_ordering_pattern,tcl/target/stm32g0x.cfg,official_st_ordering_information_plus_retained_phase4_8b_identity,https://www.st.com/resource/en/datasheet/stm32g041c6.pdf#identity=stm32g0-phase4.8b-official-st-discovery-2026-09-09-retained-20260909T153114Z-233e9300,STMicroelectronics official,verified_st_datasheet_ordering_information_plus_retained_exact_identity
STMicroelectronics,STM32G041C8T6,STM32G0,STM32G041,STM32G041C8,LQFP,48,64 KiB,-40 to 85 C,,,STM32G041C8Tx,ordering_pattern,deterministic_ordering_pattern,tcl/target/stm32g0x.cfg,official_st_ordering_information_plus_estore_active_exact_identity,https://www.st.com/resource/en/datasheet/stm32g041c6.pdf,STMicroelectronics official,verified_st_ordering_information_codes_plus_current_estore_active_identity
STMicroelectronics,STM32G041C8U6,STM32G0,STM32G041,STM32G041C8,UFQFPN,48,64 KiB,-40 to 85 C,,,STM32G041C8Ux,ordering_pattern,deterministic_ordering_pattern,tcl/target/stm32g0x.cfg,official_st_ordering_information_plus_estore_active_exact_identity,https://www.st.com/resource/en/datasheet/stm32g041c6.pdf,STMicroelectronics official,verified_st_ordering_information_codes_plus_current_estore_active_identity
STMicroelectronics,STM32G041F6P6,STM32G0,STM32G041,STM32G041F6,TSSOP,20,32 KiB,-40 to 85 C,,,STM32G041F6Px,ordering_pattern,deterministic_ordering_pattern,tcl/target/stm32g0x.cfg,official_st_ordering_information_plus_estore_active_exact_identity,https://www.st.com/resource/en/datasheet/stm32g041c6.pdf,STMicroelectronics official,verified_st_ordering_information_codes_plus_current_estore_active_identity
STMicroelectronics,STM32G041F6P6TR,STM32G0,STM32G041,STM32G041F6,TSSOP,20,32 KiB,-40 to 85 C,TR,,STM32G041F6Px,ordering_pattern,deterministic_ordering_pattern,tcl/target/stm32g0x.cfg,official_st_ordering_information_plus_estore_active_exact_identity,https://www.st.com/resource/en/datasheet/stm32g041c6.pdf,STMicroelectronics official,verified_st_ordering_information_codes_plus_current_estore_active_identity
STMicroelectronics,STM32G041F8P6,STM32G0,STM32G041,STM32G041F8,TSSOP,20,64 KiB,-40 to 85 C,,,STM32G041F8Px,ordering_pattern,deterministic_ordering_pattern,tcl/target/stm32g0x.cfg,official_st_ordering_information_plus_estore_active_exact_identity,https://www.st.com/resource/en/datasheet/stm32g041c6.pdf,STMicroelectronics official,verified_st_ordering_information_codes_plus_current_estore_active_identity
STMicroelectronics,STM32G041G6U6,STM32G0,STM32G041,STM32G041G6,UFQFPN,28,32 KiB,-40 to 85 C,,,STM32G041G6Ux,ordering_pattern,deterministic_ordering_pattern,tcl/target/stm32g0x.cfg,official_st_ordering_information_plus_estore_active_exact_identity,https://www.st.com/resource/en/datasheet/stm32g041c6.pdf,STMicroelectronics official,verified_st_ordering_information_codes_plus_current_estore_active_identity
STMicroelectronics,STM32G041G8U6,STM32G0,STM32G041,STM32G041G8,UFQFPN,28,64 KiB,-40 to 85 C,,,STM32G041G8Ux,ordering_pattern,deterministic_ordering_pattern,tcl/target/stm32g0x.cfg,official_st_ordering_information_plus_estore_active_exact_identity,https://www.st.com/resource/en/datasheet/stm32g041c6.pdf,STMicroelectronics official,verified_st_ordering_information_codes_plus_current_estore_active_identity
STMicroelectronics,STM32G041J6M6,STM32G0,STM32G041,STM32G041J6,SO8N,8,32 KiB,-40 to 85 C,,,STM32G041J6Mx,ordering_pattern,deterministic_ordering_pattern,tcl/target/stm32g0x.cfg,official_st_ordering_information_plus_estore_active_exact_identity,https://www.st.com/resource/en/datasheet/stm32g041c6.pdf,STMicroelectronics official,verified_st_ordering_information_codes_plus_current_estore_active_identity
STMicroelectronics,STM32G041K6T6,STM32G0,STM32G041,STM32G041K6,LQFP,32,32 KiB,-40 to 85 C,,,STM32G041K6Tx,ordering_pattern,deterministic_ordering_pattern,tcl/target/stm32g0x.cfg,official_st_ordering_information_plus_estore_active_exact_identity,https://www.st.com/resource/en/datasheet/stm32g041c6.pdf,STMicroelectronics official,verified_st_ordering_information_codes_plus_current_estore_active_identity
STMicroelectronics,STM32G041K6U3,STM32G0,STM32G041,STM32G041K6,UFQFPN,32,32 KiB,-40 to 125 C,,,STM32G041K6Ux,ordering_pattern,deterministic_ordering_pattern,tcl/target/stm32g0x.cfg,official_st_ordering_information_plus_estore_active_exact_identity,https://www.st.com/resource/en/datasheet/stm32g041c6.pdf,STMicroelectronics official,verified_st_ordering_information_codes_plus_current_estore_active_identity
STMicroelectronics,STM32G041K6U3TR,STM32G0,STM32G041,STM32G041K6,UFQFPN,32,32 KiB,-40 to 125 C,TR,,STM32G041K6Ux,ordering_pattern,deterministic_ordering_pattern,tcl/target/stm32g0x.cfg,official_st_ordering_information_plus_estore_active_exact_identity,https://www.st.com/resource/en/datasheet/stm32g041c6.pdf,STMicroelectronics official,verified_st_ordering_information_codes_plus_current_estore_active_identity
STMicroelectronics,STM32G041K8T6,STM32G0,STM32G041,STM32G041K8,LQFP,32,64 KiB,-40 to 85 C,,,STM32G041K8Tx,ordering_pattern,deterministic_ordering_pattern,tcl/target/stm32g0x.cfg,official_st_ordering_information_plus_estore_active_exact_identity,https://www.st.com/resource/en/datasheet/stm32g041c6.pdf,STMicroelectronics official,verified_st_ordering_information_codes_plus_current_estore_active_identity
STMicroelectronics,STM32G041K8U6,STM32G0,STM32G041,STM32G041K8,UFQFPN,32,64 KiB,-40 to 85 C,,,STM32G041K8Ux,ordering_pattern,deterministic_ordering_pattern,tcl/target/stm32g0x.cfg,official_st_ordering_information_plus_estore_active_exact_identity,https://www.st.com/resource/en/datasheet/stm32g041c6.pdf,STMicroelectronics official,verified_st_ordering_information_codes_plus_current_estore_active_identity
STMicroelectronics,STM32G041Y8Y6TR,STM32G0,STM32G041,STM32G041Y8,WLCSP,18,64 KiB,-40 to 85 C,TR,,STM32G041Y8Yx,ordering_pattern,deterministic_ordering_pattern,tcl/target/stm32g0x.cfg,official_st_ordering_information_plus_estore_active_exact_identity,https://www.st.com/resource/en/datasheet/stm32g041c6.pdf,STMicroelectronics official,verified_st_ordering_information_codes_plus_current_estore_active_identity
STMicroelectronics,STM32G050C6T6,STM32G0,STM32G050,STM32G050C6,LQFP,48,32 KiB,-40 to 85 C,,,STM32G050C6Tx,ordering_pattern,deterministic_ordering_pattern,tcl/target/stm32g0x.cfg,official_st_ordering_information_plus_retained_phase4_8b_identity,https://www.st.com/resource/en/datasheet/stm32g050c6.pdf#identity=stm32g0-phase4.8b-official-st-discovery-2026-09-09-retained-20260909T153114Z-233e9300,STMicroelectronics official,verified_st_datasheet_ordering_information_plus_retained_exact_identity
STMicroelectronics,STM32G050C8T6,STM32G0,STM32G050,STM32G050C8,LQFP,48,64 KiB,-40 to 85 C,,,STM32G050C8Tx,ordering_pattern,deterministic_ordering_pattern,tcl/target/stm32g0x.cfg,official_st_ordering_information_plus_estore_active_exact_identity,https://www.st.com/resource/en/datasheet/stm32g050c6.pdf,STMicroelectronics official,verified_st_ordering_information_codes_plus_current_estore_active_identity
STMicroelectronics,STM32G050C8T6TR,STM32G0,STM32G050,STM32G050C8,LQFP,48,64 KiB,-40 to 85 C,TR,,STM32G050C8Tx,ordering_pattern,deterministic_ordering_pattern,tcl/target/stm32g0x.cfg,official_st_ordering_information_plus_estore_active_exact_identity,https://www.st.com/resource/en/datasheet/stm32g050c6.pdf,STMicroelectronics official,verified_st_ordering_information_codes_plus_current_estore_active_identity
STMicroelectronics,STM32G050F6P6,STM32G0,STM32G050,STM32G050F6,TSSOP,20,32 KiB,-40 to 85 C,,,STM32G050F6Px,ordering_pattern,deterministic_ordering_pattern,tcl/target/stm32g0x.cfg,official_st_ordering_information_plus_estore_active_exact_identity,https://www.st.com/resource/en/datasheet/stm32g050c6.pdf,STMicroelectronics official,verified_st_ordering_information_codes_plus_current_estore_active_identity
STMicroelectronics,STM32G050K6T6,STM32G0,STM32G050,STM32G050K6,LQFP,32,32 KiB,-40 to 85 C,,,STM32G050K6Tx,ordering_pattern,deterministic_ordering_pattern,tcl/target/stm32g0x.cfg,official_st_ordering_information_plus_estore_active_exact_identity,https://www.st.com/resource/en/datasheet/stm32g050c6.pdf,STMicroelectronics official,verified_st_ordering_information_codes_plus_current_estore_active_identity
STMicroelectronics,STM32G050K6T6TR,STM32G0,STM32G050,STM32G050K6,LQFP,32,32 KiB,-40 to 85 C,TR,,STM32G050K6Tx,ordering_pattern,deterministic_ordering_pattern,tcl/target/stm32g0x.cfg,official_st_ordering_information_plus_estore_active_exact_identity,https://www.st.com/resource/en/datasheet/stm32g050c6.pdf,STMicroelectronics official,verified_st_ordering_information_codes_plus_current_estore_active_identity
STMicroelectronics,STM32G050K8T6,STM32G0,STM32G050,STM32G050K8,LQFP,32,64 KiB,-40 to 85 C,,,STM32G050K8Tx,ordering_pattern,deterministic_ordering_pattern,tcl/target/stm32g0x.cfg,official_st_ordering_information_plus_estore_active_exact_identity,https://www.st.com/resource/en/datasheet/stm32g050c6.pdf,STMicroelectronics official,verified_st_ordering_information_codes_plus_current_estore_active_identity
STMicroelectronics,STM32G050K8T6TR,STM32G0,STM32G050,STM32G050K8,LQFP,32,64 KiB,-40 to 85 C,TR,,STM32G050K8Tx,ordering_pattern,deterministic_ordering_pattern,tcl/target/stm32g0x.cfg,official_st_ordering_information_plus_estore_active_exact_identity,https://www.st.com/resource/en/datasheet/stm32g050c6.pdf,STMicroelectronics official,verified_st_ordering_information_codes_plus_current_estore_active_identity
STMicroelectronics,STM32G051C6T6,STM32G0,STM32G051,STM32G051C6,LQFP,48,32 KiB,-40 to 85 C,,,STM32G051C6Tx,ordering_pattern,deterministic_ordering_pattern,tcl/target/stm32g0x.cfg,official_st_ordering_information_plus_retained_phase4_8b_identity,https://www.st.com/resource/en/datasheet/stm32g051c6.pdf#identity=stm32g0-phase4.8b-official-st-discovery-2026-09-09-retained-20260909T153114Z-233e9300,STMicroelectronics official,verified_st_datasheet_ordering_information_plus_retained_exact_identity
STMicroelectronics,STM32G051C6U6,STM32G0,STM32G051,STM32G051C6,UFQFPN,48,32 KiB,-40 to 85 C,,,STM32G051C6Ux,ordering_pattern,deterministic_ordering_pattern,tcl/target/stm32g0x.cfg,official_st_ordering_information_plus_retained_phase4_8b_identity,https://www.st.com/resource/en/datasheet/stm32g051c6.pdf#identity=stm32g0-phase4.8b-official-st-discovery-2026-09-09-retained-20260909T153114Z-233e9300,STMicroelectronics official,verified_st_datasheet_ordering_information_plus_retained_exact_identity
STMicroelectronics,STM32G051C6U6TR,STM32G0,STM32G051,STM32G051C6,UFQFPN,48,32 KiB,-40 to 85 C,TR,,STM32G051C6Ux,ordering_pattern,deterministic_ordering_pattern,tcl/target/stm32g0x.cfg,official_st_ordering_information_plus_retained_phase4_8b_identity,https://www.st.com/resource/en/datasheet/stm32g051c6.pdf#identity=stm32g0-phase4.8b-official-st-discovery-2026-09-09-retained-20260909T153114Z-233e9300,STMicroelectronics official,verified_st_datasheet_ordering_information_plus_retained_exact_identity
STMicroelectronics,STM32G051C6U7,STM32G0,STM32G051,STM32G051C6,UFQFPN,48,32 KiB,-40 to 105 C,,,STM32G051C6Ux,ordering_pattern,deterministic_ordering_pattern,tcl/target/stm32g0x.cfg,official_st_ordering_information_plus_retained_phase4_8b_identity,https://www.st.com/resource/en/datasheet/stm32g051c6.pdf#identity=stm32g0-phase4.8b-official-st-discovery-2026-09-09-retained-20260909T153114Z-233e9300,STMicroelectronics official,verified_st_datasheet_ordering_information_plus_retained_exact_identity
STMicroelectronics,STM32G051C6U7TR,STM32G0,STM32G051,STM32G051C6,UFQFPN,48,32 KiB,-40 to 105 C,TR,,STM32G051C6Ux,ordering_pattern,deterministic_ordering_pattern,tcl/target/stm32g0x.cfg,official_st_ordering_information_plus_retained_phase4_8b_identity,https://www.st.com/resource/en/datasheet/stm32g051c6.pdf#identity=stm32g0-phase4.8b-official-st-discovery-2026-09-09-retained-20260909T153114Z-233e9300,STMicroelectronics official,verified_st_datasheet_ordering_information_plus_retained_exact_identity
STMicroelectronics,STM32G051C8T3,STM32G0,STM32G051,STM32G051C8,LQFP,48,64 KiB,-40 to 125 C,,,STM32G051C8Tx,ordering_pattern,deterministic_ordering_pattern,tcl/target/stm32g0x.cfg,official_st_ordering_information_plus_estore_active_exact_identity,https://www.st.com/resource/en/datasheet/stm32g051c6.pdf,STMicroelectronics official,verified_st_ordering_information_codes_plus_current_estore_active_identity
STMicroelectronics,STM32G051C8T3TR,STM32G0,STM32G051,STM32G051C8,LQFP,48,64 KiB,-40 to 125 C,TR,,STM32G051C8Tx,ordering_pattern,deterministic_ordering_pattern,tcl/target/stm32g0x.cfg,official_st_ordering_information_plus_estore_active_exact_identity,https://www.st.com/resource/en/datasheet/stm32g051c6.pdf,STMicroelectronics official,verified_st_ordering_information_codes_plus_current_estore_active_identity
STMicroelectronics,STM32G051C8T6,STM32G0,STM32G051,STM32G051C8,LQFP,48,64 KiB,-40 to 85 C,,,STM32G051C8Tx,ordering_pattern,deterministic_ordering_pattern,tcl/target/stm32g0x.cfg,official_st_ordering_information_plus_estore_active_exact_identity,https://www.st.com/resource/en/datasheet/stm32g051c6.pdf,STMicroelectronics official,verified_st_ordering_information_codes_plus_current_estore_active_identity
STMicroelectronics,STM32G051C8U3,STM32G0,STM32G051,STM32G051C8,UFQFPN,48,64 KiB,-40 to 125 C,,,STM32G051C8Ux,ordering_pattern,deterministic_ordering_pattern,tcl/target/stm32g0x.cfg,official_st_ordering_information_plus_estore_active_exact_identity,https://www.st.com/resource/en/datasheet/stm32g051c6.pdf,STMicroelectronics official,verified_st_ordering_information_codes_plus_current_estore_active_identity
STMicroelectronics,STM32G051C8U3TR,STM32G0,STM32G051,STM32G051C8,UFQFPN,48,64 KiB,-40 to 125 C,TR,,STM32G051C8Ux,ordering_pattern,deterministic_ordering_pattern,tcl/target/stm32g0x.cfg,official_st_ordering_information_plus_estore_active_exact_identity,https://www.st.com/resource/en/datasheet/stm32g051c6.pdf,STMicroelectronics official,verified_st_ordering_information_codes_plus_current_estore_active_identity
STMicroelectronics,STM32G051C8U6,STM32G0,STM32G051,STM32G051C8,UFQFPN,48,64 KiB,-40 to 85 C,,,STM32G051C8Ux,ordering_pattern,deterministic_ordering_pattern,tcl/target/stm32g0x.cfg,official_st_ordering_information_plus_estore_active_exact_identity,https://www.st.com/resource/en/datasheet/stm32g051c6.pdf,STMicroelectronics official,verified_st_ordering_information_codes_plus_current_estore_active_identity
STMicroelectronics,STM32G051C8U6TR,STM32G0,STM32G051,STM32G051C8,UFQFPN,48,64 KiB,-40 to 85 C,TR,,STM32G051C8Ux,ordering_pattern,deterministic_ordering_pattern,tcl/target/stm32g0x.cfg,official_st_ordering_information_plus_estore_active_exact_identity,https://www.st.com/resource/en/datasheet/stm32g051c6.pdf,STMicroelectronics official,verified_st_ordering_information_codes_plus_current_estore_active_identity
STMicroelectronics,STM32G051C8U7,STM32G0,STM32G051,STM32G051C8,UFQFPN,48,64 KiB,-40 to 105 C,,,STM32G051C8Ux,ordering_pattern,deterministic_ordering_pattern,tcl/target/stm32g0x.cfg,official_st_ordering_information_plus_estore_active_exact_identity,https://www.st.com/resource/en/datasheet/stm32g051c6.pdf,STMicroelectronics official,verified_st_ordering_information_codes_plus_current_estore_active_identity
STMicroelectronics,STM32G051C8U7TR,STM32G0,STM32G051,STM32G051C8,UFQFPN,48,64 KiB,-40 to 105 C,TR,,STM32G051C8Ux,ordering_pattern,deterministic_ordering_pattern,tcl/target/stm32g0x.cfg,official_st_ordering_information_plus_estore_active_exact_identity,https://www.st.com/resource/en/datasheet/stm32g051c6.pdf,STMicroelectronics official,verified_st_ordering_information_codes_plus_current_estore_active_identity
STMicroelectronics,STM32G051F6P6,STM32G0,STM32G051,STM32G051F6,TSSOP,20,32 KiB,-40 to 85 C,,,STM32G051F6Px,ordering_pattern,deterministic_ordering_pattern,tcl/target/stm32g0x.cfg,official_st_ordering_information_plus_estore_active_exact_identity,https://www.st.com/resource/en/datasheet/stm32g051c6.pdf,STMicroelectronics official,verified_st_ordering_information_codes_plus_current_estore_active_identity
STMicroelectronics,STM32G051F8P3,STM32G0,STM32G051,STM32G051F8,TSSOP,20,64 KiB,-40 to 125 C,,,STM32G051F8Px,ordering_pattern,deterministic_ordering_pattern,tcl/target/stm32g0x.cfg,official_st_ordering_information_plus_estore_active_exact_identity,https://www.st.com/resource/en/datasheet/stm32g051c6.pdf,STMicroelectronics official,verified_st_ordering_information_codes_plus_current_estore_active_identity
STMicroelectronics,STM32G051F8P3TR,STM32G0,STM32G051,STM32G051F8,TSSOP,20,64 KiB,-40 to 125 C,TR,,STM32G051F8Px,ordering_pattern,deterministic_ordering_pattern,tcl/target/stm32g0x.cfg,official_st_ordering_information_plus_estore_active_exact_identity,https://www.st.com/resource/en/datasheet/stm32g051c6.pdf,STMicroelectronics official,verified_st_ordering_information_codes_plus_current_estore_active_identity
STMicroelectronics,STM32G051F8P6,STM32G0,STM32G051,STM32G051F8,TSSOP,20,64 KiB,-40 to 85 C,,,STM32G051F8Px,ordering_pattern,deterministic_ordering_pattern,tcl/target/stm32g0x.cfg,official_st_ordering_information_plus_estore_active_exact_identity,https://www.st.com/resource/en/datasheet/stm32g051c6.pdf,STMicroelectronics official,verified_st_ordering_information_codes_plus_current_estore_active_identity
STMicroelectronics,STM32G051F8P6TR,STM32G0,STM32G051,STM32G051F8,TSSOP,20,64 KiB,-40 to 85 C,TR,,STM32G051F8Px,ordering_pattern,deterministic_ordering_pattern,tcl/target/stm32g0x.cfg,official_st_ordering_information_plus_estore_active_exact_identity,https://www.st.com/resource/en/datasheet/stm32g051c6.pdf,STMicroelectronics official,verified_st_ordering_information_codes_plus_current_estore_active_identity
STMicroelectronics,STM32G051F8Y3TR,STM32G0,STM32G051,STM32G051F8,WLCSP,20,64 KiB,-40 to 125 C,TR,,STM32G051F8Yx,ordering_pattern,deterministic_ordering_pattern,tcl/target/stm32g0x.cfg,official_st_ordering_information_plus_estore_active_exact_identity,https://www.st.com/resource/en/datasheet/stm32g051c6.pdf,STMicroelectronics official,verified_st_ordering_information_codes_plus_current_estore_active_identity
STMicroelectronics,STM32G051F8Y6TR,STM32G0,STM32G051,STM32G051F8,WLCSP,20,64 KiB,-40 to 85 C,TR,,STM32G051F8Yx,ordering_pattern,deterministic_ordering_pattern,tcl/target/stm32g0x.cfg,official_st_ordering_information_plus_estore_active_exact_identity,https://www.st.com/resource/en/datasheet/stm32g051c6.pdf,STMicroelectronics official,verified_st_ordering_information_codes_plus_current_estore_active_identity
STMicroelectronics,STM32G051G6U3,STM32G0,STM32G051,STM32G051G6,UFQFPN,28,32 KiB,-40 to 125 C,,,STM32G051G6Ux,ordering_pattern,deterministic_ordering_pattern,tcl/target/stm32g0x.cfg,official_st_ordering_information_plus_estore_active_exact_identity,https://www.st.com/resource/en/datasheet/stm32g051c6.pdf,STMicroelectronics official,verified_st_ordering_information_codes_plus_current_estore_active_identity
STMicroelectronics,STM32G051G6U3TR,STM32G0,STM32G051,STM32G051G6,UFQFPN,28,32 KiB,-40 to 125 C,TR,,STM32G051G6Ux,ordering_pattern,deterministic_ordering_pattern,tcl/target/stm32g0x.cfg,official_st_ordering_information_plus_estore_active_exact_identity,https://www.st.com/resource/en/datasheet/stm32g051c6.pdf,STMicroelectronics official,verified_st_ordering_information_codes_plus_current_estore_active_identity
STMicroelectronics,STM32G051G6U6,STM32G0,STM32G051,STM32G051G6,UFQFPN,28,32 KiB,-40 to 85 C,,,STM32G051G6Ux,ordering_pattern,deterministic_ordering_pattern,tcl/target/stm32g0x.cfg,official_st_ordering_information_plus_estore_active_exact_identity,https://www.st.com/resource/en/datasheet/stm32g051c6.pdf,STMicroelectronics official,verified_st_ordering_information_codes_plus_current_estore_active_identity
STMicroelectronics,STM32G051G8U3,STM32G0,STM32G051,STM32G051G8,UFQFPN,28,64 KiB,-40 to 125 C,,,STM32G051G8Ux,ordering_pattern,deterministic_ordering_pattern,tcl/target/stm32g0x.cfg,official_st_ordering_information_plus_estore_active_exact_identity,https://www.st.com/resource/en/datasheet/stm32g051c6.pdf,STMicroelectronics official,verified_st_ordering_information_codes_plus_current_estore_active_identity
STMicroelectronics,STM32G051G8U3TR,STM32G0,STM32G051,STM32G051G8,UFQFPN,28,64 KiB,-40 to 125 C,TR,,STM32G051G8Ux,ordering_pattern,deterministic_ordering_pattern,tcl/target/stm32g0x.cfg,official_st_ordering_information_plus_estore_active_exact_identity,https://www.st.com/resource/en/datasheet/stm32g051c6.pdf,STMicroelectronics official,verified_st_ordering_information_codes_plus_current_estore_active_identity
STMicroelectronics,STM32G051G8U6,STM32G0,STM32G051,STM32G051G8,UFQFPN,28,64 KiB,-40 to 85 C,,,STM32G051G8Ux,ordering_pattern,deterministic_ordering_pattern,tcl/target/stm32g0x.cfg,official_st_ordering_information_plus_estore_active_exact_identity,https://www.st.com/resource/en/datasheet/stm32g051c6.pdf,STMicroelectronics official,verified_st_ordering_information_codes_plus_current_estore_active_identity
STMicroelectronics,STM32G051G8U6TR,STM32G0,STM32G051,STM32G051G8,UFQFPN,28,64 KiB,-40 to 85 C,TR,,STM32G051G8Ux,ordering_pattern,deterministic_ordering_pattern,tcl/target/stm32g0x.cfg,official_st_ordering_information_plus_estore_active_exact_identity,https://www.st.com/resource/en/datasheet/stm32g051c6.pdf,STMicroelectronics official,verified_st_ordering_information_codes_plus_current_estore_active_identity
STMicroelectronics,STM32G051K6T6,STM32G0,STM32G051,STM32G051K6,LQFP,32,32 KiB,-40 to 85 C,,,STM32G051K6Tx,ordering_pattern,deterministic_ordering_pattern,tcl/target/stm32g0x.cfg,official_st_ordering_information_plus_estore_active_exact_identity,https://www.st.com/resource/en/datasheet/stm32g051c6.pdf,STMicroelectronics official,verified_st_ordering_information_codes_plus_current_estore_active_identity
STMicroelectronics,STM32G051K6U6,STM32G0,STM32G051,STM32G051K6,UFQFPN,32,32 KiB,-40 to 85 C,,,STM32G051K6Ux,ordering_pattern,deterministic_ordering_pattern,tcl/target/stm32g0x.cfg,official_st_ordering_information_plus_estore_active_exact_identity,https://www.st.com/resource/en/datasheet/stm32g051c6.pdf,STMicroelectronics official,verified_st_ordering_information_codes_plus_current_estore_active_identity
STMicroelectronics,STM32G051K6U7,STM32G0,STM32G051,STM32G051K6,UFQFPN,32,32 KiB,-40 to 105 C,,,STM32G051K6Ux,ordering_pattern,deterministic_ordering_pattern,tcl/target/stm32g0x.cfg,official_st_ordering_information_plus_estore_active_exact_identity,https://www.st.com/resource/en/datasheet/stm32g051c6.pdf,STMicroelectronics official,verified_st_ordering_information_codes_plus_current_estore_active_identity
STMicroelectronics,STM32G051K6U7TR,STM32G0,STM32G051,STM32G051K6,UFQFPN,32,32 KiB,-40 to 105 C,TR,,STM32G051K6Ux,ordering_pattern,deterministic_ordering_pattern,tcl/target/stm32g0x.cfg,official_st_ordering_information_plus_estore_active_exact_identity,https://www.st.com/resource/en/datasheet/stm32g051c6.pdf,STMicroelectronics official,verified_st_ordering_information_codes_plus_current_estore_active_identity
STMicroelectronics,STM32G051K8T6,STM32G0,STM32G051,STM32G051K8,LQFP,32,64 KiB,-40 to 85 C,,,STM32G051K8Tx,ordering_pattern,deterministic_ordering_pattern,tcl/target/stm32g0x.cfg,official_st_ordering_information_plus_estore_active_exact_identity,https://www.st.com/resource/en/datasheet/stm32g051c6.pdf,STMicroelectronics official,verified_st_ordering_information_codes_plus_current_estore_active_identity
STMicroelectronics,STM32G051K8T6TR,STM32G0,STM32G051,STM32G051K8,LQFP,32,64 KiB,-40 to 85 C,TR,,STM32G051K8Tx,ordering_pattern,deterministic_ordering_pattern,tcl/target/stm32g0x.cfg,official_st_ordering_information_plus_estore_active_exact_identity,https://www.st.com/resource/en/datasheet/stm32g051c6.pdf,STMicroelectronics official,verified_st_ordering_information_codes_plus_current_estore_active_identity
STMicroelectronics,STM32G051K8T7,STM32G0,STM32G051,STM32G051K8,LQFP,32,64 KiB,-40 to 105 C,,,STM32G051K8Tx,ordering_pattern,deterministic_ordering_pattern,tcl/target/stm32g0x.cfg,official_st_ordering_information_plus_estore_active_exact_identity,https://www.st.com/resource/en/datasheet/stm32g051c6.pdf,STMicroelectronics official,verified_st_ordering_information_codes_plus_current_estore_active_identity
STMicroelectronics,STM32G051K8T7TR,STM32G0,STM32G051,STM32G051K8,LQFP,32,64 KiB,-40 to 105 C,TR,,STM32G051K8Tx,ordering_pattern,deterministic_ordering_pattern,tcl/target/stm32g0x.cfg,official_st_ordering_information_plus_estore_active_exact_identity,https://www.st.com/resource/en/datasheet/stm32g051c6.pdf,STMicroelectronics official,verified_st_ordering_information_codes_plus_current_estore_active_identity
STMicroelectronics,STM32G051K8U6,STM32G0,STM32G051,STM32G051K8,UFQFPN,32,64 KiB,-40 to 85 C,,,STM32G051K8Ux,ordering_pattern,deterministic_ordering_pattern,tcl/target/stm32g0x.cfg,official_st_ordering_information_plus_estore_active_exact_identity,https://www.st.com/resource/en/datasheet/stm32g051c6.pdf,STMicroelectronics official,verified_st_ordering_information_codes_plus_current_estore_active_identity
STMicroelectronics,STM32G051K8U7,STM32G0,STM32G051,STM32G051K8,UFQFPN,32,64 KiB,-40 to 105 C,,,STM32G051K8Ux,ordering_pattern,deterministic_ordering_pattern,tcl/target/stm32g0x.cfg,official_st_ordering_information_plus_estore_active_exact_identity,https://www.st.com/resource/en/datasheet/stm32g051c6.pdf,STMicroelectronics official,verified_st_ordering_information_codes_plus_current_estore_active_identity
STMicroelectronics,STM32G051K8U7TR,STM32G0,STM32G051,STM32G051K8,UFQFPN,32,64 KiB,-40 to 105 C,TR,,STM32G051K8Ux,ordering_pattern,deterministic_ordering_pattern,tcl/target/stm32g0x.cfg,official_st_ordering_information_plus_estore_active_exact_identity,https://www.st.com/resource/en/datasheet/stm32g051c6.pdf,STMicroelectronics official,verified_st_ordering_information_codes_plus_current_estore_active_identity
STMicroelectronics,STM32G061C6T6,STM32G0,STM32G061,STM32G061C6,LQFP,48,32 KiB,-40 to 85 C,,,STM32G061C6Tx,ordering_pattern,deterministic_ordering_pattern,tcl/target/stm32g0x.cfg,official_st_ordering_information_plus_retained_phase4_8b_identity,https://www.st.com/resource/en/datasheet/stm32g061c6.pdf#identity=stm32g0-phase4.8b-official-st-discovery-2026-09-09-retained-20260909T153114Z-233e9300,STMicroelectronics official,verified_st_datasheet_ordering_information_plus_retained_exact_identity
STMicroelectronics,STM32G061C6U6,STM32G0,STM32G061,STM32G061C6,UFQFPN,48,32 KiB,-40 to 85 C,,,STM32G061C6Ux,ordering_pattern,deterministic_ordering_pattern,tcl/target/stm32g0x.cfg,official_st_ordering_information_plus_retained_phase4_8b_identity,https://www.st.com/resource/en/datasheet/stm32g061c6.pdf#identity=stm32g0-phase4.8b-official-st-discovery-2026-09-09-retained-20260909T153114Z-233e9300,STMicroelectronics official,verified_st_datasheet_ordering_information_plus_retained_exact_identity
STMicroelectronics,STM32G061C8T6,STM32G0,STM32G061,STM32G061C8,LQFP,48,64 KiB,-40 to 85 C,,,STM32G061C8Tx,ordering_pattern,deterministic_ordering_pattern,tcl/target/stm32g0x.cfg,official_st_ordering_information_plus_estore_active_exact_identity,https://www.st.com/resource/en/datasheet/stm32g061c6.pdf,STMicroelectronics official,verified_st_ordering_information_codes_plus_current_estore_active_identity
STMicroelectronics,STM32G061C8T6TR,STM32G0,STM32G061,STM32G061C8,LQFP,48,64 KiB,-40 to 85 C,TR,,STM32G061C8Tx,ordering_pattern,deterministic_ordering_pattern,tcl/target/stm32g0x.cfg,official_st_ordering_information_plus_estore_active_exact_identity,https://www.st.com/resource/en/datasheet/stm32g061c6.pdf,STMicroelectronics official,verified_st_ordering_information_codes_plus_current_estore_active_identity
STMicroelectronics,STM32G061C8U6,STM32G0,STM32G061,STM32G061C8,UFQFPN,48,64 KiB,-40 to 85 C,,,STM32G061C8Ux,ordering_pattern,deterministic_ordering_pattern,tcl/target/stm32g0x.cfg,official_st_ordering_information_plus_estore_active_exact_identity,https://www.st.com/resource/en/datasheet/stm32g061c6.pdf,STMicroelectronics official,verified_st_ordering_information_codes_plus_current_estore_active_identity
STMicroelectronics,STM32G061F6P6,STM32G0,STM32G061,STM32G061F6,TSSOP,20,32 KiB,-40 to 85 C,,,STM32G061F6Px,ordering_pattern,deterministic_ordering_pattern,tcl/target/stm32g0x.cfg,official_st_ordering_information_plus_estore_active_exact_identity,https://www.st.com/resource/en/datasheet/stm32g061c6.pdf,STMicroelectronics official,verified_st_ordering_information_codes_plus_current_estore_active_identity
STMicroelectronics,STM32G061F8P6,STM32G0,STM32G061,STM32G061F8,TSSOP,20,64 KiB,-40 to 85 C,,,STM32G061F8Px,ordering_pattern,deterministic_ordering_pattern,tcl/target/stm32g0x.cfg,official_st_ordering_information_plus_estore_active_exact_identity,https://www.st.com/resource/en/datasheet/stm32g061c6.pdf,STMicroelectronics official,verified_st_ordering_information_codes_plus_current_estore_active_identity
STMicroelectronics,STM32G061F8Y6TR,STM32G0,STM32G061,STM32G061F8,WLCSP,20,64 KiB,-40 to 85 C,TR,,STM32G061F8Yx,ordering_pattern,deterministic_ordering_pattern,tcl/target/stm32g0x.cfg,official_st_ordering_information_plus_estore_active_exact_identity,https://www.st.com/resource/en/datasheet/stm32g061c6.pdf,STMicroelectronics official,verified_st_ordering_information_codes_plus_current_estore_active_identity
STMicroelectronics,STM32G061G6U6,STM32G0,STM32G061,STM32G061G6,UFQFPN,28,32 KiB,-40 to 85 C,,,STM32G061G6Ux,ordering_pattern,deterministic_ordering_pattern,tcl/target/stm32g0x.cfg,official_st_ordering_information_plus_estore_active_exact_identity,https://www.st.com/resource/en/datasheet/stm32g061c6.pdf,STMicroelectronics official,verified_st_ordering_information_codes_plus_current_estore_active_identity
STMicroelectronics,STM32G061G8U6,STM32G0,STM32G061,STM32G061G8,UFQFPN,28,64 KiB,-40 to 85 C,,,STM32G061G8Ux,ordering_pattern,deterministic_ordering_pattern,tcl/target/stm32g0x.cfg,official_st_ordering_information_plus_estore_active_exact_identity,https://www.st.com/resource/en/datasheet/stm32g061c6.pdf,STMicroelectronics official,verified_st_ordering_information_codes_plus_current_estore_active_identity
STMicroelectronics,STM32G061G8U6TR,STM32G0,STM32G061,STM32G061G8,UFQFPN,28,64 KiB,-40 to 85 C,TR,,STM32G061G8Ux,ordering_pattern,deterministic_ordering_pattern,tcl/target/stm32g0x.cfg,official_st_ordering_information_plus_estore_active_exact_identity,https://www.st.com/resource/en/datasheet/stm32g061c6.pdf,STMicroelectronics official,verified_st_ordering_information_codes_plus_current_estore_active_identity
STMicroelectronics,STM32G061K6T6,STM32G0,STM32G061,STM32G061K6,LQFP,32,32 KiB,-40 to 85 C,,,STM32G061K6Tx,ordering_pattern,deterministic_ordering_pattern,tcl/target/stm32g0x.cfg,official_st_ordering_information_plus_estore_active_exact_identity,https://www.st.com/resource/en/datasheet/stm32g061c6.pdf,STMicroelectronics official,verified_st_ordering_information_codes_plus_current_estore_active_identity
STMicroelectronics,STM32G061K6U6,STM32G0,STM32G061,STM32G061K6,UFQFPN,32,32 KiB,-40 to 85 C,,,STM32G061K6Ux,ordering_pattern,deterministic_ordering_pattern,tcl/target/stm32g0x.cfg,official_st_ordering_information_plus_estore_active_exact_identity,https://www.st.com/resource/en/datasheet/stm32g061c6.pdf,STMicroelectronics official,verified_st_ordering_information_codes_plus_current_estore_active_identity
STMicroelectronics,STM32G061K8T6,STM32G0,STM32G061,STM32G061K8,LQFP,32,64 KiB,-40 to 85 C,,,STM32G061K8Tx,ordering_pattern,deterministic_ordering_pattern,tcl/target/stm32g0x.cfg,official_st_ordering_information_plus_estore_active_exact_identity,https://www.st.com/resource/en/datasheet/stm32g061c6.pdf,STMicroelectronics official,verified_st_ordering_information_codes_plus_current_estore_active_identity
STMicroelectronics,STM32G061K8U6,STM32G0,STM32G061,STM32G061K8,UFQFPN,32,64 KiB,-40 to 85 C,,,STM32G061K8Ux,ordering_pattern,deterministic_ordering_pattern,tcl/target/stm32g0x.cfg,official_st_ordering_information_plus_estore_active_exact_identity,https://www.st.com/resource/en/datasheet/stm32g061c6.pdf,STMicroelectronics official,verified_st_ordering_information_codes_plus_current_estore_active_identity
STMicroelectronics,STM32G070CBT6,STM32G0,STM32G070,STM32G070CB,LQFP,48,128 KiB,-40 to 85 C,,,STM32G070CBTx,ordering_pattern,deterministic_ordering_pattern,tcl/target/stm32g0x.cfg,official_st_ordering_information_plus_retained_phase4_8b_identity,https://www.st.com/resource/en/datasheet/stm32g070cb.pdf#identity=stm32g0-phase4.8b-official-st-discovery-2026-09-09-retained-20260909T153114Z-233e9300,STMicroelectronics official,verified_st_datasheet_ordering_information_plus_retained_exact_identity
STMicroelectronics,STM32G070CBT6TR,STM32G0,STM32G070,STM32G070CB,LQFP,48,128 KiB,-40 to 85 C,TR,,STM32G070CBTx,ordering_pattern,deterministic_ordering_pattern,tcl/target/stm32g0x.cfg,official_st_ordering_information_plus_retained_phase4_8b_identity,https://www.st.com/resource/en/datasheet/stm32g070cb.pdf#identity=stm32g0-phase4.8b-official-st-discovery-2026-09-09-retained-20260909T153114Z-233e9300,STMicroelectronics official,verified_st_datasheet_ordering_information_plus_retained_exact_identity
STMicroelectronics,STM32G070KBT6,STM32G0,STM32G070,STM32G070KB,LQFP,32,128 KiB,-40 to 85 C,,,STM32G070KBTx,ordering_pattern,deterministic_ordering_pattern,tcl/target/stm32g0x.cfg,official_st_ordering_information_plus_estore_active_exact_identity,https://www.st.com/resource/en/datasheet/stm32g070cb.pdf,STMicroelectronics official,verified_st_ordering_information_codes_plus_current_estore_active_identity
STMicroelectronics,STM32G070KBT6TR,STM32G0,STM32G070,STM32G070KB,LQFP,32,128 KiB,-40 to 85 C,TR,,STM32G070KBTx,ordering_pattern,deterministic_ordering_pattern,tcl/target/stm32g0x.cfg,official_st_ordering_information_plus_estore_active_exact_identity,https://www.st.com/resource/en/datasheet/stm32g070cb.pdf,STMicroelectronics official,verified_st_ordering_information_codes_plus_current_estore_active_identity
STMicroelectronics,STM32G070RBT6,STM32G0,STM32G070,STM32G070RB,LQFP,64,128 KiB,-40 to 85 C,,,STM32G070RBTx,ordering_pattern,deterministic_ordering_pattern,tcl/target/stm32g0x.cfg,official_st_ordering_information_plus_estore_active_exact_identity,https://www.st.com/resource/en/datasheet/stm32g070cb.pdf,STMicroelectronics official,verified_st_ordering_information_codes_plus_current_estore_active_identity
STMicroelectronics,STM32G070RBT6TR,STM32G0,STM32G070,STM32G070RB,LQFP,64,128 KiB,-40 to 85 C,TR,,STM32G070RBTx,ordering_pattern,deterministic_ordering_pattern,tcl/target/stm32g0x.cfg,official_st_ordering_information_plus_estore_active_exact_identity,https://www.st.com/resource/en/datasheet/stm32g070cb.pdf,STMicroelectronics official,verified_st_ordering_information_codes_plus_current_estore_active_identity
STMicroelectronics,STM32G071C8T3,STM32G0,STM32G071,STM32G071C8,LQFP,48,64 KiB,-40 to 125 C,,,STM32G071C8Tx,ordering_pattern,deterministic_ordering_pattern,tcl/target/stm32g0x.cfg,official_st_ordering_information_plus_retained_phase4_8b_identity,https://www.st.com/resource/en/datasheet/stm32g071c8.pdf#identity=stm32g0-phase4.8b-official-st-discovery-2026-09-09-retained-20260909T153114Z-233e9300,STMicroelectronics official,verified_st_datasheet_ordering_information_plus_retained_exact_identity
STMicroelectronics,STM32G071C8T3TR,STM32G0,STM32G071,STM32G071C8,LQFP,48,64 KiB,-40 to 125 C,TR,,STM32G071C8Tx,ordering_pattern,deterministic_ordering_pattern,tcl/target/stm32g0x.cfg,official_st_ordering_information_plus_retained_phase4_8b_identity,https://www.st.com/resource/en/datasheet/stm32g071c8.pdf#identity=stm32g0-phase4.8b-official-st-discovery-2026-09-09-retained-20260909T153114Z-233e9300,STMicroelectronics official,verified_st_datasheet_ordering_information_plus_retained_exact_identity
STMicroelectronics,STM32G071C8T6,STM32G0,STM32G071,STM32G071C8,LQFP,48,64 KiB,-40 to 85 C,,,STM32G071C8Tx,ordering_pattern,deterministic_ordering_pattern,tcl/target/stm32g0x.cfg,official_st_ordering_information_plus_retained_phase4_8b_identity,https://www.st.com/resource/en/datasheet/stm32g071c8.pdf#identity=stm32g0-phase4.8b-official-st-discovery-2026-09-09-retained-20260909T153114Z-233e9300,STMicroelectronics official,verified_st_datasheet_ordering_information_plus_retained_exact_identity
STMicroelectronics,STM32G071C8T6TR,STM32G0,STM32G071,STM32G071C8,LQFP,48,64 KiB,-40 to 85 C,TR,,STM32G071C8Tx,ordering_pattern,deterministic_ordering_pattern,tcl/target/stm32g0x.cfg,official_st_ordering_information_plus_retained_phase4_8b_identity,https://www.st.com/resource/en/datasheet/stm32g071c8.pdf#identity=stm32g0-phase4.8b-official-st-discovery-2026-09-09-retained-20260909T153114Z-233e9300,STMicroelectronics official,verified_st_datasheet_ordering_information_plus_retained_exact_identity
STMicroelectronics,STM32G071C8T7,STM32G0,STM32G071,STM32G071C8,LQFP,48,64 KiB,-40 to 105 C,,,STM32G071C8Tx,ordering_pattern,deterministic_ordering_pattern,tcl/target/stm32g0x.cfg,official_st_ordering_information_plus_retained_phase4_8b_identity,https://www.st.com/resource/en/datasheet/stm32g071c8.pdf#identity=stm32g0-phase4.8b-official-st-discovery-2026-09-09-retained-20260909T153114Z-233e9300,STMicroelectronics official,verified_st_datasheet_ordering_information_plus_retained_exact_identity
STMicroelectronics,STM32G071C8T7TR,STM32G0,STM32G071,STM32G071C8,LQFP,48,64 KiB,-40 to 105 C,TR,,STM32G071C8Tx,ordering_pattern,deterministic_ordering_pattern,tcl/target/stm32g0x.cfg,official_st_ordering_information_plus_retained_phase4_8b_identity,https://www.st.com/resource/en/datasheet/stm32g071c8.pdf#identity=stm32g0-phase4.8b-official-st-discovery-2026-09-09-retained-20260909T153114Z-233e9300,STMicroelectronics official,verified_st_datasheet_ordering_information_plus_retained_exact_identity
STMicroelectronics,STM32G071C8U3,STM32G0,STM32G071,STM32G071C8,UFQFPN,48,64 KiB,-40 to 125 C,,,STM32G071C8Ux,ordering_pattern,deterministic_ordering_pattern,tcl/target/stm32g0x.cfg,official_st_ordering_information_plus_retained_phase4_8b_identity,https://www.st.com/resource/en/datasheet/stm32g071c8.pdf#identity=stm32g0-phase4.8b-official-st-discovery-2026-09-09-retained-20260909T153114Z-233e9300,STMicroelectronics official,verified_st_datasheet_ordering_information_plus_retained_exact_identity
STMicroelectronics,STM32G071C8U3TR,STM32G0,STM32G071,STM32G071C8,UFQFPN,48,64 KiB,-40 to 125 C,TR,,STM32G071C8Ux,ordering_pattern,deterministic_ordering_pattern,tcl/target/stm32g0x.cfg,official_st_ordering_information_plus_retained_phase4_8b_identity,https://www.st.com/resource/en/datasheet/stm32g071c8.pdf#identity=stm32g0-phase4.8b-official-st-discovery-2026-09-09-retained-20260909T153114Z-233e9300,STMicroelectronics official,verified_st_datasheet_ordering_information_plus_retained_exact_identity
STMicroelectronics,STM32G071C8U6TR,STM32G0,STM32G071,STM32G071C8,UFQFPN,48,64 KiB,-40 to 85 C,TR,,STM32G071C8Ux,ordering_pattern,deterministic_ordering_pattern,tcl/target/stm32g0x.cfg,official_st_ordering_information_plus_retained_phase4_8b_identity,https://www.st.com/resource/en/datasheet/stm32g071c8.pdf#identity=stm32g0-phase4.8b-official-st-discovery-2026-09-09-retained-20260909T153114Z-233e9300,STMicroelectronics official,verified_st_datasheet_ordering_information_plus_retained_exact_identity
STMicroelectronics,STM32G071C8U7,STM32G0,STM32G071,STM32G071C8,UFQFPN,48,64 KiB,-40 to 105 C,,,STM32G071C8Ux,ordering_pattern,deterministic_ordering_pattern,tcl/target/stm32g0x.cfg,official_st_ordering_information_plus_retained_phase4_8b_identity,https://www.st.com/resource/en/datasheet/stm32g071c8.pdf#identity=stm32g0-phase4.8b-official-st-discovery-2026-09-09-retained-20260909T153114Z-233e9300,STMicroelectronics official,verified_st_datasheet_ordering_information_plus_retained_exact_identity
STMicroelectronics,STM32G071C8U7TR,STM32G0,STM32G071,STM32G071C8,UFQFPN,48,64 KiB,-40 to 105 C,TR,,STM32G071C8Ux,ordering_pattern,deterministic_ordering_pattern,tcl/target/stm32g0x.cfg,official_st_ordering_information_plus_retained_phase4_8b_identity,https://www.st.com/resource/en/datasheet/stm32g071c8.pdf#identity=stm32g0-phase4.8b-official-st-discovery-2026-09-09-retained-20260909T153114Z-233e9300,STMicroelectronics official,verified_st_datasheet_ordering_information_plus_retained_exact_identity
STMicroelectronics,STM32G071CBT3,STM32G0,STM32G071,STM32G071CB,LQFP,48,128 KiB,-40 to 125 C,,,STM32G071CBTx,ordering_pattern,deterministic_ordering_pattern,tcl/target/stm32g0x.cfg,official_st_ordering_information_plus_estore_active_exact_identity,https://www.st.com/resource/en/datasheet/stm32g071c8.pdf,STMicroelectronics official,verified_st_ordering_information_codes_plus_current_estore_active_identity
STMicroelectronics,STM32G071CBT3TR,STM32G0,STM32G071,STM32G071CB,LQFP,48,128 KiB,-40 to 125 C,TR,,STM32G071CBTx,ordering_pattern,deterministic_ordering_pattern,tcl/target/stm32g0x.cfg,official_st_ordering_information_plus_estore_active_exact_identity,https://www.st.com/resource/en/datasheet/stm32g071c8.pdf,STMicroelectronics official,verified_st_ordering_information_codes_plus_current_estore_active_identity
STMicroelectronics,STM32G071CBT6,STM32G0,STM32G071,STM32G071CB,LQFP,48,128 KiB,-40 to 85 C,,,STM32G071CBTx,ordering_pattern,deterministic_ordering_pattern,tcl/target/stm32g0x.cfg,official_st_ordering_information_plus_estore_active_exact_identity,https://www.st.com/resource/en/datasheet/stm32g071c8.pdf,STMicroelectronics official,verified_st_ordering_information_codes_plus_current_estore_active_identity
STMicroelectronics,STM32G071CBT6TR,STM32G0,STM32G071,STM32G071CB,LQFP,48,128 KiB,-40 to 85 C,TR,,STM32G071CBTx,ordering_pattern,deterministic_ordering_pattern,tcl/target/stm32g0x.cfg,official_st_ordering_information_plus_estore_active_exact_identity,https://www.st.com/resource/en/datasheet/stm32g071c8.pdf,STMicroelectronics official,verified_st_ordering_information_codes_plus_current_estore_active_identity
STMicroelectronics,STM32G071CBT7,STM32G0,STM32G071,STM32G071CB,LQFP,48,128 KiB,-40 to 105 C,,,STM32G071CBTx,ordering_pattern,deterministic_ordering_pattern,tcl/target/stm32g0x.cfg,official_st_ordering_information_plus_estore_active_exact_identity,https://www.st.com/resource/en/datasheet/stm32g071c8.pdf,STMicroelectronics official,verified_st_ordering_information_codes_plus_current_estore_active_identity
STMicroelectronics,STM32G071CBT7TR,STM32G0,STM32G071,STM32G071CB,LQFP,48,128 KiB,-40 to 105 C,TR,,STM32G071CBTx,ordering_pattern,deterministic_ordering_pattern,tcl/target/stm32g0x.cfg,official_st_ordering_information_plus_estore_active_exact_identity,https://www.st.com/resource/en/datasheet/stm32g071c8.pdf,STMicroelectronics official,verified_st_ordering_information_codes_plus_current_estore_active_identity
STMicroelectronics,STM32G071CBU3,STM32G0,STM32G071,STM32G071CB,UFQFPN,48,128 KiB,-40 to 125 C,,,STM32G071CBUx,ordering_pattern,deterministic_ordering_pattern,tcl/target/stm32g0x.cfg,official_st_ordering_information_plus_estore_active_exact_identity,https://www.st.com/resource/en/datasheet/stm32g071c8.pdf,STMicroelectronics official,verified_st_ordering_information_codes_plus_current_estore_active_identity
STMicroelectronics,STM32G071CBU3TR,STM32G0,STM32G071,STM32G071CB,UFQFPN,48,128 KiB,-40 to 125 C,TR,,STM32G071CBUx,ordering_pattern,deterministic_ordering_pattern,tcl/target/stm32g0x.cfg,official_st_ordering_information_plus_estore_active_exact_identity,https://www.st.com/resource/en/datasheet/stm32g071c8.pdf,STMicroelectronics official,verified_st_ordering_information_codes_plus_current_estore_active_identity
STMicroelectronics,STM32G071CBU6,STM32G0,STM32G071,STM32G071CB,UFQFPN,48,128 KiB,-40 to 85 C,,,STM32G071CBUx,ordering_pattern,deterministic_ordering_pattern,tcl/target/stm32g0x.cfg,official_st_ordering_information_plus_estore_active_exact_identity,https://www.st.com/resource/en/datasheet/stm32g071c8.pdf,STMicroelectronics official,verified_st_ordering_information_codes_plus_current_estore_active_identity
STMicroelectronics,STM32G071CBU6TR,STM32G0,STM32G071,STM32G071CB,UFQFPN,48,128 KiB,-40 to 85 C,TR,,STM32G071CBUx,ordering_pattern,deterministic_ordering_pattern,tcl/target/stm32g0x.cfg,official_st_ordering_information_plus_estore_active_exact_identity,https://www.st.com/resource/en/datasheet/stm32g071c8.pdf,STMicroelectronics official,verified_st_ordering_information_codes_plus_current_estore_active_identity
STMicroelectronics,STM32G071CBU7,STM32G0,STM32G071,STM32G071CB,UFQFPN,48,128 KiB,-40 to 105 C,,,STM32G071CBUx,ordering_pattern,deterministic_ordering_pattern,tcl/target/stm32g0x.cfg,official_st_ordering_information_plus_estore_active_exact_identity,https://www.st.com/resource/en/datasheet/stm32g071c8.pdf,STMicroelectronics official,verified_st_ordering_information_codes_plus_current_estore_active_identity
STMicroelectronics,STM32G071CBU7TR,STM32G0,STM32G071,STM32G071CB,UFQFPN,48,128 KiB,-40 to 105 C,TR,,STM32G071CBUx,ordering_pattern,deterministic_ordering_pattern,tcl/target/stm32g0x.cfg,official_st_ordering_information_plus_estore_active_exact_identity,https://www.st.com/resource/en/datasheet/stm32g071c8.pdf,STMicroelectronics official,verified_st_ordering_information_codes_plus_current_estore_active_identity
STMicroelectronics,STM32G071EBY3TR,STM32G0,STM32G071,STM32G071EB,WLCSP,25,128 KiB,-40 to 125 C,TR,,STM32G071EBYx,ordering_pattern,deterministic_ordering_pattern,tcl/target/stm32g0x.cfg,official_st_ordering_information_plus_estore_active_exact_identity,https://www.st.com/resource/en/datasheet/stm32g071c8.pdf,STMicroelectronics official,verified_st_ordering_information_codes_plus_current_estore_active_identity
STMicroelectronics,STM32G071EBY6TR,STM32G0,STM32G071,STM32G071EB,WLCSP,25,128 KiB,-40 to 85 C,TR,,STM32G071EBYx,ordering_pattern,deterministic_ordering_pattern,tcl/target/stm32g0x.cfg,official_st_ordering_information_plus_estore_active_exact_identity,https://www.st.com/resource/en/datasheet/stm32g071c8.pdf,STMicroelectronics official,verified_st_ordering_information_codes_plus_current_estore_active_identity
STMicroelectronics,STM32G071G8U6,STM32G0,STM32G071,STM32G071G8,UFQFPN,28,64 KiB,-40 to 85 C,,,STM32G071G8Ux,ordering_pattern,deterministic_ordering_pattern,tcl/target/stm32g0x.cfg,official_st_ordering_information_plus_estore_active_exact_identity,https://www.st.com/resource/en/datasheet/stm32g071c8.pdf,STMicroelectronics official,verified_st_ordering_information_codes_plus_current_estore_active_identity
STMicroelectronics,STM32G071G8U6N,STM32G0,STM32G071,STM32G071G8,UFQFPN,28,64 KiB,-40 to 85 C,N,,STM32G071G8Ux,ordering_pattern,deterministic_ordering_pattern,tcl/target/stm32g0x.cfg,official_st_ordering_information_plus_estore_active_exact_identity,https://www.st.com/resource/en/datasheet/stm32g071c8.pdf,STMicroelectronics official,verified_st_ordering_information_codes_plus_current_estore_active_identity
STMicroelectronics,STM32G071G8U6NTR,STM32G0,STM32G071,STM32G071G8,UFQFPN,28,64 KiB,-40 to 85 C,NTR,,STM32G071G8Ux,ordering_pattern,deterministic_ordering_pattern,tcl/target/stm32g0x.cfg,official_st_ordering_information_plus_estore_active_exact_identity,https://www.st.com/resource/en/datasheet/stm32g071c8.pdf,STMicroelectronics official,verified_st_ordering_information_codes_plus_current_estore_active_identity
STMicroelectronics,STM32G071G8U6TR,STM32G0,STM32G071,STM32G071G8,UFQFPN,28,64 KiB,-40 to 85 C,TR,,STM32G071G8Ux,ordering_pattern,deterministic_ordering_pattern,tcl/target/stm32g0x.cfg,official_st_ordering_information_plus_estore_active_exact_identity,https://www.st.com/resource/en/datasheet/stm32g071c8.pdf,STMicroelectronics official,verified_st_ordering_information_codes_plus_current_estore_active_identity
STMicroelectronics,STM32G071GBU3,STM32G0,STM32G071,STM32G071GB,UFQFPN,28,128 KiB,-40 to 125 C,,,STM32G071GBUx,ordering_pattern,deterministic_ordering_pattern,tcl/target/stm32g0x.cfg,official_st_ordering_information_plus_estore_active_exact_identity,https://www.st.com/resource/en/datasheet/stm32g071c8.pdf,STMicroelectronics official,verified_st_ordering_information_codes_plus_current_estore_active_identity
STMicroelectronics,STM32G071GBU3TR,STM32G0,STM32G071,STM32G071GB,UFQFPN,28,128 KiB,-40 to 125 C,TR,,STM32G071GBUx,ordering_pattern,deterministic_ordering_pattern,tcl/target/stm32g0x.cfg,official_st_ordering_information_plus_estore_active_exact_identity,https://www.st.com/resource/en/datasheet/stm32g071c8.pdf,STMicroelectronics official,verified_st_ordering_information_codes_plus_current_estore_active_identity
STMicroelectronics,STM32G071GBU6,STM32G0,STM32G071,STM32G071GB,UFQFPN,28,128 KiB,-40 to 85 C,,,STM32G071GBUx,ordering_pattern,deterministic_ordering_pattern,tcl/target/stm32g0x.cfg,official_st_ordering_information_plus_estore_active_exact_identity,https://www.st.com/resource/en/datasheet/stm32g071c8.pdf,STMicroelectronics official,verified_st_ordering_information_codes_plus_current_estore_active_identity
STMicroelectronics,STM32G071GBU6N,STM32G0,STM32G071,STM32G071GB,UFQFPN,28,128 KiB,-40 to 85 C,N,,STM32G071GBUx,ordering_pattern,deterministic_ordering_pattern,tcl/target/stm32g0x.cfg,official_st_ordering_information_plus_estore_active_exact_identity,https://www.st.com/resource/en/datasheet/stm32g071c8.pdf,STMicroelectronics official,verified_st_ordering_information_codes_plus_current_estore_active_identity
STMicroelectronics,STM32G071GBU6TR,STM32G0,STM32G071,STM32G071GB,UFQFPN,28,128 KiB,-40 to 85 C,TR,,STM32G071GBUx,ordering_pattern,deterministic_ordering_pattern,tcl/target/stm32g0x.cfg,official_st_ordering_information_plus_estore_active_exact_identity,https://www.st.com/resource/en/datasheet/stm32g071c8.pdf,STMicroelectronics official,verified_st_ordering_information_codes_plus_current_estore_active_identity
STMicroelectronics,STM32G071GBU7,STM32G0,STM32G071,STM32G071GB,UFQFPN,28,128 KiB,-40 to 105 C,,,STM32G071GBUx,ordering_pattern,deterministic_ordering_pattern,tcl/target/stm32g0x.cfg,official_st_ordering_information_plus_estore_active_exact_identity,https://www.st.com/resource/en/datasheet/stm32g071c8.pdf,STMicroelectronics official,verified_st_ordering_information_codes_plus_current_estore_active_identity
STMicroelectronics,STM32G071GBU7TR,STM32G0,STM32G071,STM32G071GB,UFQFPN,28,128 KiB,-40 to 105 C,TR,,STM32G071GBUx,ordering_pattern,deterministic_ordering_pattern,tcl/target/stm32g0x.cfg,official_st_ordering_information_plus_estore_active_exact_identity,https://www.st.com/resource/en/datasheet/stm32g071c8.pdf,STMicroelectronics official,verified_st_ordering_information_codes_plus_current_estore_active_identity
STMicroelectronics,STM32G071K8T3,STM32G0,STM32G071,STM32G071K8,LQFP,32,64 KiB,-40 to 125 C,,,STM32G071K8Tx,ordering_pattern,deterministic_ordering_pattern,tcl/target/stm32g0x.cfg,official_st_ordering_information_plus_estore_active_exact_identity,https://www.st.com/resource/en/datasheet/stm32g071c8.pdf,STMicroelectronics official,verified_st_ordering_information_codes_plus_current_estore_active_identity
STMicroelectronics,STM32G071K8T3TR,STM32G0,STM32G071,STM32G071K8,LQFP,32,64 KiB,-40 to 125 C,TR,,STM32G071K8Tx,ordering_pattern,deterministic_ordering_pattern,tcl/target/stm32g0x.cfg,official_st_ordering_information_plus_estore_active_exact_identity,https://www.st.com/resource/en/datasheet/stm32g071c8.pdf,STMicroelectronics official,verified_st_ordering_information_codes_plus_current_estore_active_identity
STMicroelectronics,STM32G071K8U6,STM32G0,STM32G071,STM32G071K8,UFQFPN,32,64 KiB,-40 to 85 C,,,STM32G071K8Ux,ordering_pattern,deterministic_ordering_pattern,tcl/target/stm32g0x.cfg,official_st_ordering_information_plus_estore_active_exact_identity,https://www.st.com/resource/en/datasheet/stm32g071c8.pdf,STMicroelectronics official,verified_st_ordering_information_codes_plus_current_estore_active_identity
STMicroelectronics,STM32G071KBT3,STM32G0,STM32G071,STM32G071KB,LQFP,32,128 KiB,-40 to 125 C,,,STM32G071KBTx,ordering_pattern,deterministic_ordering_pattern,tcl/target/stm32g0x.cfg,official_st_ordering_information_plus_estore_active_exact_identity,https://www.st.com/resource/en/datasheet/stm32g071c8.pdf,STMicroelectronics official,verified_st_ordering_information_codes_plus_current_estore_active_identity
STMicroelectronics,STM32G071KBT3TR,STM32G0,STM32G071,STM32G071KB,LQFP,32,128 KiB,-40 to 125 C,TR,,STM32G071KBTx,ordering_pattern,deterministic_ordering_pattern,tcl/target/stm32g0x.cfg,official_st_ordering_information_plus_estore_active_exact_identity,https://www.st.com/resource/en/datasheet/stm32g071c8.pdf,STMicroelectronics official,verified_st_ordering_information_codes_plus_current_estore_active_identity
STMicroelectronics,STM32G071KBT6,STM32G0,STM32G071,STM32G071KB,LQFP,32,128 KiB,-40 to 85 C,,,STM32G071KBTx,ordering_pattern,deterministic_ordering_pattern,tcl/target/stm32g0x.cfg,official_st_ordering_information_plus_estore_active_exact_identity,https://www.st.com/resource/en/datasheet/stm32g071c8.pdf,STMicroelectronics official,verified_st_ordering_information_codes_plus_current_estore_active_identity
STMicroelectronics,STM32G071KBT6N,STM32G0,STM32G071,STM32G071KB,LQFP,32,128 KiB,-40 to 85 C,N,,STM32G071KBTx,ordering_pattern,deterministic_ordering_pattern,tcl/target/stm32g0x.cfg,official_st_ordering_information_plus_estore_active_exact_identity,https://www.st.com/resource/en/datasheet/stm32g071c8.pdf,STMicroelectronics official,verified_st_ordering_information_codes_plus_current_estore_active_identity
STMicroelectronics,STM32G071KBT6TR,STM32G0,STM32G071,STM32G071KB,LQFP,32,128 KiB,-40 to 85 C,TR,,STM32G071KBTx,ordering_pattern,deterministic_ordering_pattern,tcl/target/stm32g0x.cfg,official_st_ordering_information_plus_estore_active_exact_identity,https://www.st.com/resource/en/datasheet/stm32g071c8.pdf,STMicroelectronics official,verified_st_ordering_information_codes_plus_current_estore_active_identity
STMicroelectronics,STM32G071KBU3,STM32G0,STM32G071,STM32G071KB,UFQFPN,32,128 KiB,-40 to 125 C,,,STM32G071KBUx,ordering_pattern,deterministic_ordering_pattern,tcl/target/stm32g0x.cfg,official_st_ordering_information_plus_estore_active_exact_identity,https://www.st.com/resource/en/datasheet/stm32g071c8.pdf,STMicroelectronics official,verified_st_ordering_information_codes_plus_current_estore_active_identity
STMicroelectronics,STM32G071KBU3TR,STM32G0,STM32G071,STM32G071KB,UFQFPN,32,128 KiB,-40 to 125 C,TR,,STM32G071KBUx,ordering_pattern,deterministic_ordering_pattern,tcl/target/stm32g0x.cfg,official_st_ordering_information_plus_estore_active_exact_identity,https://www.st.com/resource/en/datasheet/stm32g071c8.pdf,STMicroelectronics official,verified_st_ordering_information_codes_plus_current_estore_active_identity
STMicroelectronics,STM32G071KBU6,STM32G0,STM32G071,STM32G071KB,UFQFPN,32,128 KiB,-40 to 85 C,,,STM32G071KBUx,ordering_pattern,deterministic_ordering_pattern,tcl/target/stm32g0x.cfg,official_st_ordering_information_plus_estore_active_exact_identity,https://www.st.com/resource/en/datasheet/stm32g071c8.pdf,STMicroelectronics official,verified_st_ordering_information_codes_plus_current_estore_active_identity
STMicroelectronics,STM32G071KBU6N,STM32G0,STM32G071,STM32G071KB,UFQFPN,32,128 KiB,-40 to 85 C,N,,STM32G071KBUx,ordering_pattern,deterministic_ordering_pattern,tcl/target/stm32g0x.cfg,official_st_ordering_information_plus_estore_active_exact_identity,https://www.st.com/resource/en/datasheet/stm32g071c8.pdf,STMicroelectronics official,verified_st_ordering_information_codes_plus_current_estore_active_identity
STMicroelectronics,STM32G071KBU6TR,STM32G0,STM32G071,STM32G071KB,UFQFPN,32,128 KiB,-40 to 85 C,TR,,STM32G071KBUx,ordering_pattern,deterministic_ordering_pattern,tcl/target/stm32g0x.cfg,official_st_ordering_information_plus_estore_active_exact_identity,https://www.st.com/resource/en/datasheet/stm32g071c8.pdf,STMicroelectronics official,verified_st_ordering_information_codes_plus_current_estore_active_identity
STMicroelectronics,STM32G071KBU7,STM32G0,STM32G071,STM32G071KB,UFQFPN,32,128 KiB,-40 to 105 C,,,STM32G071KBUx,ordering_pattern,deterministic_ordering_pattern,tcl/target/stm32g0x.cfg,official_st_ordering_information_plus_estore_active_exact_identity,https://www.st.com/resource/en/datasheet/stm32g071c8.pdf,STMicroelectronics official,verified_st_ordering_information_codes_plus_current_estore_active_identity
STMicroelectronics,STM32G071KBU7TR,STM32G0,STM32G071,STM32G071KB,UFQFPN,32,128 KiB,-40 to 105 C,TR,,STM32G071KBUx,ordering_pattern,deterministic_ordering_pattern,tcl/target/stm32g0x.cfg,official_st_ordering_information_plus_estore_active_exact_identity,https://www.st.com/resource/en/datasheet/stm32g071c8.pdf,STMicroelectronics official,verified_st_ordering_information_codes_plus_current_estore_active_identity
STMicroelectronics,STM32G071R8T3,STM32G0,STM32G071,STM32G071R8,LQFP,64,64 KiB,-40 to 125 C,,,STM32G071R8Tx,ordering_pattern,deterministic_ordering_pattern,tcl/target/stm32g0x.cfg,official_st_ordering_information_plus_estore_active_exact_identity,https://www.st.com/resource/en/datasheet/stm32g071c8.pdf,STMicroelectronics official,verified_st_ordering_information_codes_plus_current_estore_active_identity
STMicroelectronics,STM32G071R8T6,STM32G0,STM32G071,STM32G071R8,LQFP,64,64 KiB,-40 to 85 C,,,STM32G071R8Tx,ordering_pattern,deterministic_ordering_pattern,tcl/target/stm32g0x.cfg,official_st_ordering_information_plus_estore_active_exact_identity,https://www.st.com/resource/en/datasheet/stm32g071c8.pdf,STMicroelectronics official,verified_st_ordering_information_codes_plus_current_estore_active_identity
STMicroelectronics,STM32G071R8T6TR,STM32G0,STM32G071,STM32G071R8,LQFP,64,64 KiB,-40 to 85 C,TR,,STM32G071R8Tx,ordering_pattern,deterministic_ordering_pattern,tcl/target/stm32g0x.cfg,official_st_ordering_information_plus_estore_active_exact_identity,https://www.st.com/resource/en/datasheet/stm32g071c8.pdf,STMicroelectronics official,verified_st_ordering_information_codes_plus_current_estore_active_identity
STMicroelectronics,STM32G071R8T7,STM32G0,STM32G071,STM32G071R8,LQFP,64,64 KiB,-40 to 105 C,,,STM32G071R8Tx,ordering_pattern,deterministic_ordering_pattern,tcl/target/stm32g0x.cfg,official_st_ordering_information_plus_estore_active_exact_identity,https://www.st.com/resource/en/datasheet/stm32g071c8.pdf,STMicroelectronics official,verified_st_ordering_information_codes_plus_current_estore_active_identity
STMicroelectronics,STM32G071R8T7TR,STM32G0,STM32G071,STM32G071R8,LQFP,64,64 KiB,-40 to 105 C,TR,,STM32G071R8Tx,ordering_pattern,deterministic_ordering_pattern,tcl/target/stm32g0x.cfg,official_st_ordering_information_plus_estore_active_exact_identity,https://www.st.com/resource/en/datasheet/stm32g071c8.pdf,STMicroelectronics official,verified_st_ordering_information_codes_plus_current_estore_active_identity
STMicroelectronics,STM32G071RBI3,STM32G0,STM32G071,STM32G071RB,UFBGA,64,128 KiB,-40 to 125 C,,,STM32G071RBIx,ordering_pattern,deterministic_ordering_pattern,tcl/target/stm32g0x.cfg,official_st_ordering_information_plus_estore_active_exact_identity,https://www.st.com/resource/en/datasheet/stm32g071c8.pdf,STMicroelectronics official,verified_st_ordering_information_codes_plus_current_estore_active_identity
STMicroelectronics,STM32G071RBI3TR,STM32G0,STM32G071,STM32G071RB,UFBGA,64,128 KiB,-40 to 125 C,TR,,STM32G071RBIx,ordering_pattern,deterministic_ordering_pattern,tcl/target/stm32g0x.cfg,official_st_ordering_information_plus_estore_active_exact_identity,https://www.st.com/resource/en/datasheet/stm32g071c8.pdf,STMicroelectronics official,verified_st_ordering_information_codes_plus_current_estore_active_identity
STMicroelectronics,STM32G071RBI6,STM32G0,STM32G071,STM32G071RB,UFBGA,64,128 KiB,-40 to 85 C,,,STM32G071RBIx,ordering_pattern,deterministic_ordering_pattern,tcl/target/stm32g0x.cfg,official_st_ordering_information_plus_estore_active_exact_identity,https://www.st.com/resource/en/datasheet/stm32g071c8.pdf,STMicroelectronics official,verified_st_ordering_information_codes_plus_current_estore_active_identity
STMicroelectronics,STM32G071RBT3,STM32G0,STM32G071,STM32G071RB,LQFP,64,128 KiB,-40 to 125 C,,,STM32G071RBTx,ordering_pattern,deterministic_ordering_pattern,tcl/target/stm32g0x.cfg,official_st_ordering_information_plus_estore_active_exact_identity,https://www.st.com/resource/en/datasheet/stm32g071c8.pdf,STMicroelectronics official,verified_st_ordering_information_codes_plus_current_estore_active_identity
STMicroelectronics,STM32G071RBT3TR,STM32G0,STM32G071,STM32G071RB,LQFP,64,128 KiB,-40 to 125 C,TR,,STM32G071RBTx,ordering_pattern,deterministic_ordering_pattern,tcl/target/stm32g0x.cfg,official_st_ordering_information_plus_estore_active_exact_identity,https://www.st.com/resource/en/datasheet/stm32g071c8.pdf,STMicroelectronics official,verified_st_ordering_information_codes_plus_current_estore_active_identity
STMicroelectronics,STM32G071RBT6,STM32G0,STM32G071,STM32G071RB,LQFP,64,128 KiB,-40 to 85 C,,,STM32G071RBTx,ordering_pattern,deterministic_ordering_pattern,tcl/target/stm32g0x.cfg,official_st_ordering_information_plus_estore_active_exact_identity,https://www.st.com/resource/en/datasheet/stm32g071c8.pdf,STMicroelectronics official,verified_st_ordering_information_codes_plus_current_estore_active_identity
STMicroelectronics,STM32G071RBT6TR,STM32G0,STM32G071,STM32G071RB,LQFP,64,128 KiB,-40 to 85 C,TR,,STM32G071RBTx,ordering_pattern,deterministic_ordering_pattern,tcl/target/stm32g0x.cfg,official_st_ordering_information_plus_estore_active_exact_identity,https://www.st.com/resource/en/datasheet/stm32g071c8.pdf,STMicroelectronics official,verified_st_ordering_information_codes_plus_current_estore_active_identity
STMicroelectronics,STM32G071RBT7,STM32G0,STM32G071,STM32G071RB,LQFP,64,128 KiB,-40 to 105 C,,,STM32G071RBTx,ordering_pattern,deterministic_ordering_pattern,tcl/target/stm32g0x.cfg,official_st_ordering_information_plus_estore_active_exact_identity,https://www.st.com/resource/en/datasheet/stm32g071c8.pdf,STMicroelectronics official,verified_st_ordering_information_codes_plus_current_estore_active_identity
STMicroelectronics,STM32G071RBT7TR,STM32G0,STM32G071,STM32G071RB,LQFP,64,128 KiB,-40 to 105 C,TR,,STM32G071RBTx,ordering_pattern,deterministic_ordering_pattern,tcl/target/stm32g0x.cfg,official_st_ordering_information_plus_estore_active_exact_identity,https://www.st.com/resource/en/datasheet/stm32g071c8.pdf,STMicroelectronics official,verified_st_ordering_information_codes_plus_current_estore_active_identity
STMicroelectronics,STM32G081CBT3,STM32G0,STM32G081,STM32G081CB,LQFP,48,128 KiB,-40 to 125 C,,,STM32G081CBTx,ordering_pattern,deterministic_ordering_pattern,tcl/target/stm32g0x.cfg,official_st_ordering_information_plus_retained_phase4_8b_identity,https://www.st.com/resource/en/datasheet/stm32g081cb.pdf#identity=stm32g0-phase4.8b-official-st-discovery-2026-09-09-retained-20260909T153114Z-233e9300,STMicroelectronics official,verified_st_datasheet_ordering_information_plus_retained_exact_identity
STMicroelectronics,STM32G081CBT3TR,STM32G0,STM32G081,STM32G081CB,LQFP,48,128 KiB,-40 to 125 C,TR,,STM32G081CBTx,ordering_pattern,deterministic_ordering_pattern,tcl/target/stm32g0x.cfg,official_st_ordering_information_plus_retained_phase4_8b_identity,https://www.st.com/resource/en/datasheet/stm32g081cb.pdf#identity=stm32g0-phase4.8b-official-st-discovery-2026-09-09-retained-20260909T153114Z-233e9300,STMicroelectronics official,verified_st_datasheet_ordering_information_plus_retained_exact_identity
STMicroelectronics,STM32G081CBT6,STM32G0,STM32G081,STM32G081CB,LQFP,48,128 KiB,-40 to 85 C,,,STM32G081CBTx,ordering_pattern,deterministic_ordering_pattern,tcl/target/stm32g0x.cfg,official_st_ordering_information_plus_retained_phase4_8b_identity,https://www.st.com/resource/en/datasheet/stm32g081cb.pdf#identity=stm32g0-phase4.8b-official-st-discovery-2026-09-09-retained-20260909T153114Z-233e9300,STMicroelectronics official,verified_st_datasheet_ordering_information_plus_retained_exact_identity
STMicroelectronics,STM32G081CBT6TR,STM32G0,STM32G081,STM32G081CB,LQFP,48,128 KiB,-40 to 85 C,TR,,STM32G081CBTx,ordering_pattern,deterministic_ordering_pattern,tcl/target/stm32g0x.cfg,official_st_ordering_information_plus_retained_phase4_8b_identity,https://www.st.com/resource/en/datasheet/stm32g081cb.pdf#identity=stm32g0-phase4.8b-official-st-discovery-2026-09-09-retained-20260909T153114Z-233e9300,STMicroelectronics official,verified_st_datasheet_ordering_information_plus_retained_exact_identity
STMicroelectronics,STM32G081CBU3,STM32G0,STM32G081,STM32G081CB,UFQFPN,48,128 KiB,-40 to 125 C,,,STM32G081CBUx,ordering_pattern,deterministic_ordering_pattern,tcl/target/stm32g0x.cfg,official_st_ordering_information_plus_retained_phase4_8b_identity,https://www.st.com/resource/en/datasheet/stm32g081cb.pdf#identity=stm32g0-phase4.8b-official-st-discovery-2026-09-09-retained-20260909T153114Z-233e9300,STMicroelectronics official,verified_st_datasheet_ordering_information_plus_retained_exact_identity
STMicroelectronics,STM32G081CBU3TR,STM32G0,STM32G081,STM32G081CB,UFQFPN,48,128 KiB,-40 to 125 C,TR,,STM32G081CBUx,ordering_pattern,deterministic_ordering_pattern,tcl/target/stm32g0x.cfg,official_st_ordering_information_plus_retained_phase4_8b_identity,https://www.st.com/resource/en/datasheet/stm32g081cb.pdf#identity=stm32g0-phase4.8b-official-st-discovery-2026-09-09-retained-20260909T153114Z-233e9300,STMicroelectronics official,verified_st_datasheet_ordering_information_plus_retained_exact_identity
STMicroelectronics,STM32G081CBU6,STM32G0,STM32G081,STM32G081CB,UFQFPN,48,128 KiB,-40 to 85 C,,,STM32G081CBUx,ordering_pattern,deterministic_ordering_pattern,tcl/target/stm32g0x.cfg,official_st_ordering_information_plus_retained_phase4_8b_identity,https://www.st.com/resource/en/datasheet/stm32g081cb.pdf#identity=stm32g0-phase4.8b-official-st-discovery-2026-09-09-retained-20260909T153114Z-233e9300,STMicroelectronics official,verified_st_datasheet_ordering_information_plus_retained_exact_identity
STMicroelectronics,STM32G081EBY3TR,STM32G0,STM32G081,STM32G081EB,WLCSP,25,128 KiB,-40 to 125 C,TR,,STM32G081EBYx,ordering_pattern,deterministic_ordering_pattern,tcl/target/stm32g0x.cfg,official_st_ordering_information_plus_estore_active_exact_identity,https://www.st.com/resource/en/datasheet/stm32g081cb.pdf,STMicroelectronics official,verified_st_ordering_information_codes_plus_current_estore_active_identity
STMicroelectronics,STM32G081EBY6TR,STM32G0,STM32G081,STM32G081EB,WLCSP,25,128 KiB,-40 to 85 C,TR,,STM32G081EBYx,ordering_pattern,deterministic_ordering_pattern,tcl/target/stm32g0x.cfg,official_st_ordering_information_plus_estore_active_exact_identity,https://www.st.com/resource/en/datasheet/stm32g081cb.pdf,STMicroelectronics official,verified_st_ordering_information_codes_plus_current_estore_active_identity
STMicroelectronics,STM32G081GBU6,STM32G0,STM32G081,STM32G081GB,UFQFPN,28,128 KiB,-40 to 85 C,,,STM32G081GBUx,ordering_pattern,deterministic_ordering_pattern,tcl/target/stm32g0x.cfg,official_st_ordering_information_plus_estore_active_exact_identity,https://www.st.com/resource/en/datasheet/stm32g081cb.pdf,STMicroelectronics official,verified_st_ordering_information_codes_plus_current_estore_active_identity
STMicroelectronics,STM32G081KBT6,STM32G0,STM32G081,STM32G081KB,LQFP,32,128 KiB,-40 to 85 C,,,STM32G081KBTx,ordering_pattern,deterministic_ordering_pattern,tcl/target/stm32g0x.cfg,official_st_ordering_information_plus_estore_active_exact_identity,https://www.st.com/resource/en/datasheet/stm32g081cb.pdf,STMicroelectronics official,verified_st_ordering_information_codes_plus_current_estore_active_identity
STMicroelectronics,STM32G081KBU6,STM32G0,STM32G081,STM32G081KB,UFQFPN,32,128 KiB,-40 to 85 C,,,STM32G081KBUx,ordering_pattern,deterministic_ordering_pattern,tcl/target/stm32g0x.cfg,official_st_ordering_information_plus_estore_active_exact_identity,https://www.st.com/resource/en/datasheet/stm32g081cb.pdf,STMicroelectronics official,verified_st_ordering_information_codes_plus_current_estore_active_identity
STMicroelectronics,STM32G081RBI6,STM32G0,STM32G081,STM32G081RB,UFBGA,64,128 KiB,-40 to 85 C,,,STM32G081RBIx,ordering_pattern,deterministic_ordering_pattern,tcl/target/stm32g0x.cfg,official_st_ordering_information_plus_estore_active_exact_identity,https://www.st.com/resource/en/datasheet/stm32g081cb.pdf,STMicroelectronics official,verified_st_ordering_information_codes_plus_current_estore_active_identity
STMicroelectronics,STM32G081RBT3,STM32G0,STM32G081,STM32G081RB,LQFP,64,128 KiB,-40 to 125 C,,,STM32G081RBTx,ordering_pattern,deterministic_ordering_pattern,tcl/target/stm32g0x.cfg,official_st_ordering_information_plus_estore_active_exact_identity,https://www.st.com/resource/en/datasheet/stm32g081cb.pdf,STMicroelectronics official,verified_st_ordering_information_codes_plus_current_estore_active_identity
STMicroelectronics,STM32G081RBT6,STM32G0,STM32G081,STM32G081RB,LQFP,64,128 KiB,-40 to 85 C,,,STM32G081RBTx,ordering_pattern,deterministic_ordering_pattern,tcl/target/stm32g0x.cfg,official_st_ordering_information_plus_estore_active_exact_identity,https://www.st.com/resource/en/datasheet/stm32g081cb.pdf,STMicroelectronics official,verified_st_ordering_information_codes_plus_current_estore_active_identity
STMicroelectronics,STM32G081RBT6TR,STM32G0,STM32G081,STM32G081RB,LQFP,64,128 KiB,-40 to 85 C,TR,,STM32G081RBTx,ordering_pattern,deterministic_ordering_pattern,tcl/target/stm32g0x.cfg,official_st_ordering_information_plus_estore_active_exact_identity,https://www.st.com/resource/en/datasheet/stm32g081cb.pdf,STMicroelectronics official,verified_st_ordering_information_codes_plus_current_estore_active_identity
STMicroelectronics,STM32G0B0CET6,STM32G0,STM32G0B0,STM32G0B0CE,LQFP,48,512 KiB,-40 to 85 C,,,STM32G0B0CETx,ordering_pattern,deterministic_ordering_pattern,tcl/target/stm32g0x.cfg,official_st_ordering_information_plus_retained_phase4_8b_identity,https://www.st.com/resource/en/datasheet/stm32g0b0ce.pdf#identity=stm32g0-phase4.8b-official-st-discovery-2026-09-09-retained-20260909T153114Z-233e9300,STMicroelectronics official,verified_st_datasheet_ordering_information_plus_retained_exact_identity
STMicroelectronics,STM32G0B0CET6TR,STM32G0,STM32G0B0,STM32G0B0CE,LQFP,48,512 KiB,-40 to 85 C,TR,,STM32G0B0CETx,ordering_pattern,deterministic_ordering_pattern,tcl/target/stm32g0x.cfg,official_st_ordering_information_plus_retained_phase4_8b_identity,https://www.st.com/resource/en/datasheet/stm32g0b0ce.pdf#identity=stm32g0-phase4.8b-official-st-discovery-2026-09-09-retained-20260909T153114Z-233e9300,STMicroelectronics official,verified_st_datasheet_ordering_information_plus_retained_exact_identity
STMicroelectronics,STM32G0B0KET6,STM32G0,STM32G0B0,STM32G0B0KE,LQFP,32,512 KiB,-40 to 85 C,,,STM32G0B0KETx,ordering_pattern,deterministic_ordering_pattern,tcl/target/stm32g0x.cfg,official_st_ordering_information_plus_estore_active_exact_identity,https://www.st.com/resource/en/datasheet/stm32g0b0ce.pdf,STMicroelectronics official,verified_st_ordering_information_codes_plus_current_estore_active_identity
STMicroelectronics,STM32G0B0RET6,STM32G0,STM32G0B0,STM32G0B0RE,LQFP,64,512 KiB,-40 to 85 C,,,STM32G0B0RETx,ordering_pattern,deterministic_ordering_pattern,tcl/target/stm32g0x.cfg,official_st_ordering_information_plus_estore_active_exact_identity,https://www.st.com/resource/en/datasheet/stm32g0b0ce.pdf,STMicroelectronics official,verified_st_ordering_information_codes_plus_current_estore_active_identity
STMicroelectronics,STM32G0B0RET6TR,STM32G0,STM32G0B0,STM32G0B0RE,LQFP,64,512 KiB,-40 to 85 C,TR,,STM32G0B0RETx,ordering_pattern,deterministic_ordering_pattern,tcl/target/stm32g0x.cfg,official_st_ordering_information_plus_estore_active_exact_identity,https://www.st.com/resource/en/datasheet/stm32g0b0ce.pdf,STMicroelectronics official,verified_st_ordering_information_codes_plus_current_estore_active_identity
STMicroelectronics,STM32G0B0VET6,STM32G0,STM32G0B0,STM32G0B0VE,LQFP,100,512 KiB,-40 to 85 C,,,STM32G0B0VETx,ordering_pattern,deterministic_ordering_pattern,tcl/target/stm32g0x.cfg,official_st_ordering_information_plus_estore_active_exact_identity,https://www.st.com/resource/en/datasheet/stm32g0b0ce.pdf,STMicroelectronics official,verified_st_ordering_information_codes_plus_current_estore_active_identity
STMicroelectronics,STM32G0B0VET6TR,STM32G0,STM32G0B0,STM32G0B0VE,LQFP,100,512 KiB,-40 to 85 C,TR,,STM32G0B0VETx,ordering_pattern,deterministic_ordering_pattern,tcl/target/stm32g0x.cfg,official_st_ordering_information_plus_estore_active_exact_identity,https://www.st.com/resource/en/datasheet/stm32g0b0ce.pdf,STMicroelectronics official,verified_st_ordering_information_codes_plus_current_estore_active_identity
STMicroelectronics,STM32G0B1CBT3,STM32G0,STM32G0B1,STM32G0B1CB,LQFP,48,128 KiB,-40 to 125 C,,,STM32G0B1CBTx,ordering_pattern,deterministic_ordering_pattern,tcl/target/stm32g0x.cfg,official_st_ordering_information_plus_retained_phase4_8b_identity,https://www.st.com/resource/en/datasheet/stm32g0b1kb.pdf#identity=stm32g0-phase4.8b-official-st-discovery-2026-09-09-retained-20260909T153114Z-233e9300,STMicroelectronics official,verified_st_datasheet_ordering_information_plus_retained_exact_identity
STMicroelectronics,STM32G0B1CBT3TR,STM32G0,STM32G0B1,STM32G0B1CB,LQFP,48,128 KiB,-40 to 125 C,TR,,STM32G0B1CBTx,ordering_pattern,deterministic_ordering_pattern,tcl/target/stm32g0x.cfg,official_st_ordering_information_plus_retained_phase4_8b_identity,https://www.st.com/resource/en/datasheet/stm32g0b1kb.pdf#identity=stm32g0-phase4.8b-official-st-discovery-2026-09-09-retained-20260909T153114Z-233e9300,STMicroelectronics official,verified_st_datasheet_ordering_information_plus_retained_exact_identity
STMicroelectronics,STM32G0B1CBT6,STM32G0,STM32G0B1,STM32G0B1CB,LQFP,48,128 KiB,-40 to 85 C,,,STM32G0B1CBTx,ordering_pattern,deterministic_ordering_pattern,tcl/target/stm32g0x.cfg,official_st_ordering_information_plus_retained_phase4_8b_identity,https://www.st.com/resource/en/datasheet/stm32g0b1kb.pdf#identity=stm32g0-phase4.8b-official-st-discovery-2026-09-09-retained-20260909T153114Z-233e9300,STMicroelectronics official,verified_st_datasheet_ordering_information_plus_retained_exact_identity
STMicroelectronics,STM32G0B1CBT6N,STM32G0,STM32G0B1,STM32G0B1CB,LQFP,48,128 KiB,-40 to 85 C,N,,STM32G0B1CBTx,ordering_pattern,deterministic_ordering_pattern,tcl/target/stm32g0x.cfg,official_st_ordering_information_plus_estore_active_exact_identity,https://www.st.com/resource/en/datasheet/stm32g0b1kb.pdf,STMicroelectronics official,verified_st_ordering_information_codes_plus_current_estore_active_identity
STMicroelectronics,STM32G0B1CBT6TR,STM32G0,STM32G0B1,STM32G0B1CB,LQFP,48,128 KiB,-40 to 85 C,TR,,STM32G0B1CBTx,ordering_pattern,deterministic_ordering_pattern,tcl/target/stm32g0x.cfg,official_st_ordering_information_plus_retained_phase4_8b_identity,https://www.st.com/resource/en/datasheet/stm32g0b1kb.pdf#identity=stm32g0-phase4.8b-official-st-discovery-2026-09-09-retained-20260909T153114Z-233e9300,STMicroelectronics official,verified_st_datasheet_ordering_information_plus_retained_exact_identity
STMicroelectronics,STM32G0B1CBU3,STM32G0,STM32G0B1,STM32G0B1CB,UFQFPN,48,128 KiB,-40 to 125 C,,,STM32G0B1CBUx,ordering_pattern,deterministic_ordering_pattern,tcl/target/stm32g0x.cfg,official_st_ordering_information_plus_retained_phase4_8b_identity,https://www.st.com/resource/en/datasheet/stm32g0b1kb.pdf#identity=stm32g0-phase4.8b-official-st-discovery-2026-09-09-retained-20260909T153114Z-233e9300,STMicroelectronics official,verified_st_datasheet_ordering_information_plus_retained_exact_identity
STMicroelectronics,STM32G0B1CBU3TR,STM32G0,STM32G0B1,STM32G0B1CB,UFQFPN,48,128 KiB,-40 to 125 C,TR,,STM32G0B1CBUx,ordering_pattern,deterministic_ordering_pattern,tcl/target/stm32g0x.cfg,official_st_ordering_information_plus_retained_phase4_8b_identity,https://www.st.com/resource/en/datasheet/stm32g0b1kb.pdf#identity=stm32g0-phase4.8b-official-st-discovery-2026-09-09-retained-20260909T153114Z-233e9300,STMicroelectronics official,verified_st_datasheet_ordering_information_plus_retained_exact_identity
STMicroelectronics,STM32G0B1CBU6,STM32G0,STM32G0B1,STM32G0B1CB,UFQFPN,48,128 KiB,-40 to 85 C,,,STM32G0B1CBUx,ordering_pattern,deterministic_ordering_pattern,tcl/target/stm32g0x.cfg,official_st_ordering_information_plus_retained_phase4_8b_identity,https://www.st.com/resource/en/datasheet/stm32g0b1kb.pdf#identity=stm32g0-phase4.8b-official-st-discovery-2026-09-09-retained-20260909T153114Z-233e9300,STMicroelectronics official,verified_st_datasheet_ordering_information_plus_retained_exact_identity
STMicroelectronics,STM32G0B1CBU6N,STM32G0,STM32G0B1,STM32G0B1CB,UFQFPN,48,128 KiB,-40 to 85 C,N,,STM32G0B1CBUx,ordering_pattern,deterministic_ordering_pattern,tcl/target/stm32g0x.cfg,official_st_ordering_information_plus_estore_active_exact_identity,https://www.st.com/resource/en/datasheet/stm32g0b1kb.pdf,STMicroelectronics official,verified_st_ordering_information_codes_plus_current_estore_active_identity
STMicroelectronics,STM32G0B1CBU6TR,STM32G0,STM32G0B1,STM32G0B1CB,UFQFPN,48,128 KiB,-40 to 85 C,TR,,STM32G0B1CBUx,ordering_pattern,deterministic_ordering_pattern,tcl/target/stm32g0x.cfg,official_st_ordering_information_plus_retained_phase4_8b_identity,https://www.st.com/resource/en/datasheet/stm32g0b1kb.pdf#identity=stm32g0-phase4.8b-official-st-discovery-2026-09-09-retained-20260909T153114Z-233e9300,STMicroelectronics official,verified_st_datasheet_ordering_information_plus_retained_exact_identity
STMicroelectronics,STM32G0B1CBU7,STM32G0,STM32G0B1,STM32G0B1CB,UFQFPN,48,128 KiB,-40 to 105 C,,,STM32G0B1CBUx,ordering_pattern,deterministic_ordering_pattern,tcl/target/stm32g0x.cfg,official_st_ordering_information_plus_retained_phase4_8b_identity,https://www.st.com/resource/en/datasheet/stm32g0b1kb.pdf#identity=stm32g0-phase4.8b-official-st-discovery-2026-09-09-retained-20260909T153114Z-233e9300,STMicroelectronics official,verified_st_datasheet_ordering_information_plus_retained_exact_identity
STMicroelectronics,STM32G0B1CBU7TR,STM32G0,STM32G0B1,STM32G0B1CB,UFQFPN,48,128 KiB,-40 to 105 C,TR,,STM32G0B1CBUx,ordering_pattern,deterministic_ordering_pattern,tcl/target/stm32g0x.cfg,official_st_ordering_information_plus_retained_phase4_8b_identity,https://www.st.com/resource/en/datasheet/stm32g0b1kb.pdf#identity=stm32g0-phase4.8b-official-st-discovery-2026-09-09-retained-20260909T153114Z-233e9300,STMicroelectronics official,verified_st_datasheet_ordering_information_plus_retained_exact_identity
STMicroelectronics,STM32G0B1CCT6,STM32G0,STM32G0B1,STM32G0B1CC,LQFP,48,256 KiB,-40 to 85 C,,,STM32G0B1CCTx,ordering_pattern,deterministic_ordering_pattern,tcl/target/stm32g0x.cfg,official_st_ordering_information_plus_estore_active_exact_identity,https://www.st.com/resource/en/datasheet/stm32g0b1kb.pdf,STMicroelectronics official,verified_st_ordering_information_codes_plus_current_estore_active_identity
STMicroelectronics,STM32G0B1CCT6TR,STM32G0,STM32G0B1,STM32G0B1CC,LQFP,48,256 KiB,-40 to 85 C,TR,,STM32G0B1CCTx,ordering_pattern,deterministic_ordering_pattern,tcl/target/stm32g0x.cfg,official_st_ordering_information_plus_estore_active_exact_identity,https://www.st.com/resource/en/datasheet/stm32g0b1kb.pdf,STMicroelectronics official,verified_st_ordering_information_codes_plus_current_estore_active_identity
STMicroelectronics,STM32G0B1CCT7,STM32G0,STM32G0B1,STM32G0B1CC,LQFP,48,256 KiB,-40 to 105 C,,,STM32G0B1CCTx,ordering_pattern,deterministic_ordering_pattern,tcl/target/stm32g0x.cfg,official_st_ordering_information_plus_estore_active_exact_identity,https://www.st.com/resource/en/datasheet/stm32g0b1kb.pdf,STMicroelectronics official,verified_st_ordering_information_codes_plus_current_estore_active_identity
STMicroelectronics,STM32G0B1CCT7TR,STM32G0,STM32G0B1,STM32G0B1CC,LQFP,48,256 KiB,-40 to 105 C,TR,,STM32G0B1CCTx,ordering_pattern,deterministic_ordering_pattern,tcl/target/stm32g0x.cfg,official_st_ordering_information_plus_estore_active_exact_identity,https://www.st.com/resource/en/datasheet/stm32g0b1kb.pdf,STMicroelectronics official,verified_st_ordering_information_codes_plus_current_estore_active_identity
STMicroelectronics,STM32G0B1CCU3,STM32G0,STM32G0B1,STM32G0B1CC,UFQFPN,48,256 KiB,-40 to 125 C,,,STM32G0B1CCUx,ordering_pattern,deterministic_ordering_pattern,tcl/target/stm32g0x.cfg,official_st_ordering_information_plus_estore_active_exact_identity,https://www.st.com/resource/en/datasheet/stm32g0b1kb.pdf,STMicroelectronics official,verified_st_ordering_information_codes_plus_current_estore_active_identity
STMicroelectronics,STM32G0B1CCU3TR,STM32G0,STM32G0B1,STM32G0B1CC,UFQFPN,48,256 KiB,-40 to 125 C,TR,,STM32G0B1CCUx,ordering_pattern,deterministic_ordering_pattern,tcl/target/stm32g0x.cfg,official_st_ordering_information_plus_estore_active_exact_identity,https://www.st.com/resource/en/datasheet/stm32g0b1kb.pdf,STMicroelectronics official,verified_st_ordering_information_codes_plus_current_estore_active_identity
STMicroelectronics,STM32G0B1CCU6,STM32G0,STM32G0B1,STM32G0B1CC,UFQFPN,48,256 KiB,-40 to 85 C,,,STM32G0B1CCUx,ordering_pattern,deterministic_ordering_pattern,tcl/target/stm32g0x.cfg,official_st_ordering_information_plus_estore_active_exact_identity,https://www.st.com/resource/en/datasheet/stm32g0b1kb.pdf,STMicroelectronics official,verified_st_ordering_information_codes_plus_current_estore_active_identity
STMicroelectronics,STM32G0B1CCU6N,STM32G0,STM32G0B1,STM32G0B1CC,UFQFPN,48,256 KiB,-40 to 85 C,N,,STM32G0B1CCUx,ordering_pattern,deterministic_ordering_pattern,tcl/target/stm32g0x.cfg,official_st_ordering_information_plus_estore_active_exact_identity,https://www.st.com/resource/en/datasheet/stm32g0b1kb.pdf,STMicroelectronics official,verified_st_ordering_information_codes_plus_current_estore_active_identity
STMicroelectronics,STM32G0B1CCU6NTR,STM32G0,STM32G0B1,STM32G0B1CC,UFQFPN,48,256 KiB,-40 to 85 C,NTR,,STM32G0B1CCUx,ordering_pattern,deterministic_ordering_pattern,tcl/target/stm32g0x.cfg,official_st_ordering_information_plus_estore_active_exact_identity,https://www.st.com/resource/en/datasheet/stm32g0b1kb.pdf,STMicroelectronics official,verified_st_ordering_information_codes_plus_current_estore_active_identity
STMicroelectronics,STM32G0B1CCU6TR,STM32G0,STM32G0B1,STM32G0B1CC,UFQFPN,48,256 KiB,-40 to 85 C,TR,,STM32G0B1CCUx,ordering_pattern,deterministic_ordering_pattern,tcl/target/stm32g0x.cfg,official_st_ordering_information_plus_estore_active_exact_identity,https://www.st.com/resource/en/datasheet/stm32g0b1kb.pdf,STMicroelectronics official,verified_st_ordering_information_codes_plus_current_estore_active_identity
STMicroelectronics,STM32G0B1CCU7,STM32G0,STM32G0B1,STM32G0B1CC,UFQFPN,48,256 KiB,-40 to 105 C,,,STM32G0B1CCUx,ordering_pattern,deterministic_ordering_pattern,tcl/target/stm32g0x.cfg,official_st_ordering_information_plus_estore_active_exact_identity,https://www.st.com/resource/en/datasheet/stm32g0b1kb.pdf,STMicroelectronics official,verified_st_ordering_information_codes_plus_current_estore_active_identity
STMicroelectronics,STM32G0B1CCU7TR,STM32G0,STM32G0B1,STM32G0B1CC,UFQFPN,48,256 KiB,-40 to 105 C,TR,,STM32G0B1CCUx,ordering_pattern,deterministic_ordering_pattern,tcl/target/stm32g0x.cfg,official_st_ordering_information_plus_estore_active_exact_identity,https://www.st.com/resource/en/datasheet/stm32g0b1kb.pdf,STMicroelectronics official,verified_st_ordering_information_codes_plus_current_estore_active_identity
STMicroelectronics,STM32G0B1CET6,STM32G0,STM32G0B1,STM32G0B1CE,LQFP,48,512 KiB,-40 to 85 C,,,STM32G0B1CETx,ordering_pattern,deterministic_ordering_pattern,tcl/target/stm32g0x.cfg,official_st_ordering_information_plus_estore_active_exact_identity,https://www.st.com/resource/en/datasheet/stm32g0b1kb.pdf,STMicroelectronics official,verified_st_ordering_information_codes_plus_current_estore_active_identity
STMicroelectronics,STM32G0B1CET6N,STM32G0,STM32G0B1,STM32G0B1CE,LQFP,48,512 KiB,-40 to 85 C,N,,STM32G0B1CETx,ordering_pattern,deterministic_ordering_pattern,tcl/target/stm32g0x.cfg,official_st_ordering_information_plus_estore_active_exact_identity,https://www.st.com/resource/en/datasheet/stm32g0b1kb.pdf,STMicroelectronics official,verified_st_ordering_information_codes_plus_current_estore_active_identity
STMicroelectronics,STM32G0B1CET6TR,STM32G0,STM32G0B1,STM32G0B1CE,LQFP,48,512 KiB,-40 to 85 C,TR,,STM32G0B1CETx,ordering_pattern,deterministic_ordering_pattern,tcl/target/stm32g0x.cfg,official_st_ordering_information_plus_estore_active_exact_identity,https://www.st.com/resource/en/datasheet/stm32g0b1kb.pdf,STMicroelectronics official,verified_st_ordering_information_codes_plus_current_estore_active_identity
STMicroelectronics,STM32G0B1CEU6,STM32G0,STM32G0B1,STM32G0B1CE,UFQFPN,48,512 KiB,-40 to 85 C,,,STM32G0B1CEUx,ordering_pattern,deterministic_ordering_pattern,tcl/target/stm32g0x.cfg,official_st_ordering_information_plus_estore_active_exact_identity,https://www.st.com/resource/en/datasheet/stm32g0b1kb.pdf,STMicroelectronics official,verified_st_ordering_information_codes_plus_current_estore_active_identity
STMicroelectronics,STM32G0B1CEU6N,STM32G0,STM32G0B1,STM32G0B1CE,UFQFPN,48,512 KiB,-40 to 85 C,N,,STM32G0B1CEUx,ordering_pattern,deterministic_ordering_pattern,tcl/target/stm32g0x.cfg,official_st_ordering_information_plus_estore_active_exact_identity,https://www.st.com/resource/en/datasheet/stm32g0b1kb.pdf,STMicroelectronics official,verified_st_ordering_information_codes_plus_current_estore_active_identity
STMicroelectronics,STM32G0B1CEU6TR,STM32G0,STM32G0B1,STM32G0B1CE,UFQFPN,48,512 KiB,-40 to 85 C,TR,,STM32G0B1CEUx,ordering_pattern,deterministic_ordering_pattern,tcl/target/stm32g0x.cfg,official_st_ordering_information_plus_estore_active_exact_identity,https://www.st.com/resource/en/datasheet/stm32g0b1kb.pdf,STMicroelectronics official,verified_st_ordering_information_codes_plus_current_estore_active_identity
STMicroelectronics,STM32G0B1CEU7,STM32G0,STM32G0B1,STM32G0B1CE,UFQFPN,48,512 KiB,-40 to 105 C,,,STM32G0B1CEUx,ordering_pattern,deterministic_ordering_pattern,tcl/target/stm32g0x.cfg,official_st_ordering_information_plus_estore_active_exact_identity,https://www.st.com/resource/en/datasheet/stm32g0b1kb.pdf,STMicroelectronics official,verified_st_ordering_information_codes_plus_current_estore_active_identity
STMicroelectronics,STM32G0B1CEU7TR,STM32G0,STM32G0B1,STM32G0B1CE,UFQFPN,48,512 KiB,-40 to 105 C,TR,,STM32G0B1CEUx,ordering_pattern,deterministic_ordering_pattern,tcl/target/stm32g0x.cfg,official_st_ordering_information_plus_estore_active_exact_identity,https://www.st.com/resource/en/datasheet/stm32g0b1kb.pdf,STMicroelectronics official,verified_st_ordering_information_codes_plus_current_estore_active_identity
STMicroelectronics,STM32G0B1KBT3,STM32G0,STM32G0B1,STM32G0B1KB,LQFP,32,128 KiB,-40 to 125 C,,,STM32G0B1KBTx,ordering_pattern,deterministic_ordering_pattern,tcl/target/stm32g0x.cfg,official_st_ordering_information_plus_estore_active_exact_identity,https://www.st.com/resource/en/datasheet/stm32g0b1kb.pdf,STMicroelectronics official,verified_st_ordering_information_codes_plus_current_estore_active_identity
STMicroelectronics,STM32G0B1KBT3TR,STM32G0,STM32G0B1,STM32G0B1KB,LQFP,32,128 KiB,-40 to 125 C,TR,,STM32G0B1KBTx,ordering_pattern,deterministic_ordering_pattern,tcl/target/stm32g0x.cfg,official_st_ordering_information_plus_estore_active_exact_identity,https://www.st.com/resource/en/datasheet/stm32g0b1kb.pdf,STMicroelectronics official,verified_st_ordering_information_codes_plus_current_estore_active_identity
STMicroelectronics,STM32G0B1KBT6,STM32G0,STM32G0B1,STM32G0B1KB,LQFP,32,128 KiB,-40 to 85 C,,,STM32G0B1KBTx,ordering_pattern,deterministic_ordering_pattern,tcl/target/stm32g0x.cfg,official_st_ordering_information_plus_estore_active_exact_identity,https://www.st.com/resource/en/datasheet/stm32g0b1kb.pdf,STMicroelectronics official,verified_st_ordering_information_codes_plus_current_estore_active_identity
STMicroelectronics,STM32G0B1KBT6N,STM32G0,STM32G0B1,STM32G0B1KB,LQFP,32,128 KiB,-40 to 85 C,N,,STM32G0B1KBTx,ordering_pattern,deterministic_ordering_pattern,tcl/target/stm32g0x.cfg,official_st_ordering_information_plus_estore_active_exact_identity,https://www.st.com/resource/en/datasheet/stm32g0b1kb.pdf,STMicroelectronics official,verified_st_ordering_information_codes_plus_current_estore_active_identity
STMicroelectronics,STM32G0B1KBT6NTR,STM32G0,STM32G0B1,STM32G0B1KB,LQFP,32,128 KiB,-40 to 85 C,NTR,,STM32G0B1KBTx,ordering_pattern,deterministic_ordering_pattern,tcl/target/stm32g0x.cfg,official_st_ordering_information_plus_estore_active_exact_identity,https://www.st.com/resource/en/datasheet/stm32g0b1kb.pdf,STMicroelectronics official,verified_st_ordering_information_codes_plus_current_estore_active_identity
STMicroelectronics,STM32G0B1KBT6TR,STM32G0,STM32G0B1,STM32G0B1KB,LQFP,32,128 KiB,-40 to 85 C,TR,,STM32G0B1KBTx,ordering_pattern,deterministic_ordering_pattern,tcl/target/stm32g0x.cfg,official_st_ordering_information_plus_estore_active_exact_identity,https://www.st.com/resource/en/datasheet/stm32g0b1kb.pdf,STMicroelectronics official,verified_st_ordering_information_codes_plus_current_estore_active_identity
STMicroelectronics,STM32G0B1KBU3N,STM32G0,STM32G0B1,STM32G0B1KB,UFQFPN,32,128 KiB,-40 to 125 C,N,,STM32G0B1KBUx,ordering_pattern,deterministic_ordering_pattern,tcl/target/stm32g0x.cfg,official_st_ordering_information_plus_estore_active_exact_identity,https://www.st.com/resource/en/datasheet/stm32g0b1kb.pdf,STMicroelectronics official,verified_st_ordering_information_codes_plus_current_estore_active_identity
STMicroelectronics,STM32G0B1KBU3NTR,STM32G0,STM32G0B1,STM32G0B1KB,UFQFPN,32,128 KiB,-40 to 125 C,NTR,,STM32G0B1KBUx,ordering_pattern,deterministic_ordering_pattern,tcl/target/stm32g0x.cfg,official_st_ordering_information_plus_estore_active_exact_identity,https://www.st.com/resource/en/datasheet/stm32g0b1kb.pdf,STMicroelectronics official,verified_st_ordering_information_codes_plus_current_estore_active_identity
STMicroelectronics,STM32G0B1KBU6,STM32G0,STM32G0B1,STM32G0B1KB,UFQFPN,32,128 KiB,-40 to 85 C,,,STM32G0B1KBUx,ordering_pattern,deterministic_ordering_pattern,tcl/target/stm32g0x.cfg,official_st_ordering_information_plus_estore_active_exact_identity,https://www.st.com/resource/en/datasheet/stm32g0b1kb.pdf,STMicroelectronics official,verified_st_ordering_information_codes_plus_current_estore_active_identity
STMicroelectronics,STM32G0B1KBU6N,STM32G0,STM32G0B1,STM32G0B1KB,UFQFPN,32,128 KiB,-40 to 85 C,N,,STM32G0B1KBUx,ordering_pattern,deterministic_ordering_pattern,tcl/target/stm32g0x.cfg,official_st_ordering_information_plus_estore_active_exact_identity,https://www.st.com/resource/en/datasheet/stm32g0b1kb.pdf,STMicroelectronics official,verified_st_ordering_information_codes_plus_current_estore_active_identity
STMicroelectronics,STM32G0B1KBU6TR,STM32G0,STM32G0B1,STM32G0B1KB,UFQFPN,32,128 KiB,-40 to 85 C,TR,,STM32G0B1KBUx,ordering_pattern,deterministic_ordering_pattern,tcl/target/stm32g0x.cfg,official_st_ordering_information_plus_estore_active_exact_identity,https://www.st.com/resource/en/datasheet/stm32g0b1kb.pdf,STMicroelectronics official,verified_st_ordering_information_codes_plus_current_estore_active_identity
STMicroelectronics,STM32G0B1KBU7,STM32G0,STM32G0B1,STM32G0B1KB,UFQFPN,32,128 KiB,-40 to 105 C,,,STM32G0B1KBUx,ordering_pattern,deterministic_ordering_pattern,tcl/target/stm32g0x.cfg,official_st_ordering_information_plus_estore_active_exact_identity,https://www.st.com/resource/en/datasheet/stm32g0b1kb.pdf,STMicroelectronics official,verified_st_ordering_information_codes_plus_current_estore_active_identity
STMicroelectronics,STM32G0B1KBU7TR,STM32G0,STM32G0B1,STM32G0B1KB,UFQFPN,32,128 KiB,-40 to 105 C,TR,,STM32G0B1KBUx,ordering_pattern,deterministic_ordering_pattern,tcl/target/stm32g0x.cfg,official_st_ordering_information_plus_estore_active_exact_identity,https://www.st.com/resource/en/datasheet/stm32g0b1kb.pdf,STMicroelectronics official,verified_st_ordering_information_codes_plus_current_estore_active_identity
STMicroelectronics,STM32G0B1KCT6,STM32G0,STM32G0B1,STM32G0B1KC,LQFP,32,256 KiB,-40 to 85 C,,,STM32G0B1KCTx,ordering_pattern,deterministic_ordering_pattern,tcl/target/stm32g0x.cfg,official_st_ordering_information_plus_estore_active_exact_identity,https://www.st.com/resource/en/datasheet/stm32g0b1kb.pdf,STMicroelectronics official,verified_st_ordering_information_codes_plus_current_estore_active_identity
STMicroelectronics,STM32G0B1KCT6N,STM32G0,STM32G0B1,STM32G0B1KC,LQFP,32,256 KiB,-40 to 85 C,N,,STM32G0B1KCTx,ordering_pattern,deterministic_ordering_pattern,tcl/target/stm32g0x.cfg,official_st_ordering_information_plus_estore_active_exact_identity,https://www.st.com/resource/en/datasheet/stm32g0b1kb.pdf,STMicroelectronics official,verified_st_ordering_information_codes_plus_current_estore_active_identity
STMicroelectronics,STM32G0B1KCT6TR,STM32G0,STM32G0B1,STM32G0B1KC,LQFP,32,256 KiB,-40 to 85 C,TR,,STM32G0B1KCTx,ordering_pattern,deterministic_ordering_pattern,tcl/target/stm32g0x.cfg,official_st_ordering_information_plus_estore_active_exact_identity,https://www.st.com/resource/en/datasheet/stm32g0b1kb.pdf,STMicroelectronics official,verified_st_ordering_information_codes_plus_current_estore_active_identity
STMicroelectronics,STM32G0B1KCU3,STM32G0,STM32G0B1,STM32G0B1KC,UFQFPN,32,256 KiB,-40 to 125 C,,,STM32G0B1KCUx,ordering_pattern,deterministic_ordering_pattern,tcl/target/stm32g0x.cfg,official_st_ordering_information_plus_estore_active_exact_identity,https://www.st.com/resource/en/datasheet/stm32g0b1kb.pdf,STMicroelectronics official,verified_st_ordering_information_codes_plus_current_estore_active_identity
STMicroelectronics,STM32G0B1KCU3TR,STM32G0,STM32G0B1,STM32G0B1KC,UFQFPN,32,256 KiB,-40 to 125 C,TR,,STM32G0B1KCUx,ordering_pattern,deterministic_ordering_pattern,tcl/target/stm32g0x.cfg,official_st_ordering_information_plus_estore_active_exact_identity,https://www.st.com/resource/en/datasheet/stm32g0b1kb.pdf,STMicroelectronics official,verified_st_ordering_information_codes_plus_current_estore_active_identity
STMicroelectronics,STM32G0B1KCU6,STM32G0,STM32G0B1,STM32G0B1KC,UFQFPN,32,256 KiB,-40 to 85 C,,,STM32G0B1KCUx,ordering_pattern,deterministic_ordering_pattern,tcl/target/stm32g0x.cfg,official_st_ordering_information_plus_estore_active_exact_identity,https://www.st.com/resource/en/datasheet/stm32g0b1kb.pdf,STMicroelectronics official,verified_st_ordering_information_codes_plus_current_estore_active_identity
STMicroelectronics,STM32G0B1KCU6N,STM32G0,STM32G0B1,STM32G0B1KC,UFQFPN,32,256 KiB,-40 to 85 C,N,,STM32G0B1KCUx,ordering_pattern,deterministic_ordering_pattern,tcl/target/stm32g0x.cfg,official_st_ordering_information_plus_estore_active_exact_identity,https://www.st.com/resource/en/datasheet/stm32g0b1kb.pdf,STMicroelectronics official,verified_st_ordering_information_codes_plus_current_estore_active_identity
STMicroelectronics,STM32G0B1KCU6TR,STM32G0,STM32G0B1,STM32G0B1KC,UFQFPN,32,256 KiB,-40 to 85 C,TR,,STM32G0B1KCUx,ordering_pattern,deterministic_ordering_pattern,tcl/target/stm32g0x.cfg,official_st_ordering_information_plus_estore_active_exact_identity,https://www.st.com/resource/en/datasheet/stm32g0b1kb.pdf,STMicroelectronics official,verified_st_ordering_information_codes_plus_current_estore_active_identity
STMicroelectronics,STM32G0B1KCU7,STM32G0,STM32G0B1,STM32G0B1KC,UFQFPN,32,256 KiB,-40 to 105 C,,,STM32G0B1KCUx,ordering_pattern,deterministic_ordering_pattern,tcl/target/stm32g0x.cfg,official_st_ordering_information_plus_estore_active_exact_identity,https://www.st.com/resource/en/datasheet/stm32g0b1kb.pdf,STMicroelectronics official,verified_st_ordering_information_codes_plus_current_estore_active_identity
STMicroelectronics,STM32G0B1KCU7TR,STM32G0,STM32G0B1,STM32G0B1KC,UFQFPN,32,256 KiB,-40 to 105 C,TR,,STM32G0B1KCUx,ordering_pattern,deterministic_ordering_pattern,tcl/target/stm32g0x.cfg,official_st_ordering_information_plus_estore_active_exact_identity,https://www.st.com/resource/en/datasheet/stm32g0b1kb.pdf,STMicroelectronics official,verified_st_ordering_information_codes_plus_current_estore_active_identity
STMicroelectronics,STM32G0B1KET3,STM32G0,STM32G0B1,STM32G0B1KE,LQFP,32,512 KiB,-40 to 125 C,,,STM32G0B1KETx,ordering_pattern,deterministic_ordering_pattern,tcl/target/stm32g0x.cfg,official_st_ordering_information_plus_estore_active_exact_identity,https://www.st.com/resource/en/datasheet/stm32g0b1kb.pdf,STMicroelectronics official,verified_st_ordering_information_codes_plus_current_estore_active_identity
STMicroelectronics,STM32G0B1KET3TR,STM32G0,STM32G0B1,STM32G0B1KE,LQFP,32,512 KiB,-40 to 125 C,TR,,STM32G0B1KETx,ordering_pattern,deterministic_ordering_pattern,tcl/target/stm32g0x.cfg,official_st_ordering_information_plus_estore_active_exact_identity,https://www.st.com/resource/en/datasheet/stm32g0b1kb.pdf,STMicroelectronics official,verified_st_ordering_information_codes_plus_current_estore_active_identity
STMicroelectronics,STM32G0B1KET6,STM32G0,STM32G0B1,STM32G0B1KE,LQFP,32,512 KiB,-40 to 85 C,,,STM32G0B1KETx,ordering_pattern,deterministic_ordering_pattern,tcl/target/stm32g0x.cfg,official_st_ordering_information_plus_estore_active_exact_identity,https://www.st.com/resource/en/datasheet/stm32g0b1kb.pdf,STMicroelectronics official,verified_st_ordering_information_codes_plus_current_estore_active_identity
STMicroelectronics,STM32G0B1KET6N,STM32G0,STM32G0B1,STM32G0B1KE,LQFP,32,512 KiB,-40 to 85 C,N,,STM32G0B1KETx,ordering_pattern,deterministic_ordering_pattern,tcl/target/stm32g0x.cfg,official_st_ordering_information_plus_estore_active_exact_identity,https://www.st.com/resource/en/datasheet/stm32g0b1kb.pdf,STMicroelectronics official,verified_st_ordering_information_codes_plus_current_estore_active_identity
STMicroelectronics,STM32G0B1KET6TR,STM32G0,STM32G0B1,STM32G0B1KE,LQFP,32,512 KiB,-40 to 85 C,TR,,STM32G0B1KETx,ordering_pattern,deterministic_ordering_pattern,tcl/target/stm32g0x.cfg,official_st_ordering_information_plus_estore_active_exact_identity,https://www.st.com/resource/en/datasheet/stm32g0b1kb.pdf,STMicroelectronics official,verified_st_ordering_information_codes_plus_current_estore_active_identity
STMicroelectronics,STM32G0B1KEU3N,STM32G0,STM32G0B1,STM32G0B1KE,UFQFPN,32,512 KiB,-40 to 125 C,N,,STM32G0B1KEUx,ordering_pattern,deterministic_ordering_pattern,tcl/target/stm32g0x.cfg,official_st_ordering_information_plus_estore_active_exact_identity,https://www.st.com/resource/en/datasheet/stm32g0b1kb.pdf,STMicroelectronics official,verified_st_ordering_information_codes_plus_current_estore_active_identity
STMicroelectronics,STM32G0B1KEU3NTR,STM32G0,STM32G0B1,STM32G0B1KE,UFQFPN,32,512 KiB,-40 to 125 C,NTR,,STM32G0B1KEUx,ordering_pattern,deterministic_ordering_pattern,tcl/target/stm32g0x.cfg,official_st_ordering_information_plus_estore_active_exact_identity,https://www.st.com/resource/en/datasheet/stm32g0b1kb.pdf,STMicroelectronics official,verified_st_ordering_information_codes_plus_current_estore_active_identity
STMicroelectronics,STM32G0B1KEU6,STM32G0,STM32G0B1,STM32G0B1KE,UFQFPN,32,512 KiB,-40 to 85 C,,,STM32G0B1KEUx,ordering_pattern,deterministic_ordering_pattern,tcl/target/stm32g0x.cfg,official_st_ordering_information_plus_estore_active_exact_identity,https://www.st.com/resource/en/datasheet/stm32g0b1kb.pdf,STMicroelectronics official,verified_st_ordering_information_codes_plus_current_estore_active_identity
STMicroelectronics,STM32G0B1KEU6N,STM32G0,STM32G0B1,STM32G0B1KE,UFQFPN,32,512 KiB,-40 to 85 C,N,,STM32G0B1KEUx,ordering_pattern,deterministic_ordering_pattern,tcl/target/stm32g0x.cfg,official_st_ordering_information_plus_estore_active_exact_identity,https://www.st.com/resource/en/datasheet/stm32g0b1kb.pdf,STMicroelectronics official,verified_st_ordering_information_codes_plus_current_estore_active_identity
STMicroelectronics,STM32G0B1KEU6TR,STM32G0,STM32G0B1,STM32G0B1KE,UFQFPN,32,512 KiB,-40 to 85 C,TR,,STM32G0B1KEUx,ordering_pattern,deterministic_ordering_pattern,tcl/target/stm32g0x.cfg,official_st_ordering_information_plus_estore_active_exact_identity,https://www.st.com/resource/en/datasheet/stm32g0b1kb.pdf,STMicroelectronics official,verified_st_ordering_information_codes_plus_current_estore_active_identity
STMicroelectronics,STM32G0B1KEU7,STM32G0,STM32G0B1,STM32G0B1KE,UFQFPN,32,512 KiB,-40 to 105 C,,,STM32G0B1KEUx,ordering_pattern,deterministic_ordering_pattern,tcl/target/stm32g0x.cfg,official_st_ordering_information_plus_estore_active_exact_identity,https://www.st.com/resource/en/datasheet/stm32g0b1kb.pdf,STMicroelectronics official,verified_st_ordering_information_codes_plus_current_estore_active_identity
STMicroelectronics,STM32G0B1KEU7TR,STM32G0,STM32G0B1,STM32G0B1KE,UFQFPN,32,512 KiB,-40 to 105 C,TR,,STM32G0B1KEUx,ordering_pattern,deterministic_ordering_pattern,tcl/target/stm32g0x.cfg,official_st_ordering_information_plus_estore_active_exact_identity,https://www.st.com/resource/en/datasheet/stm32g0b1kb.pdf,STMicroelectronics official,verified_st_ordering_information_codes_plus_current_estore_active_identity
STMicroelectronics,STM32G0B1MBT6,STM32G0,STM32G0B1,STM32G0B1MB,LQFP,80,128 KiB,-40 to 85 C,,,STM32G0B1MBTx,ordering_pattern,deterministic_ordering_pattern,tcl/target/stm32g0x.cfg,official_st_ordering_information_plus_estore_active_exact_identity,https://www.st.com/resource/en/datasheet/stm32g0b1kb.pdf,STMicroelectronics official,verified_st_ordering_information_codes_plus_current_estore_active_identity
STMicroelectronics,STM32G0B1MCT6,STM32G0,STM32G0B1,STM32G0B1MC,LQFP,80,256 KiB,-40 to 85 C,,,STM32G0B1MCTx,ordering_pattern,deterministic_ordering_pattern,tcl/target/stm32g0x.cfg,official_st_ordering_information_plus_estore_active_exact_identity,https://www.st.com/resource/en/datasheet/stm32g0b1kb.pdf,STMicroelectronics official,verified_st_ordering_information_codes_plus_current_estore_active_identity
STMicroelectronics,STM32G0B1MET6,STM32G0,STM32G0B1,STM32G0B1ME,LQFP,80,512 KiB,-40 to 85 C,,,STM32G0B1METx,ordering_pattern,deterministic_ordering_pattern,tcl/target/stm32g0x.cfg,official_st_ordering_information_plus_estore_active_exact_identity,https://www.st.com/resource/en/datasheet/stm32g0b1kb.pdf,STMicroelectronics official,verified_st_ordering_information_codes_plus_current_estore_active_identity
STMicroelectronics,STM32G0B1NEY6TR,STM32G0,STM32G0B1,STM32G0B1NE,WLCSP,52,512 KiB,-40 to 85 C,TR,,STM32G0B1NEYx,ordering_pattern,deterministic_ordering_pattern,tcl/target/stm32g0x.cfg,official_st_ordering_information_plus_estore_active_exact_identity,https://www.st.com/resource/en/datasheet/stm32g0b1kb.pdf,STMicroelectronics official,verified_st_ordering_information_codes_plus_current_estore_active_identity
STMicroelectronics,STM32G0B1RBI3N,STM32G0,STM32G0B1,STM32G0B1RB,UFBGA,64,128 KiB,-40 to 125 C,N,,,,no_mapping,,official_st_ordering_information_plus_estore_active_exact_identity,https://www.st.com/resource/en/datasheet/stm32g0b1kb.pdf,STMicroelectronics official,verified_st_ordering_information_codes_plus_current_estore_active_identity
STMicroelectronics,STM32G0B1RBI3NTR,STM32G0,STM32G0B1,STM32G0B1RB,UFBGA,64,128 KiB,-40 to 125 C,NTR,,,,no_mapping,,official_st_ordering_information_plus_estore_active_exact_identity,https://www.st.com/resource/en/datasheet/stm32g0b1kb.pdf,STMicroelectronics official,verified_st_ordering_information_codes_plus_current_estore_active_identity
STMicroelectronics,STM32G0B1RBI6N,STM32G0,STM32G0B1,STM32G0B1RB,UFBGA,64,128 KiB,-40 to 85 C,N,,,,no_mapping,,official_st_ordering_information_plus_estore_active_exact_identity,https://www.st.com/resource/en/datasheet/stm32g0b1kb.pdf,STMicroelectronics official,verified_st_ordering_information_codes_plus_current_estore_active_identity
STMicroelectronics,STM32G0B1RBT3,STM32G0,STM32G0B1,STM32G0B1RB,LQFP,64,128 KiB,-40 to 125 C,,,STM32G0B1RBTx,ordering_pattern,deterministic_ordering_pattern,tcl/target/stm32g0x.cfg,official_st_ordering_information_plus_estore_active_exact_identity,https://www.st.com/resource/en/datasheet/stm32g0b1kb.pdf,STMicroelectronics official,verified_st_ordering_information_codes_plus_current_estore_active_identity
STMicroelectronics,STM32G0B1RBT3TR,STM32G0,STM32G0B1,STM32G0B1RB,LQFP,64,128 KiB,-40 to 125 C,TR,,STM32G0B1RBTx,ordering_pattern,deterministic_ordering_pattern,tcl/target/stm32g0x.cfg,official_st_ordering_information_plus_estore_active_exact_identity,https://www.st.com/resource/en/datasheet/stm32g0b1kb.pdf,STMicroelectronics official,verified_st_ordering_information_codes_plus_current_estore_active_identity
STMicroelectronics,STM32G0B1RBT6,STM32G0,STM32G0B1,STM32G0B1RB,LQFP,64,128 KiB,-40 to 85 C,,,STM32G0B1RBTx,ordering_pattern,deterministic_ordering_pattern,tcl/target/stm32g0x.cfg,official_st_ordering_information_plus_estore_active_exact_identity,https://www.st.com/resource/en/datasheet/stm32g0b1kb.pdf,STMicroelectronics official,verified_st_ordering_information_codes_plus_current_estore_active_identity
STMicroelectronics,STM32G0B1RBT6N,STM32G0,STM32G0B1,STM32G0B1RB,LQFP,64,128 KiB,-40 to 85 C,N,,STM32G0B1RBTx,ordering_pattern,deterministic_ordering_pattern,tcl/target/stm32g0x.cfg,official_st_ordering_information_plus_estore_active_exact_identity,https://www.st.com/resource/en/datasheet/stm32g0b1kb.pdf,STMicroelectronics official,verified_st_ordering_information_codes_plus_current_estore_active_identity
STMicroelectronics,STM32G0B1RBT6TR,STM32G0,STM32G0B1,STM32G0B1RB,LQFP,64,128 KiB,-40 to 85 C,TR,,STM32G0B1RBTx,ordering_pattern,deterministic_ordering_pattern,tcl/target/stm32g0x.cfg,official_st_ordering_information_plus_estore_active_exact_identity,https://www.st.com/resource/en/datasheet/stm32g0b1kb.pdf,STMicroelectronics official,verified_st_ordering_information_codes_plus_current_estore_active_identity
STMicroelectronics,STM32G0B1RBT7TR,STM32G0,STM32G0B1,STM32G0B1RB,LQFP,64,128 KiB,-40 to 105 C,TR,,STM32G0B1RBTx,ordering_pattern,deterministic_ordering_pattern,tcl/target/stm32g0x.cfg,official_st_ordering_information_plus_estore_active_exact_identity,https://www.st.com/resource/en/datasheet/stm32g0b1kb.pdf,STMicroelectronics official,verified_st_ordering_information_codes_plus_current_estore_active_identity
STMicroelectronics,STM32G0B1RCI6N,STM32G0,STM32G0B1,STM32G0B1RC,UFBGA,64,256 KiB,-40 to 85 C,N,,,,no_mapping,,official_st_ordering_information_plus_estore_active_exact_identity,https://www.st.com/resource/en/datasheet/stm32g0b1kb.pdf,STMicroelectronics official,verified_st_ordering_information_codes_plus_current_estore_active_identity
STMicroelectronics,STM32G0B1RCI6NTR,STM32G0,STM32G0B1,STM32G0B1RC,UFBGA,64,256 KiB,-40 to 85 C,NTR,,,,no_mapping,,official_st_ordering_information_plus_estore_active_exact_identity,https://www.st.com/resource/en/datasheet/stm32g0b1kb.pdf,STMicroelectronics official,verified_st_ordering_information_codes_plus_current_estore_active_identity
STMicroelectronics,STM32G0B1RCT3,STM32G0,STM32G0B1,STM32G0B1RC,LQFP,64,256 KiB,-40 to 125 C,,,STM32G0B1RCTx,ordering_pattern,deterministic_ordering_pattern,tcl/target/stm32g0x.cfg,official_st_ordering_information_plus_estore_active_exact_identity,https://www.st.com/resource/en/datasheet/stm32g0b1kb.pdf,STMicroelectronics official,verified_st_ordering_information_codes_plus_current_estore_active_identity
STMicroelectronics,STM32G0B1RCT6,STM32G0,STM32G0B1,STM32G0B1RC,LQFP,64,256 KiB,-40 to 85 C,,,STM32G0B1RCTx,ordering_pattern,deterministic_ordering_pattern,tcl/target/stm32g0x.cfg,official_st_ordering_information_plus_estore_active_exact_identity,https://www.st.com/resource/en/datasheet/stm32g0b1kb.pdf,STMicroelectronics official,verified_st_ordering_information_codes_plus_current_estore_active_identity
STMicroelectronics,STM32G0B1RCT6N,STM32G0,STM32G0B1,STM32G0B1RC,LQFP,64,256 KiB,-40 to 85 C,N,,STM32G0B1RCTx,ordering_pattern,deterministic_ordering_pattern,tcl/target/stm32g0x.cfg,official_st_ordering_information_plus_estore_active_exact_identity,https://www.st.com/resource/en/datasheet/stm32g0b1kb.pdf,STMicroelectronics official,verified_st_ordering_information_codes_plus_current_estore_active_identity
STMicroelectronics,STM32G0B1RCT6NTR,STM32G0,STM32G0B1,STM32G0B1RC,LQFP,64,256 KiB,-40 to 85 C,NTR,,STM32G0B1RCTx,ordering_pattern,deterministic_ordering_pattern,tcl/target/stm32g0x.cfg,official_st_ordering_information_plus_estore_active_exact_identity,https://www.st.com/resource/en/datasheet/stm32g0b1kb.pdf,STMicroelectronics official,verified_st_ordering_information_codes_plus_current_estore_active_identity
STMicroelectronics,STM32G0B1RCT6TR,STM32G0,STM32G0B1,STM32G0B1RC,LQFP,64,256 KiB,-40 to 85 C,TR,,STM32G0B1RCTx,ordering_pattern,deterministic_ordering_pattern,tcl/target/stm32g0x.cfg,official_st_ordering_information_plus_estore_active_exact_identity,https://www.st.com/resource/en/datasheet/stm32g0b1kb.pdf,STMicroelectronics official,verified_st_ordering_information_codes_plus_current_estore_active_identity
STMicroelectronics,STM32G0B1RCT7,STM32G0,STM32G0B1,STM32G0B1RC,LQFP,64,256 KiB,-40 to 105 C,,,STM32G0B1RCTx,ordering_pattern,deterministic_ordering_pattern,tcl/target/stm32g0x.cfg,official_st_ordering_information_plus_estore_active_exact_identity,https://www.st.com/resource/en/datasheet/stm32g0b1kb.pdf,STMicroelectronics official,verified_st_ordering_information_codes_plus_current_estore_active_identity
STMicroelectronics,STM32G0B1RCT7TR,STM32G0,STM32G0B1,STM32G0B1RC,LQFP,64,256 KiB,-40 to 105 C,TR,,STM32G0B1RCTx,ordering_pattern,deterministic_ordering_pattern,tcl/target/stm32g0x.cfg,official_st_ordering_information_plus_estore_active_exact_identity,https://www.st.com/resource/en/datasheet/stm32g0b1kb.pdf,STMicroelectronics official,verified_st_ordering_information_codes_plus_current_estore_active_identity
STMicroelectronics,STM32G0B1REI6N,STM32G0,STM32G0B1,STM32G0B1RE,UFBGA,64,512 KiB,-40 to 85 C,N,,,,no_mapping,,official_st_ordering_information_plus_estore_active_exact_identity,https://www.st.com/resource/en/datasheet/stm32g0b1kb.pdf,STMicroelectronics official,verified_st_ordering_information_codes_plus_current_estore_active_identity
STMicroelectronics,STM32G0B1REI6NTR,STM32G0,STM32G0B1,STM32G0B1RE,UFBGA,64,512 KiB,-40 to 85 C,NTR,,,,no_mapping,,official_st_ordering_information_plus_estore_active_exact_identity,https://www.st.com/resource/en/datasheet/stm32g0b1kb.pdf,STMicroelectronics official,verified_st_ordering_information_codes_plus_current_estore_active_identity
STMicroelectronics,STM32G0B1REI7N,STM32G0,STM32G0B1,STM32G0B1RE,UFBGA,64,512 KiB,-40 to 105 C,N,,,,no_mapping,,official_st_ordering_information_plus_estore_active_exact_identity,https://www.st.com/resource/en/datasheet/stm32g0b1kb.pdf,STMicroelectronics official,verified_st_ordering_information_codes_plus_current_estore_active_identity
STMicroelectronics,STM32G0B1RET3,STM32G0,STM32G0B1,STM32G0B1RE,LQFP,64,512 KiB,-40 to 125 C,,,STM32G0B1RETx,ordering_pattern,deterministic_ordering_pattern,tcl/target/stm32g0x.cfg,official_st_ordering_information_plus_estore_active_exact_identity,https://www.st.com/resource/en/datasheet/stm32g0b1kb.pdf,STMicroelectronics official,verified_st_ordering_information_codes_plus_current_estore_active_identity
STMicroelectronics,STM32G0B1RET3TR,STM32G0,STM32G0B1,STM32G0B1RE,LQFP,64,512 KiB,-40 to 125 C,TR,,STM32G0B1RETx,ordering_pattern,deterministic_ordering_pattern,tcl/target/stm32g0x.cfg,official_st_ordering_information_plus_estore_active_exact_identity,https://www.st.com/resource/en/datasheet/stm32g0b1kb.pdf,STMicroelectronics official,verified_st_ordering_information_codes_plus_current_estore_active_identity
STMicroelectronics,STM32G0B1RET6,STM32G0,STM32G0B1,STM32G0B1RE,LQFP,64,512 KiB,-40 to 85 C,,,STM32G0B1RETx,ordering_pattern,deterministic_ordering_pattern,tcl/target/stm32g0x.cfg,official_st_ordering_information_plus_estore_active_exact_identity,https://www.st.com/resource/en/datasheet/stm32g0b1kb.pdf,STMicroelectronics official,verified_st_ordering_information_codes_plus_current_estore_active_identity
STMicroelectronics,STM32G0B1RET6N,STM32G0,STM32G0B1,STM32G0B1RE,LQFP,64,512 KiB,-40 to 85 C,N,,STM32G0B1RETx,ordering_pattern,deterministic_ordering_pattern,tcl/target/stm32g0x.cfg,official_st_ordering_information_plus_estore_active_exact_identity,https://www.st.com/resource/en/datasheet/stm32g0b1kb.pdf,STMicroelectronics official,verified_st_ordering_information_codes_plus_current_estore_active_identity
STMicroelectronics,STM32G0B1RET6TR,STM32G0,STM32G0B1,STM32G0B1RE,LQFP,64,512 KiB,-40 to 85 C,TR,,STM32G0B1RETx,ordering_pattern,deterministic_ordering_pattern,tcl/target/stm32g0x.cfg,official_st_ordering_information_plus_estore_active_exact_identity,https://www.st.com/resource/en/datasheet/stm32g0b1kb.pdf,STMicroelectronics official,verified_st_ordering_information_codes_plus_current_estore_active_identity
STMicroelectronics,STM32G0B1RET7,STM32G0,STM32G0B1,STM32G0B1RE,LQFP,64,512 KiB,-40 to 105 C,,,STM32G0B1RETx,ordering_pattern,deterministic_ordering_pattern,tcl/target/stm32g0x.cfg,official_st_ordering_information_plus_estore_active_exact_identity,https://www.st.com/resource/en/datasheet/stm32g0b1kb.pdf,STMicroelectronics official,verified_st_ordering_information_codes_plus_current_estore_active_identity
STMicroelectronics,STM32G0B1VBI6,STM32G0,STM32G0B1,STM32G0B1VB,UFBGA,100,128 KiB,-40 to 85 C,,,STM32G0B1VBIx,ordering_pattern,deterministic_ordering_pattern,tcl/target/stm32g0x.cfg,official_st_ordering_information_plus_estore_active_exact_identity,https://www.st.com/resource/en/datasheet/stm32g0b1kb.pdf,STMicroelectronics official,verified_st_ordering_information_codes_plus_current_estore_active_identity
STMicroelectronics,STM32G0B1VBT6,STM32G0,STM32G0B1,STM32G0B1VB,LQFP,100,128 KiB,-40 to 85 C,,,STM32G0B1VBTx,ordering_pattern,deterministic_ordering_pattern,tcl/target/stm32g0x.cfg,official_st_ordering_information_plus_estore_active_exact_identity,https://www.st.com/resource/en/datasheet/stm32g0b1kb.pdf,STMicroelectronics official,verified_st_ordering_information_codes_plus_current_estore_active_identity
STMicroelectronics,STM32G0B1VBT7,STM32G0,STM32G0B1,STM32G0B1VB,LQFP,100,128 KiB,-40 to 105 C,,,STM32G0B1VBTx,ordering_pattern,deterministic_ordering_pattern,tcl/target/stm32g0x.cfg,official_st_ordering_information_plus_estore_active_exact_identity,https://www.st.com/resource/en/datasheet/stm32g0b1kb.pdf,STMicroelectronics official,verified_st_ordering_information_codes_plus_current_estore_active_identity
STMicroelectronics,STM32G0B1VBT7TR,STM32G0,STM32G0B1,STM32G0B1VB,LQFP,100,128 KiB,-40 to 105 C,TR,,STM32G0B1VBTx,ordering_pattern,deterministic_ordering_pattern,tcl/target/stm32g0x.cfg,official_st_ordering_information_plus_estore_active_exact_identity,https://www.st.com/resource/en/datasheet/stm32g0b1kb.pdf,STMicroelectronics official,verified_st_ordering_information_codes_plus_current_estore_active_identity
STMicroelectronics,STM32G0B1VCI6,STM32G0,STM32G0B1,STM32G0B1VC,UFBGA,100,256 KiB,-40 to 85 C,,,STM32G0B1VCIx,ordering_pattern,deterministic_ordering_pattern,tcl/target/stm32g0x.cfg,official_st_ordering_information_plus_estore_active_exact_identity,https://www.st.com/resource/en/datasheet/stm32g0b1kb.pdf,STMicroelectronics official,verified_st_ordering_information_codes_plus_current_estore_active_identity
STMicroelectronics,STM32G0B1VCI6TR,STM32G0,STM32G0B1,STM32G0B1VC,UFBGA,100,256 KiB,-40 to 85 C,TR,,STM32G0B1VCIx,ordering_pattern,deterministic_ordering_pattern,tcl/target/stm32g0x.cfg,official_st_ordering_information_plus_estore_active_exact_identity,https://www.st.com/resource/en/datasheet/stm32g0b1kb.pdf,STMicroelectronics official,verified_st_ordering_information_codes_plus_current_estore_active_identity
STMicroelectronics,STM32G0B1VCT6,STM32G0,STM32G0B1,STM32G0B1VC,LQFP,100,256 KiB,-40 to 85 C,,,STM32G0B1VCTx,ordering_pattern,deterministic_ordering_pattern,tcl/target/stm32g0x.cfg,official_st_ordering_information_plus_estore_active_exact_identity,https://www.st.com/resource/en/datasheet/stm32g0b1kb.pdf,STMicroelectronics official,verified_st_ordering_information_codes_plus_current_estore_active_identity
STMicroelectronics,STM32G0B1VCT6TR,STM32G0,STM32G0B1,STM32G0B1VC,LQFP,100,256 KiB,-40 to 85 C,TR,,STM32G0B1VCTx,ordering_pattern,deterministic_ordering_pattern,tcl/target/stm32g0x.cfg,official_st_ordering_information_plus_estore_active_exact_identity,https://www.st.com/resource/en/datasheet/stm32g0b1kb.pdf,STMicroelectronics official,verified_st_ordering_information_codes_plus_current_estore_active_identity
STMicroelectronics,STM32G0B1VCT7,STM32G0,STM32G0B1,STM32G0B1VC,LQFP,100,256 KiB,-40 to 105 C,,,STM32G0B1VCTx,ordering_pattern,deterministic_ordering_pattern,tcl/target/stm32g0x.cfg,official_st_ordering_information_plus_estore_active_exact_identity,https://www.st.com/resource/en/datasheet/stm32g0b1kb.pdf,STMicroelectronics official,verified_st_ordering_information_codes_plus_current_estore_active_identity
STMicroelectronics,STM32G0B1VEI6,STM32G0,STM32G0B1,STM32G0B1VE,UFBGA,100,512 KiB,-40 to 85 C,,,STM32G0B1VEIx,ordering_pattern,deterministic_ordering_pattern,tcl/target/stm32g0x.cfg,official_st_ordering_information_plus_estore_active_exact_identity,https://www.st.com/resource/en/datasheet/stm32g0b1kb.pdf,STMicroelectronics official,verified_st_ordering_information_codes_plus_current_estore_active_identity
STMicroelectronics,STM32G0B1VEI7,STM32G0,STM32G0B1,STM32G0B1VE,UFBGA,100,512 KiB,-40 to 105 C,,,STM32G0B1VEIx,ordering_pattern,deterministic_ordering_pattern,tcl/target/stm32g0x.cfg,official_st_ordering_information_plus_estore_active_exact_identity,https://www.st.com/resource/en/datasheet/stm32g0b1kb.pdf,STMicroelectronics official,verified_st_ordering_information_codes_plus_current_estore_active_identity
STMicroelectronics,STM32G0B1VEI7TR,STM32G0,STM32G0B1,STM32G0B1VE,UFBGA,100,512 KiB,-40 to 105 C,TR,,STM32G0B1VEIx,ordering_pattern,deterministic_ordering_pattern,tcl/target/stm32g0x.cfg,official_st_ordering_information_plus_estore_active_exact_identity,https://www.st.com/resource/en/datasheet/stm32g0b1kb.pdf,STMicroelectronics official,verified_st_ordering_information_codes_plus_current_estore_active_identity
STMicroelectronics,STM32G0B1VET6,STM32G0,STM32G0B1,STM32G0B1VE,LQFP,100,512 KiB,-40 to 85 C,,,STM32G0B1VETx,ordering_pattern,deterministic_ordering_pattern,tcl/target/stm32g0x.cfg,official_st_ordering_information_plus_estore_active_exact_identity,https://www.st.com/resource/en/datasheet/stm32g0b1kb.pdf,STMicroelectronics official,verified_st_ordering_information_codes_plus_current_estore_active_identity
STMicroelectronics,STM32G0B1VET6TR,STM32G0,STM32G0B1,STM32G0B1VE,LQFP,100,512 KiB,-40 to 85 C,TR,,STM32G0B1VETx,ordering_pattern,deterministic_ordering_pattern,tcl/target/stm32g0x.cfg,official_st_ordering_information_plus_estore_active_exact_identity,https://www.st.com/resource/en/datasheet/stm32g0b1kb.pdf,STMicroelectronics official,verified_st_ordering_information_codes_plus_current_estore_active_identity
STMicroelectronics,STM32G0B1VET7,STM32G0,STM32G0B1,STM32G0B1VE,LQFP,100,512 KiB,-40 to 105 C,,,STM32G0B1VETx,ordering_pattern,deterministic_ordering_pattern,tcl/target/stm32g0x.cfg,official_st_ordering_information_plus_estore_active_exact_identity,https://www.st.com/resource/en/datasheet/stm32g0b1kb.pdf,STMicroelectronics official,verified_st_ordering_information_codes_plus_current_estore_active_identity
STMicroelectronics,STM32G0B1VET7TR,STM32G0,STM32G0B1,STM32G0B1VE,LQFP,100,512 KiB,-40 to 105 C,TR,,STM32G0B1VETx,ordering_pattern,deterministic_ordering_pattern,tcl/target/stm32g0x.cfg,official_st_ordering_information_plus_estore_active_exact_identity,https://www.st.com/resource/en/datasheet/stm32g0b1kb.pdf,STMicroelectronics official,verified_st_ordering_information_codes_plus_current_estore_active_identity
STMicroelectronics,STM32G0C1CCU6,STM32G0,STM32G0C1,STM32G0C1CC,UFQFPN,48,256 KiB,-40 to 85 C,,,STM32G0C1CCUx,ordering_pattern,deterministic_ordering_pattern,tcl/target/stm32g0x.cfg,official_st_ordering_information_plus_retained_phase4_8b_identity,https://www.st.com/resource/en/datasheet/stm32g0c1cc.pdf#identity=stm32g0-phase4.8b-official-st-discovery-2026-09-09-retained-20260909T153114Z-233e9300,STMicroelectronics official,verified_st_datasheet_ordering_information_plus_retained_exact_identity
STMicroelectronics,STM32G0C1CCU6TR,STM32G0,STM32G0C1,STM32G0C1CC,UFQFPN,48,256 KiB,-40 to 85 C,TR,,STM32G0C1CCUx,ordering_pattern,deterministic_ordering_pattern,tcl/target/stm32g0x.cfg,official_st_ordering_information_plus_retained_phase4_8b_identity,https://www.st.com/resource/en/datasheet/stm32g0c1cc.pdf#identity=stm32g0-phase4.8b-official-st-discovery-2026-09-09-retained-20260909T153114Z-233e9300,STMicroelectronics official,verified_st_datasheet_ordering_information_plus_retained_exact_identity
STMicroelectronics,STM32G0C1CET6,STM32G0,STM32G0C1,STM32G0C1CE,LQFP,48,512 KiB,-40 to 85 C,,,STM32G0C1CETx,ordering_pattern,deterministic_ordering_pattern,tcl/target/stm32g0x.cfg,official_st_ordering_information_plus_estore_active_exact_identity,https://www.st.com/resource/en/datasheet/stm32g0c1cc.pdf,STMicroelectronics official,verified_st_ordering_information_codes_plus_current_estore_active_identity
STMicroelectronics,STM32G0C1CET6TR,STM32G0,STM32G0C1,STM32G0C1CE,LQFP,48,512 KiB,-40 to 85 C,TR,,STM32G0C1CETx,ordering_pattern,deterministic_ordering_pattern,tcl/target/stm32g0x.cfg,official_st_ordering_information_plus_estore_active_exact_identity,https://www.st.com/resource/en/datasheet/stm32g0c1cc.pdf,STMicroelectronics official,verified_st_ordering_information_codes_plus_current_estore_active_identity
STMicroelectronics,STM32G0C1CEU3,STM32G0,STM32G0C1,STM32G0C1CE,UFQFPN,48,512 KiB,-40 to 125 C,,,STM32G0C1CEUx,ordering_pattern,deterministic_ordering_pattern,tcl/target/stm32g0x.cfg,official_st_ordering_information_plus_estore_active_exact_identity,https://www.st.com/resource/en/datasheet/stm32g0c1cc.pdf,STMicroelectronics official,verified_st_ordering_information_codes_plus_current_estore_active_identity
STMicroelectronics,STM32G0C1CEU3TR,STM32G0,STM32G0C1,STM32G0C1CE,UFQFPN,48,512 KiB,-40 to 125 C,TR,,STM32G0C1CEUx,ordering_pattern,deterministic_ordering_pattern,tcl/target/stm32g0x.cfg,official_st_ordering_information_plus_estore_active_exact_identity,https://www.st.com/resource/en/datasheet/stm32g0c1cc.pdf,STMicroelectronics official,verified_st_ordering_information_codes_plus_current_estore_active_identity
STMicroelectronics,STM32G0C1CEU6,STM32G0,STM32G0C1,STM32G0C1CE,UFQFPN,48,512 KiB,-40 to 85 C,,,STM32G0C1CEUx,ordering_pattern,deterministic_ordering_pattern,tcl/target/stm32g0x.cfg,official_st_ordering_information_plus_estore_active_exact_identity,https://www.st.com/resource/en/datasheet/stm32g0c1cc.pdf,STMicroelectronics official,verified_st_ordering_information_codes_plus_current_estore_active_identity
STMicroelectronics,STM32G0C1CEU6TR,STM32G0,STM32G0C1,STM32G0C1CE,UFQFPN,48,512 KiB,-40 to 85 C,TR,,STM32G0C1CEUx,ordering_pattern,deterministic_ordering_pattern,tcl/target/stm32g0x.cfg,official_st_ordering_information_plus_estore_active_exact_identity,https://www.st.com/resource/en/datasheet/stm32g0c1cc.pdf,STMicroelectronics official,verified_st_ordering_information_codes_plus_current_estore_active_identity
STMicroelectronics,STM32G0C1CEU7,STM32G0,STM32G0C1,STM32G0C1CE,UFQFPN,48,512 KiB,-40 to 105 C,,,STM32G0C1CEUx,ordering_pattern,deterministic_ordering_pattern,tcl/target/stm32g0x.cfg,official_st_ordering_information_plus_estore_active_exact_identity,https://www.st.com/resource/en/datasheet/stm32g0c1cc.pdf,STMicroelectronics official,verified_st_ordering_information_codes_plus_current_estore_active_identity
STMicroelectronics,STM32G0C1CEU7TR,STM32G0,STM32G0C1,STM32G0C1CE,UFQFPN,48,512 KiB,-40 to 105 C,TR,,STM32G0C1CEUx,ordering_pattern,deterministic_ordering_pattern,tcl/target/stm32g0x.cfg,official_st_ordering_information_plus_estore_active_exact_identity,https://www.st.com/resource/en/datasheet/stm32g0c1cc.pdf,STMicroelectronics official,verified_st_ordering_information_codes_plus_current_estore_active_identity
STMicroelectronics,STM32G0C1KCT6N,STM32G0,STM32G0C1,STM32G0C1KC,LQFP,32,256 KiB,-40 to 85 C,N,,STM32G0C1KCTx,ordering_pattern,deterministic_ordering_pattern,tcl/target/stm32g0x.cfg,official_st_ordering_information_plus_estore_active_exact_identity,https://www.st.com/resource/en/datasheet/stm32g0c1cc.pdf,STMicroelectronics official,verified_st_ordering_information_codes_plus_current_estore_active_identity
STMicroelectronics,STM32G0C1KCU3,STM32G0,STM32G0C1,STM32G0C1KC,UFQFPN,32,256 KiB,-40 to 125 C,,,STM32G0C1KCUx,ordering_pattern,deterministic_ordering_pattern,tcl/target/stm32g0x.cfg,official_st_ordering_information_plus_estore_active_exact_identity,https://www.st.com/resource/en/datasheet/stm32g0c1cc.pdf,STMicroelectronics official,verified_st_ordering_information_codes_plus_current_estore_active_identity
STMicroelectronics,STM32G0C1KCU6,STM32G0,STM32G0C1,STM32G0C1KC,UFQFPN,32,256 KiB,-40 to 85 C,,,STM32G0C1KCUx,ordering_pattern,deterministic_ordering_pattern,tcl/target/stm32g0x.cfg,official_st_ordering_information_plus_estore_active_exact_identity,https://www.st.com/resource/en/datasheet/stm32g0c1cc.pdf,STMicroelectronics official,verified_st_ordering_information_codes_plus_current_estore_active_identity
STMicroelectronics,STM32G0C1KCU6N,STM32G0,STM32G0C1,STM32G0C1KC,UFQFPN,32,256 KiB,-40 to 85 C,N,,STM32G0C1KCUx,ordering_pattern,deterministic_ordering_pattern,tcl/target/stm32g0x.cfg,official_st_ordering_information_plus_estore_active_exact_identity,https://www.st.com/resource/en/datasheet/stm32g0c1cc.pdf,STMicroelectronics official,verified_st_ordering_information_codes_plus_current_estore_active_identity
STMicroelectronics,STM32G0C1KET6,STM32G0,STM32G0C1,STM32G0C1KE,LQFP,32,512 KiB,-40 to 85 C,,,STM32G0C1KETx,ordering_pattern,deterministic_ordering_pattern,tcl/target/stm32g0x.cfg,official_st_ordering_information_plus_estore_active_exact_identity,https://www.st.com/resource/en/datasheet/stm32g0c1cc.pdf,STMicroelectronics official,verified_st_ordering_information_codes_plus_current_estore_active_identity
STMicroelectronics,STM32G0C1KET6N,STM32G0,STM32G0C1,STM32G0C1KE,LQFP,32,512 KiB,-40 to 85 C,N,,STM32G0C1KETx,ordering_pattern,deterministic_ordering_pattern,tcl/target/stm32g0x.cfg,official_st_ordering_information_plus_estore_active_exact_identity,https://www.st.com/resource/en/datasheet/stm32g0c1cc.pdf,STMicroelectronics official,verified_st_ordering_information_codes_plus_current_estore_active_identity
STMicroelectronics,STM32G0C1KEU6,STM32G0,STM32G0C1,STM32G0C1KE,UFQFPN,32,512 KiB,-40 to 85 C,,,STM32G0C1KEUx,ordering_pattern,deterministic_ordering_pattern,tcl/target/stm32g0x.cfg,official_st_ordering_information_plus_estore_active_exact_identity,https://www.st.com/resource/en/datasheet/stm32g0c1cc.pdf,STMicroelectronics official,verified_st_ordering_information_codes_plus_current_estore_active_identity
STMicroelectronics,STM32G0C1KEU6N,STM32G0,STM32G0C1,STM32G0C1KE,UFQFPN,32,512 KiB,-40 to 85 C,N,,STM32G0C1KEUx,ordering_pattern,deterministic_ordering_pattern,tcl/target/stm32g0x.cfg,official_st_ordering_information_plus_estore_active_exact_identity,https://www.st.com/resource/en/datasheet/stm32g0c1cc.pdf,STMicroelectronics official,verified_st_ordering_information_codes_plus_current_estore_active_identity
STMicroelectronics,STM32G0C1KEU6TR,STM32G0,STM32G0C1,STM32G0C1KE,UFQFPN,32,512 KiB,-40 to 85 C,TR,,STM32G0C1KEUx,ordering_pattern,deterministic_ordering_pattern,tcl/target/stm32g0x.cfg,official_st_ordering_information_plus_estore_active_exact_identity,https://www.st.com/resource/en/datasheet/stm32g0c1cc.pdf,STMicroelectronics official,verified_st_ordering_information_codes_plus_current_estore_active_identity
STMicroelectronics,STM32G0C1MCT6,STM32G0,STM32G0C1,STM32G0C1MC,LQFP,80,256 KiB,-40 to 85 C,,,STM32G0C1MCTx,ordering_pattern,deterministic_ordering_pattern,tcl/target/stm32g0x.cfg,official_st_ordering_information_plus_estore_active_exact_identity,https://www.st.com/resource/en/datasheet/stm32g0c1cc.pdf,STMicroelectronics official,verified_st_ordering_information_codes_plus_current_estore_active_identity
STMicroelectronics,STM32G0C1MET6,STM32G0,STM32G0C1,STM32G0C1ME,LQFP,80,512 KiB,-40 to 85 C,,,STM32G0C1METx,ordering_pattern,deterministic_ordering_pattern,tcl/target/stm32g0x.cfg,official_st_ordering_information_plus_estore_active_exact_identity,https://www.st.com/resource/en/datasheet/stm32g0c1cc.pdf,STMicroelectronics official,verified_st_ordering_information_codes_plus_current_estore_active_identity
STMicroelectronics,STM32G0C1RCI6N,STM32G0,STM32G0C1,STM32G0C1RC,UFBGA,64,256 KiB,-40 to 85 C,N,,,,no_mapping,,official_st_ordering_information_plus_estore_active_exact_identity,https://www.st.com/resource/en/datasheet/stm32g0c1cc.pdf,STMicroelectronics official,verified_st_ordering_information_codes_plus_current_estore_active_identity
STMicroelectronics,STM32G0C1RCI6NTR,STM32G0,STM32G0C1,STM32G0C1RC,UFBGA,64,256 KiB,-40 to 85 C,NTR,,,,no_mapping,,official_st_ordering_information_plus_estore_active_exact_identity,https://www.st.com/resource/en/datasheet/stm32g0c1cc.pdf,STMicroelectronics official,verified_st_ordering_information_codes_plus_current_estore_active_identity
STMicroelectronics,STM32G0C1RCT3,STM32G0,STM32G0C1,STM32G0C1RC,LQFP,64,256 KiB,-40 to 125 C,,,STM32G0C1RCTx,ordering_pattern,deterministic_ordering_pattern,tcl/target/stm32g0x.cfg,official_st_ordering_information_plus_estore_active_exact_identity,https://www.st.com/resource/en/datasheet/stm32g0c1cc.pdf,STMicroelectronics official,verified_st_ordering_information_codes_plus_current_estore_active_identity
STMicroelectronics,STM32G0C1RCT6,STM32G0,STM32G0C1,STM32G0C1RC,LQFP,64,256 KiB,-40 to 85 C,,,STM32G0C1RCTx,ordering_pattern,deterministic_ordering_pattern,tcl/target/stm32g0x.cfg,official_st_ordering_information_plus_estore_active_exact_identity,https://www.st.com/resource/en/datasheet/stm32g0c1cc.pdf,STMicroelectronics official,verified_st_ordering_information_codes_plus_current_estore_active_identity
STMicroelectronics,STM32G0C1RCT6TR,STM32G0,STM32G0C1,STM32G0C1RC,LQFP,64,256 KiB,-40 to 85 C,TR,,STM32G0C1RCTx,ordering_pattern,deterministic_ordering_pattern,tcl/target/stm32g0x.cfg,official_st_ordering_information_plus_estore_active_exact_identity,https://www.st.com/resource/en/datasheet/stm32g0c1cc.pdf,STMicroelectronics official,verified_st_ordering_information_codes_plus_current_estore_active_identity
STMicroelectronics,STM32G0C1REI6N,STM32G0,STM32G0C1,STM32G0C1RE,UFBGA,64,512 KiB,-40 to 85 C,N,,,,no_mapping,,official_st_ordering_information_plus_estore_active_exact_identity,https://www.st.com/resource/en/datasheet/stm32g0c1cc.pdf,STMicroelectronics official,verified_st_ordering_information_codes_plus_current_estore_active_identity
STMicroelectronics,STM32G0C1REI6NTR,STM32G0,STM32G0C1,STM32G0C1RE,UFBGA,64,512 KiB,-40 to 85 C,NTR,,,,no_mapping,,official_st_ordering_information_plus_estore_active_exact_identity,https://www.st.com/resource/en/datasheet/stm32g0c1cc.pdf,STMicroelectronics official,verified_st_ordering_information_codes_plus_current_estore_active_identity
STMicroelectronics,STM32G0C1RET3,STM32G0,STM32G0C1,STM32G0C1RE,LQFP,64,512 KiB,-40 to 125 C,,,STM32G0C1RETx,ordering_pattern,deterministic_ordering_pattern,tcl/target/stm32g0x.cfg,official_st_ordering_information_plus_estore_active_exact_identity,https://www.st.com/resource/en/datasheet/stm32g0c1cc.pdf,STMicroelectronics official,verified_st_ordering_information_codes_plus_current_estore_active_identity
STMicroelectronics,STM32G0C1RET3TR,STM32G0,STM32G0C1,STM32G0C1RE,LQFP,64,512 KiB,-40 to 125 C,TR,,STM32G0C1RETx,ordering_pattern,deterministic_ordering_pattern,tcl/target/stm32g0x.cfg,official_st_ordering_information_plus_estore_active_exact_identity,https://www.st.com/resource/en/datasheet/stm32g0c1cc.pdf,STMicroelectronics official,verified_st_ordering_information_codes_plus_current_estore_active_identity
STMicroelectronics,STM32G0C1RET6,STM32G0,STM32G0C1,STM32G0C1RE,LQFP,64,512 KiB,-40 to 85 C,,,STM32G0C1RETx,ordering_pattern,deterministic_ordering_pattern,tcl/target/stm32g0x.cfg,official_st_ordering_information_plus_estore_active_exact_identity,https://www.st.com/resource/en/datasheet/stm32g0c1cc.pdf,STMicroelectronics official,verified_st_ordering_information_codes_plus_current_estore_active_identity
STMicroelectronics,STM32G0C1VCT6,STM32G0,STM32G0C1,STM32G0C1VC,LQFP,100,256 KiB,-40 to 85 C,,,STM32G0C1VCTx,ordering_pattern,deterministic_ordering_pattern,tcl/target/stm32g0x.cfg,official_st_ordering_information_plus_estore_active_exact_identity,https://www.st.com/resource/en/datasheet/stm32g0c1cc.pdf,STMicroelectronics official,verified_st_ordering_information_codes_plus_current_estore_active_identity
STMicroelectronics,STM32G0C1VET3,STM32G0,STM32G0C1,STM32G0C1VE,LQFP,100,512 KiB,-40 to 125 C,,,STM32G0C1VETx,ordering_pattern,deterministic_ordering_pattern,tcl/target/stm32g0x.cfg,official_st_ordering_information_plus_estore_active_exact_identity,https://www.st.com/resource/en/datasheet/stm32g0c1cc.pdf,STMicroelectronics official,verified_st_ordering_information_codes_plus_current_estore_active_identity
STMicroelectronics,STM32G0C1VET6,STM32G0,STM32G0C1,STM32G0C1VE,LQFP,100,512 KiB,-40 to 85 C,,,STM32G0C1VETx,ordering_pattern,deterministic_ordering_pattern,tcl/target/stm32g0x.cfg,official_st_ordering_information_plus_estore_active_exact_identity,https://www.st.com/resource/en/datasheet/stm32g0c1cc.pdf,STMicroelectronics official,verified_st_ordering_information_codes_plus_current_estore_active_identity
