manufacturer,icpn,family,series,base_device,package,pin_count,flash_size,temperature_grade,option_suffix,cmsis_device_name,existing_identifier,existing_identifier_kind,mapping_status,openocd_target_config,source_type,source_reference,source_authority,verification_status
STMicroelectronics,STM32F030C6T6,STM32F0,STM32F030,STM32F030C6,LQFP,48,32 KiB,-40 to 85 C,,,STM32F030C6Tx,ordering_pattern,deterministic_ordering_pattern,tcl/target/stm32f0x.cfg,official_st_product_page_retained_browser_dual_surface_evidence,https://www.st.com/en/microcontrollers-microprocessors/stm32f030c6.html#plasma-evidence=stm32f0-phase4.5b-official-st-discovery-2026-09-09-retained-20260909T055900Z-1fcdf869,STMicroelectronics official,verified_direct_st_retained_browser_exact_icpn
STMicroelectronics,STM32F030C6T6TR,STM32F0,STM32F030,STM32F030C6,LQFP,48,32 KiB,-40 to 85 C,TR,,STM32F030C6Tx,ordering_pattern,deterministic_ordering_pattern,tcl/target/stm32f0x.cfg,official_st_product_page_retained_browser_dual_surface_evidence,https://www.st.com/en/microcontrollers-microprocessors/stm32f030c6.html#plasma-evidence=stm32f0-phase4.5b-official-st-discovery-2026-09-09-retained-20260909T055900Z-1fcdf869,STMicroelectronics official,verified_direct_st_retained_browser_exact_icpn
STMicroelectronics,STM32F030C8T6,STM32F0,STM32F030,STM32F030C8,LQFP,48,64 KiB,-40 to 85 C,,,STM32F030C8Tx,ordering_pattern,deterministic_ordering_pattern,tcl/target/stm32f0x.cfg,official_st_ordering_information_plus_estore_active_exact_identity,https://www.st.com/resource/en/datasheet/stm32f030c8.pdf,STMicroelectronics official,verified_st_ordering_information_codes_plus_current_estore_active_identity
STMicroelectronics,STM32F030C8T6TR,STM32F0,STM32F030,STM32F030C8,LQFP,48,64 KiB,-40 to 85 C,TR,,STM32F030C8Tx,ordering_pattern,deterministic_ordering_pattern,tcl/target/stm32f0x.cfg,official_st_ordering_information_plus_estore_active_exact_identity,https://www.st.com/resource/en/datasheet/stm32f030c8.pdf,STMicroelectronics official,verified_st_ordering_information_codes_plus_current_estore_active_identity
STMicroelectronics,STM32F030CCT6,STM32F0,STM32F030,STM32F030CC,LQFP,48,256 KiB,-40 to 85 C,,,STM32F030CCTx,ordering_pattern,deterministic_ordering_pattern,tcl/target/stm32f0x.cfg,official_st_ordering_information_plus_estore_active_exact_identity,https://www.st.com/resource/en/datasheet/stm32f030c8.pdf,STMicroelectronics official,verified_st_ordering_information_codes_plus_current_estore_active_identity
STMicroelectronics,STM32F030CCT6TR,STM32F0,STM32F030,STM32F030CC,LQFP,48,256 KiB,-40 to 85 C,TR,,STM32F030CCTx,ordering_pattern,deterministic_ordering_pattern,tcl/target/stm32f0x.cfg,official_st_ordering_information_plus_estore_active_exact_identity,https://www.st.com/resource/en/datasheet/stm32f030c8.pdf,STMicroelectronics official,verified_st_ordering_information_codes_plus_current_estore_active_identity
STMicroelectronics,STM32F030F4P6,STM32F0,STM32F030,STM32F030F4,TSSOP,20,16 KiB,-40 to 85 C,,,STM32F030F4Px,ordering_pattern,deterministic_ordering_pattern,tcl/target/stm32f0x.cfg,official_st_ordering_information_plus_estore_active_exact_identity,https://www.st.com/resource/en/datasheet/stm32f030c8.pdf,STMicroelectronics official,verified_st_ordering_information_codes_plus_current_estore_active_identity
STMicroelectronics,STM32F030F4P6TR,STM32F0,STM32F030,STM32F030F4,TSSOP,20,16 KiB,-40 to 85 C,TR,,STM32F030F4Px,ordering_pattern,deterministic_ordering_pattern,tcl/target/stm32f0x.cfg,official_st_ordering_information_plus_estore_active_exact_identity,https://www.st.com/resource/en/datasheet/stm32f030c8.pdf,STMicroelectronics official,verified_st_ordering_information_codes_plus_current_estore_active_identity
STMicroelectronics,STM32F030K6T6,STM32F0,STM32F030,STM32F030K6,LQFP,32,32 KiB,-40 to 85 C,,,STM32F030K6Tx,ordering_pattern,deterministic_ordering_pattern,tcl/target/stm32f0x.cfg,official_st_ordering_information_plus_estore_active_exact_identity,https://www.st.com/resource/en/datasheet/stm32f030c8.pdf,STMicroelectronics official,verified_st_ordering_information_codes_plus_current_estore_active_identity
STMicroelectronics,STM32F030K6T6TR,STM32F0,STM32F030,STM32F030K6,LQFP,32,32 KiB,-40 to 85 C,TR,,STM32F030K6Tx,ordering_pattern,deterministic_ordering_pattern,tcl/target/stm32f0x.cfg,official_st_ordering_information_plus_estore_active_exact_identity,https://www.st.com/resource/en/datasheet/stm32f030c8.pdf,STMicroelectronics official,verified_st_ordering_information_codes_plus_current_estore_active_identity
STMicroelectronics,STM32F030R8T6,STM32F0,STM32F030,STM32F030R8,LQFP,64,64 KiB,-40 to 85 C,,,STM32F030R8Tx,ordering_pattern,deterministic_ordering_pattern,tcl/target/stm32f0x.cfg,official_st_ordering_information_plus_estore_active_exact_identity,https://www.st.com/resource/en/datasheet/stm32f030c8.pdf,STMicroelectronics official,verified_st_ordering_information_codes_plus_current_estore_active_identity
STMicroelectronics,STM32F030R8T6TR,STM32F0,STM32F030,STM32F030R8,LQFP,64,64 KiB,-40 to 85 C,TR,,STM32F030R8Tx,ordering_pattern,deterministic_ordering_pattern,tcl/target/stm32f0x.cfg,official_st_ordering_information_plus_estore_active_exact_identity,https://www.st.com/resource/en/datasheet/stm32f030c8.pdf,STMicroelectronics official,verified_st_ordering_information_codes_plus_current_estore_active_identity
STMicroelectronics,STM32F030RCT6,STM32F0,STM32F030,STM32F030RC,LQFP,64,256 KiB,-40 to 85 C,,,STM32F030RCTx,ordering_pattern,deterministic_ordering_pattern,tcl/target/stm32f0x.cfg,official_st_ordering_information_plus_estore_active_exact_identity,https://www.st.com/resource/en/datasheet/stm32f030c8.pdf,STMicroelectronics official,verified_st_ordering_information_codes_plus_current_estore_active_identity
STMicroelectronics,STM32F030RCT6TR,STM32F0,STM32F030,STM32F030RC,LQFP,64,256 KiB,-40 to 85 C,TR,,STM32F030RCTx,ordering_pattern,deterministic_ordering_pattern,tcl/target/stm32f0x.cfg,official_st_ordering_information_plus_estore_active_exact_identity,https://www.st.com/resource/en/datasheet/stm32f030c8.pdf,STMicroelectronics official,verified_st_ordering_information_codes_plus_current_estore_active_identity
STMicroelectronics,STM32F031C4T6,STM32F0,STM32F031,STM32F031C4,LQFP,48,16 KiB,-40 to 85 C,,,STM32F031C4Tx,ordering_pattern,deterministic_ordering_pattern,tcl/target/stm32f0x.cfg,official_st_product_page_retained_browser_dual_surface_evidence,https://www.st.com/en/microcontrollers-microprocessors/stm32f031c4.html#plasma-evidence=stm32f0-phase4.5b-official-st-discovery-2026-09-09-retained-20260909T055900Z-1fcdf869,STMicroelectronics official,verified_direct_st_retained_browser_exact_icpn
STMicroelectronics,STM32F031C4T6TR,STM32F0,STM32F031,STM32F031C4,LQFP,48,16 KiB,-40 to 85 C,TR,,STM32F031C4Tx,ordering_pattern,deterministic_ordering_pattern,tcl/target/stm32f0x.cfg,official_st_product_page_retained_browser_dual_surface_evidence,https://www.st.com/en/microcontrollers-microprocessors/stm32f031c4.html#plasma-evidence=stm32f0-phase4.5b-official-st-discovery-2026-09-09-retained-20260909T055900Z-1fcdf869,STMicroelectronics official,verified_direct_st_retained_browser_exact_icpn
STMicroelectronics,STM32F031C6T6,STM32F0,STM32F031,STM32F031C6,LQFP,48,32 KiB,-40 to 85 C,,,STM32F031C6Tx,ordering_pattern,deterministic_ordering_pattern,tcl/target/stm32f0x.cfg,official_st_ordering_information_plus_estore_active_exact_identity,https://www.st.com/resource/en/datasheet/stm32f031k6.pdf,STMicroelectronics official,verified_st_ordering_information_codes_plus_current_estore_active_identity
STMicroelectronics,STM32F031C6T6TR,STM32F0,STM32F031,STM32F031C6,LQFP,48,32 KiB,-40 to 85 C,TR,,STM32F031C6Tx,ordering_pattern,deterministic_ordering_pattern,tcl/target/stm32f0x.cfg,official_st_ordering_information_plus_estore_active_exact_identity,https://www.st.com/resource/en/datasheet/stm32f031k6.pdf,STMicroelectronics official,verified_st_ordering_information_codes_plus_current_estore_active_identity
STMicroelectronics,STM32F031C6T7,STM32F0,STM32F031,STM32F031C6,LQFP,48,32 KiB,-40 to 105 C,,,STM32F031C6Tx,ordering_pattern,deterministic_ordering_pattern,tcl/target/stm32f0x.cfg,official_st_ordering_information_plus_estore_active_exact_identity,https://www.st.com/resource/en/datasheet/stm32f031k6.pdf,STMicroelectronics official,verified_st_ordering_information_codes_plus_current_estore_active_identity
STMicroelectronics,STM32F031C6T7TR,STM32F0,STM32F031,STM32F031C6,LQFP,48,32 KiB,-40 to 105 C,TR,,STM32F031C6Tx,ordering_pattern,deterministic_ordering_pattern,tcl/target/stm32f0x.cfg,official_st_ordering_information_plus_estore_active_exact_identity,https://www.st.com/resource/en/datasheet/stm32f031k6.pdf,STMicroelectronics official,verified_st_ordering_information_codes_plus_current_estore_active_identity
STMicroelectronics,STM32F031E6Y6TR,STM32F0,STM32F031,STM32F031E6,WLCSP,25,32 KiB,-40 to 85 C,TR,,STM32F031E6Yx,ordering_pattern,deterministic_ordering_pattern,tcl/target/stm32f0x.cfg,official_st_ordering_information_plus_estore_active_exact_identity,https://www.st.com/resource/en/datasheet/stm32f031k6.pdf,STMicroelectronics official,verified_st_ordering_information_codes_plus_current_estore_active_identity
STMicroelectronics,STM32F031F4P6,STM32F0,STM32F031,STM32F031F4,TSSOP,20,16 KiB,-40 to 85 C,,,STM32F031F4Px,ordering_pattern,deterministic_ordering_pattern,tcl/target/stm32f0x.cfg,official_st_ordering_information_plus_estore_active_exact_identity,https://www.st.com/resource/en/datasheet/stm32f031k6.pdf,STMicroelectronics official,verified_st_ordering_information_codes_plus_current_estore_active_identity
STMicroelectronics,STM32F031F4P6TR,STM32F0,STM32F031,STM32F031F4,TSSOP,20,16 KiB,-40 to 85 C,TR,,STM32F031F4Px,ordering_pattern,deterministic_ordering_pattern,tcl/target/stm32f0x.cfg,official_st_ordering_information_plus_estore_active_exact_identity,https://www.st.com/resource/en/datasheet/stm32f031k6.pdf,STMicroelectronics official,verified_st_ordering_information_codes_plus_current_estore_active_identity
STMicroelectronics,STM32F031F4P7,STM32F0,STM32F031,STM32F031F4,TSSOP,20,16 KiB,-40 to 105 C,,,STM32F031F4Px,ordering_pattern,deterministic_ordering_pattern,tcl/target/stm32f0x.cfg,official_st_ordering_information_plus_estore_active_exact_identity,https://www.st.com/resource/en/datasheet/stm32f031k6.pdf,STMicroelectronics official,verified_st_ordering_information_codes_plus_current_estore_active_identity
STMicroelectronics,STM32F031F6P6,STM32F0,STM32F031,STM32F031F6,TSSOP,20,32 KiB,-40 to 85 C,,,STM32F031F6Px,ordering_pattern,deterministic_ordering_pattern,tcl/target/stm32f0x.cfg,official_st_ordering_information_plus_estore_active_exact_identity,https://www.st.com/resource/en/datasheet/stm32f031k6.pdf,STMicroelectronics official,verified_st_ordering_information_codes_plus_current_estore_active_identity
STMicroelectronics,STM32F031F6P6TR,STM32F0,STM32F031,STM32F031F6,TSSOP,20,32 KiB,-40 to 85 C,TR,,STM32F031F6Px,ordering_pattern,deterministic_ordering_pattern,tcl/target/stm32f0x.cfg,official_st_ordering_information_plus_estore_active_exact_identity,https://www.st.com/resource/en/datasheet/stm32f031k6.pdf,STMicroelectronics official,verified_st_ordering_information_codes_plus_current_estore_active_identity
STMicroelectronics,STM32F031F6P7,STM32F0,STM32F031,STM32F031F6,TSSOP,20,32 KiB,-40 to 105 C,,,STM32F031F6Px,ordering_pattern,deterministic_ordering_pattern,tcl/target/stm32f0x.cfg,official_st_ordering_information_plus_estore_active_exact_identity,https://www.st.com/resource/en/datasheet/stm32f031k6.pdf,STMicroelectronics official,verified_st_ordering_information_codes_plus_current_estore_active_identity
STMicroelectronics,STM32F031F6P7TR,STM32F0,STM32F031,STM32F031F6,TSSOP,20,32 KiB,-40 to 105 C,TR,,STM32F031F6Px,ordering_pattern,deterministic_ordering_pattern,tcl/target/stm32f0x.cfg,official_st_ordering_information_plus_estore_active_exact_identity,https://www.st.com/resource/en/datasheet/stm32f031k6.pdf,STMicroelectronics official,verified_st_ordering_information_codes_plus_current_estore_active_identity
STMicroelectronics,STM32F031G4U6,STM32F0,STM32F031,STM32F031G4,UFQFPN,28,16 KiB,-40 to 85 C,,,STM32F031G4Ux,ordering_pattern,deterministic_ordering_pattern,tcl/target/stm32f0x.cfg,official_st_ordering_information_plus_estore_active_exact_identity,https://www.st.com/resource/en/datasheet/stm32f031k6.pdf,STMicroelectronics official,verified_st_ordering_information_codes_plus_current_estore_active_identity
STMicroelectronics,STM32F031G4U6TR,STM32F0,STM32F031,STM32F031G4,UFQFPN,28,16 KiB,-40 to 85 C,TR,,STM32F031G4Ux,ordering_pattern,deterministic_ordering_pattern,tcl/target/stm32f0x.cfg,official_st_ordering_information_plus_estore_active_exact_identity,https://www.st.com/resource/en/datasheet/stm32f031k6.pdf,STMicroelectronics official,verified_st_ordering_information_codes_plus_current_estore_active_identity
STMicroelectronics,STM32F031G4U7,STM32F0,STM32F031,STM32F031G4,UFQFPN,28,16 KiB,-40 to 105 C,,,STM32F031G4Ux,ordering_pattern,deterministic_ordering_pattern,tcl/target/stm32f0x.cfg,official_st_ordering_information_plus_estore_active_exact_identity,https://www.st.com/resource/en/datasheet/stm32f031k6.pdf,STMicroelectronics official,verified_st_ordering_information_codes_plus_current_estore_active_identity
STMicroelectronics,STM32F031G4U7TR,STM32F0,STM32F031,STM32F031G4,UFQFPN,28,16 KiB,-40 to 105 C,TR,,STM32F031G4Ux,ordering_pattern,deterministic_ordering_pattern,tcl/target/stm32f0x.cfg,official_st_ordering_information_plus_estore_active_exact_identity,https://www.st.com/resource/en/datasheet/stm32f031k6.pdf,STMicroelectronics official,verified_st_ordering_information_codes_plus_current_estore_active_identity
STMicroelectronics,STM32F031G6U6,STM32F0,STM32F031,STM32F031G6,UFQFPN,28,32 KiB,-40 to 85 C,,,STM32F031G6Ux,ordering_pattern,deterministic_ordering_pattern,tcl/target/stm32f0x.cfg,official_st_ordering_information_plus_estore_active_exact_identity,https://www.st.com/resource/en/datasheet/stm32f031k6.pdf,STMicroelectronics official,verified_st_ordering_information_codes_plus_current_estore_active_identity
STMicroelectronics,STM32F031G6U6TR,STM32F0,STM32F031,STM32F031G6,UFQFPN,28,32 KiB,-40 to 85 C,TR,,STM32F031G6Ux,ordering_pattern,deterministic_ordering_pattern,tcl/target/stm32f0x.cfg,official_st_ordering_information_plus_estore_active_exact_identity,https://www.st.com/resource/en/datasheet/stm32f031k6.pdf,STMicroelectronics official,verified_st_ordering_information_codes_plus_current_estore_active_identity
STMicroelectronics,STM32F031G6U7,STM32F0,STM32F031,STM32F031G6,UFQFPN,28,32 KiB,-40 to 105 C,,,STM32F031G6Ux,ordering_pattern,deterministic_ordering_pattern,tcl/target/stm32f0x.cfg,official_st_ordering_information_plus_estore_active_exact_identity,https://www.st.com/resource/en/datasheet/stm32f031k6.pdf,STMicroelectronics official,verified_st_ordering_information_codes_plus_current_estore_active_identity
STMicroelectronics,STM32F031G6U7TR,STM32F0,STM32F031,STM32F031G6,UFQFPN,28,32 KiB,-40 to 105 C,TR,,STM32F031G6Ux,ordering_pattern,deterministic_ordering_pattern,tcl/target/stm32f0x.cfg,official_st_ordering_information_plus_estore_active_exact_identity,https://www.st.com/resource/en/datasheet/stm32f031k6.pdf,STMicroelectronics official,verified_st_ordering_information_codes_plus_current_estore_active_identity
STMicroelectronics,STM32F031K4U6,STM32F0,STM32F031,STM32F031K4,UFQFPN,32,16 KiB,-40 to 85 C,,,STM32F031K4Ux,ordering_pattern,deterministic_ordering_pattern,tcl/target/stm32f0x.cfg,official_st_ordering_information_plus_estore_active_exact_identity,https://www.st.com/resource/en/datasheet/stm32f031k6.pdf,STMicroelectronics official,verified_st_ordering_information_codes_plus_current_estore_active_identity
STMicroelectronics,STM32F031K4U6TR,STM32F0,STM32F031,STM32F031K4,UFQFPN,32,16 KiB,-40 to 85 C,TR,,STM32F031K4Ux,ordering_pattern,deterministic_ordering_pattern,tcl/target/stm32f0x.cfg,official_st_ordering_information_plus_estore_active_exact_identity,https://www.st.com/resource/en/datasheet/stm32f031k6.pdf,STMicroelectronics official,verified_st_ordering_information_codes_plus_current_estore_active_identity
STMicroelectronics,STM32F031K6T6,STM32F0,STM32F031,STM32F031K6,LQFP,32,32 KiB,-40 to 85 C,,,STM32F031K6Tx,ordering_pattern,deterministic_ordering_pattern,tcl/target/stm32f0x.cfg,official_st_ordering_information_plus_estore_active_exact_identity,https://www.st.com/resource/en/datasheet/stm32f031k6.pdf,STMicroelectronics official,verified_st_ordering_information_codes_plus_current_estore_active_identity
STMicroelectronics,STM32F031K6T6TR,STM32F0,STM32F031,STM32F031K6,LQFP,32,32 KiB,-40 to 85 C,TR,,STM32F031K6Tx,ordering_pattern,deterministic_ordering_pattern,tcl/target/stm32f0x.cfg,official_st_ordering_information_plus_estore_active_exact_identity,https://www.st.com/resource/en/datasheet/stm32f031k6.pdf,STMicroelectronics official,verified_st_ordering_information_codes_plus_current_estore_active_identity
STMicroelectronics,STM32F031K6T7,STM32F0,STM32F031,STM32F031K6,LQFP,32,32 KiB,-40 to 105 C,,,STM32F031K6Tx,ordering_pattern,deterministic_ordering_pattern,tcl/target/stm32f0x.cfg,official_st_ordering_information_plus_estore_active_exact_identity,https://www.st.com/resource/en/datasheet/stm32f031k6.pdf,STMicroelectronics official,verified_st_ordering_information_codes_plus_current_estore_active_identity
STMicroelectronics,STM32F031K6T7TR,STM32F0,STM32F031,STM32F031K6,LQFP,32,32 KiB,-40 to 105 C,TR,,STM32F031K6Tx,ordering_pattern,deterministic_ordering_pattern,tcl/target/stm32f0x.cfg,official_st_ordering_information_plus_estore_active_exact_identity,https://www.st.com/resource/en/datasheet/stm32f031k6.pdf,STMicroelectronics official,verified_st_ordering_information_codes_plus_current_estore_active_identity
STMicroelectronics,STM32F031K6U6,STM32F0,STM32F031,STM32F031K6,UFQFPN,32,32 KiB,-40 to 85 C,,,STM32F031K6Ux,ordering_pattern,deterministic_ordering_pattern,tcl/target/stm32f0x.cfg,official_st_ordering_information_plus_estore_active_exact_identity,https://www.st.com/resource/en/datasheet/stm32f031k6.pdf,STMicroelectronics official,verified_st_ordering_information_codes_plus_current_estore_active_identity
STMicroelectronics,STM32F031K6U6TR,STM32F0,STM32F031,STM32F031K6,UFQFPN,32,32 KiB,-40 to 85 C,TR,,STM32F031K6Ux,ordering_pattern,deterministic_ordering_pattern,tcl/target/stm32f0x.cfg,official_st_ordering_information_plus_estore_active_exact_identity,https://www.st.com/resource/en/datasheet/stm32f031k6.pdf,STMicroelectronics official,verified_st_ordering_information_codes_plus_current_estore_active_identity
STMicroelectronics,STM32F031K6U7,STM32F0,STM32F031,STM32F031K6,UFQFPN,32,32 KiB,-40 to 105 C,,,STM32F031K6Ux,ordering_pattern,deterministic_ordering_pattern,tcl/target/stm32f0x.cfg,official_st_ordering_information_plus_estore_active_exact_identity,https://www.st.com/resource/en/datasheet/stm32f031k6.pdf,STMicroelectronics official,verified_st_ordering_information_codes_plus_current_estore_active_identity
STMicroelectronics,STM32F031K6U7TR,STM32F0,STM32F031,STM32F031K6,UFQFPN,32,32 KiB,-40 to 105 C,TR,,STM32F031K6Ux,ordering_pattern,deterministic_ordering_pattern,tcl/target/stm32f0x.cfg,official_st_ordering_information_plus_estore_active_exact_identity,https://www.st.com/resource/en/datasheet/stm32f031k6.pdf,STMicroelectronics official,verified_st_ordering_information_codes_plus_current_estore_active_identity
STMicroelectronics,STM32F038C6T6,STM32F0,STM32F038,STM32F038C6,LQFP,48,32 KiB,-40 to 85 C,,,STM32F038C6Tx,ordering_pattern,deterministic_ordering_pattern,tcl/target/stm32f0x.cfg,official_st_product_page_retained_browser_dual_surface_evidence,https://www.st.com/en/microcontrollers-microprocessors/stm32f038c6.html#plasma-evidence=stm32f0-phase4.5b-official-st-discovery-2026-09-09-retained-20260909T055900Z-1fcdf869,STMicroelectronics official,verified_direct_st_retained_browser_exact_icpn
STMicroelectronics,STM32F038C6T6TR,STM32F0,STM32F038,STM32F038C6,LQFP,48,32 KiB,-40 to 85 C,TR,,STM32F038C6Tx,ordering_pattern,deterministic_ordering_pattern,tcl/target/stm32f0x.cfg,official_st_product_page_retained_browser_dual_surface_evidence,https://www.st.com/en/microcontrollers-microprocessors/stm32f038c6.html#plasma-evidence=stm32f0-phase4.5b-official-st-discovery-2026-09-09-retained-20260909T055900Z-1fcdf869,STMicroelectronics official,verified_direct_st_retained_browser_exact_icpn
STMicroelectronics,STM32F038C6T7,STM32F0,STM32F038,STM32F038C6,LQFP,48,32 KiB,-40 to 105 C,,,STM32F038C6Tx,ordering_pattern,deterministic_ordering_pattern,tcl/target/stm32f0x.cfg,official_st_product_page_retained_browser_dual_surface_evidence,https://www.st.com/en/microcontrollers-microprocessors/stm32f038c6.html#plasma-evidence=stm32f0-phase4.5b-official-st-discovery-2026-09-09-retained-20260909T055900Z-1fcdf869,STMicroelectronics official,verified_direct_st_retained_browser_exact_icpn
STMicroelectronics,STM32F038E6Y6TR,STM32F0,STM32F038,STM32F038E6,WLCSP,25,32 KiB,-40 to 85 C,TR,,STM32F038E6Yx,ordering_pattern,deterministic_ordering_pattern,tcl/target/stm32f0x.cfg,official_st_ordering_information_plus_estore_active_exact_identity,https://www.st.com/resource/en/datasheet/stm32f038c6.pdf,STMicroelectronics official,verified_st_ordering_information_codes_plus_current_estore_active_identity
STMicroelectronics,STM32F038F6P6,STM32F0,STM32F038,STM32F038F6,TSSOP,20,32 KiB,-40 to 85 C,,,STM32F038F6Px,ordering_pattern,deterministic_ordering_pattern,tcl/target/stm32f0x.cfg,official_st_ordering_information_plus_estore_active_exact_identity,https://www.st.com/resource/en/datasheet/stm32f038c6.pdf,STMicroelectronics official,verified_st_ordering_information_codes_plus_current_estore_active_identity
STMicroelectronics,STM32F038F6P6TR,STM32F0,STM32F038,STM32F038F6,TSSOP,20,32 KiB,-40 to 85 C,TR,,STM32F038F6Px,ordering_pattern,deterministic_ordering_pattern,tcl/target/stm32f0x.cfg,official_st_ordering_information_plus_estore_active_exact_identity,https://www.st.com/resource/en/datasheet/stm32f038c6.pdf,STMicroelectronics official,verified_st_ordering_information_codes_plus_current_estore_active_identity
STMicroelectronics,STM32F038G6U6,STM32F0,STM32F038,STM32F038G6,UFQFPN,28,32 KiB,-40 to 85 C,,,STM32F038G6Ux,ordering_pattern,deterministic_ordering_pattern,tcl/target/stm32f0x.cfg,official_st_ordering_information_plus_estore_active_exact_identity,https://www.st.com/resource/en/datasheet/stm32f038c6.pdf,STMicroelectronics official,verified_st_ordering_information_codes_plus_current_estore_active_identity
STMicroelectronics,STM32F038G6U6TR,STM32F0,STM32F038,STM32F038G6,UFQFPN,28,32 KiB,-40 to 85 C,TR,,STM32F038G6Ux,ordering_pattern,deterministic_ordering_pattern,tcl/target/stm32f0x.cfg,official_st_ordering_information_plus_estore_active_exact_identity,https://www.st.com/resource/en/datasheet/stm32f038c6.pdf,STMicroelectronics official,verified_st_ordering_information_codes_plus_current_estore_active_identity
STMicroelectronics,STM32F038K6U6,STM32F0,STM32F038,STM32F038K6,UFQFPN,32,32 KiB,-40 to 85 C,,,STM32F038K6Ux,ordering_pattern,deterministic_ordering_pattern,tcl/target/stm32f0x.cfg,official_st_ordering_information_plus_estore_active_exact_identity,https://www.st.com/resource/en/datasheet/stm32f038c6.pdf,STMicroelectronics official,verified_st_ordering_information_codes_plus_current_estore_active_identity
STMicroelectronics,STM32F042C4T6,STM32F0,STM32F042,STM32F042C4,LQFP,48,16 KiB,-40 to 85 C,,,STM32F042C4Tx,ordering_pattern,deterministic_ordering_pattern,tcl/target/stm32f0x.cfg,official_st_product_page_retained_browser_dual_surface_evidence,https://www.st.com/en/microcontrollers-microprocessors/stm32f042c4.html#plasma-evidence=stm32f0-phase4.5b-official-st-discovery-2026-09-09-retained-20260909T055900Z-1fcdf869,STMicroelectronics official,verified_direct_st_retained_browser_exact_icpn
STMicroelectronics,STM32F042C4U6,STM32F0,STM32F042,STM32F042C4,UFQFPN,48,16 KiB,-40 to 85 C,,,STM32F042C4Ux,ordering_pattern,deterministic_ordering_pattern,tcl/target/stm32f0x.cfg,official_st_product_page_retained_browser_dual_surface_evidence,https://www.st.com/en/microcontrollers-microprocessors/stm32f042c4.html#plasma-evidence=stm32f0-phase4.5b-official-st-discovery-2026-09-09-retained-20260909T055900Z-1fcdf869,STMicroelectronics official,verified_direct_st_retained_browser_exact_icpn
STMicroelectronics,STM32F042C6T6,STM32F0,STM32F042,STM32F042C6,LQFP,48,32 KiB,-40 to 85 C,,,STM32F042C6Tx,ordering_pattern,deterministic_ordering_pattern,tcl/target/stm32f0x.cfg,official_st_ordering_information_plus_estore_active_exact_identity,https://www.st.com/resource/en/datasheet/stm32f042g6.pdf,STMicroelectronics official,verified_st_ordering_information_codes_plus_current_estore_active_identity
STMicroelectronics,STM32F042C6T6TR,STM32F0,STM32F042,STM32F042C6,LQFP,48,32 KiB,-40 to 85 C,TR,,STM32F042C6Tx,ordering_pattern,deterministic_ordering_pattern,tcl/target/stm32f0x.cfg,official_st_ordering_information_plus_estore_active_exact_identity,https://www.st.com/resource/en/datasheet/stm32f042g6.pdf,STMicroelectronics official,verified_st_ordering_information_codes_plus_current_estore_active_identity
STMicroelectronics,STM32F042C6T7,STM32F0,STM32F042,STM32F042C6,LQFP,48,32 KiB,-40 to 105 C,,,STM32F042C6Tx,ordering_pattern,deterministic_ordering_pattern,tcl/target/stm32f0x.cfg,official_st_ordering_information_plus_estore_active_exact_identity,https://www.st.com/resource/en/datasheet/stm32f042g6.pdf,STMicroelectronics official,verified_st_ordering_information_codes_plus_current_estore_active_identity
STMicroelectronics,STM32F042C6U6,STM32F0,STM32F042,STM32F042C6,UFQFPN,48,32 KiB,-40 to 85 C,,,STM32F042C6Ux,ordering_pattern,deterministic_ordering_pattern,tcl/target/stm32f0x.cfg,official_st_ordering_information_plus_estore_active_exact_identity,https://www.st.com/resource/en/datasheet/stm32f042g6.pdf,STMicroelectronics official,verified_st_ordering_information_codes_plus_current_estore_active_identity
STMicroelectronics,STM32F042C6U7,STM32F0,STM32F042,STM32F042C6,UFQFPN,48,32 KiB,-40 to 105 C,,,STM32F042C6Ux,ordering_pattern,deterministic_ordering_pattern,tcl/target/stm32f0x.cfg,official_st_ordering_information_plus_estore_active_exact_identity,https://www.st.com/resource/en/datasheet/stm32f042g6.pdf,STMicroelectronics official,verified_st_ordering_information_codes_plus_current_estore_active_identity
STMicroelectronics,STM32F042F4P6,STM32F0,STM32F042,STM32F042F4,TSSOP,20,16 KiB,-40 to 85 C,,,STM32F042F4Px,ordering_pattern,deterministic_ordering_pattern,tcl/target/stm32f0x.cfg,official_st_ordering_information_plus_estore_active_exact_identity,https://www.st.com/resource/en/datasheet/stm32f042g6.pdf,STMicroelectronics official,verified_st_ordering_information_codes_plus_current_estore_active_identity
STMicroelectronics,STM32F042F4P6TR,STM32F0,STM32F042,STM32F042F4,TSSOP,20,16 KiB,-40 to 85 C,TR,,STM32F042F4Px,ordering_pattern,deterministic_ordering_pattern,tcl/target/stm32f0x.cfg,official_st_ordering_information_plus_estore_active_exact_identity,https://www.st.com/resource/en/datasheet/stm32f042g6.pdf,STMicroelectronics official,verified_st_ordering_information_codes_plus_current_estore_active_identity
STMicroelectronics,STM32F042F6P6,STM32F0,STM32F042,STM32F042F6,TSSOP,20,32 KiB,-40 to 85 C,,,STM32F042F6Px,ordering_pattern,deterministic_ordering_pattern,tcl/target/stm32f0x.cfg,official_st_ordering_information_plus_estore_active_exact_identity,https://www.st.com/resource/en/datasheet/stm32f042g6.pdf,STMicroelectronics official,verified_st_ordering_information_codes_plus_current_estore_active_identity
STMicroelectronics,STM32F042F6P6TR,STM32F0,STM32F042,STM32F042F6,TSSOP,20,32 KiB,-40 to 85 C,TR,,STM32F042F6Px,ordering_pattern,deterministic_ordering_pattern,tcl/target/stm32f0x.cfg,official_st_ordering_information_plus_estore_active_exact_identity,https://www.st.com/resource/en/datasheet/stm32f042g6.pdf,STMicroelectronics official,verified_st_ordering_information_codes_plus_current_estore_active_identity
STMicroelectronics,STM32F042F6P7,STM32F0,STM32F042,STM32F042F6,TSSOP,20,32 KiB,-40 to 105 C,,,STM32F042F6Px,ordering_pattern,deterministic_ordering_pattern,tcl/target/stm32f0x.cfg,official_st_ordering_information_plus_estore_active_exact_identity,https://www.st.com/resource/en/datasheet/stm32f042g6.pdf,STMicroelectronics official,verified_st_ordering_information_codes_plus_current_estore_active_identity
STMicroelectronics,STM32F042F6P7TR,STM32F0,STM32F042,STM32F042F6,TSSOP,20,32 KiB,-40 to 105 C,TR,,STM32F042F6Px,ordering_pattern,deterministic_ordering_pattern,tcl/target/stm32f0x.cfg,official_st_ordering_information_plus_estore_active_exact_identity,https://www.st.com/resource/en/datasheet/stm32f042g6.pdf,STMicroelectronics official,verified_st_ordering_information_codes_plus_current_estore_active_identity
STMicroelectronics,STM32F042G4U6,STM32F0,STM32F042,STM32F042G4,UFQFPN,28,16 KiB,-40 to 85 C,,,STM32F042G4Ux,ordering_pattern,deterministic_ordering_pattern,tcl/target/stm32f0x.cfg,official_st_ordering_information_plus_estore_active_exact_identity,https://www.st.com/resource/en/datasheet/stm32f042g6.pdf,STMicroelectronics official,verified_st_ordering_information_codes_plus_current_estore_active_identity
STMicroelectronics,STM32F042G4U6TR,STM32F0,STM32F042,STM32F042G4,UFQFPN,28,16 KiB,-40 to 85 C,TR,,STM32F042G4Ux,ordering_pattern,deterministic_ordering_pattern,tcl/target/stm32f0x.cfg,official_st_ordering_information_plus_estore_active_exact_identity,https://www.st.com/resource/en/datasheet/stm32f042g6.pdf,STMicroelectronics official,verified_st_ordering_information_codes_plus_current_estore_active_identity
STMicroelectronics,STM32F042G6U6,STM32F0,STM32F042,STM32F042G6,UFQFPN,28,32 KiB,-40 to 85 C,,,STM32F042G6Ux,ordering_pattern,deterministic_ordering_pattern,tcl/target/stm32f0x.cfg,official_st_ordering_information_plus_estore_active_exact_identity,https://www.st.com/resource/en/datasheet/stm32f042g6.pdf,STMicroelectronics official,verified_st_ordering_information_codes_plus_current_estore_active_identity
STMicroelectronics,STM32F042G6U6TR,STM32F0,STM32F042,STM32F042G6,UFQFPN,28,32 KiB,-40 to 85 C,TR,,STM32F042G6Ux,ordering_pattern,deterministic_ordering_pattern,tcl/target/stm32f0x.cfg,official_st_ordering_information_plus_estore_active_exact_identity,https://www.st.com/resource/en/datasheet/stm32f042g6.pdf,STMicroelectronics official,verified_st_ordering_information_codes_plus_current_estore_active_identity
STMicroelectronics,STM32F042G6U7,STM32F0,STM32F042,STM32F042G6,UFQFPN,28,32 KiB,-40 to 105 C,,,STM32F042G6Ux,ordering_pattern,deterministic_ordering_pattern,tcl/target/stm32f0x.cfg,official_st_ordering_information_plus_estore_active_exact_identity,https://www.st.com/resource/en/datasheet/stm32f042g6.pdf,STMicroelectronics official,verified_st_ordering_information_codes_plus_current_estore_active_identity
STMicroelectronics,STM32F042K4T6,STM32F0,STM32F042,STM32F042K4,LQFP,32,16 KiB,-40 to 85 C,,,STM32F042K4Tx,ordering_pattern,deterministic_ordering_pattern,tcl/target/stm32f0x.cfg,official_st_ordering_information_plus_estore_active_exact_identity,https://www.st.com/resource/en/datasheet/stm32f042g6.pdf,STMicroelectronics official,verified_st_ordering_information_codes_plus_current_estore_active_identity
STMicroelectronics,STM32F042K4T6TR,STM32F0,STM32F042,STM32F042K4,LQFP,32,16 KiB,-40 to 85 C,TR,,STM32F042K4Tx,ordering_pattern,deterministic_ordering_pattern,tcl/target/stm32f0x.cfg,official_st_ordering_information_plus_estore_active_exact_identity,https://www.st.com/resource/en/datasheet/stm32f042g6.pdf,STMicroelectronics official,verified_st_ordering_information_codes_plus_current_estore_active_identity
STMicroelectronics,STM32F042K4U6,STM32F0,STM32F042,STM32F042K4,UFQFPN,32,16 KiB,-40 to 85 C,,,STM32F042K4Ux,ordering_pattern,deterministic_ordering_pattern,tcl/target/stm32f0x.cfg,official_st_ordering_information_plus_estore_active_exact_identity,https://www.st.com/resource/en/datasheet/stm32f042g6.pdf,STMicroelectronics official,verified_st_ordering_information_codes_plus_current_estore_active_identity
STMicroelectronics,STM32F042K6T6,STM32F0,STM32F042,STM32F042K6,LQFP,32,32 KiB,-40 to 85 C,,,STM32F042K6Tx,ordering_pattern,deterministic_ordering_pattern,tcl/target/stm32f0x.cfg,official_st_ordering_information_plus_estore_active_exact_identity,https://www.st.com/resource/en/datasheet/stm32f042g6.pdf,STMicroelectronics official,verified_st_ordering_information_codes_plus_current_estore_active_identity
STMicroelectronics,STM32F042K6T6TR,STM32F0,STM32F042,STM32F042K6,LQFP,32,32 KiB,-40 to 85 C,TR,,STM32F042K6Tx,ordering_pattern,deterministic_ordering_pattern,tcl/target/stm32f0x.cfg,official_st_ordering_information_plus_estore_active_exact_identity,https://www.st.com/resource/en/datasheet/stm32f042g6.pdf,STMicroelectronics official,verified_st_ordering_information_codes_plus_current_estore_active_identity
STMicroelectronics,STM32F042K6T7,STM32F0,STM32F042,STM32F042K6,LQFP,32,32 KiB,-40 to 105 C,,,STM32F042K6Tx,ordering_pattern,deterministic_ordering_pattern,tcl/target/stm32f0x.cfg,official_st_ordering_information_plus_estore_active_exact_identity,https://www.st.com/resource/en/datasheet/stm32f042g6.pdf,STMicroelectronics official,verified_st_ordering_information_codes_plus_current_estore_active_identity
STMicroelectronics,STM32F042K6T7TR,STM32F0,STM32F042,STM32F042K6,LQFP,32,32 KiB,-40 to 105 C,TR,,STM32F042K6Tx,ordering_pattern,deterministic_ordering_pattern,tcl/target/stm32f0x.cfg,official_st_ordering_information_plus_estore_active_exact_identity,https://www.st.com/resource/en/datasheet/stm32f042g6.pdf,STMicroelectronics official,verified_st_ordering_information_codes_plus_current_estore_active_identity
STMicroelectronics,STM32F042K6U6,STM32F0,STM32F042,STM32F042K6,UFQFPN,32,32 KiB,-40 to 85 C,,,STM32F042K6Ux,ordering_pattern,deterministic_ordering_pattern,tcl/target/stm32f0x.cfg,official_st_ordering_information_plus_estore_active_exact_identity,https://www.st.com/resource/en/datasheet/stm32f042g6.pdf,STMicroelectronics official,verified_st_ordering_information_codes_plus_current_estore_active_identity
STMicroelectronics,STM32F042K6U6TR,STM32F0,STM32F042,STM32F042K6,UFQFPN,32,32 KiB,-40 to 85 C,TR,,STM32F042K6Ux,ordering_pattern,deterministic_ordering_pattern,tcl/target/stm32f0x.cfg,official_st_ordering_information_plus_estore_active_exact_identity,https://www.st.com/resource/en/datasheet/stm32f042g6.pdf,STMicroelectronics official,verified_st_ordering_information_codes_plus_current_estore_active_identity
STMicroelectronics,STM32F042K6U7,STM32F0,STM32F042,STM32F042K6,UFQFPN,32,32 KiB,-40 to 105 C,,,STM32F042K6Ux,ordering_pattern,deterministic_ordering_pattern,tcl/target/stm32f0x.cfg,official_st_ordering_information_plus_estore_active_exact_identity,https://www.st.com/resource/en/datasheet/stm32f042g6.pdf,STMicroelectronics official,verified_st_ordering_information_codes_plus_current_estore_active_identity
STMicroelectronics,STM32F042T6Y6TR,STM32F0,STM32F042,STM32F042T6,WLCSP,36,32 KiB,-40 to 85 C,TR,,STM32F042T6Yx,ordering_pattern,deterministic_ordering_pattern,tcl/target/stm32f0x.cfg,official_st_ordering_information_plus_estore_active_exact_identity,https://www.st.com/resource/en/datasheet/stm32f042g6.pdf,STMicroelectronics official,verified_st_ordering_information_codes_plus_current_estore_active_identity
STMicroelectronics,STM32F048C6U6,STM32F0,STM32F048,STM32F048C6,UFQFPN,48,32 KiB,-40 to 85 C,,,STM32F048C6Ux,ordering_pattern,deterministic_ordering_pattern,tcl/target/stm32f0x.cfg,official_st_product_page_retained_browser_dual_surface_evidence,https://www.st.com/en/microcontrollers-microprocessors/stm32f048c6.html#plasma-evidence=stm32f0-phase4.5b-official-st-discovery-2026-09-09-retained-20260909T055900Z-1fcdf869,STMicroelectronics official,verified_direct_st_retained_browser_exact_icpn
STMicroelectronics,STM32F048C6U6TR,STM32F0,STM32F048,STM32F048C6,UFQFPN,48,32 KiB,-40 to 85 C,TR,,STM32F048C6Ux,ordering_pattern,deterministic_ordering_pattern,tcl/target/stm32f0x.cfg,official_st_product_page_retained_browser_dual_surface_evidence,https://www.st.com/en/microcontrollers-microprocessors/stm32f048c6.html#plasma-evidence=stm32f0-phase4.5b-official-st-discovery-2026-09-09-retained-20260909T055900Z-1fcdf869,STMicroelectronics official,verified_direct_st_retained_browser_exact_icpn
STMicroelectronics,STM32F048G6U6,STM32F0,STM32F048,STM32F048G6,UFQFPN,28,32 KiB,-40 to 85 C,,,STM32F048G6Ux,ordering_pattern,deterministic_ordering_pattern,tcl/target/stm32f0x.cfg,official_st_ordering_information_plus_estore_active_exact_identity,https://www.st.com/resource/en/datasheet/stm32f048c6.pdf,STMicroelectronics official,verified_st_ordering_information_codes_plus_current_estore_active_identity
STMicroelectronics,STM32F048T6Y6TR,STM32F0,STM32F048,STM32F048T6,WLCSP,36,32 KiB,-40 to 85 C,TR,,STM32F048T6Yx,ordering_pattern,deterministic_ordering_pattern,tcl/target/stm32f0x.cfg,official_st_ordering_information_plus_estore_active_exact_identity,https://www.st.com/resource/en/datasheet/stm32f048c6.pdf,STMicroelectronics official,verified_st_ordering_information_codes_plus_current_estore_active_identity
STMicroelectronics,STM32F051C4T6,STM32F0,STM32F051,STM32F051C4,LQFP,48,16 KiB,-40 to 85 C,,,STM32F051C4Tx,ordering_pattern,deterministic_ordering_pattern,tcl/target/stm32f0x.cfg,official_st_product_page_retained_browser_dual_surface_evidence,https://www.st.com/en/microcontrollers-microprocessors/stm32f051c4.html#plasma-evidence=stm32f0-phase4.5b-official-st-discovery-2026-09-09-retained-20260909T055900Z-1fcdf869,STMicroelectronics official,verified_direct_st_retained_browser_exact_icpn
STMicroelectronics,STM32F051C4T6TR,STM32F0,STM32F051,STM32F051C4,LQFP,48,16 KiB,-40 to 85 C,TR,,STM32F051C4Tx,ordering_pattern,deterministic_ordering_pattern,tcl/target/stm32f0x.cfg,official_st_product_page_retained_browser_dual_surface_evidence,https://www.st.com/en/microcontrollers-microprocessors/stm32f051c4.html#plasma-evidence=stm32f0-phase4.5b-official-st-discovery-2026-09-09-retained-20260909T055900Z-1fcdf869,STMicroelectronics official,verified_direct_st_retained_browser_exact_icpn
STMicroelectronics,STM32F051C4U6,STM32F0,STM32F051,STM32F051C4,UFQFPN,48,16 KiB,-40 to 85 C,,,STM32F051C4Ux,ordering_pattern,deterministic_ordering_pattern,tcl/target/stm32f0x.cfg,official_st_product_page_retained_browser_dual_surface_evidence,https://www.st.com/en/microcontrollers-microprocessors/stm32f051c4.html#plasma-evidence=stm32f0-phase4.5b-official-st-discovery-2026-09-09-retained-20260909T055900Z-1fcdf869,STMicroelectronics official,verified_direct_st_retained_browser_exact_icpn
STMicroelectronics,STM32F051C6T6,STM32F0,STM32F051,STM32F051C6,LQFP,48,32 KiB,-40 to 85 C,,,STM32F051C6Tx,ordering_pattern,deterministic_ordering_pattern,tcl/target/stm32f0x.cfg,official_st_ordering_information_plus_estore_active_exact_identity,https://www.st.com/resource/en/datasheet/stm32f051r8.pdf,STMicroelectronics official,verified_st_ordering_information_codes_plus_current_estore_active_identity
STMicroelectronics,STM32F051C6T6TR,STM32F0,STM32F051,STM32F051C6,LQFP,48,32 KiB,-40 to 85 C,TR,,STM32F051C6Tx,ordering_pattern,deterministic_ordering_pattern,tcl/target/stm32f0x.cfg,official_st_ordering_information_plus_estore_active_exact_identity,https://www.st.com/resource/en/datasheet/stm32f051r8.pdf,STMicroelectronics official,verified_st_ordering_information_codes_plus_current_estore_active_identity
STMicroelectronics,STM32F051C6T7,STM32F0,STM32F051,STM32F051C6,LQFP,48,32 KiB,-40 to 105 C,,,STM32F051C6Tx,ordering_pattern,deterministic_ordering_pattern,tcl/target/stm32f0x.cfg,official_st_ordering_information_plus_estore_active_exact_identity,https://www.st.com/resource/en/datasheet/stm32f051r8.pdf,STMicroelectronics official,verified_st_ordering_information_codes_plus_current_estore_active_identity
STMicroelectronics,STM32F051C6T7TR,STM32F0,STM32F051,STM32F051C6,LQFP,48,32 KiB,-40 to 105 C,TR,,STM32F051C6Tx,ordering_pattern,deterministic_ordering_pattern,tcl/target/stm32f0x.cfg,official_st_ordering_information_plus_estore_active_exact_identity,https://www.st.com/resource/en/datasheet/stm32f051r8.pdf,STMicroelectronics official,verified_st_ordering_information_codes_plus_current_estore_active_identity
STMicroelectronics,STM32F051C6U6,STM32F0,STM32F051,STM32F051C6,UFQFPN,48,32 KiB,-40 to 85 C,,,STM32F051C6Ux,ordering_pattern,deterministic_ordering_pattern,tcl/target/stm32f0x.cfg,official_st_ordering_information_plus_estore_active_exact_identity,https://www.st.com/resource/en/datasheet/stm32f051r8.pdf,STMicroelectronics official,verified_st_ordering_information_codes_plus_current_estore_active_identity
STMicroelectronics,STM32F051C8T6,STM32F0,STM32F051,STM32F051C8,LQFP,48,64 KiB,-40 to 85 C,,,STM32F051C8Tx,ordering_pattern,deterministic_ordering_pattern,tcl/target/stm32f0x.cfg,official_st_ordering_information_plus_estore_active_exact_identity,https://www.st.com/resource/en/datasheet/stm32f051r8.pdf,STMicroelectronics official,verified_st_ordering_information_codes_plus_current_estore_active_identity
STMicroelectronics,STM32F051C8T6TR,STM32F0,STM32F051,STM32F051C8,LQFP,48,64 KiB,-40 to 85 C,TR,,STM32F051C8Tx,ordering_pattern,deterministic_ordering_pattern,tcl/target/stm32f0x.cfg,official_st_ordering_information_plus_estore_active_exact_identity,https://www.st.com/resource/en/datasheet/stm32f051r8.pdf,STMicroelectronics official,verified_st_ordering_information_codes_plus_current_estore_active_identity
STMicroelectronics,STM32F051C8T7,STM32F0,STM32F051,STM32F051C8,LQFP,48,64 KiB,-40 to 105 C,,,STM32F051C8Tx,ordering_pattern,deterministic_ordering_pattern,tcl/target/stm32f0x.cfg,official_st_ordering_information_plus_estore_active_exact_identity,https://www.st.com/resource/en/datasheet/stm32f051r8.pdf,STMicroelectronics official,verified_st_ordering_information_codes_plus_current_estore_active_identity
STMicroelectronics,STM32F051C8T7TR,STM32F0,STM32F051,STM32F051C8,LQFP,48,64 KiB,-40 to 105 C,TR,,STM32F051C8Tx,ordering_pattern,deterministic_ordering_pattern,tcl/target/stm32f0x.cfg,official_st_ordering_information_plus_estore_active_exact_identity,https://www.st.com/resource/en/datasheet/stm32f051r8.pdf,STMicroelectronics official,verified_st_ordering_information_codes_plus_current_estore_active_identity
STMicroelectronics,STM32F051C8U6,STM32F0,STM32F051,STM32F051C8,UFQFPN,48,64 KiB,-40 to 85 C,,,STM32F051C8Ux,ordering_pattern,deterministic_ordering_pattern,tcl/target/stm32f0x.cfg,official_st_ordering_information_plus_estore_active_exact_identity,https://www.st.com/resource/en/datasheet/stm32f051r8.pdf,STMicroelectronics official,verified_st_ordering_information_codes_plus_current_estore_active_identity
STMicroelectronics,STM32F051C8U6TR,STM32F0,STM32F051,STM32F051C8,UFQFPN,48,64 KiB,-40 to 85 C,TR,,STM32F051C8Ux,ordering_pattern,deterministic_ordering_pattern,tcl/target/stm32f0x.cfg,official_st_ordering_information_plus_estore_active_exact_identity,https://www.st.com/resource/en/datasheet/stm32f051r8.pdf,STMicroelectronics official,verified_st_ordering_information_codes_plus_current_estore_active_identity
STMicroelectronics,STM32F051C8U7,STM32F0,STM32F051,STM32F051C8,UFQFPN,48,64 KiB,-40 to 105 C,,,STM32F051C8Ux,ordering_pattern,deterministic_ordering_pattern,tcl/target/stm32f0x.cfg,official_st_ordering_information_plus_estore_active_exact_identity,https://www.st.com/resource/en/datasheet/stm32f051r8.pdf,STMicroelectronics official,verified_st_ordering_information_codes_plus_current_estore_active_identity
STMicroelectronics,STM32F051C8U7TR,STM32F0,STM32F051,STM32F051C8,UFQFPN,48,64 KiB,-40 to 105 C,TR,,STM32F051C8Ux,ordering_pattern,deterministic_ordering_pattern,tcl/target/stm32f0x.cfg,official_st_ordering_information_plus_estore_active_exact_identity,https://www.st.com/resource/en/datasheet/stm32f051r8.pdf,STMicroelectronics official,verified_st_ordering_information_codes_plus_current_estore_active_identity
STMicroelectronics,STM32F051K4T6,STM32F0,STM32F051,STM32F051K4,LQFP,32,16 KiB,-40 to 85 C,,,STM32F051K4Tx,ordering_pattern,deterministic_ordering_pattern,tcl/target/stm32f0x.cfg,official_st_ordering_information_plus_estore_active_exact_identity,https://www.st.com/resource/en/datasheet/stm32f051r8.pdf,STMicroelectronics official,verified_st_ordering_information_codes_plus_current_estore_active_identity
STMicroelectronics,STM32F051K4T6TR,STM32F0,STM32F051,STM32F051K4,LQFP,32,16 KiB,-40 to 85 C,TR,,STM32F051K4Tx,ordering_pattern,deterministic_ordering_pattern,tcl/target/stm32f0x.cfg,official_st_ordering_information_plus_estore_active_exact_identity,https://www.st.com/resource/en/datasheet/stm32f051r8.pdf,STMicroelectronics official,verified_st_ordering_information_codes_plus_current_estore_active_identity
STMicroelectronics,STM32F051K4U6,STM32F0,STM32F051,STM32F051K4,UFQFPN,32,16 KiB,-40 to 85 C,,,STM32F051K4Ux,ordering_pattern,deterministic_ordering_pattern,tcl/target/stm32f0x.cfg,official_st_ordering_information_plus_estore_active_exact_identity,https://www.st.com/resource/en/datasheet/stm32f051r8.pdf,STMicroelectronics official,verified_st_ordering_information_codes_plus_current_estore_active_identity
STMicroelectronics,STM32F051K4U6TR,STM32F0,STM32F051,STM32F051K4,UFQFPN,32,16 KiB,-40 to 85 C,TR,,STM32F051K4Ux,ordering_pattern,deterministic_ordering_pattern,tcl/target/stm32f0x.cfg,official_st_ordering_information_plus_estore_active_exact_identity,https://www.st.com/resource/en/datasheet/stm32f051r8.pdf,STMicroelectronics official,verified_st_ordering_information_codes_plus_current_estore_active_identity
STMicroelectronics,STM32F051K4U7,STM32F0,STM32F051,STM32F051K4,UFQFPN,32,16 KiB,-40 to 105 C,,,STM32F051K4Ux,ordering_pattern,deterministic_ordering_pattern,tcl/target/stm32f0x.cfg,official_st_ordering_information_plus_estore_active_exact_identity,https://www.st.com/resource/en/datasheet/stm32f051r8.pdf,STMicroelectronics official,verified_st_ordering_information_codes_plus_current_estore_active_identity
STMicroelectronics,STM32F051K4U7TR,STM32F0,STM32F051,STM32F051K4,UFQFPN,32,16 KiB,-40 to 105 C,TR,,STM32F051K4Ux,ordering_pattern,deterministic_ordering_pattern,tcl/target/stm32f0x.cfg,official_st_ordering_information_plus_estore_active_exact_identity,https://www.st.com/resource/en/datasheet/stm32f051r8.pdf,STMicroelectronics official,verified_st_ordering_information_codes_plus_current_estore_active_identity
STMicroelectronics,STM32F051K6T6,STM32F0,STM32F051,STM32F051K6,LQFP,32,32 KiB,-40 to 85 C,,,STM32F051K6Tx,ordering_pattern,deterministic_ordering_pattern,tcl/target/stm32f0x.cfg,official_st_ordering_information_plus_estore_active_exact_identity,https://www.st.com/resource/en/datasheet/stm32f051r8.pdf,STMicroelectronics official,verified_st_ordering_information_codes_plus_current_estore_active_identity
STMicroelectronics,STM32F051K6T6TR,STM32F0,STM32F051,STM32F051K6,LQFP,32,32 KiB,-40 to 85 C,TR,,STM32F051K6Tx,ordering_pattern,deterministic_ordering_pattern,tcl/target/stm32f0x.cfg,official_st_ordering_information_plus_estore_active_exact_identity,https://www.st.com/resource/en/datasheet/stm32f051r8.pdf,STMicroelectronics official,verified_st_ordering_information_codes_plus_current_estore_active_identity
STMicroelectronics,STM32F051K6T7,STM32F0,STM32F051,STM32F051K6,LQFP,32,32 KiB,-40 to 105 C,,,STM32F051K6Tx,ordering_pattern,deterministic_ordering_pattern,tcl/target/stm32f0x.cfg,official_st_ordering_information_plus_estore_active_exact_identity,https://www.st.com/resource/en/datasheet/stm32f051r8.pdf,STMicroelectronics official,verified_st_ordering_information_codes_plus_current_estore_active_identity
STMicroelectronics,STM32F051K6T7TR,STM32F0,STM32F051,STM32F051K6,LQFP,32,32 KiB,-40 to 105 C,TR,,STM32F051K6Tx,ordering_pattern,deterministic_ordering_pattern,tcl/target/stm32f0x.cfg,official_st_ordering_information_plus_estore_active_exact_identity,https://www.st.com/resource/en/datasheet/stm32f051r8.pdf,STMicroelectronics official,verified_st_ordering_information_codes_plus_current_estore_active_identity
STMicroelectronics,STM32F051K6U6,STM32F0,STM32F051,STM32F051K6,UFQFPN,32,32 KiB,-40 to 85 C,,,STM32F051K6Ux,ordering_pattern,deterministic_ordering_pattern,tcl/target/stm32f0x.cfg,official_st_ordering_information_plus_estore_active_exact_identity,https://www.st.com/resource/en/datasheet/stm32f051r8.pdf,STMicroelectronics official,verified_st_ordering_information_codes_plus_current_estore_active_identity
STMicroelectronics,STM32F051K6U6TR,STM32F0,STM32F051,STM32F051K6,UFQFPN,32,32 KiB,-40 to 85 C,TR,,STM32F051K6Ux,ordering_pattern,deterministic_ordering_pattern,tcl/target/stm32f0x.cfg,official_st_ordering_information_plus_estore_active_exact_identity,https://www.st.com/resource/en/datasheet/stm32f051r8.pdf,STMicroelectronics official,verified_st_ordering_information_codes_plus_current_estore_active_identity
STMicroelectronics,STM32F051K6U7,STM32F0,STM32F051,STM32F051K6,UFQFPN,32,32 KiB,-40 to 105 C,,,STM32F051K6Ux,ordering_pattern,deterministic_ordering_pattern,tcl/target/stm32f0x.cfg,official_st_ordering_information_plus_estore_active_exact_identity,https://www.st.com/resource/en/datasheet/stm32f051r8.pdf,STMicroelectronics official,verified_st_ordering_information_codes_plus_current_estore_active_identity
STMicroelectronics,STM32F051K6U7TR,STM32F0,STM32F051,STM32F051K6,UFQFPN,32,32 KiB,-40 to 105 C,TR,,STM32F051K6Ux,ordering_pattern,deterministic_ordering_pattern,tcl/target/stm32f0x.cfg,official_st_ordering_information_plus_estore_active_exact_identity,https://www.st.com/resource/en/datasheet/stm32f051r8.pdf,STMicroelectronics official,verified_st_ordering_information_codes_plus_current_estore_active_identity
STMicroelectronics,STM32F051K8T6,STM32F0,STM32F051,STM32F051K8,LQFP,32,64 KiB,-40 to 85 C,,,STM32F051K8Tx,ordering_pattern,deterministic_ordering_pattern,tcl/target/stm32f0x.cfg,official_st_ordering_information_plus_estore_active_exact_identity,https://www.st.com/resource/en/datasheet/stm32f051r8.pdf,STMicroelectronics official,verified_st_ordering_information_codes_plus_current_estore_active_identity
STMicroelectronics,STM32F051K8T6TR,STM32F0,STM32F051,STM32F051K8,LQFP,32,64 KiB,-40 to 85 C,TR,,STM32F051K8Tx,ordering_pattern,deterministic_ordering_pattern,tcl/target/stm32f0x.cfg,official_st_ordering_information_plus_estore_active_exact_identity,https://www.st.com/resource/en/datasheet/stm32f051r8.pdf,STMicroelectronics official,verified_st_ordering_information_codes_plus_current_estore_active_identity
STMicroelectronics,STM32F051K8T7,STM32F0,STM32F051,STM32F051K8,LQFP,32,64 KiB,-40 to 105 C,,,STM32F051K8Tx,ordering_pattern,deterministic_ordering_pattern,tcl/target/stm32f0x.cfg,official_st_ordering_information_plus_estore_active_exact_identity,https://www.st.com/resource/en/datasheet/stm32f051r8.pdf,STMicroelectronics official,verified_st_ordering_information_codes_plus_current_estore_active_identity
STMicroelectronics,STM32F051K8U6,STM32F0,STM32F051,STM32F051K8,UFQFPN,32,64 KiB,-40 to 85 C,,,STM32F051K8Ux,ordering_pattern,deterministic_ordering_pattern,tcl/target/stm32f0x.cfg,official_st_ordering_information_plus_estore_active_exact_identity,https://www.st.com/resource/en/datasheet/stm32f051r8.pdf,STMicroelectronics official,verified_st_ordering_information_codes_plus_current_estore_active_identity
STMicroelectronics,STM32F051K8U6TR,STM32F0,STM32F051,STM32F051K8,UFQFPN,32,64 KiB,-40 to 85 C,TR,,STM32F051K8Ux,ordering_pattern,deterministic_ordering_pattern,tcl/target/stm32f0x.cfg,official_st_ordering_information_plus_estore_active_exact_identity,https://www.st.com/resource/en/datasheet/stm32f051r8.pdf,STMicroelectronics official,verified_st_ordering_information_codes_plus_current_estore_active_identity
STMicroelectronics,STM32F051K8U7,STM32F0,STM32F051,STM32F051K8,UFQFPN,32,64 KiB,-40 to 105 C,,,STM32F051K8Ux,ordering_pattern,deterministic_ordering_pattern,tcl/target/stm32f0x.cfg,official_st_ordering_information_plus_estore_active_exact_identity,https://www.st.com/resource/en/datasheet/stm32f051r8.pdf,STMicroelectronics official,verified_st_ordering_information_codes_plus_current_estore_active_identity
STMicroelectronics,STM32F051K8U7TR,STM32F0,STM32F051,STM32F051K8,UFQFPN,32,64 KiB,-40 to 105 C,TR,,STM32F051K8Ux,ordering_pattern,deterministic_ordering_pattern,tcl/target/stm32f0x.cfg,official_st_ordering_information_plus_estore_active_exact_identity,https://www.st.com/resource/en/datasheet/stm32f051r8.pdf,STMicroelectronics official,verified_st_ordering_information_codes_plus_current_estore_active_identity
STMicroelectronics,STM32F051R4T6,STM32F0,STM32F051,STM32F051R4,LQFP,64,16 KiB,-40 to 85 C,,,STM32F051R4Tx,ordering_pattern,deterministic_ordering_pattern,tcl/target/stm32f0x.cfg,official_st_ordering_information_plus_estore_active_exact_identity,https://www.st.com/resource/en/datasheet/stm32f051r8.pdf,STMicroelectronics official,verified_st_ordering_information_codes_plus_current_estore_active_identity
STMicroelectronics,STM32F051R4T6TR,STM32F0,STM32F051,STM32F051R4,LQFP,64,16 KiB,-40 to 85 C,TR,,STM32F051R4Tx,ordering_pattern,deterministic_ordering_pattern,tcl/target/stm32f0x.cfg,official_st_ordering_information_plus_estore_active_exact_identity,https://www.st.com/resource/en/datasheet/stm32f051r8.pdf,STMicroelectronics official,verified_st_ordering_information_codes_plus_current_estore_active_identity
STMicroelectronics,STM32F051R6T6,STM32F0,STM32F051,STM32F051R6,LQFP,64,32 KiB,-40 to 85 C,,,STM32F051R6Tx,ordering_pattern,deterministic_ordering_pattern,tcl/target/stm32f0x.cfg,official_st_ordering_information_plus_estore_active_exact_identity,https://www.st.com/resource/en/datasheet/stm32f051r8.pdf,STMicroelectronics official,verified_st_ordering_information_codes_plus_current_estore_active_identity
STMicroelectronics,STM32F051R6T6TR,STM32F0,STM32F051,STM32F051R6,LQFP,64,32 KiB,-40 to 85 C,TR,,STM32F051R6Tx,ordering_pattern,deterministic_ordering_pattern,tcl/target/stm32f0x.cfg,official_st_ordering_information_plus_estore_active_exact_identity,https://www.st.com/resource/en/datasheet/stm32f051r8.pdf,STMicroelectronics official,verified_st_ordering_information_codes_plus_current_estore_active_identity
STMicroelectronics,STM32F051R6T7,STM32F0,STM32F051,STM32F051R6,LQFP,64,32 KiB,-40 to 105 C,,,STM32F051R6Tx,ordering_pattern,deterministic_ordering_pattern,tcl/target/stm32f0x.cfg,official_st_ordering_information_plus_estore_active_exact_identity,https://www.st.com/resource/en/datasheet/stm32f051r8.pdf,STMicroelectronics official,verified_st_ordering_information_codes_plus_current_estore_active_identity
STMicroelectronics,STM32F051R6T7TR,STM32F0,STM32F051,STM32F051R6,LQFP,64,32 KiB,-40 to 105 C,TR,,STM32F051R6Tx,ordering_pattern,deterministic_ordering_pattern,tcl/target/stm32f0x.cfg,official_st_ordering_information_plus_estore_active_exact_identity,https://www.st.com/resource/en/datasheet/stm32f051r8.pdf,STMicroelectronics official,verified_st_ordering_information_codes_plus_current_estore_active_identity
STMicroelectronics,STM32F051R8H6,STM32F0,STM32F051,STM32F051R8,UFBGA,64,64 KiB,-40 to 85 C,,,STM32F051R8Hx,ordering_pattern,deterministic_ordering_pattern,tcl/target/stm32f0x.cfg,official_st_ordering_information_plus_estore_active_exact_identity,https://www.st.com/resource/en/datasheet/stm32f051r8.pdf,STMicroelectronics official,verified_st_ordering_information_codes_plus_current_estore_active_identity
STMicroelectronics,STM32F051R8H6TR,STM32F0,STM32F051,STM32F051R8,UFBGA,64,64 KiB,-40 to 85 C,TR,,STM32F051R8Hx,ordering_pattern,deterministic_ordering_pattern,tcl/target/stm32f0x.cfg,official_st_ordering_information_plus_estore_active_exact_identity,https://www.st.com/resource/en/datasheet/stm32f051r8.pdf,STMicroelectronics official,verified_st_ordering_information_codes_plus_current_estore_active_identity
STMicroelectronics,STM32F051R8H7,STM32F0,STM32F051,STM32F051R8,UFBGA,64,64 KiB,-40 to 105 C,,,STM32F051R8Hx,ordering_pattern,deterministic_ordering_pattern,tcl/target/stm32f0x.cfg,official_st_ordering_information_plus_estore_active_exact_identity,https://www.st.com/resource/en/datasheet/stm32f051r8.pdf,STMicroelectronics official,verified_st_ordering_information_codes_plus_current_estore_active_identity
STMicroelectronics,STM32F051R8H7TR,STM32F0,STM32F051,STM32F051R8,UFBGA,64,64 KiB,-40 to 105 C,TR,,STM32F051R8Hx,ordering_pattern,deterministic_ordering_pattern,tcl/target/stm32f0x.cfg,official_st_ordering_information_plus_estore_active_exact_identity,https://www.st.com/resource/en/datasheet/stm32f051r8.pdf,STMicroelectronics official,verified_st_ordering_information_codes_plus_current_estore_active_identity
STMicroelectronics,STM32F051R8T6,STM32F0,STM32F051,STM32F051R8,LQFP,64,64 KiB,-40 to 85 C,,,STM32F051R8Tx,ordering_pattern,deterministic_ordering_pattern,tcl/target/stm32f0x.cfg,official_st_ordering_information_plus_estore_active_exact_identity,https://www.st.com/resource/en/datasheet/stm32f051r8.pdf,STMicroelectronics official,verified_st_ordering_information_codes_plus_current_estore_active_identity
STMicroelectronics,STM32F051R8T6TR,STM32F0,STM32F051,STM32F051R8,LQFP,64,64 KiB,-40 to 85 C,TR,,STM32F051R8Tx,ordering_pattern,deterministic_ordering_pattern,tcl/target/stm32f0x.cfg,official_st_ordering_information_plus_estore_active_exact_identity,https://www.st.com/resource/en/datasheet/stm32f051r8.pdf,STMicroelectronics official,verified_st_ordering_information_codes_plus_current_estore_active_identity
STMicroelectronics,STM32F051R8T7,STM32F0,STM32F051,STM32F051R8,LQFP,64,64 KiB,-40 to 105 C,,,STM32F051R8Tx,ordering_pattern,deterministic_ordering_pattern,tcl/target/stm32f0x.cfg,official_st_ordering_information_plus_estore_active_exact_identity,https://www.st.com/resource/en/datasheet/stm32f051r8.pdf,STMicroelectronics official,verified_st_ordering_information_codes_plus_current_estore_active_identity
STMicroelectronics,STM32F051R8T7TR,STM32F0,STM32F051,STM32F051R8,LQFP,64,64 KiB,-40 to 105 C,TR,,STM32F051R8Tx,ordering_pattern,deterministic_ordering_pattern,tcl/target/stm32f0x.cfg,official_st_ordering_information_plus_estore_active_exact_identity,https://www.st.com/resource/en/datasheet/stm32f051r8.pdf,STMicroelectronics official,verified_st_ordering_information_codes_plus_current_estore_active_identity
STMicroelectronics,STM32F051T8Y6TR,STM32F0,STM32F051,STM32F051T8,WLCSP,36,64 KiB,-40 to 85 C,TR,,STM32F051T8Yx,ordering_pattern,deterministic_ordering_pattern,tcl/target/stm32f0x.cfg,official_st_ordering_information_plus_estore_active_exact_identity,https://www.st.com/resource/en/datasheet/stm32f051r8.pdf,STMicroelectronics official,verified_st_ordering_information_codes_plus_current_estore_active_identity
STMicroelectronics,STM32F058C8U6,STM32F0,STM32F058,STM32F058C8,UFQFPN,48,64 KiB,-40 to 85 C,,,STM32F058C8Ux,ordering_pattern,deterministic_ordering_pattern,tcl/target/stm32f0x.cfg,official_st_product_page_retained_browser_dual_surface_evidence,https://www.st.com/en/microcontrollers-microprocessors/stm32f058c8.html#plasma-evidence=stm32f0-phase4.5b-official-st-discovery-2026-09-09-retained-20260909T055900Z-1fcdf869,STMicroelectronics official,verified_direct_st_retained_browser_exact_icpn
STMicroelectronics,STM32F058R8H6,STM32F0,STM32F058,STM32F058R8,UFBGA,64,64 KiB,-40 to 85 C,,,STM32F058R8Hx,ordering_pattern,deterministic_ordering_pattern,tcl/target/stm32f0x.cfg,official_st_ordering_information_plus_estore_active_exact_identity,https://www.st.com/resource/en/datasheet/stm32f058c8.pdf,STMicroelectronics official,verified_st_ordering_information_codes_plus_current_estore_active_identity
STMicroelectronics,STM32F058R8H6TR,STM32F0,STM32F058,STM32F058R8,UFBGA,64,64 KiB,-40 to 85 C,TR,,STM32F058R8Hx,ordering_pattern,deterministic_ordering_pattern,tcl/target/stm32f0x.cfg,official_st_ordering_information_plus_estore_active_exact_identity,https://www.st.com/resource/en/datasheet/stm32f058c8.pdf,STMicroelectronics official,verified_st_ordering_information_codes_plus_current_estore_active_identity
STMicroelectronics,STM32F058R8H7,STM32F0,STM32F058,STM32F058R8,UFBGA,64,64 KiB,-40 to 105 C,,,STM32F058R8Hx,ordering_pattern,deterministic_ordering_pattern,tcl/target/stm32f0x.cfg,official_st_ordering_information_plus_estore_active_exact_identity,https://www.st.com/resource/en/datasheet/stm32f058c8.pdf,STMicroelectronics official,verified_st_ordering_information_codes_plus_current_estore_active_identity
STMicroelectronics,STM32F058R8H7TR,STM32F0,STM32F058,STM32F058R8,UFBGA,64,64 KiB,-40 to 105 C,TR,,STM32F058R8Hx,ordering_pattern,deterministic_ordering_pattern,tcl/target/stm32f0x.cfg,official_st_ordering_information_plus_estore_active_exact_identity,https://www.st.com/resource/en/datasheet/stm32f058c8.pdf,STMicroelectronics official,verified_st_ordering_information_codes_plus_current_estore_active_identity
STMicroelectronics,STM32F058R8T6,STM32F0,STM32F058,STM32F058R8,LQFP,64,64 KiB,-40 to 85 C,,,STM32F058R8Tx,ordering_pattern,deterministic_ordering_pattern,tcl/target/stm32f0x.cfg,official_st_ordering_information_plus_estore_active_exact_identity,https://www.st.com/resource/en/datasheet/stm32f058c8.pdf,STMicroelectronics official,verified_st_ordering_information_codes_plus_current_estore_active_identity
STMicroelectronics,STM32F058T8Y6TR,STM32F0,STM32F058,STM32F058T8,WLCSP,36,64 KiB,-40 to 85 C,TR,,STM32F058T8Yx,ordering_pattern,deterministic_ordering_pattern,tcl/target/stm32f0x.cfg,official_st_ordering_information_plus_estore_active_exact_identity,https://www.st.com/resource/en/datasheet/stm32f058c8.pdf,STMicroelectronics official,verified_st_ordering_information_codes_plus_current_estore_active_identity
STMicroelectronics,STM32F070C6T6,STM32F0,STM32F070,STM32F070C6,LQFP,48,32 KiB,-40 to 85 C,,,STM32F070C6Tx,ordering_pattern,deterministic_ordering_pattern,tcl/target/stm32f0x.cfg,official_st_product_page_retained_browser_dual_surface_evidence,https://www.st.com/en/microcontrollers-microprocessors/stm32f070c6.html#plasma-evidence=stm32f0-phase4.5b-official-st-discovery-2026-09-09-retained-20260909T055900Z-1fcdf869,STMicroelectronics official,verified_direct_st_retained_browser_exact_icpn
STMicroelectronics,STM32F070C6T6TR,STM32F0,STM32F070,STM32F070C6,LQFP,48,32 KiB,-40 to 85 C,TR,,STM32F070C6Tx,ordering_pattern,deterministic_ordering_pattern,tcl/target/stm32f0x.cfg,official_st_product_page_retained_browser_dual_surface_evidence,https://www.st.com/en/microcontrollers-microprocessors/stm32f070c6.html#plasma-evidence=stm32f0-phase4.5b-official-st-discovery-2026-09-09-retained-20260909T055900Z-1fcdf869,STMicroelectronics official,verified_direct_st_retained_browser_exact_icpn
STMicroelectronics,STM32F070CBT6,STM32F0,STM32F070,STM32F070CB,LQFP,48,128 KiB,-40 to 85 C,,,STM32F070CBTx,ordering_pattern,deterministic_ordering_pattern,tcl/target/stm32f0x.cfg,official_st_ordering_information_plus_estore_active_exact_identity,https://www.st.com/resource/en/datasheet/stm32f070c6.pdf,STMicroelectronics official,verified_st_ordering_information_codes_plus_current_estore_active_identity
STMicroelectronics,STM32F070CBT6TR,STM32F0,STM32F070,STM32F070CB,LQFP,48,128 KiB,-40 to 85 C,TR,,STM32F070CBTx,ordering_pattern,deterministic_ordering_pattern,tcl/target/stm32f0x.cfg,official_st_ordering_information_plus_estore_active_exact_identity,https://www.st.com/resource/en/datasheet/stm32f070c6.pdf,STMicroelectronics official,verified_st_ordering_information_codes_plus_current_estore_active_identity
STMicroelectronics,STM32F070F6P6,STM32F0,STM32F070,STM32F070F6,TSSOP,20,32 KiB,-40 to 85 C,,,STM32F070F6Px,ordering_pattern,deterministic_ordering_pattern,tcl/target/stm32f0x.cfg,official_st_ordering_information_plus_estore_active_exact_identity,https://www.st.com/resource/en/datasheet/stm32f070c6.pdf,STMicroelectronics official,verified_st_ordering_information_codes_plus_current_estore_active_identity
STMicroelectronics,STM32F070F6P6TR,STM32F0,STM32F070,STM32F070F6,TSSOP,20,32 KiB,-40 to 85 C,TR,,STM32F070F6Px,ordering_pattern,deterministic_ordering_pattern,tcl/target/stm32f0x.cfg,official_st_ordering_information_plus_estore_active_exact_identity,https://www.st.com/resource/en/datasheet/stm32f070c6.pdf,STMicroelectronics official,verified_st_ordering_information_codes_plus_current_estore_active_identity
STMicroelectronics,STM32F070RBT6,STM32F0,STM32F070,STM32F070RB,LQFP,64,128 KiB,-40 to 85 C,,,STM32F070RBTx,ordering_pattern,deterministic_ordering_pattern,tcl/target/stm32f0x.cfg,official_st_ordering_information_plus_estore_active_exact_identity,https://www.st.com/resource/en/datasheet/stm32f070c6.pdf,STMicroelectronics official,verified_st_ordering_information_codes_plus_current_estore_active_identity
STMicroelectronics,STM32F070RBT6TR,STM32F0,STM32F070,STM32F070RB,LQFP,64,128 KiB,-40 to 85 C,TR,,STM32F070RBTx,ordering_pattern,deterministic_ordering_pattern,tcl/target/stm32f0x.cfg,official_st_ordering_information_plus_estore_active_exact_identity,https://www.st.com/resource/en/datasheet/stm32f070c6.pdf,STMicroelectronics official,verified_st_ordering_information_codes_plus_current_estore_active_identity
STMicroelectronics,STM32F071C8T6,STM32F0,STM32F071,STM32F071C8,LQFP,48,64 KiB,-40 to 85 C,,,STM32F071C8Tx,ordering_pattern,deterministic_ordering_pattern,tcl/target/stm32f0x.cfg,official_st_product_page_retained_browser_dual_surface_evidence,https://www.st.com/en/microcontrollers-microprocessors/stm32f071c8.html#plasma-evidence=stm32f0-phase4.5b-official-st-discovery-2026-09-09-retained-20260909T055900Z-1fcdf869,STMicroelectronics official,verified_direct_st_retained_browser_exact_icpn
STMicroelectronics,STM32F071C8T6TR,STM32F0,STM32F071,STM32F071C8,LQFP,48,64 KiB,-40 to 85 C,TR,,STM32F071C8Tx,ordering_pattern,deterministic_ordering_pattern,tcl/target/stm32f0x.cfg,official_st_product_page_retained_browser_dual_surface_evidence,https://www.st.com/en/microcontrollers-microprocessors/stm32f071c8.html#plasma-evidence=stm32f0-phase4.5b-official-st-discovery-2026-09-09-retained-20260909T055900Z-1fcdf869,STMicroelectronics official,verified_direct_st_retained_browser_exact_icpn
STMicroelectronics,STM32F071C8U6,STM32F0,STM32F071,STM32F071C8,UFQFPN,48,64 KiB,-40 to 85 C,,,STM32F071C8Ux,ordering_pattern,deterministic_ordering_pattern,tcl/target/stm32f0x.cfg,official_st_product_page_retained_browser_dual_surface_evidence,https://www.st.com/en/microcontrollers-microprocessors/stm32f071c8.html#plasma-evidence=stm32f0-phase4.5b-official-st-discovery-2026-09-09-retained-20260909T055900Z-1fcdf869,STMicroelectronics official,verified_direct_st_retained_browser_exact_icpn
STMicroelectronics,STM32F071C8U7,STM32F0,STM32F071,STM32F071C8,UFQFPN,48,64 KiB,-40 to 105 C,,,STM32F071C8Ux,ordering_pattern,deterministic_ordering_pattern,tcl/target/stm32f0x.cfg,official_st_product_page_retained_browser_dual_surface_evidence,https://www.st.com/en/microcontrollers-microprocessors/stm32f071c8.html#plasma-evidence=stm32f0-phase4.5b-official-st-discovery-2026-09-09-retained-20260909T055900Z-1fcdf869,STMicroelectronics official,verified_direct_st_retained_browser_exact_icpn
STMicroelectronics,STM32F071C8U7TR,STM32F0,STM32F071,STM32F071C8,UFQFPN,48,64 KiB,-40 to 105 C,TR,,STM32F071C8Ux,ordering_pattern,deterministic_ordering_pattern,tcl/target/stm32f0x.cfg,official_st_product_page_retained_browser_dual_surface_evidence,https://www.st.com/en/microcontrollers-microprocessors/stm32f071c8.html#plasma-evidence=stm32f0-phase4.5b-official-st-discovery-2026-09-09-retained-20260909T055900Z-1fcdf869,STMicroelectronics official,verified_direct_st_retained_browser_exact_icpn
STMicroelectronics,STM32F071CBT6,STM32F0,STM32F071,STM32F071CB,LQFP,48,128 KiB,-40 to 85 C,,,STM32F071CBTx,ordering_pattern,deterministic_ordering_pattern,tcl/target/stm32f0x.cfg,official_st_ordering_information_plus_estore_active_exact_identity,https://www.st.com/resource/en/datasheet/stm32f071vb.pdf,STMicroelectronics official,verified_st_ordering_information_codes_plus_current_estore_active_identity
STMicroelectronics,STM32F071CBT6TR,STM32F0,STM32F071,STM32F071CB,LQFP,48,128 KiB,-40 to 85 C,TR,,STM32F071CBTx,ordering_pattern,deterministic_ordering_pattern,tcl/target/stm32f0x.cfg,official_st_ordering_information_plus_estore_active_exact_identity,https://www.st.com/resource/en/datasheet/stm32f071vb.pdf,STMicroelectronics official,verified_st_ordering_information_codes_plus_current_estore_active_identity
STMicroelectronics,STM32F071CBT7,STM32F0,STM32F071,STM32F071CB,LQFP,48,128 KiB,-40 to 105 C,,,STM32F071CBTx,ordering_pattern,deterministic_ordering_pattern,tcl/target/stm32f0x.cfg,official_st_ordering_information_plus_estore_active_exact_identity,https://www.st.com/resource/en/datasheet/stm32f071vb.pdf,STMicroelectronics official,verified_st_ordering_information_codes_plus_current_estore_active_identity
STMicroelectronics,STM32F071CBT7TR,STM32F0,STM32F071,STM32F071CB,LQFP,48,128 KiB,-40 to 105 C,TR,,STM32F071CBTx,ordering_pattern,deterministic_ordering_pattern,tcl/target/stm32f0x.cfg,official_st_ordering_information_plus_estore_active_exact_identity,https://www.st.com/resource/en/datasheet/stm32f071vb.pdf,STMicroelectronics official,verified_st_ordering_information_codes_plus_current_estore_active_identity
STMicroelectronics,STM32F071CBU6,STM32F0,STM32F071,STM32F071CB,UFQFPN,48,128 KiB,-40 to 85 C,,,STM32F071CBUx,ordering_pattern,deterministic_ordering_pattern,tcl/target/stm32f0x.cfg,official_st_ordering_information_plus_estore_active_exact_identity,https://www.st.com/resource/en/datasheet/stm32f071vb.pdf,STMicroelectronics official,verified_st_ordering_information_codes_plus_current_estore_active_identity
STMicroelectronics,STM32F071CBU6TR,STM32F0,STM32F071,STM32F071CB,UFQFPN,48,128 KiB,-40 to 85 C,TR,,STM32F071CBUx,ordering_pattern,deterministic_ordering_pattern,tcl/target/stm32f0x.cfg,official_st_ordering_information_plus_estore_active_exact_identity,https://www.st.com/resource/en/datasheet/stm32f071vb.pdf,STMicroelectronics official,verified_st_ordering_information_codes_plus_current_estore_active_identity
STMicroelectronics,STM32F071CBU7,STM32F0,STM32F071,STM32F071CB,UFQFPN,48,128 KiB,-40 to 105 C,,,STM32F071CBUx,ordering_pattern,deterministic_ordering_pattern,tcl/target/stm32f0x.cfg,official_st_ordering_information_plus_estore_active_exact_identity,https://www.st.com/resource/en/datasheet/stm32f071vb.pdf,STMicroelectronics official,verified_st_ordering_information_codes_plus_current_estore_active_identity
STMicroelectronics,STM32F071CBU7TR,STM32F0,STM32F071,STM32F071CB,UFQFPN,48,128 KiB,-40 to 105 C,TR,,STM32F071CBUx,ordering_pattern,deterministic_ordering_pattern,tcl/target/stm32f0x.cfg,official_st_ordering_information_plus_estore_active_exact_identity,https://www.st.com/resource/en/datasheet/stm32f071vb.pdf,STMicroelectronics official,verified_st_ordering_information_codes_plus_current_estore_active_identity
STMicroelectronics,STM32F071CBY6TR,STM32F0,STM32F071,STM32F071CB,WLCSP,49,128 KiB,-40 to 85 C,TR,,STM32F071CBYx,ordering_pattern,deterministic_ordering_pattern,tcl/target/stm32f0x.cfg,official_st_ordering_information_plus_estore_active_exact_identity,https://www.st.com/resource/en/datasheet/stm32f071vb.pdf,STMicroelectronics official,verified_st_ordering_information_codes_plus_current_estore_active_identity
STMicroelectronics,STM32F071RBT6,STM32F0,STM32F071,STM32F071RB,LQFP,64,128 KiB,-40 to 85 C,,,STM32F071RBTx,ordering_pattern,deterministic_ordering_pattern,tcl/target/stm32f0x.cfg,official_st_ordering_information_plus_estore_active_exact_identity,https://www.st.com/resource/en/datasheet/stm32f071vb.pdf,STMicroelectronics official,verified_st_ordering_information_codes_plus_current_estore_active_identity
STMicroelectronics,STM32F071RBT6TR,STM32F0,STM32F071,STM32F071RB,LQFP,64,128 KiB,-40 to 85 C,TR,,STM32F071RBTx,ordering_pattern,deterministic_ordering_pattern,tcl/target/stm32f0x.cfg,official_st_ordering_information_plus_estore_active_exact_identity,https://www.st.com/resource/en/datasheet/stm32f071vb.pdf,STMicroelectronics official,verified_st_ordering_information_codes_plus_current_estore_active_identity
STMicroelectronics,STM32F071RBT7TR,STM32F0,STM32F071,STM32F071RB,LQFP,64,128 KiB,-40 to 105 C,TR,,STM32F071RBTx,ordering_pattern,deterministic_ordering_pattern,tcl/target/stm32f0x.cfg,official_st_ordering_information_plus_estore_active_exact_identity,https://www.st.com/resource/en/datasheet/stm32f071vb.pdf,STMicroelectronics official,verified_st_ordering_information_codes_plus_current_estore_active_identity
STMicroelectronics,STM32F071V8H6,STM32F0,STM32F071,STM32F071V8,UFBGA,100,64 KiB,-40 to 85 C,,,STM32F071V8Hx,ordering_pattern,deterministic_ordering_pattern,tcl/target/stm32f0x.cfg,official_st_ordering_information_plus_estore_active_exact_identity,https://www.st.com/resource/en/datasheet/stm32f071vb.pdf,STMicroelectronics official,verified_st_ordering_information_codes_plus_current_estore_active_identity
STMicroelectronics,STM32F071V8T6,STM32F0,STM32F071,STM32F071V8,LQFP,100,64 KiB,-40 to 85 C,,,STM32F071V8Tx,ordering_pattern,deterministic_ordering_pattern,tcl/target/stm32f0x.cfg,official_st_ordering_information_plus_estore_active_exact_identity,https://www.st.com/resource/en/datasheet/stm32f071vb.pdf,STMicroelectronics official,verified_st_ordering_information_codes_plus_current_estore_active_identity
STMicroelectronics,STM32F071V8T6TR,STM32F0,STM32F071,STM32F071V8,LQFP,100,64 KiB,-40 to 85 C,TR,,STM32F071V8Tx,ordering_pattern,deterministic_ordering_pattern,tcl/target/stm32f0x.cfg,official_st_ordering_information_plus_estore_active_exact_identity,https://www.st.com/resource/en/datasheet/stm32f071vb.pdf,STMicroelectronics official,verified_st_ordering_information_codes_plus_current_estore_active_identity
STMicroelectronics,STM32F071V8T7,STM32F0,STM32F071,STM32F071V8,LQFP,100,64 KiB,-40 to 105 C,,,STM32F071V8Tx,ordering_pattern,deterministic_ordering_pattern,tcl/target/stm32f0x.cfg,official_st_ordering_information_plus_estore_active_exact_identity,https://www.st.com/resource/en/datasheet/stm32f071vb.pdf,STMicroelectronics official,verified_st_ordering_information_codes_plus_current_estore_active_identity
STMicroelectronics,STM32F071V8T7TR,STM32F0,STM32F071,STM32F071V8,LQFP,100,64 KiB,-40 to 105 C,TR,,STM32F071V8Tx,ordering_pattern,deterministic_ordering_pattern,tcl/target/stm32f0x.cfg,official_st_ordering_information_plus_estore_active_exact_identity,https://www.st.com/resource/en/datasheet/stm32f071vb.pdf,STMicroelectronics official,verified_st_ordering_information_codes_plus_current_estore_active_identity
STMicroelectronics,STM32F071VBH6,STM32F0,STM32F071,STM32F071VB,UFBGA,100,128 KiB,-40 to 85 C,,,STM32F071VBHx,ordering_pattern,deterministic_ordering_pattern,tcl/target/stm32f0x.cfg,official_st_ordering_information_plus_estore_active_exact_identity,https://www.st.com/resource/en/datasheet/stm32f071vb.pdf,STMicroelectronics official,verified_st_ordering_information_codes_plus_current_estore_active_identity
STMicroelectronics,STM32F071VBT6,STM32F0,STM32F071,STM32F071VB,LQFP,100,128 KiB,-40 to 85 C,,,STM32F071VBTx,ordering_pattern,deterministic_ordering_pattern,tcl/target/stm32f0x.cfg,official_st_ordering_information_plus_estore_active_exact_identity,https://www.st.com/resource/en/datasheet/stm32f071vb.pdf,STMicroelectronics official,verified_st_ordering_information_codes_plus_current_estore_active_identity
STMicroelectronics,STM32F071VBT6TR,STM32F0,STM32F071,STM32F071VB,LQFP,100,128 KiB,-40 to 85 C,TR,,STM32F071VBTx,ordering_pattern,deterministic_ordering_pattern,tcl/target/stm32f0x.cfg,official_st_ordering_information_plus_estore_active_exact_identity,https://www.st.com/resource/en/datasheet/stm32f071vb.pdf,STMicroelectronics official,verified_st_ordering_information_codes_plus_current_estore_active_identity
STMicroelectronics,STM32F072C8T6,STM32F0,STM32F072,STM32F072C8,LQFP,48,64 KiB,-40 to 85 C,,,STM32F072C8Tx,ordering_pattern,deterministic_ordering_pattern,tcl/target/stm32f0x.cfg,official_st_product_page_retained_browser_dual_surface_evidence,https://www.st.com/en/microcontrollers-microprocessors/stm32f072c8.html#plasma-evidence=stm32f0-phase4.5b-official-st-discovery-2026-09-09-retained-20260909T055900Z-1fcdf869,STMicroelectronics official,verified_direct_st_retained_browser_exact_icpn
STMicroelectronics,STM32F072C8T6TR,STM32F0,STM32F072,STM32F072C8,LQFP,48,64 KiB,-40 to 85 C,TR,,STM32F072C8Tx,ordering_pattern,deterministic_ordering_pattern,tcl/target/stm32f0x.cfg,official_st_product_page_retained_browser_dual_surface_evidence,https://www.st.com/en/microcontrollers-microprocessors/stm32f072c8.html#plasma-evidence=stm32f0-phase4.5b-official-st-discovery-2026-09-09-retained-20260909T055900Z-1fcdf869,STMicroelectronics official,verified_direct_st_retained_browser_exact_icpn
STMicroelectronics,STM32F072C8T7,STM32F0,STM32F072,STM32F072C8,LQFP,48,64 KiB,-40 to 105 C,,,STM32F072C8Tx,ordering_pattern,deterministic_ordering_pattern,tcl/target/stm32f0x.cfg,official_st_product_page_retained_browser_dual_surface_evidence,https://www.st.com/en/microcontrollers-microprocessors/stm32f072c8.html#plasma-evidence=stm32f0-phase4.5b-official-st-discovery-2026-09-09-retained-20260909T055900Z-1fcdf869,STMicroelectronics official,verified_direct_st_retained_browser_exact_icpn
STMicroelectronics,STM32F072C8U6,STM32F0,STM32F072,STM32F072C8,UFQFPN,48,64 KiB,-40 to 85 C,,,STM32F072C8Ux,ordering_pattern,deterministic_ordering_pattern,tcl/target/stm32f0x.cfg,official_st_product_page_retained_browser_dual_surface_evidence,https://www.st.com/en/microcontrollers-microprocessors/stm32f072c8.html#plasma-evidence=stm32f0-phase4.5b-official-st-discovery-2026-09-09-retained-20260909T055900Z-1fcdf869,STMicroelectronics official,verified_direct_st_retained_browser_exact_icpn
STMicroelectronics,STM32F072C8U6TR,STM32F0,STM32F072,STM32F072C8,UFQFPN,48,64 KiB,-40 to 85 C,TR,,STM32F072C8Ux,ordering_pattern,deterministic_ordering_pattern,tcl/target/stm32f0x.cfg,official_st_product_page_retained_browser_dual_surface_evidence,https://www.st.com/en/microcontrollers-microprocessors/stm32f072c8.html#plasma-evidence=stm32f0-phase4.5b-official-st-discovery-2026-09-09-retained-20260909T055900Z-1fcdf869,STMicroelectronics official,verified_direct_st_retained_browser_exact_icpn
STMicroelectronics,STM32F072C8U7,STM32F0,STM32F072,STM32F072C8,UFQFPN,48,64 KiB,-40 to 105 C,,,STM32F072C8Ux,ordering_pattern,deterministic_ordering_pattern,tcl/target/stm32f0x.cfg,official_st_product_page_retained_browser_dual_surface_evidence,https://www.st.com/en/microcontrollers-microprocessors/stm32f072c8.html#plasma-evidence=stm32f0-phase4.5b-official-st-discovery-2026-09-09-retained-20260909T055900Z-1fcdf869,STMicroelectronics official,verified_direct_st_retained_browser_exact_icpn
STMicroelectronics,STM32F072CBT6,STM32F0,STM32F072,STM32F072CB,LQFP,48,128 KiB,-40 to 85 C,,,STM32F072CBTx,ordering_pattern,deterministic_ordering_pattern,tcl/target/stm32f0x.cfg,official_st_ordering_information_plus_estore_active_exact_identity,https://www.st.com/resource/en/datasheet/stm32f072rb.pdf,STMicroelectronics official,verified_st_ordering_information_codes_plus_current_estore_active_identity
STMicroelectronics,STM32F072CBT6TR,STM32F0,STM32F072,STM32F072CB,LQFP,48,128 KiB,-40 to 85 C,TR,,STM32F072CBTx,ordering_pattern,deterministic_ordering_pattern,tcl/target/stm32f0x.cfg,official_st_ordering_information_plus_estore_active_exact_identity,https://www.st.com/resource/en/datasheet/stm32f072rb.pdf,STMicroelectronics official,verified_st_ordering_information_codes_plus_current_estore_active_identity
STMicroelectronics,STM32F072CBT7,STM32F0,STM32F072,STM32F072CB,LQFP,48,128 KiB,-40 to 105 C,,,STM32F072CBTx,ordering_pattern,deterministic_ordering_pattern,tcl/target/stm32f0x.cfg,official_st_ordering_information_plus_estore_active_exact_identity,https://www.st.com/resource/en/datasheet/stm32f072rb.pdf,STMicroelectronics official,verified_st_ordering_information_codes_plus_current_estore_active_identity
STMicroelectronics,STM32F072CBU6,STM32F0,STM32F072,STM32F072CB,UFQFPN,48,128 KiB,-40 to 85 C,,,STM32F072CBUx,ordering_pattern,deterministic_ordering_pattern,tcl/target/stm32f0x.cfg,official_st_ordering_information_plus_estore_active_exact_identity,https://www.st.com/resource/en/datasheet/stm32f072rb.pdf,STMicroelectronics official,verified_st_ordering_information_codes_plus_current_estore_active_identity
STMicroelectronics,STM32F072CBU6TR,STM32F0,STM32F072,STM32F072CB,UFQFPN,48,128 KiB,-40 to 85 C,TR,,STM32F072CBUx,ordering_pattern,deterministic_ordering_pattern,tcl/target/stm32f0x.cfg,official_st_ordering_information_plus_estore_active_exact_identity,https://www.st.com/resource/en/datasheet/stm32f072rb.pdf,STMicroelectronics official,verified_st_ordering_information_codes_plus_current_estore_active_identity
STMicroelectronics,STM32F072CBU7,STM32F0,STM32F072,STM32F072CB,UFQFPN,48,128 KiB,-40 to 105 C,,,STM32F072CBUx,ordering_pattern,deterministic_ordering_pattern,tcl/target/stm32f0x.cfg,official_st_ordering_information_plus_estore_active_exact_identity,https://www.st.com/resource/en/datasheet/stm32f072rb.pdf,STMicroelectronics official,verified_st_ordering_information_codes_plus_current_estore_active_identity
STMicroelectronics,STM32F072CBU7TR,STM32F0,STM32F072,STM32F072CB,UFQFPN,48,128 KiB,-40 to 105 C,TR,,STM32F072CBUx,ordering_pattern,deterministic_ordering_pattern,tcl/target/stm32f0x.cfg,official_st_ordering_information_plus_estore_active_exact_identity,https://www.st.com/resource/en/datasheet/stm32f072rb.pdf,STMicroelectronics official,verified_st_ordering_information_codes_plus_current_estore_active_identity
STMicroelectronics,STM32F072CBY6TR,STM32F0,STM32F072,STM32F072CB,WLCSP,49,128 KiB,-40 to 85 C,TR,,STM32F072CBYx,ordering_pattern,deterministic_ordering_pattern,tcl/target/stm32f0x.cfg,official_st_ordering_information_plus_estore_active_exact_identity,https://www.st.com/resource/en/datasheet/stm32f072rb.pdf,STMicroelectronics official,verified_st_ordering_information_codes_plus_current_estore_active_identity
STMicroelectronics,STM32F072CBY7TR,STM32F0,STM32F072,STM32F072CB,WLCSP,49,128 KiB,-40 to 105 C,TR,,STM32F072CBYx,ordering_pattern,deterministic_ordering_pattern,tcl/target/stm32f0x.cfg,official_st_ordering_information_plus_estore_active_exact_identity,https://www.st.com/resource/en/datasheet/stm32f072rb.pdf,STMicroelectronics official,verified_st_ordering_information_codes_plus_current_estore_active_identity
STMicroelectronics,STM32F072R8T6,STM32F0,STM32F072,STM32F072R8,LQFP,64,64 KiB,-40 to 85 C,,,STM32F072R8Tx,ordering_pattern,deterministic_ordering_pattern,tcl/target/stm32f0x.cfg,official_st_ordering_information_plus_estore_active_exact_identity,https://www.st.com/resource/en/datasheet/stm32f072rb.pdf,STMicroelectronics official,verified_st_ordering_information_codes_plus_current_estore_active_identity
STMicroelectronics,STM32F072R8T6TR,STM32F0,STM32F072,STM32F072R8,LQFP,64,64 KiB,-40 to 85 C,TR,,STM32F072R8Tx,ordering_pattern,deterministic_ordering_pattern,tcl/target/stm32f0x.cfg,official_st_ordering_information_plus_estore_active_exact_identity,https://www.st.com/resource/en/datasheet/stm32f072rb.pdf,STMicroelectronics official,verified_st_ordering_information_codes_plus_current_estore_active_identity
STMicroelectronics,STM32F072R8T7,STM32F0,STM32F072,STM32F072R8,LQFP,64,64 KiB,-40 to 105 C,,,STM32F072R8Tx,ordering_pattern,deterministic_ordering_pattern,tcl/target/stm32f0x.cfg,official_st_ordering_information_plus_estore_active_exact_identity,https://www.st.com/resource/en/datasheet/stm32f072rb.pdf,STMicroelectronics official,verified_st_ordering_information_codes_plus_current_estore_active_identity
STMicroelectronics,STM32F072RBH6,STM32F0,STM32F072,STM32F072RB,UFBGA,64,128 KiB,-40 to 85 C,,,STM32F072RBHx,ordering_pattern,deterministic_ordering_pattern,tcl/target/stm32f0x.cfg,official_st_ordering_information_plus_estore_active_exact_identity,https://www.st.com/resource/en/datasheet/stm32f072rb.pdf,STMicroelectronics official,verified_st_ordering_information_codes_plus_current_estore_active_identity
STMicroelectronics,STM32F072RBH6TR,STM32F0,STM32F072,STM32F072RB,UFBGA,64,128 KiB,-40 to 85 C,TR,,STM32F072RBHx,ordering_pattern,deterministic_ordering_pattern,tcl/target/stm32f0x.cfg,official_st_ordering_information_plus_estore_active_exact_identity,https://www.st.com/resource/en/datasheet/stm32f072rb.pdf,STMicroelectronics official,verified_st_ordering_information_codes_plus_current_estore_active_identity
STMicroelectronics,STM32F072RBT6,STM32F0,STM32F072,STM32F072RB,LQFP,64,128 KiB,-40 to 85 C,,,STM32F072RBTx,ordering_pattern,deterministic_ordering_pattern,tcl/target/stm32f0x.cfg,official_st_ordering_information_plus_estore_active_exact_identity,https://www.st.com/resource/en/datasheet/stm32f072rb.pdf,STMicroelectronics official,verified_st_ordering_information_codes_plus_current_estore_active_identity
STMicroelectronics,STM32F072RBT6TR,STM32F0,STM32F072,STM32F072RB,LQFP,64,128 KiB,-40 to 85 C,TR,,STM32F072RBTx,ordering_pattern,deterministic_ordering_pattern,tcl/target/stm32f0x.cfg,official_st_ordering_information_plus_estore_active_exact_identity,https://www.st.com/resource/en/datasheet/stm32f072rb.pdf,STMicroelectronics official,verified_st_ordering_information_codes_plus_current_estore_active_identity
STMicroelectronics,STM32F072RBT7,STM32F0,STM32F072,STM32F072RB,LQFP,64,128 KiB,-40 to 105 C,,,STM32F072RBTx,ordering_pattern,deterministic_ordering_pattern,tcl/target/stm32f0x.cfg,official_st_ordering_information_plus_estore_active_exact_identity,https://www.st.com/resource/en/datasheet/stm32f072rb.pdf,STMicroelectronics official,verified_st_ordering_information_codes_plus_current_estore_active_identity
STMicroelectronics,STM32F072RBT7TR,STM32F0,STM32F072,STM32F072RB,LQFP,64,128 KiB,-40 to 105 C,TR,,STM32F072RBTx,ordering_pattern,deterministic_ordering_pattern,tcl/target/stm32f0x.cfg,official_st_ordering_information_plus_estore_active_exact_identity,https://www.st.com/resource/en/datasheet/stm32f072rb.pdf,STMicroelectronics official,verified_st_ordering_information_codes_plus_current_estore_active_identity
STMicroelectronics,STM32F072V8H6,STM32F0,STM32F072,STM32F072V8,UFBGA,100,64 KiB,-40 to 85 C,,,STM32F072V8Hx,ordering_pattern,deterministic_ordering_pattern,tcl/target/stm32f0x.cfg,official_st_ordering_information_plus_estore_active_exact_identity,https://www.st.com/resource/en/datasheet/stm32f072rb.pdf,STMicroelectronics official,verified_st_ordering_information_codes_plus_current_estore_active_identity
STMicroelectronics,STM32F072V8T6,STM32F0,STM32F072,STM32F072V8,LQFP,100,64 KiB,-40 to 85 C,,,STM32F072V8Tx,ordering_pattern,deterministic_ordering_pattern,tcl/target/stm32f0x.cfg,official_st_ordering_information_plus_estore_active_exact_identity,https://www.st.com/resource/en/datasheet/stm32f072rb.pdf,STMicroelectronics official,verified_st_ordering_information_codes_plus_current_estore_active_identity
STMicroelectronics,STM32F072VBH6,STM32F0,STM32F072,STM32F072VB,UFBGA,100,128 KiB,-40 to 85 C,,,STM32F072VBHx,ordering_pattern,deterministic_ordering_pattern,tcl/target/stm32f0x.cfg,official_st_ordering_information_plus_estore_active_exact_identity,https://www.st.com/resource/en/datasheet/stm32f072rb.pdf,STMicroelectronics official,verified_st_ordering_information_codes_plus_current_estore_active_identity
STMicroelectronics,STM32F072VBH6TR,STM32F0,STM32F072,STM32F072VB,UFBGA,100,128 KiB,-40 to 85 C,TR,,STM32F072VBHx,ordering_pattern,deterministic_ordering_pattern,tcl/target/stm32f0x.cfg,official_st_ordering_information_plus_estore_active_exact_identity,https://www.st.com/resource/en/datasheet/stm32f072rb.pdf,STMicroelectronics official,verified_st_ordering_information_codes_plus_current_estore_active_identity
STMicroelectronics,STM32F072VBH7,STM32F0,STM32F072,STM32F072VB,UFBGA,100,128 KiB,-40 to 105 C,,,STM32F072VBHx,ordering_pattern,deterministic_ordering_pattern,tcl/target/stm32f0x.cfg,official_st_ordering_information_plus_estore_active_exact_identity,https://www.st.com/resource/en/datasheet/stm32f072rb.pdf,STMicroelectronics official,verified_st_ordering_information_codes_plus_current_estore_active_identity
STMicroelectronics,STM32F072VBT6,STM32F0,STM32F072,STM32F072VB,LQFP,100,128 KiB,-40 to 85 C,,,STM32F072VBTx,ordering_pattern,deterministic_ordering_pattern,tcl/target/stm32f0x.cfg,official_st_ordering_information_plus_estore_active_exact_identity,https://www.st.com/resource/en/datasheet/stm32f072rb.pdf,STMicroelectronics official,verified_st_ordering_information_codes_plus_current_estore_active_identity
STMicroelectronics,STM32F072VBT6TR,STM32F0,STM32F072,STM32F072VB,LQFP,100,128 KiB,-40 to 85 C,TR,,STM32F072VBTx,ordering_pattern,deterministic_ordering_pattern,tcl/target/stm32f0x.cfg,official_st_ordering_information_plus_estore_active_exact_identity,https://www.st.com/resource/en/datasheet/stm32f072rb.pdf,STMicroelectronics official,verified_st_ordering_information_codes_plus_current_estore_active_identity
STMicroelectronics,STM32F078CBT6,STM32F0,STM32F078,STM32F078CB,LQFP,48,128 KiB,-40 to 85 C,,,STM32F078CBTx,ordering_pattern,deterministic_ordering_pattern,tcl/target/stm32f0x.cfg,official_st_product_page_retained_browser_dual_surface_evidence,https://www.st.com/en/microcontrollers-microprocessors/stm32f078cb.html#plasma-evidence=stm32f0-phase4.5b-official-st-discovery-2026-09-09-retained-20260909T055900Z-1fcdf869,STMicroelectronics official,verified_direct_st_retained_browser_exact_icpn
STMicroelectronics,STM32F078CBU6,STM32F0,STM32F078,STM32F078CB,UFQFPN,48,128 KiB,-40 to 85 C,,,STM32F078CBUx,ordering_pattern,deterministic_ordering_pattern,tcl/target/stm32f0x.cfg,official_st_product_page_retained_browser_dual_surface_evidence,https://www.st.com/en/microcontrollers-microprocessors/stm32f078cb.html#plasma-evidence=stm32f0-phase4.5b-official-st-discovery-2026-09-09-retained-20260909T055900Z-1fcdf869,STMicroelectronics official,verified_direct_st_retained_browser_exact_icpn
STMicroelectronics,STM32F078CBU6TR,STM32F0,STM32F078,STM32F078CB,UFQFPN,48,128 KiB,-40 to 85 C,TR,,STM32F078CBUx,ordering_pattern,deterministic_ordering_pattern,tcl/target/stm32f0x.cfg,official_st_product_page_retained_browser_dual_surface_evidence,https://www.st.com/en/microcontrollers-microprocessors/stm32f078cb.html#plasma-evidence=stm32f0-phase4.5b-official-st-discovery-2026-09-09-retained-20260909T055900Z-1fcdf869,STMicroelectronics official,verified_direct_st_retained_browser_exact_icpn
STMicroelectronics,STM32F078CBY6TR,STM32F0,STM32F078,STM32F078CB,WLCSP,49,128 KiB,-40 to 85 C,TR,,STM32F078CBYx,ordering_pattern,deterministic_ordering_pattern,tcl/target/stm32f0x.cfg,official_st_product_page_retained_browser_dual_surface_evidence,https://www.st.com/en/microcontrollers-microprocessors/stm32f078cb.html#plasma-evidence=stm32f0-phase4.5b-official-st-discovery-2026-09-09-retained-20260909T055900Z-1fcdf869,STMicroelectronics official,verified_direct_st_retained_browser_exact_icpn
STMicroelectronics,STM32F078RBH6TR,STM32F0,STM32F078,STM32F078RB,UFBGA,64,128 KiB,-40 to 85 C,TR,,STM32F078RBHx,ordering_pattern,deterministic_ordering_pattern,tcl/target/stm32f0x.cfg,official_st_ordering_information_plus_estore_active_exact_identity,https://www.st.com/resource/en/datasheet/stm32f078cb.pdf,STMicroelectronics official,verified_st_ordering_information_codes_plus_current_estore_active_identity
STMicroelectronics,STM32F078RBH7TR,STM32F0,STM32F078,STM32F078RB,UFBGA,64,128 KiB,-40 to 105 C,TR,,STM32F078RBHx,ordering_pattern,deterministic_ordering_pattern,tcl/target/stm32f0x.cfg,official_st_ordering_information_plus_estore_active_exact_identity,https://www.st.com/resource/en/datasheet/stm32f078cb.pdf,STMicroelectronics official,verified_st_ordering_information_codes_plus_current_estore_active_identity
STMicroelectronics,STM32F078RBT6,STM32F0,STM32F078,STM32F078RB,LQFP,64,128 KiB,-40 to 85 C,,,STM32F078RBTx,ordering_pattern,deterministic_ordering_pattern,tcl/target/stm32f0x.cfg,official_st_ordering_information_plus_estore_active_exact_identity,https://www.st.com/resource/en/datasheet/stm32f078cb.pdf,STMicroelectronics official,verified_st_ordering_information_codes_plus_current_estore_active_identity
STMicroelectronics,STM32F078VBH6,STM32F0,STM32F078,STM32F078VB,UFBGA,100,128 KiB,-40 to 85 C,,,STM32F078VBHx,ordering_pattern,deterministic_ordering_pattern,tcl/target/stm32f0x.cfg,official_st_ordering_information_plus_estore_active_exact_identity,https://www.st.com/resource/en/datasheet/stm32f078cb.pdf,STMicroelectronics official,verified_st_ordering_information_codes_plus_current_estore_active_identity
STMicroelectronics,STM32F078VBH6TR,STM32F0,STM32F078,STM32F078VB,UFBGA,100,128 KiB,-40 to 85 C,TR,,STM32F078VBHx,ordering_pattern,deterministic_ordering_pattern,tcl/target/stm32f0x.cfg,official_st_ordering_information_plus_estore_active_exact_identity,https://www.st.com/resource/en/datasheet/stm32f078cb.pdf,STMicroelectronics official,verified_st_ordering_information_codes_plus_current_estore_active_identity
STMicroelectronics,STM32F078VBT6,STM32F0,STM32F078,STM32F078VB,LQFP,100,128 KiB,-40 to 85 C,,,STM32F078VBTx,ordering_pattern,deterministic_ordering_pattern,tcl/target/stm32f0x.cfg,official_st_ordering_information_plus_estore_active_exact_identity,https://www.st.com/resource/en/datasheet/stm32f078cb.pdf,STMicroelectronics official,verified_st_ordering_information_codes_plus_current_estore_active_identity
STMicroelectronics,STM32F091CBT6,STM32F0,STM32F091,STM32F091CB,LQFP,48,128 KiB,-40 to 85 C,,,STM32F091CBTx,ordering_pattern,deterministic_ordering_pattern,tcl/target/stm32f0x.cfg,official_st_product_page_retained_browser_dual_surface_evidence,https://www.st.com/en/microcontrollers-microprocessors/stm32f091cb.html#plasma-evidence=stm32f0-phase4.5b-official-st-discovery-2026-09-09-retained-20260909T055900Z-1fcdf869,STMicroelectronics official,verified_direct_st_retained_browser_exact_icpn
STMicroelectronics,STM32F091CBT6TR,STM32F0,STM32F091,STM32F091CB,LQFP,48,128 KiB,-40 to 85 C,TR,,STM32F091CBTx,ordering_pattern,deterministic_ordering_pattern,tcl/target/stm32f0x.cfg,official_st_product_page_retained_browser_dual_surface_evidence,https://www.st.com/en/microcontrollers-microprocessors/stm32f091cb.html#plasma-evidence=stm32f0-phase4.5b-official-st-discovery-2026-09-09-retained-20260909T055900Z-1fcdf869,STMicroelectronics official,verified_direct_st_retained_browser_exact_icpn
STMicroelectronics,STM32F091CBT7,STM32F0,STM32F091,STM32F091CB,LQFP,48,128 KiB,-40 to 105 C,,,STM32F091CBTx,ordering_pattern,deterministic_ordering_pattern,tcl/target/stm32f0x.cfg,official_st_product_page_retained_browser_dual_surface_evidence,https://www.st.com/en/microcontrollers-microprocessors/stm32f091cb.html#plasma-evidence=stm32f0-phase4.5b-official-st-discovery-2026-09-09-retained-20260909T055900Z-1fcdf869,STMicroelectronics official,verified_direct_st_retained_browser_exact_icpn
STMicroelectronics,STM32F091CBT7TR,STM32F0,STM32F091,STM32F091CB,LQFP,48,128 KiB,-40 to 105 C,TR,,STM32F091CBTx,ordering_pattern,deterministic_ordering_pattern,tcl/target/stm32f0x.cfg,official_st_product_page_retained_browser_dual_surface_evidence,https://www.st.com/en/microcontrollers-microprocessors/stm32f091cb.html#plasma-evidence=stm32f0-phase4.5b-official-st-discovery-2026-09-09-retained-20260909T055900Z-1fcdf869,STMicroelectronics official,verified_direct_st_retained_browser_exact_icpn
STMicroelectronics,STM32F091CBU6,STM32F0,STM32F091,STM32F091CB,UFQFPN,48,128 KiB,-40 to 85 C,,,STM32F091CBUx,ordering_pattern,deterministic_ordering_pattern,tcl/target/stm32f0x.cfg,official_st_product_page_retained_browser_dual_surface_evidence,https://www.st.com/en/microcontrollers-microprocessors/stm32f091cb.html#plasma-evidence=stm32f0-phase4.5b-official-st-discovery-2026-09-09-retained-20260909T055900Z-1fcdf869,STMicroelectronics official,verified_direct_st_retained_browser_exact_icpn
STMicroelectronics,STM32F091CBU6TR,STM32F0,STM32F091,STM32F091CB,UFQFPN,48,128 KiB,-40 to 85 C,TR,,STM32F091CBUx,ordering_pattern,deterministic_ordering_pattern,tcl/target/stm32f0x.cfg,official_st_product_page_retained_browser_dual_surface_evidence,https://www.st.com/en/microcontrollers-microprocessors/stm32f091cb.html#plasma-evidence=stm32f0-phase4.5b-official-st-discovery-2026-09-09-retained-20260909T055900Z-1fcdf869,STMicroelectronics official,verified_direct_st_retained_browser_exact_icpn
STMicroelectronics,STM32F091CCT6,STM32F0,STM32F091,STM32F091CC,LQFP,48,256 KiB,-40 to 85 C,,,STM32F091CCTx,ordering_pattern,deterministic_ordering_pattern,tcl/target/stm32f0x.cfg,official_st_ordering_information_plus_estore_active_exact_identity,https://www.st.com/resource/en/datasheet/stm32f091vc.pdf,STMicroelectronics official,verified_st_ordering_information_codes_plus_current_estore_active_identity
STMicroelectronics,STM32F091CCT6TR,STM32F0,STM32F091,STM32F091CC,LQFP,48,256 KiB,-40 to 85 C,TR,,STM32F091CCTx,ordering_pattern,deterministic_ordering_pattern,tcl/target/stm32f0x.cfg,official_st_ordering_information_plus_estore_active_exact_identity,https://www.st.com/resource/en/datasheet/stm32f091vc.pdf,STMicroelectronics official,verified_st_ordering_information_codes_plus_current_estore_active_identity
STMicroelectronics,STM32F091CCT7,STM32F0,STM32F091,STM32F091CC,LQFP,48,256 KiB,-40 to 105 C,,,STM32F091CCTx,ordering_pattern,deterministic_ordering_pattern,tcl/target/stm32f0x.cfg,official_st_ordering_information_plus_estore_active_exact_identity,https://www.st.com/resource/en/datasheet/stm32f091vc.pdf,STMicroelectronics official,verified_st_ordering_information_codes_plus_current_estore_active_identity
STMicroelectronics,STM32F091CCT7TR,STM32F0,STM32F091,STM32F091CC,LQFP,48,256 KiB,-40 to 105 C,TR,,STM32F091CCTx,ordering_pattern,deterministic_ordering_pattern,tcl/target/stm32f0x.cfg,official_st_ordering_information_plus_estore_active_exact_identity,https://www.st.com/resource/en/datasheet/stm32f091vc.pdf,STMicroelectronics official,verified_st_ordering_information_codes_plus_current_estore_active_identity
STMicroelectronics,STM32F091CCU6,STM32F0,STM32F091,STM32F091CC,UFQFPN,48,256 KiB,-40 to 85 C,,,STM32F091CCUx,ordering_pattern,deterministic_ordering_pattern,tcl/target/stm32f0x.cfg,official_st_ordering_information_plus_estore_active_exact_identity,https://www.st.com/resource/en/datasheet/stm32f091vc.pdf,STMicroelectronics official,verified_st_ordering_information_codes_plus_current_estore_active_identity
STMicroelectronics,STM32F091CCU6TR,STM32F0,STM32F091,STM32F091CC,UFQFPN,48,256 KiB,-40 to 85 C,TR,,STM32F091CCUx,ordering_pattern,deterministic_ordering_pattern,tcl/target/stm32f0x.cfg,official_st_ordering_information_plus_estore_active_exact_identity,https://www.st.com/resource/en/datasheet/stm32f091vc.pdf,STMicroelectronics official,verified_st_ordering_information_codes_plus_current_estore_active_identity
STMicroelectronics,STM32F091CCU7,STM32F0,STM32F091,STM32F091CC,UFQFPN,48,256 KiB,-40 to 105 C,,,STM32F091CCUx,ordering_pattern,deterministic_ordering_pattern,tcl/target/stm32f0x.cfg,official_st_ordering_information_plus_estore_active_exact_identity,https://www.st.com/resource/en/datasheet/stm32f091vc.pdf,STMicroelectronics official,verified_st_ordering_information_codes_plus_current_estore_active_identity
STMicroelectronics,STM32F091CCU7TR,STM32F0,STM32F091,STM32F091CC,UFQFPN,48,256 KiB,-40 to 105 C,TR,,STM32F091CCUx,ordering_pattern,deterministic_ordering_pattern,tcl/target/stm32f0x.cfg,official_st_ordering_information_plus_estore_active_exact_identity,https://www.st.com/resource/en/datasheet/stm32f091vc.pdf,STMicroelectronics official,verified_st_ordering_information_codes_plus_current_estore_active_identity
STMicroelectronics,STM32F091RBT6,STM32F0,STM32F091,STM32F091RB,LQFP,64,128 KiB,-40 to 85 C,,,STM32F091RBTx,ordering_pattern,deterministic_ordering_pattern,tcl/target/stm32f0x.cfg,official_st_ordering_information_plus_estore_active_exact_identity,https://www.st.com/resource/en/datasheet/stm32f091vc.pdf,STMicroelectronics official,verified_st_ordering_information_codes_plus_current_estore_active_identity
STMicroelectronics,STM32F091RBT6TR,STM32F0,STM32F091,STM32F091RB,LQFP,64,128 KiB,-40 to 85 C,TR,,STM32F091RBTx,ordering_pattern,deterministic_ordering_pattern,tcl/target/stm32f0x.cfg,official_st_ordering_information_plus_estore_active_exact_identity,https://www.st.com/resource/en/datasheet/stm32f091vc.pdf,STMicroelectronics official,verified_st_ordering_information_codes_plus_current_estore_active_identity
STMicroelectronics,STM32F091RCH6,STM32F0,STM32F091,STM32F091RC,UFBGA,64,256 KiB,-40 to 85 C,,,STM32F091RCHx,ordering_pattern,deterministic_ordering_pattern,tcl/target/stm32f0x.cfg,official_st_ordering_information_plus_estore_active_exact_identity,https://www.st.com/resource/en/datasheet/stm32f091vc.pdf,STMicroelectronics official,verified_st_ordering_information_codes_plus_current_estore_active_identity
STMicroelectronics,STM32F091RCH6TR,STM32F0,STM32F091,STM32F091RC,UFBGA,64,256 KiB,-40 to 85 C,TR,,STM32F091RCHx,ordering_pattern,deterministic_ordering_pattern,tcl/target/stm32f0x.cfg,official_st_ordering_information_plus_estore_active_exact_identity,https://www.st.com/resource/en/datasheet/stm32f091vc.pdf,STMicroelectronics official,verified_st_ordering_information_codes_plus_current_estore_active_identity
STMicroelectronics,STM32F091RCH7,STM32F0,STM32F091,STM32F091RC,UFBGA,64,256 KiB,-40 to 105 C,,,STM32F091RCHx,ordering_pattern,deterministic_ordering_pattern,tcl/target/stm32f0x.cfg,official_st_ordering_information_plus_estore_active_exact_identity,https://www.st.com/resource/en/datasheet/stm32f091vc.pdf,STMicroelectronics official,verified_st_ordering_information_codes_plus_current_estore_active_identity
STMicroelectronics,STM32F091RCT6,STM32F0,STM32F091,STM32F091RC,LQFP,64,256 KiB,-40 to 85 C,,,STM32F091RCTx,ordering_pattern,deterministic_ordering_pattern,tcl/target/stm32f0x.cfg,official_st_ordering_information_plus_estore_active_exact_identity,https://www.st.com/resource/en/datasheet/stm32f091vc.pdf,STMicroelectronics official,verified_st_ordering_information_codes_plus_current_estore_active_identity
STMicroelectronics,STM32F091RCT6TR,STM32F0,STM32F091,STM32F091RC,LQFP,64,256 KiB,-40 to 85 C,TR,,STM32F091RCTx,ordering_pattern,deterministic_ordering_pattern,tcl/target/stm32f0x.cfg,official_st_ordering_information_plus_estore_active_exact_identity,https://www.st.com/resource/en/datasheet/stm32f091vc.pdf,STMicroelectronics official,verified_st_ordering_information_codes_plus_current_estore_active_identity
STMicroelectronics,STM32F091RCT7,STM32F0,STM32F091,STM32F091RC,LQFP,64,256 KiB,-40 to 105 C,,,STM32F091RCTx,ordering_pattern,deterministic_ordering_pattern,tcl/target/stm32f0x.cfg,official_st_ordering_information_plus_estore_active_exact_identity,https://www.st.com/resource/en/datasheet/stm32f091vc.pdf,STMicroelectronics official,verified_st_ordering_information_codes_plus_current_estore_active_identity
STMicroelectronics,STM32F091RCY6TR,STM32F0,STM32F091,STM32F091RC,WLCSP,64,256 KiB,-40 to 85 C,TR,,STM32F091RCYx,ordering_pattern,deterministic_ordering_pattern,tcl/target/stm32f0x.cfg,official_st_ordering_information_plus_estore_active_exact_identity,https://www.st.com/resource/en/datasheet/stm32f091vc.pdf,STMicroelectronics official,verified_st_ordering_information_codes_plus_current_estore_active_identity
STMicroelectronics,STM32F091RCY7TR,STM32F0,STM32F091,STM32F091RC,WLCSP,64,256 KiB,-40 to 105 C,TR,,STM32F091RCYx,ordering_pattern,deterministic_ordering_pattern,tcl/target/stm32f0x.cfg,official_st_ordering_information_plus_estore_active_exact_identity,https://www.st.com/resource/en/datasheet/stm32f091vc.pdf,STMicroelectronics official,verified_st_ordering_information_codes_plus_current_estore_active_identity
STMicroelectronics,STM32F091VBT6,STM32F0,STM32F091,STM32F091VB,LQFP,100,128 KiB,-40 to 85 C,,,STM32F091VBTx,ordering_pattern,deterministic_ordering_pattern,tcl/target/stm32f0x.cfg,official_st_ordering_information_plus_estore_active_exact_identity,https://www.st.com/resource/en/datasheet/stm32f091vc.pdf,STMicroelectronics official,verified_st_ordering_information_codes_plus_current_estore_active_identity
STMicroelectronics,STM32F091VBT7,STM32F0,STM32F091,STM32F091VB,LQFP,100,128 KiB,-40 to 105 C,,,STM32F091VBTx,ordering_pattern,deterministic_ordering_pattern,tcl/target/stm32f0x.cfg,official_st_ordering_information_plus_estore_active_exact_identity,https://www.st.com/resource/en/datasheet/stm32f091vc.pdf,STMicroelectronics official,verified_st_ordering_information_codes_plus_current_estore_active_identity
STMicroelectronics,STM32F091VCH6,STM32F0,STM32F091,STM32F091VC,UFBGA,100,256 KiB,-40 to 85 C,,,STM32F091VCHx,ordering_pattern,deterministic_ordering_pattern,tcl/target/stm32f0x.cfg,official_st_ordering_information_plus_estore_active_exact_identity,https://www.st.com/resource/en/datasheet/stm32f091vc.pdf,STMicroelectronics official,verified_st_ordering_information_codes_plus_current_estore_active_identity
STMicroelectronics,STM32F091VCH7,STM32F0,STM32F091,STM32F091VC,UFBGA,100,256 KiB,-40 to 105 C,,,STM32F091VCHx,ordering_pattern,deterministic_ordering_pattern,tcl/target/stm32f0x.cfg,official_st_ordering_information_plus_estore_active_exact_identity,https://www.st.com/resource/en/datasheet/stm32f091vc.pdf,STMicroelectronics official,verified_st_ordering_information_codes_plus_current_estore_active_identity
STMicroelectronics,STM32F091VCT6,STM32F0,STM32F091,STM32F091VC,LQFP,100,256 KiB,-40 to 85 C,,,STM32F091VCTx,ordering_pattern,deterministic_ordering_pattern,tcl/target/stm32f0x.cfg,official_st_ordering_information_plus_estore_active_exact_identity,https://www.st.com/resource/en/datasheet/stm32f091vc.pdf,STMicroelectronics official,verified_st_ordering_information_codes_plus_current_estore_active_identity
STMicroelectronics,STM32F091VCT6TR,STM32F0,STM32F091,STM32F091VC,LQFP,100,256 KiB,-40 to 85 C,TR,,STM32F091VCTx,ordering_pattern,deterministic_ordering_pattern,tcl/target/stm32f0x.cfg,official_st_ordering_information_plus_estore_active_exact_identity,https://www.st.com/resource/en/datasheet/stm32f091vc.pdf,STMicroelectronics official,verified_st_ordering_information_codes_plus_current_estore_active_identity
STMicroelectronics,STM32F091VCT7,STM32F0,STM32F091,STM32F091VC,LQFP,100,256 KiB,-40 to 105 C,,,STM32F091VCTx,ordering_pattern,deterministic_ordering_pattern,tcl/target/stm32f0x.cfg,official_st_ordering_information_plus_estore_active_exact_identity,https://www.st.com/resource/en/datasheet/stm32f091vc.pdf,STMicroelectronics official,verified_st_ordering_information_codes_plus_current_estore_active_identity
STMicroelectronics,STM32F091VCT7TR,STM32F0,STM32F091,STM32F091VC,LQFP,100,256 KiB,-40 to 105 C,TR,,STM32F091VCTx,ordering_pattern,deterministic_ordering_pattern,tcl/target/stm32f0x.cfg,official_st_ordering_information_plus_estore_active_exact_identity,https://www.st.com/resource/en/datasheet/stm32f091vc.pdf,STMicroelectronics official,verified_st_ordering_information_codes_plus_current_estore_active_identity
STMicroelectronics,STM32F098CCT6,STM32F0,STM32F098,STM32F098CC,LQFP,48,256 KiB,-40 to 85 C,,,STM32F098CCTx,ordering_pattern,deterministic_ordering_pattern,tcl/target/stm32f0x.cfg,official_st_product_page_retained_browser_dual_surface_evidence,https://www.st.com/en/microcontrollers-microprocessors/stm32f098cc.html#plasma-evidence=stm32f0-phase4.5b-official-st-discovery-2026-09-09-retained-20260909T055900Z-1fcdf869,STMicroelectronics official,verified_direct_st_retained_browser_exact_icpn
STMicroelectronics,STM32F098CCT7,STM32F0,STM32F098,STM32F098CC,LQFP,48,256 KiB,-40 to 105 C,,,STM32F098CCTx,ordering_pattern,deterministic_ordering_pattern,tcl/target/stm32f0x.cfg,official_st_product_page_retained_browser_dual_surface_evidence,https://www.st.com/en/microcontrollers-microprocessors/stm32f098cc.html#plasma-evidence=stm32f0-phase4.5b-official-st-discovery-2026-09-09-retained-20260909T055900Z-1fcdf869,STMicroelectronics official,verified_direct_st_retained_browser_exact_icpn
STMicroelectronics,STM32F098CCU6,STM32F0,STM32F098,STM32F098CC,UFQFPN,48,256 KiB,-40 to 85 C,,,STM32F098CCUx,ordering_pattern,deterministic_ordering_pattern,tcl/target/stm32f0x.cfg,official_st_product_page_retained_browser_dual_surface_evidence,https://www.st.com/en/microcontrollers-microprocessors/stm32f098cc.html#plasma-evidence=stm32f0-phase4.5b-official-st-discovery-2026-09-09-retained-20260909T055900Z-1fcdf869,STMicroelectronics official,verified_direct_st_retained_browser_exact_icpn
STMicroelectronics,STM32F098CCU6TR,STM32F0,STM32F098,STM32F098CC,UFQFPN,48,256 KiB,-40 to 85 C,TR,,STM32F098CCUx,ordering_pattern,deterministic_ordering_pattern,tcl/target/stm32f0x.cfg,official_st_product_page_retained_browser_dual_surface_evidence,https://www.st.com/en/microcontrollers-microprocessors/stm32f098cc.html#plasma-evidence=stm32f0-phase4.5b-official-st-discovery-2026-09-09-retained-20260909T055900Z-1fcdf869,STMicroelectronics official,verified_direct_st_retained_browser_exact_icpn
STMicroelectronics,STM32F098RCH6,STM32F0,STM32F098,STM32F098RC,UFBGA,64,256 KiB,-40 to 85 C,,,STM32F098RCHx,ordering_pattern,deterministic_ordering_pattern,tcl/target/stm32f0x.cfg,official_st_ordering_information_plus_estore_active_exact_identity,https://www.st.com/resource/en/datasheet/stm32f098cc.pdf,STMicroelectronics official,verified_st_ordering_information_codes_plus_current_estore_active_identity
STMicroelectronics,STM32F098RCT6,STM32F0,STM32F098,STM32F098RC,LQFP,64,256 KiB,-40 to 85 C,,,STM32F098RCTx,ordering_pattern,deterministic_ordering_pattern,tcl/target/stm32f0x.cfg,official_st_ordering_information_plus_estore_active_exact_identity,https://www.st.com/resource/en/datasheet/stm32f098cc.pdf,STMicroelectronics official,verified_st_ordering_information_codes_plus_current_estore_active_identity
STMicroelectronics,STM32F098RCY6TR,STM32F0,STM32F098,STM32F098RC,WLCSP,64,256 KiB,-40 to 85 C,TR,,STM32F098RCYx,ordering_pattern,deterministic_ordering_pattern,tcl/target/stm32f0x.cfg,official_st_ordering_information_plus_estore_active_exact_identity,https://www.st.com/resource/en/datasheet/stm32f098cc.pdf,STMicroelectronics official,verified_st_ordering_information_codes_plus_current_estore_active_identity
STMicroelectronics,STM32F098VCH6,STM32F0,STM32F098,STM32F098VC,UFBGA,100,256 KiB,-40 to 85 C,,,STM32F098VCHx,ordering_pattern,deterministic_ordering_pattern,tcl/target/stm32f0x.cfg,official_st_ordering_information_plus_estore_active_exact_identity,https://www.st.com/resource/en/datasheet/stm32f098cc.pdf,STMicroelectronics official,verified_st_ordering_information_codes_plus_current_estore_active_identity
STMicroelectronics,STM32F098VCH6TR,STM32F0,STM32F098,STM32F098VC,UFBGA,100,256 KiB,-40 to 85 C,TR,,STM32F098VCHx,ordering_pattern,deterministic_ordering_pattern,tcl/target/stm32f0x.cfg,official_st_ordering_information_plus_estore_active_exact_identity,https://www.st.com/resource/en/datasheet/stm32f098cc.pdf,STMicroelectronics official,verified_st_ordering_information_codes_plus_current_estore_active_identity
STMicroelectronics,STM32F098VCT6,STM32F0,STM32F098,STM32F098VC,LQFP,100,256 KiB,-40 to 85 C,,,STM32F098VCTx,ordering_pattern,deterministic_ordering_pattern,tcl/target/stm32f0x.cfg,official_st_ordering_information_plus_estore_active_exact_identity,https://www.st.com/resource/en/datasheet/stm32f098cc.pdf,STMicroelectronics official,verified_st_ordering_information_codes_plus_current_estore_active_identity
