manufacturer,icpn,family,series,base_device,package,pin_count,flash_size,temperature_grade,option_suffix,cmsis_device_name,existing_identifier,existing_identifier_kind,mapping_status,openocd_target_config,source_type,source_reference,source_authority,verification_status
STMicroelectronics,STM32L010C6T6,STM32L0,STM32L010,STM32L010C6,LQFP,48,32 KiB,-40..85 C,,,STM32L010C6Tx,ordering_pattern,deterministic_ordering_pattern,tcl/target/stm32l0.cfg,manufacturer_ordering_information,https://www.st.com/resource/en/datasheet/stm32l010c6.pdf,STMicroelectronics official,verified_st_datasheet_ordering_information_plus_retained_exact_identity
STMicroelectronics,STM32L010C6T6TR,STM32L0,STM32L010,STM32L010C6,LQFP,48,32 KiB,-40..85 C,TR,,STM32L010C6Tx,ordering_pattern,deterministic_ordering_pattern,tcl/target/stm32l0.cfg,manufacturer_ordering_information,https://www.st.com/resource/en/datasheet/stm32l010c6.pdf,STMicroelectronics official,verified_st_datasheet_ordering_information_plus_retained_exact_identity
STMicroelectronics,STM32L010F4P6,STM32L0,STM32L010,STM32L010F4,TSSOP,20,16 KiB,-40..85 C,,,STM32L010F4Px,ordering_pattern,deterministic_ordering_pattern,tcl/target/stm32l0.cfg,manufacturer_ordering_information,https://www.st.com/resource/en/datasheet/stm32l010f4.pdf,STMicroelectronics official,verified_st_datasheet_ordering_information_plus_retained_exact_identity
STMicroelectronics,STM32L010F4P6TR,STM32L0,STM32L010,STM32L010F4,TSSOP,20,16 KiB,-40..85 C,TR,,STM32L010F4Px,ordering_pattern,deterministic_ordering_pattern,tcl/target/stm32l0.cfg,manufacturer_ordering_information,https://www.st.com/resource/en/datasheet/stm32l010f4.pdf,STMicroelectronics official,verified_st_datasheet_ordering_information_plus_retained_exact_identity
STMicroelectronics,STM32L010K4T6,STM32L0,STM32L010,STM32L010K4,LQFP,32,16 KiB,-40..85 C,,,STM32L010K4Tx,ordering_pattern,deterministic_ordering_pattern,tcl/target/stm32l0.cfg,manufacturer_ordering_information,https://www.st.com/resource/en/datasheet/stm32l010f4.pdf,STMicroelectronics official,verified_st_datasheet_ordering_information_plus_retained_exact_identity
STMicroelectronics,STM32L010K4T6TR,STM32L0,STM32L010,STM32L010K4,LQFP,32,16 KiB,-40..85 C,TR,,STM32L010K4Tx,ordering_pattern,deterministic_ordering_pattern,tcl/target/stm32l0.cfg,manufacturer_ordering_information,https://www.st.com/resource/en/datasheet/stm32l010f4.pdf,STMicroelectronics official,verified_st_datasheet_ordering_information_plus_retained_exact_identity
STMicroelectronics,STM32L010K8T6,STM32L0,STM32L010,STM32L010K8,LQFP,32,64 KiB,-40..85 C,,,STM32L010K8Tx,ordering_pattern,deterministic_ordering_pattern,tcl/target/stm32l0.cfg,manufacturer_ordering_information,https://www.st.com/resource/en/datasheet/stm32l010k8.pdf,STMicroelectronics official,verified_st_datasheet_ordering_information_plus_retained_exact_identity
STMicroelectronics,STM32L010K8T6TR,STM32L0,STM32L010,STM32L010K8,LQFP,32,64 KiB,-40..85 C,TR,,STM32L010K8Tx,ordering_pattern,deterministic_ordering_pattern,tcl/target/stm32l0.cfg,manufacturer_ordering_information,https://www.st.com/resource/en/datasheet/stm32l010k8.pdf,STMicroelectronics official,verified_st_datasheet_ordering_information_plus_retained_exact_identity
STMicroelectronics,STM32L010R8T6,STM32L0,STM32L010,STM32L010R8,LQFP,64,64 KiB,-40..85 C,,,STM32L010R8Tx,ordering_pattern,deterministic_ordering_pattern,tcl/target/stm32l0.cfg,manufacturer_ordering_information,https://www.st.com/resource/en/datasheet/stm32l010k8.pdf,STMicroelectronics official,verified_st_datasheet_ordering_information_plus_retained_exact_identity
STMicroelectronics,STM32L010R8T6TR,STM32L0,STM32L010,STM32L010R8,LQFP,64,64 KiB,-40..85 C,TR,,STM32L010R8Tx,ordering_pattern,deterministic_ordering_pattern,tcl/target/stm32l0.cfg,manufacturer_ordering_information,https://www.st.com/resource/en/datasheet/stm32l010k8.pdf,STMicroelectronics official,verified_st_datasheet_ordering_information_plus_retained_exact_identity
STMicroelectronics,STM32L010RBT6,STM32L0,STM32L010,STM32L010RB,LQFP,64,128 KiB,-40..85 C,,,STM32L010RBTx,ordering_pattern,deterministic_ordering_pattern,tcl/target/stm32l0.cfg,manufacturer_ordering_information,https://www.st.com/resource/en/datasheet/stm32l010rb.pdf,STMicroelectronics official,verified_st_datasheet_ordering_information_plus_retained_exact_identity
STMicroelectronics,STM32L010RBT6TR,STM32L0,STM32L010,STM32L010RB,LQFP,64,128 KiB,-40..85 C,TR,,STM32L010RBTx,ordering_pattern,deterministic_ordering_pattern,tcl/target/stm32l0.cfg,manufacturer_ordering_information,https://www.st.com/resource/en/datasheet/stm32l010rb.pdf,STMicroelectronics official,verified_st_datasheet_ordering_information_plus_retained_exact_identity
STMicroelectronics,STM32L011D3P6,STM32L0,STM32L011,STM32L011D3,TSSOP,14,8 KiB,-40..85 C,,,STM32L011D3Px,ordering_pattern,deterministic_ordering_pattern,tcl/target/stm32l0.cfg,manufacturer_ordering_information,https://www.st.com/resource/en/datasheet/stm32l011d3.pdf,STMicroelectronics official,verified_st_datasheet_ordering_information_plus_retained_exact_identity
STMicroelectronics,STM32L011D3P6TR,STM32L0,STM32L011,STM32L011D3,TSSOP,14,8 KiB,-40..85 C,TR,,STM32L011D3Px,ordering_pattern,deterministic_ordering_pattern,tcl/target/stm32l0.cfg,manufacturer_ordering_information,https://www.st.com/resource/en/datasheet/stm32l011d3.pdf,STMicroelectronics official,verified_st_datasheet_ordering_information_plus_retained_exact_identity
STMicroelectronics,STM32L011D4P6,STM32L0,STM32L011,STM32L011D4,TSSOP,14,16 KiB,-40..85 C,,,STM32L011D4Px,ordering_pattern,deterministic_ordering_pattern,tcl/target/stm32l0.cfg,manufacturer_ordering_information,https://www.st.com/resource/en/datasheet/stm32l011d3.pdf,STMicroelectronics official,verified_st_datasheet_ordering_information_plus_retained_exact_identity
STMicroelectronics,STM32L011D4P6TR,STM32L0,STM32L011,STM32L011D4,TSSOP,14,16 KiB,-40..85 C,TR,,STM32L011D4Px,ordering_pattern,deterministic_ordering_pattern,tcl/target/stm32l0.cfg,manufacturer_ordering_information,https://www.st.com/resource/en/datasheet/stm32l011d3.pdf,STMicroelectronics official,verified_st_datasheet_ordering_information_plus_retained_exact_identity
STMicroelectronics,STM32L011D4P7,STM32L0,STM32L011,STM32L011D4,TSSOP,14,16 KiB,-40..105 C,,,STM32L011D4Px,ordering_pattern,deterministic_ordering_pattern,tcl/target/stm32l0.cfg,manufacturer_ordering_information,https://www.st.com/resource/en/datasheet/stm32l011d3.pdf,STMicroelectronics official,verified_st_datasheet_ordering_information_plus_retained_exact_identity
STMicroelectronics,STM32L011E3Y6TR,STM32L0,STM32L011,STM32L011E3,WLCSP,25,8 KiB,-40..85 C,TR,,STM32L011E3Yx,ordering_pattern,deterministic_ordering_pattern,tcl/target/stm32l0.cfg,manufacturer_ordering_information,https://www.st.com/resource/en/datasheet/stm32l011d3.pdf,STMicroelectronics official,verified_st_datasheet_ordering_information_plus_retained_exact_identity
STMicroelectronics,STM32L011E4Y6TR,STM32L0,STM32L011,STM32L011E4,WLCSP,25,16 KiB,-40..85 C,TR,,STM32L011E4Yx,ordering_pattern,deterministic_ordering_pattern,tcl/target/stm32l0.cfg,manufacturer_ordering_information,https://www.st.com/resource/en/datasheet/stm32l011d3.pdf,STMicroelectronics official,verified_st_datasheet_ordering_information_plus_retained_exact_identity
STMicroelectronics,STM32L011F3P6,STM32L0,STM32L011,STM32L011F3,TSSOP,20,8 KiB,-40..85 C,,,STM32L011F3Px,ordering_pattern,deterministic_ordering_pattern,tcl/target/stm32l0.cfg,manufacturer_ordering_information,https://www.st.com/resource/en/datasheet/stm32l011d3.pdf,STMicroelectronics official,verified_st_datasheet_ordering_information_plus_retained_exact_identity
STMicroelectronics,STM32L011F3P6TR,STM32L0,STM32L011,STM32L011F3,TSSOP,20,8 KiB,-40..85 C,TR,,STM32L011F3Px,ordering_pattern,deterministic_ordering_pattern,tcl/target/stm32l0.cfg,manufacturer_ordering_information,https://www.st.com/resource/en/datasheet/stm32l011d3.pdf,STMicroelectronics official,verified_st_datasheet_ordering_information_plus_retained_exact_identity
STMicroelectronics,STM32L011F3U3TR,STM32L0,STM32L011,STM32L011F3,UFQFPN,20,8 KiB,-40..125 C,TR,,STM32L011F3Ux,ordering_pattern,deterministic_ordering_pattern,tcl/target/stm32l0.cfg,manufacturer_ordering_information,https://www.st.com/resource/en/datasheet/stm32l011d3.pdf,STMicroelectronics official,verified_st_datasheet_ordering_information_plus_retained_exact_identity
STMicroelectronics,STM32L011F3U6TR,STM32L0,STM32L011,STM32L011F3,UFQFPN,20,8 KiB,-40..85 C,TR,,STM32L011F3Ux,ordering_pattern,deterministic_ordering_pattern,tcl/target/stm32l0.cfg,manufacturer_ordering_information,https://www.st.com/resource/en/datasheet/stm32l011d3.pdf,STMicroelectronics official,verified_st_datasheet_ordering_information_plus_retained_exact_identity
STMicroelectronics,STM32L011F4P6,STM32L0,STM32L011,STM32L011F4,TSSOP,20,16 KiB,-40..85 C,,,STM32L011F4Px,ordering_pattern,deterministic_ordering_pattern,tcl/target/stm32l0.cfg,manufacturer_ordering_information,https://www.st.com/resource/en/datasheet/stm32l011d3.pdf,STMicroelectronics official,verified_st_datasheet_ordering_information_plus_retained_exact_identity
STMicroelectronics,STM32L011F4P6TR,STM32L0,STM32L011,STM32L011F4,TSSOP,20,16 KiB,-40..85 C,TR,,STM32L011F4Px,ordering_pattern,deterministic_ordering_pattern,tcl/target/stm32l0.cfg,manufacturer_ordering_information,https://www.st.com/resource/en/datasheet/stm32l011d3.pdf,STMicroelectronics official,verified_st_datasheet_ordering_information_plus_retained_exact_identity
STMicroelectronics,STM32L011F4U3TR,STM32L0,STM32L011,STM32L011F4,UFQFPN,20,16 KiB,-40..125 C,TR,,STM32L011F4Ux,ordering_pattern,deterministic_ordering_pattern,tcl/target/stm32l0.cfg,manufacturer_ordering_information,https://www.st.com/resource/en/datasheet/stm32l011d3.pdf,STMicroelectronics official,verified_st_datasheet_ordering_information_plus_retained_exact_identity
STMicroelectronics,STM32L011F4U6TR,STM32L0,STM32L011,STM32L011F4,UFQFPN,20,16 KiB,-40..85 C,TR,,STM32L011F4Ux,ordering_pattern,deterministic_ordering_pattern,tcl/target/stm32l0.cfg,manufacturer_ordering_information,https://www.st.com/resource/en/datasheet/stm32l011d3.pdf,STMicroelectronics official,verified_st_datasheet_ordering_information_plus_retained_exact_identity
STMicroelectronics,STM32L011G3U6,STM32L0,STM32L011,STM32L011G3,UFQFPN,28,8 KiB,-40..85 C,,,STM32L011G3Ux,ordering_pattern,deterministic_ordering_pattern,tcl/target/stm32l0.cfg,manufacturer_ordering_information,https://www.st.com/resource/en/datasheet/stm32l011d3.pdf,STMicroelectronics official,verified_st_datasheet_ordering_information_plus_retained_exact_identity
STMicroelectronics,STM32L011G3U6TR,STM32L0,STM32L011,STM32L011G3,UFQFPN,28,8 KiB,-40..85 C,TR,,STM32L011G3Ux,ordering_pattern,deterministic_ordering_pattern,tcl/target/stm32l0.cfg,manufacturer_ordering_information,https://www.st.com/resource/en/datasheet/stm32l011d3.pdf,STMicroelectronics official,verified_st_datasheet_ordering_information_plus_retained_exact_identity
STMicroelectronics,STM32L011G3U7,STM32L0,STM32L011,STM32L011G3,UFQFPN,28,8 KiB,-40..105 C,,,STM32L011G3Ux,ordering_pattern,deterministic_ordering_pattern,tcl/target/stm32l0.cfg,manufacturer_ordering_information,https://www.st.com/resource/en/datasheet/stm32l011d3.pdf,STMicroelectronics official,verified_st_datasheet_ordering_information_plus_retained_exact_identity
STMicroelectronics,STM32L011G4U6,STM32L0,STM32L011,STM32L011G4,UFQFPN,28,16 KiB,-40..85 C,,,STM32L011G4Ux,ordering_pattern,deterministic_ordering_pattern,tcl/target/stm32l0.cfg,manufacturer_ordering_information,https://www.st.com/resource/en/datasheet/stm32l011d3.pdf,STMicroelectronics official,verified_st_datasheet_ordering_information_plus_retained_exact_identity
STMicroelectronics,STM32L011G4U6TR,STM32L0,STM32L011,STM32L011G4,UFQFPN,28,16 KiB,-40..85 C,TR,,STM32L011G4Ux,ordering_pattern,deterministic_ordering_pattern,tcl/target/stm32l0.cfg,manufacturer_ordering_information,https://www.st.com/resource/en/datasheet/stm32l011d3.pdf,STMicroelectronics official,verified_st_datasheet_ordering_information_plus_retained_exact_identity
STMicroelectronics,STM32L011G4U7,STM32L0,STM32L011,STM32L011G4,UFQFPN,28,16 KiB,-40..105 C,,,STM32L011G4Ux,ordering_pattern,deterministic_ordering_pattern,tcl/target/stm32l0.cfg,manufacturer_ordering_information,https://www.st.com/resource/en/datasheet/stm32l011d3.pdf,STMicroelectronics official,verified_st_datasheet_ordering_information_plus_retained_exact_identity
STMicroelectronics,STM32L011K3U6,STM32L0,STM32L011,STM32L011K3,UFQFPN,32,8 KiB,-40..85 C,,,STM32L011K3Ux,ordering_pattern,deterministic_ordering_pattern,tcl/target/stm32l0.cfg,manufacturer_ordering_information,https://www.st.com/resource/en/datasheet/stm32l011d3.pdf,STMicroelectronics official,verified_st_datasheet_ordering_information_plus_retained_exact_identity
STMicroelectronics,STM32L011K4T6,STM32L0,STM32L011,STM32L011K4,LQFP,32,16 KiB,-40..85 C,,,STM32L011K4Tx,ordering_pattern,deterministic_ordering_pattern,tcl/target/stm32l0.cfg,manufacturer_ordering_information,https://www.st.com/resource/en/datasheet/stm32l011d3.pdf,STMicroelectronics official,verified_st_datasheet_ordering_information_plus_retained_exact_identity
STMicroelectronics,STM32L011K4T6D,STM32L0,STM32L011,STM32L011K4,LQFP,32,16 KiB,-40..85 C,D,,STM32L011K4Tx,ordering_pattern,deterministic_ordering_pattern,tcl/target/stm32l0.cfg,manufacturer_ordering_information,https://www.st.com/resource/en/datasheet/stm32l011d3.pdf,STMicroelectronics official,verified_st_datasheet_ordering_information_plus_retained_exact_identity
STMicroelectronics,STM32L011K4T6TR,STM32L0,STM32L011,STM32L011K4,LQFP,32,16 KiB,-40..85 C,TR,,STM32L011K4Tx,ordering_pattern,deterministic_ordering_pattern,tcl/target/stm32l0.cfg,manufacturer_ordering_information,https://www.st.com/resource/en/datasheet/stm32l011d3.pdf,STMicroelectronics official,verified_st_datasheet_ordering_information_plus_retained_exact_identity
STMicroelectronics,STM32L011K4U3,STM32L0,STM32L011,STM32L011K4,UFQFPN,32,16 KiB,-40..125 C,,,STM32L011K4Ux,ordering_pattern,deterministic_ordering_pattern,tcl/target/stm32l0.cfg,manufacturer_ordering_information,https://www.st.com/resource/en/datasheet/stm32l011d3.pdf,STMicroelectronics official,verified_st_datasheet_ordering_information_plus_retained_exact_identity
STMicroelectronics,STM32L011K4U3TR,STM32L0,STM32L011,STM32L011K4,UFQFPN,32,16 KiB,-40..125 C,TR,,STM32L011K4Ux,ordering_pattern,deterministic_ordering_pattern,tcl/target/stm32l0.cfg,manufacturer_ordering_information,https://www.st.com/resource/en/datasheet/stm32l011d3.pdf,STMicroelectronics official,verified_st_datasheet_ordering_information_plus_retained_exact_identity
STMicroelectronics,STM32L011K4U6,STM32L0,STM32L011,STM32L011K4,UFQFPN,32,16 KiB,-40..85 C,,,STM32L011K4Ux,ordering_pattern,deterministic_ordering_pattern,tcl/target/stm32l0.cfg,manufacturer_ordering_information,https://www.st.com/resource/en/datasheet/stm32l011d3.pdf,STMicroelectronics official,verified_st_datasheet_ordering_information_plus_retained_exact_identity
STMicroelectronics,STM32L011K4U6TR,STM32L0,STM32L011,STM32L011K4,UFQFPN,32,16 KiB,-40..85 C,TR,,STM32L011K4Ux,ordering_pattern,deterministic_ordering_pattern,tcl/target/stm32l0.cfg,manufacturer_ordering_information,https://www.st.com/resource/en/datasheet/stm32l011d3.pdf,STMicroelectronics official,verified_st_datasheet_ordering_information_plus_retained_exact_identity
STMicroelectronics,STM32L021D4P6,STM32L0,STM32L021,STM32L021D4,TSSOP,14,16 KiB,-40..85 C,,,STM32L021D4Px,ordering_pattern,deterministic_ordering_pattern,tcl/target/stm32l0.cfg,manufacturer_ordering_information,https://www.st.com/resource/en/datasheet/stm32l021d4.pdf,STMicroelectronics official,verified_st_datasheet_ordering_information_plus_retained_exact_identity
STMicroelectronics,STM32L021D4P7,STM32L0,STM32L021,STM32L021D4,TSSOP,14,16 KiB,-40..105 C,,,STM32L021D4Px,ordering_pattern,deterministic_ordering_pattern,tcl/target/stm32l0.cfg,manufacturer_ordering_information,https://www.st.com/resource/en/datasheet/stm32l021d4.pdf,STMicroelectronics official,verified_st_datasheet_ordering_information_plus_retained_exact_identity
STMicroelectronics,STM32L021D4P7D,STM32L0,STM32L021,STM32L021D4,TSSOP,14,16 KiB,-40..105 C,D,,STM32L021D4Px,ordering_pattern,deterministic_ordering_pattern,tcl/target/stm32l0.cfg,manufacturer_ordering_information,https://www.st.com/resource/en/datasheet/stm32l021d4.pdf,STMicroelectronics official,verified_st_datasheet_ordering_information_plus_retained_exact_identity
STMicroelectronics,STM32L021D4P7DTR,STM32L0,STM32L021,STM32L021D4,TSSOP,14,16 KiB,-40..105 C,DTR,,STM32L021D4Px,ordering_pattern,deterministic_ordering_pattern,tcl/target/stm32l0.cfg,manufacturer_ordering_information,https://www.st.com/resource/en/datasheet/stm32l021d4.pdf,STMicroelectronics official,verified_st_datasheet_ordering_information_plus_retained_exact_identity
STMicroelectronics,STM32L021D4P7TR,STM32L0,STM32L021,STM32L021D4,TSSOP,14,16 KiB,-40..105 C,TR,,STM32L021D4Px,ordering_pattern,deterministic_ordering_pattern,tcl/target/stm32l0.cfg,manufacturer_ordering_information,https://www.st.com/resource/en/datasheet/stm32l021d4.pdf,STMicroelectronics official,verified_st_datasheet_ordering_information_plus_retained_exact_identity
STMicroelectronics,STM32L021F4U6TR,STM32L0,STM32L021,STM32L021F4,UFQFPN,20,16 KiB,-40..85 C,TR,,STM32L021F4Ux,ordering_pattern,deterministic_ordering_pattern,tcl/target/stm32l0.cfg,manufacturer_ordering_information,https://www.st.com/resource/en/datasheet/stm32l021d4.pdf,STMicroelectronics official,verified_st_datasheet_ordering_information_plus_retained_exact_identity
STMicroelectronics,STM32L021G4U6,STM32L0,STM32L021,STM32L021G4,UFQFPN,28,16 KiB,-40..85 C,,,STM32L021G4Ux,ordering_pattern,deterministic_ordering_pattern,tcl/target/stm32l0.cfg,manufacturer_ordering_information,https://www.st.com/resource/en/datasheet/stm32l021d4.pdf,STMicroelectronics official,verified_st_datasheet_ordering_information_plus_retained_exact_identity
STMicroelectronics,STM32L021K4T6,STM32L0,STM32L021,STM32L021K4,LQFP,32,16 KiB,-40..85 C,,,STM32L021K4Tx,ordering_pattern,deterministic_ordering_pattern,tcl/target/stm32l0.cfg,manufacturer_ordering_information,https://www.st.com/resource/en/datasheet/stm32l021d4.pdf,STMicroelectronics official,verified_st_datasheet_ordering_information_plus_retained_exact_identity
STMicroelectronics,STM32L031C4T6,STM32L0,STM32L031,STM32L031C4,LQFP,48,16 KiB,-40..85 C,,,STM32L031C4Tx,ordering_pattern,deterministic_ordering_pattern,tcl/target/stm32l0.cfg,manufacturer_ordering_information,https://www.st.com/resource/en/datasheet/stm32l031f4.pdf,STMicroelectronics official,verified_st_datasheet_ordering_information_plus_retained_exact_identity
STMicroelectronics,STM32L031C4T6TR,STM32L0,STM32L031,STM32L031C4,LQFP,48,16 KiB,-40..85 C,TR,,STM32L031C4Tx,ordering_pattern,deterministic_ordering_pattern,tcl/target/stm32l0.cfg,manufacturer_ordering_information,https://www.st.com/resource/en/datasheet/stm32l031f4.pdf,STMicroelectronics official,verified_st_datasheet_ordering_information_plus_retained_exact_identity
STMicroelectronics,STM32L031C4U6,STM32L0,STM32L031,STM32L031C4,UFQFPN,48,16 KiB,-40..85 C,,,STM32L031C4Ux,ordering_pattern,deterministic_ordering_pattern,tcl/target/stm32l0.cfg,manufacturer_ordering_information,https://www.st.com/resource/en/datasheet/stm32l031f4.pdf,STMicroelectronics official,verified_st_datasheet_ordering_information_plus_retained_exact_identity
STMicroelectronics,STM32L031C6T6,STM32L0,STM32L031,STM32L031C6,LQFP,48,32 KiB,-40..85 C,,,STM32L031C6Tx,ordering_pattern,deterministic_ordering_pattern,tcl/target/stm32l0.cfg,manufacturer_ordering_information,https://www.st.com/resource/en/datasheet/stm32l031f4.pdf,STMicroelectronics official,verified_st_datasheet_ordering_information_plus_retained_exact_identity
STMicroelectronics,STM32L031C6T6TR,STM32L0,STM32L031,STM32L031C6,LQFP,48,32 KiB,-40..85 C,TR,,STM32L031C6Tx,ordering_pattern,deterministic_ordering_pattern,tcl/target/stm32l0.cfg,manufacturer_ordering_information,https://www.st.com/resource/en/datasheet/stm32l031f4.pdf,STMicroelectronics official,verified_st_datasheet_ordering_information_plus_retained_exact_identity
STMicroelectronics,STM32L031C6T7,STM32L0,STM32L031,STM32L031C6,LQFP,48,32 KiB,-40..105 C,,,STM32L031C6Tx,ordering_pattern,deterministic_ordering_pattern,tcl/target/stm32l0.cfg,manufacturer_ordering_information,https://www.st.com/resource/en/datasheet/stm32l031f4.pdf,STMicroelectronics official,verified_st_datasheet_ordering_information_plus_retained_exact_identity
STMicroelectronics,STM32L031C6T7D,STM32L0,STM32L031,STM32L031C6,LQFP,48,32 KiB,-40..105 C,D,,STM32L031C6Tx,ordering_pattern,deterministic_ordering_pattern,tcl/target/stm32l0.cfg,manufacturer_ordering_information,https://www.st.com/resource/en/datasheet/stm32l031f4.pdf,STMicroelectronics official,verified_st_datasheet_ordering_information_plus_retained_exact_identity
STMicroelectronics,STM32L031C6U3,STM32L0,STM32L031,STM32L031C6,UFQFPN,48,32 KiB,-40..125 C,,,STM32L031C6Ux,ordering_pattern,deterministic_ordering_pattern,tcl/target/stm32l0.cfg,manufacturer_ordering_information,https://www.st.com/resource/en/datasheet/stm32l031f4.pdf,STMicroelectronics official,verified_st_datasheet_ordering_information_plus_retained_exact_identity
STMicroelectronics,STM32L031C6U6,STM32L0,STM32L031,STM32L031C6,UFQFPN,48,32 KiB,-40..85 C,,,STM32L031C6Ux,ordering_pattern,deterministic_ordering_pattern,tcl/target/stm32l0.cfg,manufacturer_ordering_information,https://www.st.com/resource/en/datasheet/stm32l031f4.pdf,STMicroelectronics official,verified_st_datasheet_ordering_information_plus_retained_exact_identity
STMicroelectronics,STM32L031C6U6TR,STM32L0,STM32L031,STM32L031C6,UFQFPN,48,32 KiB,-40..85 C,TR,,STM32L031C6Ux,ordering_pattern,deterministic_ordering_pattern,tcl/target/stm32l0.cfg,manufacturer_ordering_information,https://www.st.com/resource/en/datasheet/stm32l031f4.pdf,STMicroelectronics official,verified_st_datasheet_ordering_information_plus_retained_exact_identity
STMicroelectronics,STM32L031E4Y6TR,STM32L0,STM32L031,STM32L031E4,WLCSP,25,16 KiB,-40..85 C,TR,,STM32L031E4Yx,ordering_pattern,deterministic_ordering_pattern,tcl/target/stm32l0.cfg,manufacturer_ordering_information,https://www.st.com/resource/en/datasheet/stm32l031f4.pdf,STMicroelectronics official,verified_st_datasheet_ordering_information_plus_retained_exact_identity
STMicroelectronics,STM32L031E6Y6DTR,STM32L0,STM32L031,STM32L031E6,WLCSP,25,32 KiB,-40..85 C,DTR,,STM32L031E6Yx,ordering_pattern,deterministic_ordering_pattern,tcl/target/stm32l0.cfg,manufacturer_ordering_information,https://www.st.com/resource/en/datasheet/stm32l031f4.pdf,STMicroelectronics official,verified_st_datasheet_ordering_information_plus_retained_exact_identity
STMicroelectronics,STM32L031E6Y6TR,STM32L0,STM32L031,STM32L031E6,WLCSP,25,32 KiB,-40..85 C,TR,,STM32L031E6Yx,ordering_pattern,deterministic_ordering_pattern,tcl/target/stm32l0.cfg,manufacturer_ordering_information,https://www.st.com/resource/en/datasheet/stm32l031f4.pdf,STMicroelectronics official,verified_st_datasheet_ordering_information_plus_retained_exact_identity
STMicroelectronics,STM32L031F4P3,STM32L0,STM32L031,STM32L031F4,TSSOP,20,16 KiB,-40..125 C,,,STM32L031F4Px,ordering_pattern,deterministic_ordering_pattern,tcl/target/stm32l0.cfg,manufacturer_ordering_information,https://www.st.com/resource/en/datasheet/stm32l031f4.pdf,STMicroelectronics official,verified_st_datasheet_ordering_information_plus_retained_exact_identity
STMicroelectronics,STM32L031F4P3TR,STM32L0,STM32L031,STM32L031F4,TSSOP,20,16 KiB,-40..125 C,TR,,STM32L031F4Px,ordering_pattern,deterministic_ordering_pattern,tcl/target/stm32l0.cfg,manufacturer_ordering_information,https://www.st.com/resource/en/datasheet/stm32l031f4.pdf,STMicroelectronics official,verified_st_datasheet_ordering_information_plus_retained_exact_identity
STMicroelectronics,STM32L031F4P6,STM32L0,STM32L031,STM32L031F4,TSSOP,20,16 KiB,-40..85 C,,,STM32L031F4Px,ordering_pattern,deterministic_ordering_pattern,tcl/target/stm32l0.cfg,manufacturer_ordering_information,https://www.st.com/resource/en/datasheet/stm32l031f4.pdf,STMicroelectronics official,verified_st_datasheet_ordering_information_plus_retained_exact_identity
STMicroelectronics,STM32L031F6P6,STM32L0,STM32L031,STM32L031F6,TSSOP,20,32 KiB,-40..85 C,,,STM32L031F6Px,ordering_pattern,deterministic_ordering_pattern,tcl/target/stm32l0.cfg,manufacturer_ordering_information,https://www.st.com/resource/en/datasheet/stm32l031f4.pdf,STMicroelectronics official,verified_st_datasheet_ordering_information_plus_retained_exact_identity
STMicroelectronics,STM32L031F6P6TR,STM32L0,STM32L031,STM32L031F6,TSSOP,20,32 KiB,-40..85 C,TR,,STM32L031F6Px,ordering_pattern,deterministic_ordering_pattern,tcl/target/stm32l0.cfg,manufacturer_ordering_information,https://www.st.com/resource/en/datasheet/stm32l031f4.pdf,STMicroelectronics official,verified_st_datasheet_ordering_information_plus_retained_exact_identity
STMicroelectronics,STM32L031F6P7,STM32L0,STM32L031,STM32L031F6,TSSOP,20,32 KiB,-40..105 C,,,STM32L031F6Px,ordering_pattern,deterministic_ordering_pattern,tcl/target/stm32l0.cfg,manufacturer_ordering_information,https://www.st.com/resource/en/datasheet/stm32l031f4.pdf,STMicroelectronics official,verified_st_datasheet_ordering_information_plus_retained_exact_identity
STMicroelectronics,STM32L031F6P7TR,STM32L0,STM32L031,STM32L031F6,TSSOP,20,32 KiB,-40..105 C,TR,,STM32L031F6Px,ordering_pattern,deterministic_ordering_pattern,tcl/target/stm32l0.cfg,manufacturer_ordering_information,https://www.st.com/resource/en/datasheet/stm32l031f4.pdf,STMicroelectronics official,verified_st_datasheet_ordering_information_plus_retained_exact_identity
STMicroelectronics,STM32L031G4U3,STM32L0,STM32L031,STM32L031G4,UFQFPN,28,16 KiB,-40..125 C,,,STM32L031G4Ux,ordering_pattern,deterministic_ordering_pattern,tcl/target/stm32l0.cfg,manufacturer_ordering_information,https://www.st.com/resource/en/datasheet/stm32l031f4.pdf,STMicroelectronics official,verified_st_datasheet_ordering_information_plus_retained_exact_identity
STMicroelectronics,STM32L031G4U3TR,STM32L0,STM32L031,STM32L031G4,UFQFPN,28,16 KiB,-40..125 C,TR,,STM32L031G4Ux,ordering_pattern,deterministic_ordering_pattern,tcl/target/stm32l0.cfg,manufacturer_ordering_information,https://www.st.com/resource/en/datasheet/stm32l031f4.pdf,STMicroelectronics official,verified_st_datasheet_ordering_information_plus_retained_exact_identity
STMicroelectronics,STM32L031G4U6,STM32L0,STM32L031,STM32L031G4,UFQFPN,28,16 KiB,-40..85 C,,,STM32L031G4Ux,ordering_pattern,deterministic_ordering_pattern,tcl/target/stm32l0.cfg,manufacturer_ordering_information,https://www.st.com/resource/en/datasheet/stm32l031f4.pdf,STMicroelectronics official,verified_st_datasheet_ordering_information_plus_retained_exact_identity
STMicroelectronics,STM32L031G4U6TR,STM32L0,STM32L031,STM32L031G4,UFQFPN,28,16 KiB,-40..85 C,TR,,STM32L031G4Ux,ordering_pattern,deterministic_ordering_pattern,tcl/target/stm32l0.cfg,manufacturer_ordering_information,https://www.st.com/resource/en/datasheet/stm32l031f4.pdf,STMicroelectronics official,verified_st_datasheet_ordering_information_plus_retained_exact_identity
STMicroelectronics,STM32L031G6U3,STM32L0,STM32L031,STM32L031G6,UFQFPN,28,32 KiB,-40..125 C,,,STM32L031G6Ux,ordering_pattern,deterministic_ordering_pattern,tcl/target/stm32l0.cfg,manufacturer_ordering_information,https://www.st.com/resource/en/datasheet/stm32l031f4.pdf,STMicroelectronics official,verified_st_datasheet_ordering_information_plus_retained_exact_identity
STMicroelectronics,STM32L031G6U3TR,STM32L0,STM32L031,STM32L031G6,UFQFPN,28,32 KiB,-40..125 C,TR,,STM32L031G6Ux,ordering_pattern,deterministic_ordering_pattern,tcl/target/stm32l0.cfg,manufacturer_ordering_information,https://www.st.com/resource/en/datasheet/stm32l031f4.pdf,STMicroelectronics official,verified_st_datasheet_ordering_information_plus_retained_exact_identity
STMicroelectronics,STM32L031G6U6,STM32L0,STM32L031,STM32L031G6,UFQFPN,28,32 KiB,-40..85 C,,,STM32L031G6Ux,ordering_pattern,deterministic_ordering_pattern,tcl/target/stm32l0.cfg,manufacturer_ordering_information,https://www.st.com/resource/en/datasheet/stm32l031f4.pdf,STMicroelectronics official,verified_st_datasheet_ordering_information_plus_retained_exact_identity
STMicroelectronics,STM32L031G6U6S,STM32L0,STM32L031,STM32L031G6,UFQFPN,28,32 KiB,-40..85 C,S,,STM32L031G6Ux,ordering_pattern,deterministic_ordering_pattern,tcl/target/stm32l0.cfg,manufacturer_ordering_information,https://www.st.com/resource/en/datasheet/stm32l031f4.pdf,STMicroelectronics official,verified_st_datasheet_ordering_information_plus_retained_exact_identity
STMicroelectronics,STM32L031G6U6STR,STM32L0,STM32L031,STM32L031G6,UFQFPN,28,32 KiB,-40..85 C,STR,,STM32L031G6Ux,ordering_pattern,deterministic_ordering_pattern,tcl/target/stm32l0.cfg,manufacturer_ordering_information,https://www.st.com/resource/en/datasheet/stm32l031f4.pdf,STMicroelectronics official,verified_st_datasheet_ordering_information_plus_retained_exact_identity
STMicroelectronics,STM32L031G6U6TR,STM32L0,STM32L031,STM32L031G6,UFQFPN,28,32 KiB,-40..85 C,TR,,STM32L031G6Ux,ordering_pattern,deterministic_ordering_pattern,tcl/target/stm32l0.cfg,manufacturer_ordering_information,https://www.st.com/resource/en/datasheet/stm32l031f4.pdf,STMicroelectronics official,verified_st_datasheet_ordering_information_plus_retained_exact_identity
STMicroelectronics,STM32L031G6U7,STM32L0,STM32L031,STM32L031G6,UFQFPN,28,32 KiB,-40..105 C,,,STM32L031G6Ux,ordering_pattern,deterministic_ordering_pattern,tcl/target/stm32l0.cfg,manufacturer_ordering_information,https://www.st.com/resource/en/datasheet/stm32l031f4.pdf,STMicroelectronics official,verified_st_datasheet_ordering_information_plus_retained_exact_identity
STMicroelectronics,STM32L031G6U7S,STM32L0,STM32L031,STM32L031G6,UFQFPN,28,32 KiB,-40..105 C,S,,STM32L031G6Ux,ordering_pattern,deterministic_ordering_pattern,tcl/target/stm32l0.cfg,manufacturer_ordering_information,https://www.st.com/resource/en/datasheet/stm32l031f4.pdf,STMicroelectronics official,verified_st_datasheet_ordering_information_plus_retained_exact_identity
STMicroelectronics,STM32L031G6U7STR,STM32L0,STM32L031,STM32L031G6,UFQFPN,28,32 KiB,-40..105 C,STR,,STM32L031G6Ux,ordering_pattern,deterministic_ordering_pattern,tcl/target/stm32l0.cfg,manufacturer_ordering_information,https://www.st.com/resource/en/datasheet/stm32l031f4.pdf,STMicroelectronics official,verified_st_datasheet_ordering_information_plus_retained_exact_identity
STMicroelectronics,STM32L031G6U7TR,STM32L0,STM32L031,STM32L031G6,UFQFPN,28,32 KiB,-40..105 C,TR,,STM32L031G6Ux,ordering_pattern,deterministic_ordering_pattern,tcl/target/stm32l0.cfg,manufacturer_ordering_information,https://www.st.com/resource/en/datasheet/stm32l031f4.pdf,STMicroelectronics official,verified_st_datasheet_ordering_information_plus_retained_exact_identity
STMicroelectronics,STM32L031K4U6,STM32L0,STM32L031,STM32L031K4,UFQFPN,32,16 KiB,-40..85 C,,,STM32L031K4Ux,ordering_pattern,deterministic_ordering_pattern,tcl/target/stm32l0.cfg,manufacturer_ordering_information,https://www.st.com/resource/en/datasheet/stm32l031f4.pdf,STMicroelectronics official,verified_st_datasheet_ordering_information_plus_retained_exact_identity
STMicroelectronics,STM32L031K4U6TR,STM32L0,STM32L031,STM32L031K4,UFQFPN,32,16 KiB,-40..85 C,TR,,STM32L031K4Ux,ordering_pattern,deterministic_ordering_pattern,tcl/target/stm32l0.cfg,manufacturer_ordering_information,https://www.st.com/resource/en/datasheet/stm32l031f4.pdf,STMicroelectronics official,verified_st_datasheet_ordering_information_plus_retained_exact_identity
STMicroelectronics,STM32L031K4U7,STM32L0,STM32L031,STM32L031K4,UFQFPN,32,16 KiB,-40..105 C,,,STM32L031K4Ux,ordering_pattern,deterministic_ordering_pattern,tcl/target/stm32l0.cfg,manufacturer_ordering_information,https://www.st.com/resource/en/datasheet/stm32l031f4.pdf,STMicroelectronics official,verified_st_datasheet_ordering_information_plus_retained_exact_identity
STMicroelectronics,STM32L031K6T3,STM32L0,STM32L031,STM32L031K6,LQFP,32,32 KiB,-40..125 C,,,STM32L031K6Tx,ordering_pattern,deterministic_ordering_pattern,tcl/target/stm32l0.cfg,manufacturer_ordering_information,https://www.st.com/resource/en/datasheet/stm32l031f4.pdf,STMicroelectronics official,verified_st_datasheet_ordering_information_plus_retained_exact_identity
STMicroelectronics,STM32L031K6T3TR,STM32L0,STM32L031,STM32L031K6,LQFP,32,32 KiB,-40..125 C,TR,,STM32L031K6Tx,ordering_pattern,deterministic_ordering_pattern,tcl/target/stm32l0.cfg,manufacturer_ordering_information,https://www.st.com/resource/en/datasheet/stm32l031f4.pdf,STMicroelectronics official,verified_st_datasheet_ordering_information_plus_retained_exact_identity
STMicroelectronics,STM32L031K6T6,STM32L0,STM32L031,STM32L031K6,LQFP,32,32 KiB,-40..85 C,,,STM32L031K6Tx,ordering_pattern,deterministic_ordering_pattern,tcl/target/stm32l0.cfg,manufacturer_ordering_information,https://www.st.com/resource/en/datasheet/stm32l031f4.pdf,STMicroelectronics official,verified_st_datasheet_ordering_information_plus_retained_exact_identity
STMicroelectronics,STM32L031K6T6TR,STM32L0,STM32L031,STM32L031K6,LQFP,32,32 KiB,-40..85 C,TR,,STM32L031K6Tx,ordering_pattern,deterministic_ordering_pattern,tcl/target/stm32l0.cfg,manufacturer_ordering_information,https://www.st.com/resource/en/datasheet/stm32l031f4.pdf,STMicroelectronics official,verified_st_datasheet_ordering_information_plus_retained_exact_identity
STMicroelectronics,STM32L031K6T7,STM32L0,STM32L031,STM32L031K6,LQFP,32,32 KiB,-40..105 C,,,STM32L031K6Tx,ordering_pattern,deterministic_ordering_pattern,tcl/target/stm32l0.cfg,manufacturer_ordering_information,https://www.st.com/resource/en/datasheet/stm32l031f4.pdf,STMicroelectronics official,verified_st_datasheet_ordering_information_plus_retained_exact_identity
STMicroelectronics,STM32L031K6U3,STM32L0,STM32L031,STM32L031K6,UFQFPN,32,32 KiB,-40..125 C,,,STM32L031K6Ux,ordering_pattern,deterministic_ordering_pattern,tcl/target/stm32l0.cfg,manufacturer_ordering_information,https://www.st.com/resource/en/datasheet/stm32l031f4.pdf,STMicroelectronics official,verified_st_datasheet_ordering_information_plus_retained_exact_identity
STMicroelectronics,STM32L031K6U3TR,STM32L0,STM32L031,STM32L031K6,UFQFPN,32,32 KiB,-40..125 C,TR,,STM32L031K6Ux,ordering_pattern,deterministic_ordering_pattern,tcl/target/stm32l0.cfg,manufacturer_ordering_information,https://www.st.com/resource/en/datasheet/stm32l031f4.pdf,STMicroelectronics official,verified_st_datasheet_ordering_information_plus_retained_exact_identity
STMicroelectronics,STM32L031K6U6,STM32L0,STM32L031,STM32L031K6,UFQFPN,32,32 KiB,-40..85 C,,,STM32L031K6Ux,ordering_pattern,deterministic_ordering_pattern,tcl/target/stm32l0.cfg,manufacturer_ordering_information,https://www.st.com/resource/en/datasheet/stm32l031f4.pdf,STMicroelectronics official,verified_st_datasheet_ordering_information_plus_retained_exact_identity
STMicroelectronics,STM32L031K6U6TR,STM32L0,STM32L031,STM32L031K6,UFQFPN,32,32 KiB,-40..85 C,TR,,STM32L031K6Ux,ordering_pattern,deterministic_ordering_pattern,tcl/target/stm32l0.cfg,manufacturer_ordering_information,https://www.st.com/resource/en/datasheet/stm32l031f4.pdf,STMicroelectronics official,verified_st_datasheet_ordering_information_plus_retained_exact_identity
STMicroelectronics,STM32L031K6U7,STM32L0,STM32L031,STM32L031K6,UFQFPN,32,32 KiB,-40..105 C,,,STM32L031K6Ux,ordering_pattern,deterministic_ordering_pattern,tcl/target/stm32l0.cfg,manufacturer_ordering_information,https://www.st.com/resource/en/datasheet/stm32l031f4.pdf,STMicroelectronics official,verified_st_datasheet_ordering_information_plus_retained_exact_identity
STMicroelectronics,STM32L041C6T6TR,STM32L0,STM32L041,STM32L041C6,LQFP,48,32 KiB,-40..85 C,TR,,STM32L041C6Tx,ordering_pattern,deterministic_ordering_pattern,tcl/target/stm32l0.cfg,manufacturer_ordering_information,https://www.st.com/resource/en/datasheet/stm32l041c6.pdf,STMicroelectronics official,verified_st_datasheet_ordering_information_plus_retained_exact_identity
STMicroelectronics,STM32L041C6T7,STM32L0,STM32L041,STM32L041C6,LQFP,48,32 KiB,-40..105 C,,,STM32L041C6Tx,ordering_pattern,deterministic_ordering_pattern,tcl/target/stm32l0.cfg,manufacturer_ordering_information,https://www.st.com/resource/en/datasheet/stm32l041c6.pdf,STMicroelectronics official,verified_st_datasheet_ordering_information_plus_retained_exact_identity
STMicroelectronics,STM32L041C6U6,STM32L0,STM32L041,STM32L041C6,UFQFPN,48,32 KiB,-40..85 C,,,STM32L041C6Ux,ordering_pattern,deterministic_ordering_pattern,tcl/target/stm32l0.cfg,manufacturer_ordering_information,https://www.st.com/resource/en/datasheet/stm32l041c6.pdf,STMicroelectronics official,verified_st_datasheet_ordering_information_plus_retained_exact_identity
STMicroelectronics,STM32L041E6Y6DTR,STM32L0,STM32L041,STM32L041E6,WLCSP,25,32 KiB,-40..85 C,DTR,,STM32L041E6Yx,ordering_pattern,deterministic_ordering_pattern,tcl/target/stm32l0.cfg,manufacturer_ordering_information,https://www.st.com/resource/en/datasheet/stm32l041c6.pdf,STMicroelectronics official,verified_st_datasheet_ordering_information_plus_retained_exact_identity
STMicroelectronics,STM32L041E6Y6TR,STM32L0,STM32L041,STM32L041E6,WLCSP,25,32 KiB,-40..85 C,TR,,STM32L041E6Yx,ordering_pattern,deterministic_ordering_pattern,tcl/target/stm32l0.cfg,manufacturer_ordering_information,https://www.st.com/resource/en/datasheet/stm32l041c6.pdf,STMicroelectronics official,verified_st_datasheet_ordering_information_plus_retained_exact_identity
STMicroelectronics,STM32L041F6P7,STM32L0,STM32L041,STM32L041F6,TSSOP,20,32 KiB,-40..105 C,,,STM32L041F6Px,ordering_pattern,deterministic_ordering_pattern,tcl/target/stm32l0.cfg,manufacturer_ordering_information,https://www.st.com/resource/en/datasheet/stm32l041c6.pdf,STMicroelectronics official,verified_st_datasheet_ordering_information_plus_retained_exact_identity
STMicroelectronics,STM32L041G6U6STR,STM32L0,STM32L041,STM32L041G6,UFQFPN,28,32 KiB,-40..85 C,STR,,STM32L041G6Ux,ordering_pattern,deterministic_ordering_pattern,tcl/target/stm32l0.cfg,manufacturer_ordering_information,https://www.st.com/resource/en/datasheet/stm32l041c6.pdf,STMicroelectronics official,verified_st_datasheet_ordering_information_plus_retained_exact_identity
STMicroelectronics,STM32L041G6U7,STM32L0,STM32L041,STM32L041G6,UFQFPN,28,32 KiB,-40..105 C,,,STM32L041G6Ux,ordering_pattern,deterministic_ordering_pattern,tcl/target/stm32l0.cfg,manufacturer_ordering_information,https://www.st.com/resource/en/datasheet/stm32l041c6.pdf,STMicroelectronics official,verified_st_datasheet_ordering_information_plus_retained_exact_identity
STMicroelectronics,STM32L041K6T7,STM32L0,STM32L041,STM32L041K6,LQFP,32,32 KiB,-40..105 C,,,STM32L041K6Tx,ordering_pattern,deterministic_ordering_pattern,tcl/target/stm32l0.cfg,manufacturer_ordering_information,https://www.st.com/resource/en/datasheet/stm32l041c6.pdf,STMicroelectronics official,verified_st_datasheet_ordering_information_plus_retained_exact_identity
STMicroelectronics,STM32L041K6U6,STM32L0,STM32L041,STM32L041K6,UFQFPN,32,32 KiB,-40..85 C,,,STM32L041K6Ux,ordering_pattern,deterministic_ordering_pattern,tcl/target/stm32l0.cfg,manufacturer_ordering_information,https://www.st.com/resource/en/datasheet/stm32l041c6.pdf,STMicroelectronics official,verified_st_datasheet_ordering_information_plus_retained_exact_identity
STMicroelectronics,STM32L041K6U6D,STM32L0,STM32L041,STM32L041K6,UFQFPN,32,32 KiB,-40..85 C,D,,STM32L041K6Ux,ordering_pattern,deterministic_ordering_pattern,tcl/target/stm32l0.cfg,manufacturer_ordering_information,https://www.st.com/resource/en/datasheet/stm32l041c6.pdf,STMicroelectronics official,verified_st_datasheet_ordering_information_plus_retained_exact_identity
STMicroelectronics,STM32L041K6U6TR,STM32L0,STM32L041,STM32L041K6,UFQFPN,32,32 KiB,-40..85 C,TR,,STM32L041K6Ux,ordering_pattern,deterministic_ordering_pattern,tcl/target/stm32l0.cfg,manufacturer_ordering_information,https://www.st.com/resource/en/datasheet/stm32l041c6.pdf,STMicroelectronics official,verified_st_datasheet_ordering_information_plus_retained_exact_identity
STMicroelectronics,STM32L041K6U7,STM32L0,STM32L041,STM32L041K6,UFQFPN,32,32 KiB,-40..105 C,,,STM32L041K6Ux,ordering_pattern,deterministic_ordering_pattern,tcl/target/stm32l0.cfg,manufacturer_ordering_information,https://www.st.com/resource/en/datasheet/stm32l041c6.pdf,STMicroelectronics official,verified_st_datasheet_ordering_information_plus_retained_exact_identity
STMicroelectronics,STM32L051C6T6,STM32L0,STM32L051,STM32L051C6,LQFP,48,32 KiB,-40..85 C,,,STM32L051C6Tx,ordering_pattern,deterministic_ordering_pattern,tcl/target/stm32l0.cfg,manufacturer_ordering_information,https://www.st.com/resource/en/datasheet/stm32l051c6.pdf,STMicroelectronics official,verified_st_datasheet_ordering_information_plus_retained_exact_identity
STMicroelectronics,STM32L051C6T6TR,STM32L0,STM32L051,STM32L051C6,LQFP,48,32 KiB,-40..85 C,TR,,STM32L051C6Tx,ordering_pattern,deterministic_ordering_pattern,tcl/target/stm32l0.cfg,manufacturer_ordering_information,https://www.st.com/resource/en/datasheet/stm32l051c6.pdf,STMicroelectronics official,verified_st_datasheet_ordering_information_plus_retained_exact_identity
STMicroelectronics,STM32L051C6U6,STM32L0,STM32L051,STM32L051C6,UFQFPN,48,32 KiB,-40..85 C,,,STM32L051C6Ux,ordering_pattern,deterministic_ordering_pattern,tcl/target/stm32l0.cfg,manufacturer_ordering_information,https://www.st.com/resource/en/datasheet/stm32l051c6.pdf,STMicroelectronics official,verified_st_datasheet_ordering_information_plus_retained_exact_identity
STMicroelectronics,STM32L051C8T3,STM32L0,STM32L051,STM32L051C8,LQFP,48,64 KiB,-40..125 C,,,STM32L051C8Tx,ordering_pattern,deterministic_ordering_pattern,tcl/target/stm32l0.cfg,manufacturer_ordering_information,https://www.st.com/resource/en/datasheet/stm32l051c6.pdf,STMicroelectronics official,verified_st_datasheet_ordering_information_plus_retained_exact_identity
STMicroelectronics,STM32L051C8T6,STM32L0,STM32L051,STM32L051C8,LQFP,48,64 KiB,-40..85 C,,,STM32L051C8Tx,ordering_pattern,deterministic_ordering_pattern,tcl/target/stm32l0.cfg,manufacturer_ordering_information,https://www.st.com/resource/en/datasheet/stm32l051c6.pdf,STMicroelectronics official,verified_st_datasheet_ordering_information_plus_retained_exact_identity
STMicroelectronics,STM32L051C8T6TR,STM32L0,STM32L051,STM32L051C8,LQFP,48,64 KiB,-40..85 C,TR,,STM32L051C8Tx,ordering_pattern,deterministic_ordering_pattern,tcl/target/stm32l0.cfg,manufacturer_ordering_information,https://www.st.com/resource/en/datasheet/stm32l051c6.pdf,STMicroelectronics official,verified_st_datasheet_ordering_information_plus_retained_exact_identity
STMicroelectronics,STM32L051C8T7,STM32L0,STM32L051,STM32L051C8,LQFP,48,64 KiB,-40..105 C,,,STM32L051C8Tx,ordering_pattern,deterministic_ordering_pattern,tcl/target/stm32l0.cfg,manufacturer_ordering_information,https://www.st.com/resource/en/datasheet/stm32l051c6.pdf,STMicroelectronics official,verified_st_datasheet_ordering_information_plus_retained_exact_identity
STMicroelectronics,STM32L051C8T7TR,STM32L0,STM32L051,STM32L051C8,LQFP,48,64 KiB,-40..105 C,TR,,STM32L051C8Tx,ordering_pattern,deterministic_ordering_pattern,tcl/target/stm32l0.cfg,manufacturer_ordering_information,https://www.st.com/resource/en/datasheet/stm32l051c6.pdf,STMicroelectronics official,verified_st_datasheet_ordering_information_plus_retained_exact_identity
STMicroelectronics,STM32L051C8U6,STM32L0,STM32L051,STM32L051C8,UFQFPN,48,64 KiB,-40..85 C,,,STM32L051C8Ux,ordering_pattern,deterministic_ordering_pattern,tcl/target/stm32l0.cfg,manufacturer_ordering_information,https://www.st.com/resource/en/datasheet/stm32l051c6.pdf,STMicroelectronics official,verified_st_datasheet_ordering_information_plus_retained_exact_identity
STMicroelectronics,STM32L051K6T6,STM32L0,STM32L051,STM32L051K6,LQFP,32,32 KiB,-40..85 C,,,STM32L051K6Tx,ordering_pattern,deterministic_ordering_pattern,tcl/target/stm32l0.cfg,manufacturer_ordering_information,https://www.st.com/resource/en/datasheet/stm32l051c6.pdf,STMicroelectronics official,verified_st_datasheet_ordering_information_plus_retained_exact_identity
STMicroelectronics,STM32L051K6T6TR,STM32L0,STM32L051,STM32L051K6,LQFP,32,32 KiB,-40..85 C,TR,,STM32L051K6Tx,ordering_pattern,deterministic_ordering_pattern,tcl/target/stm32l0.cfg,manufacturer_ordering_information,https://www.st.com/resource/en/datasheet/stm32l051c6.pdf,STMicroelectronics official,verified_st_datasheet_ordering_information_plus_retained_exact_identity
STMicroelectronics,STM32L051K6U6,STM32L0,STM32L051,STM32L051K6,UFQFPN,32,32 KiB,-40..85 C,,,STM32L051K6Ux,ordering_pattern,deterministic_ordering_pattern,tcl/target/stm32l0.cfg,manufacturer_ordering_information,https://www.st.com/resource/en/datasheet/stm32l051c6.pdf,STMicroelectronics official,verified_st_datasheet_ordering_information_plus_retained_exact_identity
STMicroelectronics,STM32L051K6U6TR,STM32L0,STM32L051,STM32L051K6,UFQFPN,32,32 KiB,-40..85 C,TR,,STM32L051K6Ux,ordering_pattern,deterministic_ordering_pattern,tcl/target/stm32l0.cfg,manufacturer_ordering_information,https://www.st.com/resource/en/datasheet/stm32l051c6.pdf,STMicroelectronics official,verified_st_datasheet_ordering_information_plus_retained_exact_identity
STMicroelectronics,STM32L051K8T6,STM32L0,STM32L051,STM32L051K8,LQFP,32,64 KiB,-40..85 C,,,STM32L051K8Tx,ordering_pattern,deterministic_ordering_pattern,tcl/target/stm32l0.cfg,manufacturer_ordering_information,https://www.st.com/resource/en/datasheet/stm32l051c6.pdf,STMicroelectronics official,verified_st_datasheet_ordering_information_plus_retained_exact_identity
STMicroelectronics,STM32L051K8T6TR,STM32L0,STM32L051,STM32L051K8,LQFP,32,64 KiB,-40..85 C,TR,,STM32L051K8Tx,ordering_pattern,deterministic_ordering_pattern,tcl/target/stm32l0.cfg,manufacturer_ordering_information,https://www.st.com/resource/en/datasheet/stm32l051c6.pdf,STMicroelectronics official,verified_st_datasheet_ordering_information_plus_retained_exact_identity
STMicroelectronics,STM32L051K8T7,STM32L0,STM32L051,STM32L051K8,LQFP,32,64 KiB,-40..105 C,,,STM32L051K8Tx,ordering_pattern,deterministic_ordering_pattern,tcl/target/stm32l0.cfg,manufacturer_ordering_information,https://www.st.com/resource/en/datasheet/stm32l051c6.pdf,STMicroelectronics official,verified_st_datasheet_ordering_information_plus_retained_exact_identity
STMicroelectronics,STM32L051K8U3,STM32L0,STM32L051,STM32L051K8,UFQFPN,32,64 KiB,-40..125 C,,,STM32L051K8Ux,ordering_pattern,deterministic_ordering_pattern,tcl/target/stm32l0.cfg,manufacturer_ordering_information,https://www.st.com/resource/en/datasheet/stm32l051c6.pdf,STMicroelectronics official,verified_st_datasheet_ordering_information_plus_retained_exact_identity
STMicroelectronics,STM32L051K8U3TR,STM32L0,STM32L051,STM32L051K8,UFQFPN,32,64 KiB,-40..125 C,TR,,STM32L051K8Ux,ordering_pattern,deterministic_ordering_pattern,tcl/target/stm32l0.cfg,manufacturer_ordering_information,https://www.st.com/resource/en/datasheet/stm32l051c6.pdf,STMicroelectronics official,verified_st_datasheet_ordering_information_plus_retained_exact_identity
STMicroelectronics,STM32L051K8U6,STM32L0,STM32L051,STM32L051K8,UFQFPN,32,64 KiB,-40..85 C,,,STM32L051K8Ux,ordering_pattern,deterministic_ordering_pattern,tcl/target/stm32l0.cfg,manufacturer_ordering_information,https://www.st.com/resource/en/datasheet/stm32l051c6.pdf,STMicroelectronics official,verified_st_datasheet_ordering_information_plus_retained_exact_identity
STMicroelectronics,STM32L051K8U6DTR,STM32L0,STM32L051,STM32L051K8,UFQFPN,32,64 KiB,-40..85 C,DTR,,STM32L051K8Ux,ordering_pattern,deterministic_ordering_pattern,tcl/target/stm32l0.cfg,manufacturer_ordering_information,https://www.st.com/resource/en/datasheet/stm32l051c6.pdf,STMicroelectronics official,verified_st_datasheet_ordering_information_plus_retained_exact_identity
STMicroelectronics,STM32L051K8U6TR,STM32L0,STM32L051,STM32L051K8,UFQFPN,32,64 KiB,-40..85 C,TR,,STM32L051K8Ux,ordering_pattern,deterministic_ordering_pattern,tcl/target/stm32l0.cfg,manufacturer_ordering_information,https://www.st.com/resource/en/datasheet/stm32l051c6.pdf,STMicroelectronics official,verified_st_datasheet_ordering_information_plus_retained_exact_identity
STMicroelectronics,STM32L051K8U7,STM32L0,STM32L051,STM32L051K8,UFQFPN,32,64 KiB,-40..105 C,,,STM32L051K8Ux,ordering_pattern,deterministic_ordering_pattern,tcl/target/stm32l0.cfg,manufacturer_ordering_information,https://www.st.com/resource/en/datasheet/stm32l051c6.pdf,STMicroelectronics official,verified_st_datasheet_ordering_information_plus_retained_exact_identity
STMicroelectronics,STM32L051K8U7TR,STM32L0,STM32L051,STM32L051K8,UFQFPN,32,64 KiB,-40..105 C,TR,,STM32L051K8Ux,ordering_pattern,deterministic_ordering_pattern,tcl/target/stm32l0.cfg,manufacturer_ordering_information,https://www.st.com/resource/en/datasheet/stm32l051c6.pdf,STMicroelectronics official,verified_st_datasheet_ordering_information_plus_retained_exact_identity
STMicroelectronics,STM32L051R6H6,STM32L0,STM32L051,STM32L051R6,TFBGA,64,32 KiB,-40..85 C,,,STM32L051R6Hx,ordering_pattern,deterministic_ordering_pattern,tcl/target/stm32l0.cfg,manufacturer_ordering_information,https://www.st.com/resource/en/datasheet/stm32l051c6.pdf,STMicroelectronics official,verified_st_datasheet_ordering_information_plus_retained_exact_identity
STMicroelectronics,STM32L051R6T6,STM32L0,STM32L051,STM32L051R6,LQFP,64,32 KiB,-40..85 C,,,STM32L051R6Tx,ordering_pattern,deterministic_ordering_pattern,tcl/target/stm32l0.cfg,manufacturer_ordering_information,https://www.st.com/resource/en/datasheet/stm32l051c6.pdf,STMicroelectronics official,verified_st_datasheet_ordering_information_plus_retained_exact_identity
STMicroelectronics,STM32L051R8H6,STM32L0,STM32L051,STM32L051R8,TFBGA,64,64 KiB,-40..85 C,,,STM32L051R8Hx,ordering_pattern,deterministic_ordering_pattern,tcl/target/stm32l0.cfg,manufacturer_ordering_information,https://www.st.com/resource/en/datasheet/stm32l051c6.pdf,STMicroelectronics official,verified_st_datasheet_ordering_information_plus_retained_exact_identity
STMicroelectronics,STM32L051R8H6TR,STM32L0,STM32L051,STM32L051R8,TFBGA,64,64 KiB,-40..85 C,TR,,STM32L051R8Hx,ordering_pattern,deterministic_ordering_pattern,tcl/target/stm32l0.cfg,manufacturer_ordering_information,https://www.st.com/resource/en/datasheet/stm32l051c6.pdf,STMicroelectronics official,verified_st_datasheet_ordering_information_plus_retained_exact_identity
STMicroelectronics,STM32L051R8H7,STM32L0,STM32L051,STM32L051R8,TFBGA,64,64 KiB,-40..105 C,,,STM32L051R8Hx,ordering_pattern,deterministic_ordering_pattern,tcl/target/stm32l0.cfg,manufacturer_ordering_information,https://www.st.com/resource/en/datasheet/stm32l051c6.pdf,STMicroelectronics official,verified_st_datasheet_ordering_information_plus_retained_exact_identity
STMicroelectronics,STM32L051R8T6,STM32L0,STM32L051,STM32L051R8,LQFP,64,64 KiB,-40..85 C,,,STM32L051R8Tx,ordering_pattern,deterministic_ordering_pattern,tcl/target/stm32l0.cfg,manufacturer_ordering_information,https://www.st.com/resource/en/datasheet/stm32l051c6.pdf,STMicroelectronics official,verified_st_datasheet_ordering_information_plus_retained_exact_identity
STMicroelectronics,STM32L051R8T6TR,STM32L0,STM32L051,STM32L051R8,LQFP,64,64 KiB,-40..85 C,TR,,STM32L051R8Tx,ordering_pattern,deterministic_ordering_pattern,tcl/target/stm32l0.cfg,manufacturer_ordering_information,https://www.st.com/resource/en/datasheet/stm32l051c6.pdf,STMicroelectronics official,verified_st_datasheet_ordering_information_plus_retained_exact_identity
STMicroelectronics,STM32L051R8T7,STM32L0,STM32L051,STM32L051R8,LQFP,64,64 KiB,-40..105 C,,,STM32L051R8Tx,ordering_pattern,deterministic_ordering_pattern,tcl/target/stm32l0.cfg,manufacturer_ordering_information,https://www.st.com/resource/en/datasheet/stm32l051c6.pdf,STMicroelectronics official,verified_st_datasheet_ordering_information_plus_retained_exact_identity
STMicroelectronics,STM32L051T6Y6TR,STM32L0,STM32L051,STM32L051T6,WLCSP,36,32 KiB,-40..85 C,TR,,STM32L051T6Yx,ordering_pattern,deterministic_ordering_pattern,tcl/target/stm32l0.cfg,manufacturer_ordering_information,https://www.st.com/resource/en/datasheet/stm32l051c6.pdf,STMicroelectronics official,verified_st_datasheet_ordering_information_plus_retained_exact_identity
STMicroelectronics,STM32L051T8Y6DTR,STM32L0,STM32L051,STM32L051T8,WLCSP,36,64 KiB,-40..85 C,DTR,,STM32L051T8Yx,ordering_pattern,deterministic_ordering_pattern,tcl/target/stm32l0.cfg,manufacturer_ordering_information,https://www.st.com/resource/en/datasheet/stm32l051c6.pdf,STMicroelectronics official,verified_st_datasheet_ordering_information_plus_retained_exact_identity
STMicroelectronics,STM32L051T8Y6TR,STM32L0,STM32L051,STM32L051T8,WLCSP,36,64 KiB,-40..85 C,TR,,STM32L051T8Yx,ordering_pattern,deterministic_ordering_pattern,tcl/target/stm32l0.cfg,manufacturer_ordering_information,https://www.st.com/resource/en/datasheet/stm32l051c6.pdf,STMicroelectronics official,verified_st_datasheet_ordering_information_plus_retained_exact_identity
STMicroelectronics,STM32L051T8Y7DTR,STM32L0,STM32L051,STM32L051T8,WLCSP,36,64 KiB,-40..105 C,DTR,,STM32L051T8Yx,ordering_pattern,deterministic_ordering_pattern,tcl/target/stm32l0.cfg,manufacturer_ordering_information,https://www.st.com/resource/en/datasheet/stm32l051c6.pdf,STMicroelectronics official,verified_st_datasheet_ordering_information_plus_retained_exact_identity
STMicroelectronics,STM32L052C6T6,STM32L0,STM32L052,STM32L052C6,LQFP,48,32 KiB,-40..85 C,,,STM32L052C6Tx,ordering_pattern,deterministic_ordering_pattern,tcl/target/stm32l0.cfg,manufacturer_ordering_information,https://www.st.com/resource/en/datasheet/stm32l052c6.pdf,STMicroelectronics official,verified_st_datasheet_ordering_information_plus_retained_exact_identity
STMicroelectronics,STM32L052C6U6,STM32L0,STM32L052,STM32L052C6,UFQFPN,48,32 KiB,-40..85 C,,,STM32L052C6Ux,ordering_pattern,deterministic_ordering_pattern,tcl/target/stm32l0.cfg,manufacturer_ordering_information,https://www.st.com/resource/en/datasheet/stm32l052c6.pdf,STMicroelectronics official,verified_st_datasheet_ordering_information_plus_retained_exact_identity
STMicroelectronics,STM32L052C8T6,STM32L0,STM32L052,STM32L052C8,LQFP,48,64 KiB,-40..85 C,,,STM32L052C8Tx,ordering_pattern,deterministic_ordering_pattern,tcl/target/stm32l0.cfg,manufacturer_ordering_information,https://www.st.com/resource/en/datasheet/stm32l052c6.pdf,STMicroelectronics official,verified_st_datasheet_ordering_information_plus_retained_exact_identity
STMicroelectronics,STM32L052C8T6D,STM32L0,STM32L052,STM32L052C8,LQFP,48,64 KiB,-40..85 C,D,,STM32L052C8Tx,ordering_pattern,deterministic_ordering_pattern,tcl/target/stm32l0.cfg,manufacturer_ordering_information,https://www.st.com/resource/en/datasheet/stm32l052c6.pdf,STMicroelectronics official,verified_st_datasheet_ordering_information_plus_retained_exact_identity
STMicroelectronics,STM32L052C8T6TR,STM32L0,STM32L052,STM32L052C8,LQFP,48,64 KiB,-40..85 C,TR,,STM32L052C8Tx,ordering_pattern,deterministic_ordering_pattern,tcl/target/stm32l0.cfg,manufacturer_ordering_information,https://www.st.com/resource/en/datasheet/stm32l052c6.pdf,STMicroelectronics official,verified_st_datasheet_ordering_information_plus_retained_exact_identity
STMicroelectronics,STM32L052C8T7,STM32L0,STM32L052,STM32L052C8,LQFP,48,64 KiB,-40..105 C,,,STM32L052C8Tx,ordering_pattern,deterministic_ordering_pattern,tcl/target/stm32l0.cfg,manufacturer_ordering_information,https://www.st.com/resource/en/datasheet/stm32l052c6.pdf,STMicroelectronics official,verified_st_datasheet_ordering_information_plus_retained_exact_identity
STMicroelectronics,STM32L052C8U6,STM32L0,STM32L052,STM32L052C8,UFQFPN,48,64 KiB,-40..85 C,,,STM32L052C8Ux,ordering_pattern,deterministic_ordering_pattern,tcl/target/stm32l0.cfg,manufacturer_ordering_information,https://www.st.com/resource/en/datasheet/stm32l052c6.pdf,STMicroelectronics official,verified_st_datasheet_ordering_information_plus_retained_exact_identity
STMicroelectronics,STM32L052K6T6,STM32L0,STM32L052,STM32L052K6,LQFP,32,32 KiB,-40..85 C,,,STM32L052K6Tx,ordering_pattern,deterministic_ordering_pattern,tcl/target/stm32l0.cfg,manufacturer_ordering_information,https://www.st.com/resource/en/datasheet/stm32l052c6.pdf,STMicroelectronics official,verified_st_datasheet_ordering_information_plus_retained_exact_identity
STMicroelectronics,STM32L052K6U6,STM32L0,STM32L052,STM32L052K6,UFQFPN,32,32 KiB,-40..85 C,,,STM32L052K6Ux,ordering_pattern,deterministic_ordering_pattern,tcl/target/stm32l0.cfg,manufacturer_ordering_information,https://www.st.com/resource/en/datasheet/stm32l052c6.pdf,STMicroelectronics official,verified_st_datasheet_ordering_information_plus_retained_exact_identity
STMicroelectronics,STM32L052K6U6TR,STM32L0,STM32L052,STM32L052K6,UFQFPN,32,32 KiB,-40..85 C,TR,,STM32L052K6Ux,ordering_pattern,deterministic_ordering_pattern,tcl/target/stm32l0.cfg,manufacturer_ordering_information,https://www.st.com/resource/en/datasheet/stm32l052c6.pdf,STMicroelectronics official,verified_st_datasheet_ordering_information_plus_retained_exact_identity
STMicroelectronics,STM32L052K6U7,STM32L0,STM32L052,STM32L052K6,UFQFPN,32,32 KiB,-40..105 C,,,STM32L052K6Ux,ordering_pattern,deterministic_ordering_pattern,tcl/target/stm32l0.cfg,manufacturer_ordering_information,https://www.st.com/resource/en/datasheet/stm32l052c6.pdf,STMicroelectronics official,verified_st_datasheet_ordering_information_plus_retained_exact_identity
STMicroelectronics,STM32L052K8T6,STM32L0,STM32L052,STM32L052K8,LQFP,32,64 KiB,-40..85 C,,,STM32L052K8Tx,ordering_pattern,deterministic_ordering_pattern,tcl/target/stm32l0.cfg,manufacturer_ordering_information,https://www.st.com/resource/en/datasheet/stm32l052c6.pdf,STMicroelectronics official,verified_st_datasheet_ordering_information_plus_retained_exact_identity
STMicroelectronics,STM32L052K8T6D,STM32L0,STM32L052,STM32L052K8,LQFP,32,64 KiB,-40..85 C,D,,STM32L052K8Tx,ordering_pattern,deterministic_ordering_pattern,tcl/target/stm32l0.cfg,manufacturer_ordering_information,https://www.st.com/resource/en/datasheet/stm32l052c6.pdf,STMicroelectronics official,verified_st_datasheet_ordering_information_plus_retained_exact_identity
STMicroelectronics,STM32L052K8T6TR,STM32L0,STM32L052,STM32L052K8,LQFP,32,64 KiB,-40..85 C,TR,,STM32L052K8Tx,ordering_pattern,deterministic_ordering_pattern,tcl/target/stm32l0.cfg,manufacturer_ordering_information,https://www.st.com/resource/en/datasheet/stm32l052c6.pdf,STMicroelectronics official,verified_st_datasheet_ordering_information_plus_retained_exact_identity
STMicroelectronics,STM32L052K8T7,STM32L0,STM32L052,STM32L052K8,LQFP,32,64 KiB,-40..105 C,,,STM32L052K8Tx,ordering_pattern,deterministic_ordering_pattern,tcl/target/stm32l0.cfg,manufacturer_ordering_information,https://www.st.com/resource/en/datasheet/stm32l052c6.pdf,STMicroelectronics official,verified_st_datasheet_ordering_information_plus_retained_exact_identity
STMicroelectronics,STM32L052K8U3,STM32L0,STM32L052,STM32L052K8,UFQFPN,32,64 KiB,-40..125 C,,,STM32L052K8Ux,ordering_pattern,deterministic_ordering_pattern,tcl/target/stm32l0.cfg,manufacturer_ordering_information,https://www.st.com/resource/en/datasheet/stm32l052c6.pdf,STMicroelectronics official,verified_st_datasheet_ordering_information_plus_retained_exact_identity
STMicroelectronics,STM32L052K8U3TR,STM32L0,STM32L052,STM32L052K8,UFQFPN,32,64 KiB,-40..125 C,TR,,STM32L052K8Ux,ordering_pattern,deterministic_ordering_pattern,tcl/target/stm32l0.cfg,manufacturer_ordering_information,https://www.st.com/resource/en/datasheet/stm32l052c6.pdf,STMicroelectronics official,verified_st_datasheet_ordering_information_plus_retained_exact_identity
STMicroelectronics,STM32L052K8U6,STM32L0,STM32L052,STM32L052K8,UFQFPN,32,64 KiB,-40..85 C,,,STM32L052K8Ux,ordering_pattern,deterministic_ordering_pattern,tcl/target/stm32l0.cfg,manufacturer_ordering_information,https://www.st.com/resource/en/datasheet/stm32l052c6.pdf,STMicroelectronics official,verified_st_datasheet_ordering_information_plus_retained_exact_identity
STMicroelectronics,STM32L052K8U6D,STM32L0,STM32L052,STM32L052K8,UFQFPN,32,64 KiB,-40..85 C,D,,STM32L052K8Ux,ordering_pattern,deterministic_ordering_pattern,tcl/target/stm32l0.cfg,manufacturer_ordering_information,https://www.st.com/resource/en/datasheet/stm32l052c6.pdf,STMicroelectronics official,verified_st_datasheet_ordering_information_plus_retained_exact_identity
STMicroelectronics,STM32L052K8U6DTR,STM32L0,STM32L052,STM32L052K8,UFQFPN,32,64 KiB,-40..85 C,DTR,,STM32L052K8Ux,ordering_pattern,deterministic_ordering_pattern,tcl/target/stm32l0.cfg,manufacturer_ordering_information,https://www.st.com/resource/en/datasheet/stm32l052c6.pdf,STMicroelectronics official,verified_st_datasheet_ordering_information_plus_retained_exact_identity
STMicroelectronics,STM32L052K8U6TR,STM32L0,STM32L052,STM32L052K8,UFQFPN,32,64 KiB,-40..85 C,TR,,STM32L052K8Ux,ordering_pattern,deterministic_ordering_pattern,tcl/target/stm32l0.cfg,manufacturer_ordering_information,https://www.st.com/resource/en/datasheet/stm32l052c6.pdf,STMicroelectronics official,verified_st_datasheet_ordering_information_plus_retained_exact_identity
STMicroelectronics,STM32L052R6H6,STM32L0,STM32L052,STM32L052R6,TFBGA,64,32 KiB,-40..85 C,,,STM32L052R6Hx,ordering_pattern,deterministic_ordering_pattern,tcl/target/stm32l0.cfg,manufacturer_ordering_information,https://www.st.com/resource/en/datasheet/stm32l052c6.pdf,STMicroelectronics official,verified_st_datasheet_ordering_information_plus_retained_exact_identity
STMicroelectronics,STM32L052R6T6,STM32L0,STM32L052,STM32L052R6,LQFP,64,32 KiB,-40..85 C,,,STM32L052R6Tx,ordering_pattern,deterministic_ordering_pattern,tcl/target/stm32l0.cfg,manufacturer_ordering_information,https://www.st.com/resource/en/datasheet/stm32l052c6.pdf,STMicroelectronics official,verified_st_datasheet_ordering_information_plus_retained_exact_identity
STMicroelectronics,STM32L052R8H6,STM32L0,STM32L052,STM32L052R8,TFBGA,64,64 KiB,-40..85 C,,,STM32L052R8Hx,ordering_pattern,deterministic_ordering_pattern,tcl/target/stm32l0.cfg,manufacturer_ordering_information,https://www.st.com/resource/en/datasheet/stm32l052c6.pdf,STMicroelectronics official,verified_st_datasheet_ordering_information_plus_retained_exact_identity
STMicroelectronics,STM32L052R8T6,STM32L0,STM32L052,STM32L052R8,LQFP,64,64 KiB,-40..85 C,,,STM32L052R8Tx,ordering_pattern,deterministic_ordering_pattern,tcl/target/stm32l0.cfg,manufacturer_ordering_information,https://www.st.com/resource/en/datasheet/stm32l052c6.pdf,STMicroelectronics official,verified_st_datasheet_ordering_information_plus_retained_exact_identity
STMicroelectronics,STM32L052R8T7,STM32L0,STM32L052,STM32L052R8,LQFP,64,64 KiB,-40..105 C,,,STM32L052R8Tx,ordering_pattern,deterministic_ordering_pattern,tcl/target/stm32l0.cfg,manufacturer_ordering_information,https://www.st.com/resource/en/datasheet/stm32l052c6.pdf,STMicroelectronics official,verified_st_datasheet_ordering_information_plus_retained_exact_identity
STMicroelectronics,STM32L052T6Y6TR,STM32L0,STM32L052,STM32L052T6,WLCSP,36,32 KiB,-40..85 C,TR,,STM32L052T6Yx,ordering_pattern,deterministic_ordering_pattern,tcl/target/stm32l0.cfg,manufacturer_ordering_information,https://www.st.com/resource/en/datasheet/stm32l052c6.pdf,STMicroelectronics official,verified_st_datasheet_ordering_information_plus_retained_exact_identity
STMicroelectronics,STM32L052T6Y7TR,STM32L0,STM32L052,STM32L052T6,WLCSP,36,32 KiB,-40..105 C,TR,,STM32L052T6Yx,ordering_pattern,deterministic_ordering_pattern,tcl/target/stm32l0.cfg,manufacturer_ordering_information,https://www.st.com/resource/en/datasheet/stm32l052c6.pdf,STMicroelectronics official,verified_st_datasheet_ordering_information_plus_retained_exact_identity
STMicroelectronics,STM32L052T8F6DTR,STM32L0,STM32L052,STM32L052T8,WLCSP,36,64 KiB,-40..85 C,DTR,,STM32L052T8Fx,ordering_pattern,deterministic_ordering_pattern,tcl/target/stm32l0.cfg,manufacturer_ordering_information,https://www.st.com/resource/en/datasheet/stm32l052c6.pdf,STMicroelectronics official,verified_st_datasheet_ordering_information_plus_retained_exact_identity
STMicroelectronics,STM32L052T8Y6TR,STM32L0,STM32L052,STM32L052T8,WLCSP,36,64 KiB,-40..85 C,TR,,STM32L052T8Yx,ordering_pattern,deterministic_ordering_pattern,tcl/target/stm32l0.cfg,manufacturer_ordering_information,https://www.st.com/resource/en/datasheet/stm32l052c6.pdf,STMicroelectronics official,verified_st_datasheet_ordering_information_plus_retained_exact_identity
STMicroelectronics,STM32L052T8Y7TR,STM32L0,STM32L052,STM32L052T8,WLCSP,36,64 KiB,-40..105 C,TR,,STM32L052T8Yx,ordering_pattern,deterministic_ordering_pattern,tcl/target/stm32l0.cfg,manufacturer_ordering_information,https://www.st.com/resource/en/datasheet/stm32l052c6.pdf,STMicroelectronics official,verified_st_datasheet_ordering_information_plus_retained_exact_identity
STMicroelectronics,STM32L053C6T6,STM32L0,STM32L053,STM32L053C6,LQFP,48,32 KiB,-40..85 C,,,STM32L053C6Tx,ordering_pattern,deterministic_ordering_pattern,tcl/target/stm32l0.cfg,manufacturer_ordering_information,https://www.st.com/resource/en/datasheet/stm32l053c6.pdf,STMicroelectronics official,verified_st_datasheet_ordering_information_plus_retained_exact_identity
STMicroelectronics,STM32L053C6T6TR,STM32L0,STM32L053,STM32L053C6,LQFP,48,32 KiB,-40..85 C,TR,,STM32L053C6Tx,ordering_pattern,deterministic_ordering_pattern,tcl/target/stm32l0.cfg,manufacturer_ordering_information,https://www.st.com/resource/en/datasheet/stm32l053c6.pdf,STMicroelectronics official,verified_st_datasheet_ordering_information_plus_retained_exact_identity
STMicroelectronics,STM32L053C6T7,STM32L0,STM32L053,STM32L053C6,LQFP,48,32 KiB,-40..105 C,,,STM32L053C6Tx,ordering_pattern,deterministic_ordering_pattern,tcl/target/stm32l0.cfg,manufacturer_ordering_information,https://www.st.com/resource/en/datasheet/stm32l053c6.pdf,STMicroelectronics official,verified_st_datasheet_ordering_information_plus_retained_exact_identity
STMicroelectronics,STM32L053C6U6,STM32L0,STM32L053,STM32L053C6,UFQFPN,48,32 KiB,-40..85 C,,,STM32L053C6Ux,ordering_pattern,deterministic_ordering_pattern,tcl/target/stm32l0.cfg,manufacturer_ordering_information,https://www.st.com/resource/en/datasheet/stm32l053c6.pdf,STMicroelectronics official,verified_st_datasheet_ordering_information_plus_retained_exact_identity
STMicroelectronics,STM32L053C8T3,STM32L0,STM32L053,STM32L053C8,LQFP,48,64 KiB,-40..125 C,,,STM32L053C8Tx,ordering_pattern,deterministic_ordering_pattern,tcl/target/stm32l0.cfg,manufacturer_ordering_information,https://www.st.com/resource/en/datasheet/stm32l053c6.pdf,STMicroelectronics official,verified_st_datasheet_ordering_information_plus_retained_exact_identity
STMicroelectronics,STM32L053C8T6,STM32L0,STM32L053,STM32L053C8,LQFP,48,64 KiB,-40..85 C,,,STM32L053C8Tx,ordering_pattern,deterministic_ordering_pattern,tcl/target/stm32l0.cfg,manufacturer_ordering_information,https://www.st.com/resource/en/datasheet/stm32l053c6.pdf,STMicroelectronics official,verified_st_datasheet_ordering_information_plus_retained_exact_identity
STMicroelectronics,STM32L053C8T6D,STM32L0,STM32L053,STM32L053C8,LQFP,48,64 KiB,-40..85 C,D,,STM32L053C8Tx,ordering_pattern,deterministic_ordering_pattern,tcl/target/stm32l0.cfg,manufacturer_ordering_information,https://www.st.com/resource/en/datasheet/stm32l053c6.pdf,STMicroelectronics official,verified_st_datasheet_ordering_information_plus_retained_exact_identity
STMicroelectronics,STM32L053C8T6TR,STM32L0,STM32L053,STM32L053C8,LQFP,48,64 KiB,-40..85 C,TR,,STM32L053C8Tx,ordering_pattern,deterministic_ordering_pattern,tcl/target/stm32l0.cfg,manufacturer_ordering_information,https://www.st.com/resource/en/datasheet/stm32l053c6.pdf,STMicroelectronics official,verified_st_datasheet_ordering_information_plus_retained_exact_identity
STMicroelectronics,STM32L053C8T7,STM32L0,STM32L053,STM32L053C8,LQFP,48,64 KiB,-40..105 C,,,STM32L053C8Tx,ordering_pattern,deterministic_ordering_pattern,tcl/target/stm32l0.cfg,manufacturer_ordering_information,https://www.st.com/resource/en/datasheet/stm32l053c6.pdf,STMicroelectronics official,verified_st_datasheet_ordering_information_plus_retained_exact_identity
STMicroelectronics,STM32L053C8U6,STM32L0,STM32L053,STM32L053C8,UFQFPN,48,64 KiB,-40..85 C,,,STM32L053C8Ux,ordering_pattern,deterministic_ordering_pattern,tcl/target/stm32l0.cfg,manufacturer_ordering_information,https://www.st.com/resource/en/datasheet/stm32l053c6.pdf,STMicroelectronics official,verified_st_datasheet_ordering_information_plus_retained_exact_identity
STMicroelectronics,STM32L053C8U6D,STM32L0,STM32L053,STM32L053C8,UFQFPN,48,64 KiB,-40..85 C,D,,STM32L053C8Ux,ordering_pattern,deterministic_ordering_pattern,tcl/target/stm32l0.cfg,manufacturer_ordering_information,https://www.st.com/resource/en/datasheet/stm32l053c6.pdf,STMicroelectronics official,verified_st_datasheet_ordering_information_plus_retained_exact_identity
STMicroelectronics,STM32L053C8U6TR,STM32L0,STM32L053,STM32L053C8,UFQFPN,48,64 KiB,-40..85 C,TR,,STM32L053C8Ux,ordering_pattern,deterministic_ordering_pattern,tcl/target/stm32l0.cfg,manufacturer_ordering_information,https://www.st.com/resource/en/datasheet/stm32l053c6.pdf,STMicroelectronics official,verified_st_datasheet_ordering_information_plus_retained_exact_identity
STMicroelectronics,STM32L053R6H6,STM32L0,STM32L053,STM32L053R6,TFBGA,64,32 KiB,-40..85 C,,,STM32L053R6Hx,ordering_pattern,deterministic_ordering_pattern,tcl/target/stm32l0.cfg,manufacturer_ordering_information,https://www.st.com/resource/en/datasheet/stm32l053c6.pdf,STMicroelectronics official,verified_st_datasheet_ordering_information_plus_retained_exact_identity
STMicroelectronics,STM32L053R6T6,STM32L0,STM32L053,STM32L053R6,LQFP,64,32 KiB,-40..85 C,,,STM32L053R6Tx,ordering_pattern,deterministic_ordering_pattern,tcl/target/stm32l0.cfg,manufacturer_ordering_information,https://www.st.com/resource/en/datasheet/stm32l053c6.pdf,STMicroelectronics official,verified_st_datasheet_ordering_information_plus_retained_exact_identity
STMicroelectronics,STM32L053R6T6TR,STM32L0,STM32L053,STM32L053R6,LQFP,64,32 KiB,-40..85 C,TR,,STM32L053R6Tx,ordering_pattern,deterministic_ordering_pattern,tcl/target/stm32l0.cfg,manufacturer_ordering_information,https://www.st.com/resource/en/datasheet/stm32l053c6.pdf,STMicroelectronics official,verified_st_datasheet_ordering_information_plus_retained_exact_identity
STMicroelectronics,STM32L053R8H6,STM32L0,STM32L053,STM32L053R8,TFBGA,64,64 KiB,-40..85 C,,,STM32L053R8Hx,ordering_pattern,deterministic_ordering_pattern,tcl/target/stm32l0.cfg,manufacturer_ordering_information,https://www.st.com/resource/en/datasheet/stm32l053c6.pdf,STMicroelectronics official,verified_st_datasheet_ordering_information_plus_retained_exact_identity
STMicroelectronics,STM32L053R8H6D,STM32L0,STM32L053,STM32L053R8,TFBGA,64,64 KiB,-40..85 C,D,,STM32L053R8Hx,ordering_pattern,deterministic_ordering_pattern,tcl/target/stm32l0.cfg,manufacturer_ordering_information,https://www.st.com/resource/en/datasheet/stm32l053c6.pdf,STMicroelectronics official,verified_st_datasheet_ordering_information_plus_retained_exact_identity
STMicroelectronics,STM32L053R8T3,STM32L0,STM32L053,STM32L053R8,LQFP,64,64 KiB,-40..125 C,,,STM32L053R8Tx,ordering_pattern,deterministic_ordering_pattern,tcl/target/stm32l0.cfg,manufacturer_ordering_information,https://www.st.com/resource/en/datasheet/stm32l053c6.pdf,STMicroelectronics official,verified_st_datasheet_ordering_information_plus_retained_exact_identity
STMicroelectronics,STM32L053R8T6,STM32L0,STM32L053,STM32L053R8,LQFP,64,64 KiB,-40..85 C,,,STM32L053R8Tx,ordering_pattern,deterministic_ordering_pattern,tcl/target/stm32l0.cfg,manufacturer_ordering_information,https://www.st.com/resource/en/datasheet/stm32l053c6.pdf,STMicroelectronics official,verified_st_datasheet_ordering_information_plus_retained_exact_identity
STMicroelectronics,STM32L053R8T6D,STM32L0,STM32L053,STM32L053R8,LQFP,64,64 KiB,-40..85 C,D,,STM32L053R8Tx,ordering_pattern,deterministic_ordering_pattern,tcl/target/stm32l0.cfg,manufacturer_ordering_information,https://www.st.com/resource/en/datasheet/stm32l053c6.pdf,STMicroelectronics official,verified_st_datasheet_ordering_information_plus_retained_exact_identity
STMicroelectronics,STM32L053R8T6TR,STM32L0,STM32L053,STM32L053R8,LQFP,64,64 KiB,-40..85 C,TR,,STM32L053R8Tx,ordering_pattern,deterministic_ordering_pattern,tcl/target/stm32l0.cfg,manufacturer_ordering_information,https://www.st.com/resource/en/datasheet/stm32l053c6.pdf,STMicroelectronics official,verified_st_datasheet_ordering_information_plus_retained_exact_identity
STMicroelectronics,STM32L053R8T7,STM32L0,STM32L053,STM32L053R8,LQFP,64,64 KiB,-40..105 C,,,STM32L053R8Tx,ordering_pattern,deterministic_ordering_pattern,tcl/target/stm32l0.cfg,manufacturer_ordering_information,https://www.st.com/resource/en/datasheet/stm32l053c6.pdf,STMicroelectronics official,verified_st_datasheet_ordering_information_plus_retained_exact_identity
STMicroelectronics,STM32L062C8U6,STM32L0,STM32L062,STM32L062C8,UFQFPN,48,64 KiB,-40..85 C,,,STM32L062C8Ux,ordering_pattern,deterministic_ordering_pattern,tcl/target/stm32l0.cfg,manufacturer_ordering_information,https://www.st.com/resource/en/datasheet/stm32l062c8.pdf,STMicroelectronics official,verified_st_datasheet_ordering_information_plus_retained_exact_identity
STMicroelectronics,STM32L062K8T6,STM32L0,STM32L062,STM32L062K8,LQFP,32,64 KiB,-40..85 C,,,STM32L062K8Tx,ordering_pattern,deterministic_ordering_pattern,tcl/target/stm32l0.cfg,manufacturer_ordering_information,https://www.st.com/resource/en/datasheet/stm32l062c8.pdf,STMicroelectronics official,verified_st_datasheet_ordering_information_plus_retained_exact_identity
STMicroelectronics,STM32L062K8U6,STM32L0,STM32L062,STM32L062K8,UFQFPN,32,64 KiB,-40..85 C,,,STM32L062K8Ux,ordering_pattern,deterministic_ordering_pattern,tcl/target/stm32l0.cfg,manufacturer_ordering_information,https://www.st.com/resource/en/datasheet/stm32l062c8.pdf,STMicroelectronics official,verified_st_datasheet_ordering_information_plus_retained_exact_identity
STMicroelectronics,STM32L063C8T6,STM32L0,STM32L063,STM32L063C8,LQFP,48,64 KiB,-40..85 C,,,STM32L063C8Tx,ordering_pattern,deterministic_ordering_pattern,tcl/target/stm32l0.cfg,manufacturer_ordering_information,https://www.st.com/resource/en/datasheet/stm32l063c8.pdf,STMicroelectronics official,verified_st_datasheet_ordering_information_plus_retained_exact_identity
STMicroelectronics,STM32L063C8U6,STM32L0,STM32L063,STM32L063C8,UFQFPN,48,64 KiB,-40..85 C,,,STM32L063C8Ux,ordering_pattern,deterministic_ordering_pattern,tcl/target/stm32l0.cfg,manufacturer_ordering_information,https://www.st.com/resource/en/datasheet/stm32l063c8.pdf,STMicroelectronics official,verified_st_datasheet_ordering_information_plus_retained_exact_identity
STMicroelectronics,STM32L063R8T6,STM32L0,STM32L063,STM32L063R8,LQFP,64,64 KiB,-40..85 C,,,STM32L063R8Tx,ordering_pattern,deterministic_ordering_pattern,tcl/target/stm32l0.cfg,manufacturer_ordering_information,https://www.st.com/resource/en/datasheet/stm32l063c8.pdf,STMicroelectronics official,verified_st_datasheet_ordering_information_plus_retained_exact_identity
STMicroelectronics,STM32L063R8T6TR,STM32L0,STM32L063,STM32L063R8,LQFP,64,64 KiB,-40..85 C,TR,,STM32L063R8Tx,ordering_pattern,deterministic_ordering_pattern,tcl/target/stm32l0.cfg,manufacturer_ordering_information,https://www.st.com/resource/en/datasheet/stm32l063c8.pdf,STMicroelectronics official,verified_st_datasheet_ordering_information_plus_retained_exact_identity
STMicroelectronics,STM32L063R8T7,STM32L0,STM32L063,STM32L063R8,LQFP,64,64 KiB,-40..105 C,,,STM32L063R8Tx,ordering_pattern,deterministic_ordering_pattern,tcl/target/stm32l0.cfg,manufacturer_ordering_information,https://www.st.com/resource/en/datasheet/stm32l063c8.pdf,STMicroelectronics official,verified_st_datasheet_ordering_information_plus_retained_exact_identity
STMicroelectronics,STM32L071C8T6,STM32L0,STM32L071,STM32L071C8,LQFP,48,64 KiB,-40..85 C,,,STM32L071C8Tx,ordering_pattern,deterministic_ordering_pattern,tcl/target/stm32l0.cfg,manufacturer_ordering_information,https://www.st.com/resource/en/datasheet/stm32l071c8.pdf,STMicroelectronics official,verified_st_datasheet_ordering_information_plus_retained_exact_identity
STMicroelectronics,STM32L071C8T6TR,STM32L0,STM32L071,STM32L071C8,LQFP,48,64 KiB,-40..85 C,TR,,STM32L071C8Tx,ordering_pattern,deterministic_ordering_pattern,tcl/target/stm32l0.cfg,manufacturer_ordering_information,https://www.st.com/resource/en/datasheet/stm32l071c8.pdf,STMicroelectronics official,verified_st_datasheet_ordering_information_plus_retained_exact_identity
STMicroelectronics,STM32L071C8T7,STM32L0,STM32L071,STM32L071C8,LQFP,48,64 KiB,-40..105 C,,,STM32L071C8Tx,ordering_pattern,deterministic_ordering_pattern,tcl/target/stm32l0.cfg,manufacturer_ordering_information,https://www.st.com/resource/en/datasheet/stm32l071c8.pdf,STMicroelectronics official,verified_st_datasheet_ordering_information_plus_retained_exact_identity
STMicroelectronics,STM32L071C8U6,STM32L0,STM32L071,STM32L071C8,UFQFPN,48,64 KiB,-40..85 C,,,STM32L071C8Ux,ordering_pattern,deterministic_ordering_pattern,tcl/target/stm32l0.cfg,manufacturer_ordering_information,https://www.st.com/resource/en/datasheet/stm32l071c8.pdf,STMicroelectronics official,verified_st_datasheet_ordering_information_plus_retained_exact_identity
STMicroelectronics,STM32L071CBT3,STM32L0,STM32L071,STM32L071CB,LQFP,48,128 KiB,-40..125 C,,,STM32L071CBTx,ordering_pattern,deterministic_ordering_pattern,tcl/target/stm32l0.cfg,manufacturer_ordering_information,https://www.st.com/resource/en/datasheet/stm32l071c8.pdf,STMicroelectronics official,verified_st_datasheet_ordering_information_plus_retained_exact_identity
STMicroelectronics,STM32L071CBT3TR,STM32L0,STM32L071,STM32L071CB,LQFP,48,128 KiB,-40..125 C,TR,,STM32L071CBTx,ordering_pattern,deterministic_ordering_pattern,tcl/target/stm32l0.cfg,manufacturer_ordering_information,https://www.st.com/resource/en/datasheet/stm32l071c8.pdf,STMicroelectronics official,verified_st_datasheet_ordering_information_plus_retained_exact_identity
STMicroelectronics,STM32L071CBT6,STM32L0,STM32L071,STM32L071CB,LQFP,48,128 KiB,-40..85 C,,,STM32L071CBTx,ordering_pattern,deterministic_ordering_pattern,tcl/target/stm32l0.cfg,manufacturer_ordering_information,https://www.st.com/resource/en/datasheet/stm32l071c8.pdf,STMicroelectronics official,verified_st_datasheet_ordering_information_plus_retained_exact_identity
STMicroelectronics,STM32L071CBT6TR,STM32L0,STM32L071,STM32L071CB,LQFP,48,128 KiB,-40..85 C,TR,,STM32L071CBTx,ordering_pattern,deterministic_ordering_pattern,tcl/target/stm32l0.cfg,manufacturer_ordering_information,https://www.st.com/resource/en/datasheet/stm32l071c8.pdf,STMicroelectronics official,verified_st_datasheet_ordering_information_plus_retained_exact_identity
STMicroelectronics,STM32L071CBT7,STM32L0,STM32L071,STM32L071CB,LQFP,48,128 KiB,-40..105 C,,,STM32L071CBTx,ordering_pattern,deterministic_ordering_pattern,tcl/target/stm32l0.cfg,manufacturer_ordering_information,https://www.st.com/resource/en/datasheet/stm32l071c8.pdf,STMicroelectronics official,verified_st_datasheet_ordering_information_plus_retained_exact_identity
STMicroelectronics,STM32L071CBU6,STM32L0,STM32L071,STM32L071CB,UFQFPN,48,128 KiB,-40..85 C,,,STM32L071CBUx,ordering_pattern,deterministic_ordering_pattern,tcl/target/stm32l0.cfg,manufacturer_ordering_information,https://www.st.com/resource/en/datasheet/stm32l071c8.pdf,STMicroelectronics official,verified_st_datasheet_ordering_information_plus_retained_exact_identity
STMicroelectronics,STM32L071CBU6TR,STM32L0,STM32L071,STM32L071CB,UFQFPN,48,128 KiB,-40..85 C,TR,,STM32L071CBUx,ordering_pattern,deterministic_ordering_pattern,tcl/target/stm32l0.cfg,manufacturer_ordering_information,https://www.st.com/resource/en/datasheet/stm32l071c8.pdf,STMicroelectronics official,verified_st_datasheet_ordering_information_plus_retained_exact_identity
STMicroelectronics,STM32L071CBY6TR,STM32L0,STM32L071,STM32L071CB,WLCSP,49,128 KiB,-40..85 C,TR,,STM32L071CBYx,ordering_pattern,deterministic_ordering_pattern,tcl/target/stm32l0.cfg,manufacturer_ordering_information,https://www.st.com/resource/en/datasheet/stm32l071c8.pdf,STMicroelectronics official,verified_st_datasheet_ordering_information_plus_retained_exact_identity
STMicroelectronics,STM32L071CZT3,STM32L0,STM32L071,STM32L071CZ,LQFP,48,192 KiB,-40..125 C,,,STM32L071CZTx,ordering_pattern,deterministic_ordering_pattern,tcl/target/stm32l0.cfg,manufacturer_ordering_information,https://www.st.com/resource/en/datasheet/stm32l071c8.pdf,STMicroelectronics official,verified_st_datasheet_ordering_information_plus_retained_exact_identity
STMicroelectronics,STM32L071CZT3TR,STM32L0,STM32L071,STM32L071CZ,LQFP,48,192 KiB,-40..125 C,TR,,STM32L071CZTx,ordering_pattern,deterministic_ordering_pattern,tcl/target/stm32l0.cfg,manufacturer_ordering_information,https://www.st.com/resource/en/datasheet/stm32l071c8.pdf,STMicroelectronics official,verified_st_datasheet_ordering_information_plus_retained_exact_identity
STMicroelectronics,STM32L071CZT6,STM32L0,STM32L071,STM32L071CZ,LQFP,48,192 KiB,-40..85 C,,,STM32L071CZTx,ordering_pattern,deterministic_ordering_pattern,tcl/target/stm32l0.cfg,manufacturer_ordering_information,https://www.st.com/resource/en/datasheet/stm32l071c8.pdf,STMicroelectronics official,verified_st_datasheet_ordering_information_plus_retained_exact_identity
STMicroelectronics,STM32L071CZT6TR,STM32L0,STM32L071,STM32L071CZ,LQFP,48,192 KiB,-40..85 C,TR,,STM32L071CZTx,ordering_pattern,deterministic_ordering_pattern,tcl/target/stm32l0.cfg,manufacturer_ordering_information,https://www.st.com/resource/en/datasheet/stm32l071c8.pdf,STMicroelectronics official,verified_st_datasheet_ordering_information_plus_retained_exact_identity
STMicroelectronics,STM32L071CZT7,STM32L0,STM32L071,STM32L071CZ,LQFP,48,192 KiB,-40..105 C,,,STM32L071CZTx,ordering_pattern,deterministic_ordering_pattern,tcl/target/stm32l0.cfg,manufacturer_ordering_information,https://www.st.com/resource/en/datasheet/stm32l071c8.pdf,STMicroelectronics official,verified_st_datasheet_ordering_information_plus_retained_exact_identity
STMicroelectronics,STM32L071CZT7TR,STM32L0,STM32L071,STM32L071CZ,LQFP,48,192 KiB,-40..105 C,TR,,STM32L071CZTx,ordering_pattern,deterministic_ordering_pattern,tcl/target/stm32l0.cfg,manufacturer_ordering_information,https://www.st.com/resource/en/datasheet/stm32l071c8.pdf,STMicroelectronics official,verified_st_datasheet_ordering_information_plus_retained_exact_identity
STMicroelectronics,STM32L071CZU6,STM32L0,STM32L071,STM32L071CZ,UFQFPN,48,192 KiB,-40..85 C,,,STM32L071CZUx,ordering_pattern,deterministic_ordering_pattern,tcl/target/stm32l0.cfg,manufacturer_ordering_information,https://www.st.com/resource/en/datasheet/stm32l071c8.pdf,STMicroelectronics official,verified_st_datasheet_ordering_information_plus_retained_exact_identity
STMicroelectronics,STM32L071CZU6TR,STM32L0,STM32L071,STM32L071CZ,UFQFPN,48,192 KiB,-40..85 C,TR,,STM32L071CZUx,ordering_pattern,deterministic_ordering_pattern,tcl/target/stm32l0.cfg,manufacturer_ordering_information,https://www.st.com/resource/en/datasheet/stm32l071c8.pdf,STMicroelectronics official,verified_st_datasheet_ordering_information_plus_retained_exact_identity
STMicroelectronics,STM32L071CZY6TR,STM32L0,STM32L071,STM32L071CZ,WLCSP,49,192 KiB,-40..85 C,TR,,STM32L071CZYx,ordering_pattern,deterministic_ordering_pattern,tcl/target/stm32l0.cfg,manufacturer_ordering_information,https://www.st.com/resource/en/datasheet/stm32l071c8.pdf,STMicroelectronics official,verified_st_datasheet_ordering_information_plus_retained_exact_identity
STMicroelectronics,STM32L071K8U3,STM32L0,STM32L071,STM32L071K8,UFQFPN,32,64 KiB,-40..125 C,,,STM32L071K8Ux,ordering_pattern,deterministic_ordering_pattern,tcl/target/stm32l0.cfg,manufacturer_ordering_information,https://www.st.com/resource/en/datasheet/stm32l071c8.pdf,STMicroelectronics official,verified_st_datasheet_ordering_information_plus_retained_exact_identity
STMicroelectronics,STM32L071K8U6,STM32L0,STM32L071,STM32L071K8,UFQFPN,32,64 KiB,-40..85 C,,,STM32L071K8Ux,ordering_pattern,deterministic_ordering_pattern,tcl/target/stm32l0.cfg,manufacturer_ordering_information,https://www.st.com/resource/en/datasheet/stm32l071c8.pdf,STMicroelectronics official,verified_st_datasheet_ordering_information_plus_retained_exact_identity
STMicroelectronics,STM32L071K8U6TR,STM32L0,STM32L071,STM32L071K8,UFQFPN,32,64 KiB,-40..85 C,TR,,STM32L071K8Ux,ordering_pattern,deterministic_ordering_pattern,tcl/target/stm32l0.cfg,manufacturer_ordering_information,https://www.st.com/resource/en/datasheet/stm32l071c8.pdf,STMicroelectronics official,verified_st_datasheet_ordering_information_plus_retained_exact_identity
STMicroelectronics,STM32L071KBT6,STM32L0,STM32L071,STM32L071KB,LQFP,32,128 KiB,-40..85 C,,,STM32L071KBTx,ordering_pattern,deterministic_ordering_pattern,tcl/target/stm32l0.cfg,manufacturer_ordering_information,https://www.st.com/resource/en/datasheet/stm32l071c8.pdf,STMicroelectronics official,verified_st_datasheet_ordering_information_plus_retained_exact_identity
STMicroelectronics,STM32L071KBT6TR,STM32L0,STM32L071,STM32L071KB,LQFP,32,128 KiB,-40..85 C,TR,,STM32L071KBTx,ordering_pattern,deterministic_ordering_pattern,tcl/target/stm32l0.cfg,manufacturer_ordering_information,https://www.st.com/resource/en/datasheet/stm32l071c8.pdf,STMicroelectronics official,verified_st_datasheet_ordering_information_plus_retained_exact_identity
STMicroelectronics,STM32L071KBU3,STM32L0,STM32L071,STM32L071KB,UFQFPN,32,128 KiB,-40..125 C,,,STM32L071KBUx,ordering_pattern,deterministic_ordering_pattern,tcl/target/stm32l0.cfg,manufacturer_ordering_information,https://www.st.com/resource/en/datasheet/stm32l071c8.pdf,STMicroelectronics official,verified_st_datasheet_ordering_information_plus_retained_exact_identity
STMicroelectronics,STM32L071KBU3TR,STM32L0,STM32L071,STM32L071KB,UFQFPN,32,128 KiB,-40..125 C,TR,,STM32L071KBUx,ordering_pattern,deterministic_ordering_pattern,tcl/target/stm32l0.cfg,manufacturer_ordering_information,https://www.st.com/resource/en/datasheet/stm32l071c8.pdf,STMicroelectronics official,verified_st_datasheet_ordering_information_plus_retained_exact_identity
STMicroelectronics,STM32L071KBU6,STM32L0,STM32L071,STM32L071KB,UFQFPN,32,128 KiB,-40..85 C,,,STM32L071KBUx,ordering_pattern,deterministic_ordering_pattern,tcl/target/stm32l0.cfg,manufacturer_ordering_information,https://www.st.com/resource/en/datasheet/stm32l071c8.pdf,STMicroelectronics official,verified_st_datasheet_ordering_information_plus_retained_exact_identity
STMicroelectronics,STM32L071KBU6TR,STM32L0,STM32L071,STM32L071KB,UFQFPN,32,128 KiB,-40..85 C,TR,,STM32L071KBUx,ordering_pattern,deterministic_ordering_pattern,tcl/target/stm32l0.cfg,manufacturer_ordering_information,https://www.st.com/resource/en/datasheet/stm32l071c8.pdf,STMicroelectronics official,verified_st_datasheet_ordering_information_plus_retained_exact_identity
STMicroelectronics,STM32L071KZT6,STM32L0,STM32L071,STM32L071KZ,LQFP,32,192 KiB,-40..85 C,,,STM32L071KZTx,ordering_pattern,deterministic_ordering_pattern,tcl/target/stm32l0.cfg,manufacturer_ordering_information,https://www.st.com/resource/en/datasheet/stm32l071c8.pdf,STMicroelectronics official,verified_st_datasheet_ordering_information_plus_retained_exact_identity
STMicroelectronics,STM32L071KZU3,STM32L0,STM32L071,STM32L071KZ,UFQFPN,32,192 KiB,-40..125 C,,,STM32L071KZUx,ordering_pattern,deterministic_ordering_pattern,tcl/target/stm32l0.cfg,manufacturer_ordering_information,https://www.st.com/resource/en/datasheet/stm32l071c8.pdf,STMicroelectronics official,verified_st_datasheet_ordering_information_plus_retained_exact_identity
STMicroelectronics,STM32L071KZU6,STM32L0,STM32L071,STM32L071KZ,UFQFPN,32,192 KiB,-40..85 C,,,STM32L071KZUx,ordering_pattern,deterministic_ordering_pattern,tcl/target/stm32l0.cfg,manufacturer_ordering_information,https://www.st.com/resource/en/datasheet/stm32l071c8.pdf,STMicroelectronics official,verified_st_datasheet_ordering_information_plus_retained_exact_identity
STMicroelectronics,STM32L071KZU6TR,STM32L0,STM32L071,STM32L071KZ,UFQFPN,32,192 KiB,-40..85 C,TR,,STM32L071KZUx,ordering_pattern,deterministic_ordering_pattern,tcl/target/stm32l0.cfg,manufacturer_ordering_information,https://www.st.com/resource/en/datasheet/stm32l071c8.pdf,STMicroelectronics official,verified_st_datasheet_ordering_information_plus_retained_exact_identity
STMicroelectronics,STM32L071RBH6,STM32L0,STM32L071,STM32L071RB,TFBGA,64,128 KiB,-40..85 C,,,STM32L071RBHx,ordering_pattern,deterministic_ordering_pattern,tcl/target/stm32l0.cfg,manufacturer_ordering_information,https://www.st.com/resource/en/datasheet/stm32l071c8.pdf,STMicroelectronics official,verified_st_datasheet_ordering_information_plus_retained_exact_identity
STMicroelectronics,STM32L071RBH6TR,STM32L0,STM32L071,STM32L071RB,TFBGA,64,128 KiB,-40..85 C,TR,,STM32L071RBHx,ordering_pattern,deterministic_ordering_pattern,tcl/target/stm32l0.cfg,manufacturer_ordering_information,https://www.st.com/resource/en/datasheet/stm32l071c8.pdf,STMicroelectronics official,verified_st_datasheet_ordering_information_plus_retained_exact_identity
STMicroelectronics,STM32L071RBH7,STM32L0,STM32L071,STM32L071RB,TFBGA,64,128 KiB,-40..105 C,,,STM32L071RBHx,ordering_pattern,deterministic_ordering_pattern,tcl/target/stm32l0.cfg,manufacturer_ordering_information,https://www.st.com/resource/en/datasheet/stm32l071c8.pdf,STMicroelectronics official,verified_st_datasheet_ordering_information_plus_retained_exact_identity
STMicroelectronics,STM32L071RBH7TR,STM32L0,STM32L071,STM32L071RB,TFBGA,64,128 KiB,-40..105 C,TR,,STM32L071RBHx,ordering_pattern,deterministic_ordering_pattern,tcl/target/stm32l0.cfg,manufacturer_ordering_information,https://www.st.com/resource/en/datasheet/stm32l071c8.pdf,STMicroelectronics official,verified_st_datasheet_ordering_information_plus_retained_exact_identity
STMicroelectronics,STM32L071RBT6,STM32L0,STM32L071,STM32L071RB,LQFP,64,128 KiB,-40..85 C,,,STM32L071RBTx,ordering_pattern,deterministic_ordering_pattern,tcl/target/stm32l0.cfg,manufacturer_ordering_information,https://www.st.com/resource/en/datasheet/stm32l071c8.pdf,STMicroelectronics official,verified_st_datasheet_ordering_information_plus_retained_exact_identity
STMicroelectronics,STM32L071RBT6TR,STM32L0,STM32L071,STM32L071RB,LQFP,64,128 KiB,-40..85 C,TR,,STM32L071RBTx,ordering_pattern,deterministic_ordering_pattern,tcl/target/stm32l0.cfg,manufacturer_ordering_information,https://www.st.com/resource/en/datasheet/stm32l071c8.pdf,STMicroelectronics official,verified_st_datasheet_ordering_information_plus_retained_exact_identity
STMicroelectronics,STM32L071RBT7,STM32L0,STM32L071,STM32L071RB,LQFP,64,128 KiB,-40..105 C,,,STM32L071RBTx,ordering_pattern,deterministic_ordering_pattern,tcl/target/stm32l0.cfg,manufacturer_ordering_information,https://www.st.com/resource/en/datasheet/stm32l071c8.pdf,STMicroelectronics official,verified_st_datasheet_ordering_information_plus_retained_exact_identity
STMicroelectronics,STM32L071RZH6,STM32L0,STM32L071,STM32L071RZ,TFBGA,64,192 KiB,-40..85 C,,,STM32L071RZHx,ordering_pattern,deterministic_ordering_pattern,tcl/target/stm32l0.cfg,manufacturer_ordering_information,https://www.st.com/resource/en/datasheet/stm32l071c8.pdf,STMicroelectronics official,verified_st_datasheet_ordering_information_plus_retained_exact_identity
STMicroelectronics,STM32L071RZH6TR,STM32L0,STM32L071,STM32L071RZ,TFBGA,64,192 KiB,-40..85 C,TR,,STM32L071RZHx,ordering_pattern,deterministic_ordering_pattern,tcl/target/stm32l0.cfg,manufacturer_ordering_information,https://www.st.com/resource/en/datasheet/stm32l071c8.pdf,STMicroelectronics official,verified_st_datasheet_ordering_information_plus_retained_exact_identity
STMicroelectronics,STM32L071RZT6,STM32L0,STM32L071,STM32L071RZ,LQFP,64,192 KiB,-40..85 C,,,STM32L071RZTx,ordering_pattern,deterministic_ordering_pattern,tcl/target/stm32l0.cfg,manufacturer_ordering_information,https://www.st.com/resource/en/datasheet/stm32l071c8.pdf,STMicroelectronics official,verified_st_datasheet_ordering_information_plus_retained_exact_identity
STMicroelectronics,STM32L071RZT6TR,STM32L0,STM32L071,STM32L071RZ,LQFP,64,192 KiB,-40..85 C,TR,,STM32L071RZTx,ordering_pattern,deterministic_ordering_pattern,tcl/target/stm32l0.cfg,manufacturer_ordering_information,https://www.st.com/resource/en/datasheet/stm32l071c8.pdf,STMicroelectronics official,verified_st_datasheet_ordering_information_plus_retained_exact_identity
STMicroelectronics,STM32L071V8T6,STM32L0,STM32L071,STM32L071V8,LQFP,100,64 KiB,-40..85 C,,,STM32L071V8Tx,ordering_pattern,deterministic_ordering_pattern,tcl/target/stm32l0.cfg,manufacturer_ordering_information,https://www.st.com/resource/en/datasheet/stm32l071c8.pdf,STMicroelectronics official,verified_st_datasheet_ordering_information_plus_retained_exact_identity
STMicroelectronics,STM32L071V8T6TR,STM32L0,STM32L071,STM32L071V8,LQFP,100,64 KiB,-40..85 C,TR,,STM32L071V8Tx,ordering_pattern,deterministic_ordering_pattern,tcl/target/stm32l0.cfg,manufacturer_ordering_information,https://www.st.com/resource/en/datasheet/stm32l071c8.pdf,STMicroelectronics official,verified_st_datasheet_ordering_information_plus_retained_exact_identity
STMicroelectronics,STM32L071VBT6,STM32L0,STM32L071,STM32L071VB,LQFP,100,128 KiB,-40..85 C,,,STM32L071VBTx,ordering_pattern,deterministic_ordering_pattern,tcl/target/stm32l0.cfg,manufacturer_ordering_information,https://www.st.com/resource/en/datasheet/stm32l071c8.pdf,STMicroelectronics official,verified_st_datasheet_ordering_information_plus_retained_exact_identity
STMicroelectronics,STM32L071VBT6TR,STM32L0,STM32L071,STM32L071VB,LQFP,100,128 KiB,-40..85 C,TR,,STM32L071VBTx,ordering_pattern,deterministic_ordering_pattern,tcl/target/stm32l0.cfg,manufacturer_ordering_information,https://www.st.com/resource/en/datasheet/stm32l071c8.pdf,STMicroelectronics official,verified_st_datasheet_ordering_information_plus_retained_exact_identity
STMicroelectronics,STM32L071VZT6,STM32L0,STM32L071,STM32L071VZ,LQFP,100,192 KiB,-40..85 C,,,STM32L071VZTx,ordering_pattern,deterministic_ordering_pattern,tcl/target/stm32l0.cfg,manufacturer_ordering_information,https://www.st.com/resource/en/datasheet/stm32l071c8.pdf,STMicroelectronics official,verified_st_datasheet_ordering_information_plus_retained_exact_identity
STMicroelectronics,STM32L072CBT6,STM32L0,STM32L072,STM32L072CB,LQFP,48,128 KiB,-40..85 C,,,STM32L072CBTx,ordering_pattern,deterministic_ordering_pattern,tcl/target/stm32l0.cfg,manufacturer_ordering_information,https://www.st.com/resource/en/datasheet/stm32l072cb.pdf,STMicroelectronics official,verified_st_datasheet_ordering_information_plus_retained_exact_identity
STMicroelectronics,STM32L072CBT6TR,STM32L0,STM32L072,STM32L072CB,LQFP,48,128 KiB,-40..85 C,TR,,STM32L072CBTx,ordering_pattern,deterministic_ordering_pattern,tcl/target/stm32l0.cfg,manufacturer_ordering_information,https://www.st.com/resource/en/datasheet/stm32l072cb.pdf,STMicroelectronics official,verified_st_datasheet_ordering_information_plus_retained_exact_identity
STMicroelectronics,STM32L072CBU6,STM32L0,STM32L072,STM32L072CB,UFQFPN,48,128 KiB,-40..85 C,,,STM32L072CBUx,ordering_pattern,deterministic_ordering_pattern,tcl/target/stm32l0.cfg,manufacturer_ordering_information,https://www.st.com/resource/en/datasheet/stm32l072cb.pdf,STMicroelectronics official,verified_st_datasheet_ordering_information_plus_retained_exact_identity
STMicroelectronics,STM32L072CBY6TR,STM32L0,STM32L072,STM32L072CB,WLCSP,49,128 KiB,-40..85 C,TR,,STM32L072CBYx,ordering_pattern,deterministic_ordering_pattern,tcl/target/stm32l0.cfg,manufacturer_ordering_information,https://www.st.com/resource/en/datasheet/stm32l072cb.pdf,STMicroelectronics official,verified_st_datasheet_ordering_information_plus_retained_exact_identity
STMicroelectronics,STM32L072CZT6,STM32L0,STM32L072,STM32L072CZ,LQFP,48,192 KiB,-40..85 C,,,STM32L072CZTx,ordering_pattern,deterministic_ordering_pattern,tcl/target/stm32l0.cfg,manufacturer_ordering_information,https://www.st.com/resource/en/datasheet/stm32l072cb.pdf,STMicroelectronics official,verified_st_datasheet_ordering_information_plus_retained_exact_identity
STMicroelectronics,STM32L072CZT6TR,STM32L0,STM32L072,STM32L072CZ,LQFP,48,192 KiB,-40..85 C,TR,,STM32L072CZTx,ordering_pattern,deterministic_ordering_pattern,tcl/target/stm32l0.cfg,manufacturer_ordering_information,https://www.st.com/resource/en/datasheet/stm32l072cb.pdf,STMicroelectronics official,verified_st_datasheet_ordering_information_plus_retained_exact_identity
STMicroelectronics,STM32L072CZT7,STM32L0,STM32L072,STM32L072CZ,LQFP,48,192 KiB,-40..105 C,,,STM32L072CZTx,ordering_pattern,deterministic_ordering_pattern,tcl/target/stm32l0.cfg,manufacturer_ordering_information,https://www.st.com/resource/en/datasheet/stm32l072cb.pdf,STMicroelectronics official,verified_st_datasheet_ordering_information_plus_retained_exact_identity
STMicroelectronics,STM32L072CZT7TR,STM32L0,STM32L072,STM32L072CZ,LQFP,48,192 KiB,-40..105 C,TR,,STM32L072CZTx,ordering_pattern,deterministic_ordering_pattern,tcl/target/stm32l0.cfg,manufacturer_ordering_information,https://www.st.com/resource/en/datasheet/stm32l072cb.pdf,STMicroelectronics official,verified_st_datasheet_ordering_information_plus_retained_exact_identity
STMicroelectronics,STM32L072CZU6,STM32L0,STM32L072,STM32L072CZ,UFQFPN,48,192 KiB,-40..85 C,,,STM32L072CZUx,ordering_pattern,deterministic_ordering_pattern,tcl/target/stm32l0.cfg,manufacturer_ordering_information,https://www.st.com/resource/en/datasheet/stm32l072cb.pdf,STMicroelectronics official,verified_st_datasheet_ordering_information_plus_retained_exact_identity
STMicroelectronics,STM32L072CZU6TR,STM32L0,STM32L072,STM32L072CZ,UFQFPN,48,192 KiB,-40..85 C,TR,,STM32L072CZUx,ordering_pattern,deterministic_ordering_pattern,tcl/target/stm32l0.cfg,manufacturer_ordering_information,https://www.st.com/resource/en/datasheet/stm32l072cb.pdf,STMicroelectronics official,verified_st_datasheet_ordering_information_plus_retained_exact_identity
STMicroelectronics,STM32L072CZY3TR,STM32L0,STM32L072,STM32L072CZ,WLCSP,49,192 KiB,-40..125 C,TR,,STM32L072CZYx,ordering_pattern,deterministic_ordering_pattern,tcl/target/stm32l0.cfg,manufacturer_ordering_information,https://www.st.com/resource/en/datasheet/stm32l072cb.pdf,STMicroelectronics official,verified_st_datasheet_ordering_information_plus_retained_exact_identity
STMicroelectronics,STM32L072CZY6DTR,STM32L0,STM32L072,STM32L072CZ,WLCSP,49,192 KiB,-40..85 C,DTR,,STM32L072CZYx,ordering_pattern,deterministic_ordering_pattern,tcl/target/stm32l0.cfg,manufacturer_ordering_information,https://www.st.com/resource/en/datasheet/stm32l072cb.pdf,STMicroelectronics official,verified_st_datasheet_ordering_information_plus_retained_exact_identity
STMicroelectronics,STM32L072CZY6TR,STM32L0,STM32L072,STM32L072CZ,WLCSP,49,192 KiB,-40..85 C,TR,,STM32L072CZYx,ordering_pattern,deterministic_ordering_pattern,tcl/target/stm32l0.cfg,manufacturer_ordering_information,https://www.st.com/resource/en/datasheet/stm32l072cb.pdf,STMicroelectronics official,verified_st_datasheet_ordering_information_plus_retained_exact_identity
STMicroelectronics,STM32L072KBU3,STM32L0,STM32L072,STM32L072KB,UFQFPN,32,128 KiB,-40..125 C,,,STM32L072KBUx,ordering_pattern,deterministic_ordering_pattern,tcl/target/stm32l0.cfg,manufacturer_ordering_information,https://www.st.com/resource/en/datasheet/stm32l072cb.pdf,STMicroelectronics official,verified_st_datasheet_ordering_information_plus_retained_exact_identity
STMicroelectronics,STM32L072KBU3TR,STM32L0,STM32L072,STM32L072KB,UFQFPN,32,128 KiB,-40..125 C,TR,,STM32L072KBUx,ordering_pattern,deterministic_ordering_pattern,tcl/target/stm32l0.cfg,manufacturer_ordering_information,https://www.st.com/resource/en/datasheet/stm32l072cb.pdf,STMicroelectronics official,verified_st_datasheet_ordering_information_plus_retained_exact_identity
STMicroelectronics,STM32L072KBU6,STM32L0,STM32L072,STM32L072KB,UFQFPN,32,128 KiB,-40..85 C,,,STM32L072KBUx,ordering_pattern,deterministic_ordering_pattern,tcl/target/stm32l0.cfg,manufacturer_ordering_information,https://www.st.com/resource/en/datasheet/stm32l072cb.pdf,STMicroelectronics official,verified_st_datasheet_ordering_information_plus_retained_exact_identity
STMicroelectronics,STM32L072KBU6TR,STM32L0,STM32L072,STM32L072KB,UFQFPN,32,128 KiB,-40..85 C,TR,,STM32L072KBUx,ordering_pattern,deterministic_ordering_pattern,tcl/target/stm32l0.cfg,manufacturer_ordering_information,https://www.st.com/resource/en/datasheet/stm32l072cb.pdf,STMicroelectronics official,verified_st_datasheet_ordering_information_plus_retained_exact_identity
STMicroelectronics,STM32L072KBU7,STM32L0,STM32L072,STM32L072KB,UFQFPN,32,128 KiB,-40..105 C,,,STM32L072KBUx,ordering_pattern,deterministic_ordering_pattern,tcl/target/stm32l0.cfg,manufacturer_ordering_information,https://www.st.com/resource/en/datasheet/stm32l072cb.pdf,STMicroelectronics official,verified_st_datasheet_ordering_information_plus_retained_exact_identity
STMicroelectronics,STM32L072KBU7TR,STM32L0,STM32L072,STM32L072KB,UFQFPN,32,128 KiB,-40..105 C,TR,,STM32L072KBUx,ordering_pattern,deterministic_ordering_pattern,tcl/target/stm32l0.cfg,manufacturer_ordering_information,https://www.st.com/resource/en/datasheet/stm32l072cb.pdf,STMicroelectronics official,verified_st_datasheet_ordering_information_plus_retained_exact_identity
STMicroelectronics,STM32L072KZT6,STM32L0,STM32L072,STM32L072KZ,LQFP,32,192 KiB,-40..85 C,,,STM32L072KZTx,ordering_pattern,deterministic_ordering_pattern,tcl/target/stm32l0.cfg,manufacturer_ordering_information,https://www.st.com/resource/en/datasheet/stm32l072cb.pdf,STMicroelectronics official,verified_st_datasheet_ordering_information_plus_retained_exact_identity
STMicroelectronics,STM32L072KZU6,STM32L0,STM32L072,STM32L072KZ,UFQFPN,32,192 KiB,-40..85 C,,,STM32L072KZUx,ordering_pattern,deterministic_ordering_pattern,tcl/target/stm32l0.cfg,manufacturer_ordering_information,https://www.st.com/resource/en/datasheet/stm32l072cb.pdf,STMicroelectronics official,verified_st_datasheet_ordering_information_plus_retained_exact_identity
STMicroelectronics,STM32L072KZU6TR,STM32L0,STM32L072,STM32L072KZ,UFQFPN,32,192 KiB,-40..85 C,TR,,STM32L072KZUx,ordering_pattern,deterministic_ordering_pattern,tcl/target/stm32l0.cfg,manufacturer_ordering_information,https://www.st.com/resource/en/datasheet/stm32l072cb.pdf,STMicroelectronics official,verified_st_datasheet_ordering_information_plus_retained_exact_identity
STMicroelectronics,STM32L072KZU7,STM32L0,STM32L072,STM32L072KZ,UFQFPN,32,192 KiB,-40..105 C,,,STM32L072KZUx,ordering_pattern,deterministic_ordering_pattern,tcl/target/stm32l0.cfg,manufacturer_ordering_information,https://www.st.com/resource/en/datasheet/stm32l072cb.pdf,STMicroelectronics official,verified_st_datasheet_ordering_information_plus_retained_exact_identity
STMicroelectronics,STM32L072RBH6,STM32L0,STM32L072,STM32L072RB,TFBGA,64,128 KiB,-40..85 C,,,STM32L072RBHx,ordering_pattern,deterministic_ordering_pattern,tcl/target/stm32l0.cfg,manufacturer_ordering_information,https://www.st.com/resource/en/datasheet/stm32l072cb.pdf,STMicroelectronics official,verified_st_datasheet_ordering_information_plus_retained_exact_identity
STMicroelectronics,STM32L072RBH6TR,STM32L0,STM32L072,STM32L072RB,TFBGA,64,128 KiB,-40..85 C,TR,,STM32L072RBHx,ordering_pattern,deterministic_ordering_pattern,tcl/target/stm32l0.cfg,manufacturer_ordering_information,https://www.st.com/resource/en/datasheet/stm32l072cb.pdf,STMicroelectronics official,verified_st_datasheet_ordering_information_plus_retained_exact_identity
STMicroelectronics,STM32L072RBI6,STM32L0,STM32L072,STM32L072RB,UFBGA,64,128 KiB,-40..85 C,,,STM32L072RBIx,ordering_pattern,deterministic_ordering_pattern,tcl/target/stm32l0.cfg,manufacturer_ordering_information,https://www.st.com/resource/en/datasheet/stm32l072cb.pdf,STMicroelectronics official,verified_st_datasheet_ordering_information_plus_retained_exact_identity
STMicroelectronics,STM32L072RBI6TR,STM32L0,STM32L072,STM32L072RB,UFBGA,64,128 KiB,-40..85 C,TR,,STM32L072RBIx,ordering_pattern,deterministic_ordering_pattern,tcl/target/stm32l0.cfg,manufacturer_ordering_information,https://www.st.com/resource/en/datasheet/stm32l072cb.pdf,STMicroelectronics official,verified_st_datasheet_ordering_information_plus_retained_exact_identity
STMicroelectronics,STM32L072RBT3,STM32L0,STM32L072,STM32L072RB,LQFP,64,128 KiB,-40..125 C,,,STM32L072RBTx,ordering_pattern,deterministic_ordering_pattern,tcl/target/stm32l0.cfg,manufacturer_ordering_information,https://www.st.com/resource/en/datasheet/stm32l072cb.pdf,STMicroelectronics official,verified_st_datasheet_ordering_information_plus_retained_exact_identity
STMicroelectronics,STM32L072RBT6,STM32L0,STM32L072,STM32L072RB,LQFP,64,128 KiB,-40..85 C,,,STM32L072RBTx,ordering_pattern,deterministic_ordering_pattern,tcl/target/stm32l0.cfg,manufacturer_ordering_information,https://www.st.com/resource/en/datasheet/stm32l072cb.pdf,STMicroelectronics official,verified_st_datasheet_ordering_information_plus_retained_exact_identity
STMicroelectronics,STM32L072RBT6TR,STM32L0,STM32L072,STM32L072RB,LQFP,64,128 KiB,-40..85 C,TR,,STM32L072RBTx,ordering_pattern,deterministic_ordering_pattern,tcl/target/stm32l0.cfg,manufacturer_ordering_information,https://www.st.com/resource/en/datasheet/stm32l072cb.pdf,STMicroelectronics official,verified_st_datasheet_ordering_information_plus_retained_exact_identity
STMicroelectronics,STM32L072RZH6,STM32L0,STM32L072,STM32L072RZ,TFBGA,64,192 KiB,-40..85 C,,,STM32L072RZHx,ordering_pattern,deterministic_ordering_pattern,tcl/target/stm32l0.cfg,manufacturer_ordering_information,https://www.st.com/resource/en/datasheet/stm32l072cb.pdf,STMicroelectronics official,verified_st_datasheet_ordering_information_plus_retained_exact_identity
STMicroelectronics,STM32L072RZH6TR,STM32L0,STM32L072,STM32L072RZ,TFBGA,64,192 KiB,-40..85 C,TR,,STM32L072RZHx,ordering_pattern,deterministic_ordering_pattern,tcl/target/stm32l0.cfg,manufacturer_ordering_information,https://www.st.com/resource/en/datasheet/stm32l072cb.pdf,STMicroelectronics official,verified_st_datasheet_ordering_information_plus_retained_exact_identity
STMicroelectronics,STM32L072RZI6,STM32L0,STM32L072,STM32L072RZ,UFBGA,64,192 KiB,-40..85 C,,,STM32L072RZIx,ordering_pattern,deterministic_ordering_pattern,tcl/target/stm32l0.cfg,manufacturer_ordering_information,https://www.st.com/resource/en/datasheet/stm32l072cb.pdf,STMicroelectronics official,verified_st_datasheet_ordering_information_plus_retained_exact_identity
STMicroelectronics,STM32L072RZI6D,STM32L0,STM32L072,STM32L072RZ,UFBGA,64,192 KiB,-40..85 C,D,,STM32L072RZIx,ordering_pattern,deterministic_ordering_pattern,tcl/target/stm32l0.cfg,manufacturer_ordering_information,https://www.st.com/resource/en/datasheet/stm32l072cb.pdf,STMicroelectronics official,verified_st_datasheet_ordering_information_plus_retained_exact_identity
STMicroelectronics,STM32L072RZI6DTR,STM32L0,STM32L072,STM32L072RZ,UFBGA,64,192 KiB,-40..85 C,DTR,,STM32L072RZIx,ordering_pattern,deterministic_ordering_pattern,tcl/target/stm32l0.cfg,manufacturer_ordering_information,https://www.st.com/resource/en/datasheet/stm32l072cb.pdf,STMicroelectronics official,verified_st_datasheet_ordering_information_plus_retained_exact_identity
STMicroelectronics,STM32L072RZI6TR,STM32L0,STM32L072,STM32L072RZ,UFBGA,64,192 KiB,-40..85 C,TR,,STM32L072RZIx,ordering_pattern,deterministic_ordering_pattern,tcl/target/stm32l0.cfg,manufacturer_ordering_information,https://www.st.com/resource/en/datasheet/stm32l072cb.pdf,STMicroelectronics official,verified_st_datasheet_ordering_information_plus_retained_exact_identity
STMicroelectronics,STM32L072RZT6,STM32L0,STM32L072,STM32L072RZ,LQFP,64,192 KiB,-40..85 C,,,STM32L072RZTx,ordering_pattern,deterministic_ordering_pattern,tcl/target/stm32l0.cfg,manufacturer_ordering_information,https://www.st.com/resource/en/datasheet/stm32l072cb.pdf,STMicroelectronics official,verified_st_datasheet_ordering_information_plus_retained_exact_identity
STMicroelectronics,STM32L072RZT6TR,STM32L0,STM32L072,STM32L072RZ,LQFP,64,192 KiB,-40..85 C,TR,,STM32L072RZTx,ordering_pattern,deterministic_ordering_pattern,tcl/target/stm32l0.cfg,manufacturer_ordering_information,https://www.st.com/resource/en/datasheet/stm32l072cb.pdf,STMicroelectronics official,verified_st_datasheet_ordering_information_plus_retained_exact_identity
STMicroelectronics,STM32L072V8I6,STM32L0,STM32L072,STM32L072V8,UFBGA,100,64 KiB,-40..85 C,,,STM32L072V8Ix,ordering_pattern,deterministic_ordering_pattern,tcl/target/stm32l0.cfg,manufacturer_ordering_information,https://www.st.com/resource/en/datasheet/stm32l072cb.pdf,STMicroelectronics official,verified_st_datasheet_ordering_information_plus_retained_exact_identity
STMicroelectronics,STM32L072V8T6,STM32L0,STM32L072,STM32L072V8,LQFP,100,64 KiB,-40..85 C,,,STM32L072V8Tx,ordering_pattern,deterministic_ordering_pattern,tcl/target/stm32l0.cfg,manufacturer_ordering_information,https://www.st.com/resource/en/datasheet/stm32l072cb.pdf,STMicroelectronics official,verified_st_datasheet_ordering_information_plus_retained_exact_identity
STMicroelectronics,STM32L072VBI6,STM32L0,STM32L072,STM32L072VB,UFBGA,100,128 KiB,-40..85 C,,,STM32L072VBIx,ordering_pattern,deterministic_ordering_pattern,tcl/target/stm32l0.cfg,manufacturer_ordering_information,https://www.st.com/resource/en/datasheet/stm32l072cb.pdf,STMicroelectronics official,verified_st_datasheet_ordering_information_plus_retained_exact_identity
STMicroelectronics,STM32L072VBT6,STM32L0,STM32L072,STM32L072VB,LQFP,100,128 KiB,-40..85 C,,,STM32L072VBTx,ordering_pattern,deterministic_ordering_pattern,tcl/target/stm32l0.cfg,manufacturer_ordering_information,https://www.st.com/resource/en/datasheet/stm32l072cb.pdf,STMicroelectronics official,verified_st_datasheet_ordering_information_plus_retained_exact_identity
STMicroelectronics,STM32L072VZI6,STM32L0,STM32L072,STM32L072VZ,UFBGA,100,192 KiB,-40..85 C,,,STM32L072VZIx,ordering_pattern,deterministic_ordering_pattern,tcl/target/stm32l0.cfg,manufacturer_ordering_information,https://www.st.com/resource/en/datasheet/stm32l072cb.pdf,STMicroelectronics official,verified_st_datasheet_ordering_information_plus_retained_exact_identity
STMicroelectronics,STM32L072VZT6,STM32L0,STM32L072,STM32L072VZ,LQFP,100,192 KiB,-40..85 C,,,STM32L072VZTx,ordering_pattern,deterministic_ordering_pattern,tcl/target/stm32l0.cfg,manufacturer_ordering_information,https://www.st.com/resource/en/datasheet/stm32l072cb.pdf,STMicroelectronics official,verified_st_datasheet_ordering_information_plus_retained_exact_identity
STMicroelectronics,STM32L073CBT6,STM32L0,STM32L073,STM32L073CB,LQFP,48,128 KiB,-40..85 C,,,STM32L073CBTx,ordering_pattern,deterministic_ordering_pattern,tcl/target/stm32l0.cfg,manufacturer_ordering_information,https://www.st.com/resource/en/datasheet/stm32l073cb.pdf,STMicroelectronics official,verified_st_datasheet_ordering_information_plus_retained_exact_identity
STMicroelectronics,STM32L073CBT6TR,STM32L0,STM32L073,STM32L073CB,LQFP,48,128 KiB,-40..85 C,TR,,STM32L073CBTx,ordering_pattern,deterministic_ordering_pattern,tcl/target/stm32l0.cfg,manufacturer_ordering_information,https://www.st.com/resource/en/datasheet/stm32l073cb.pdf,STMicroelectronics official,verified_st_datasheet_ordering_information_plus_retained_exact_identity
STMicroelectronics,STM32L073CBU6,STM32L0,STM32L073,STM32L073CB,UFQFPN,48,128 KiB,-40..85 C,,,STM32L073CBUx,ordering_pattern,deterministic_ordering_pattern,tcl/target/stm32l0.cfg,manufacturer_ordering_information,https://www.st.com/resource/en/datasheet/stm32l073cb.pdf,STMicroelectronics official,verified_st_datasheet_ordering_information_plus_retained_exact_identity
STMicroelectronics,STM32L073CZT3,STM32L0,STM32L073,STM32L073CZ,LQFP,48,192 KiB,-40..125 C,,,STM32L073CZTx,ordering_pattern,deterministic_ordering_pattern,tcl/target/stm32l0.cfg,manufacturer_ordering_information,https://www.st.com/resource/en/datasheet/stm32l073cb.pdf,STMicroelectronics official,verified_st_datasheet_ordering_information_plus_retained_exact_identity
STMicroelectronics,STM32L073CZT6,STM32L0,STM32L073,STM32L073CZ,LQFP,48,192 KiB,-40..85 C,,,STM32L073CZTx,ordering_pattern,deterministic_ordering_pattern,tcl/target/stm32l0.cfg,manufacturer_ordering_information,https://www.st.com/resource/en/datasheet/stm32l073cb.pdf,STMicroelectronics official,verified_st_datasheet_ordering_information_plus_retained_exact_identity
STMicroelectronics,STM32L073CZU6,STM32L0,STM32L073,STM32L073CZ,UFQFPN,48,192 KiB,-40..85 C,,,STM32L073CZUx,ordering_pattern,deterministic_ordering_pattern,tcl/target/stm32l0.cfg,manufacturer_ordering_information,https://www.st.com/resource/en/datasheet/stm32l073cb.pdf,STMicroelectronics official,verified_st_datasheet_ordering_information_plus_retained_exact_identity
STMicroelectronics,STM32L073CZU6D,STM32L0,STM32L073,STM32L073CZ,UFQFPN,48,192 KiB,-40..85 C,D,,STM32L073CZUx,ordering_pattern,deterministic_ordering_pattern,tcl/target/stm32l0.cfg,manufacturer_ordering_information,https://www.st.com/resource/en/datasheet/stm32l073cb.pdf,STMicroelectronics official,verified_st_datasheet_ordering_information_plus_retained_exact_identity
STMicroelectronics,STM32L073CZY6TR,STM32L0,STM32L073,STM32L073CZ,WLCSP,49,192 KiB,-40..85 C,TR,,STM32L073CZYx,ordering_pattern,deterministic_ordering_pattern,tcl/target/stm32l0.cfg,manufacturer_ordering_information,https://www.st.com/resource/en/datasheet/stm32l073cb.pdf,STMicroelectronics official,verified_st_datasheet_ordering_information_plus_retained_exact_identity
STMicroelectronics,STM32L073RBH6,STM32L0,STM32L073,STM32L073RB,TFBGA,64,128 KiB,-40..85 C,,,STM32L073RBHx,ordering_pattern,deterministic_ordering_pattern,tcl/target/stm32l0.cfg,manufacturer_ordering_information,https://www.st.com/resource/en/datasheet/stm32l073cb.pdf,STMicroelectronics official,verified_st_datasheet_ordering_information_plus_retained_exact_identity
STMicroelectronics,STM32L073RBH6TR,STM32L0,STM32L073,STM32L073RB,TFBGA,64,128 KiB,-40..85 C,TR,,STM32L073RBHx,ordering_pattern,deterministic_ordering_pattern,tcl/target/stm32l0.cfg,manufacturer_ordering_information,https://www.st.com/resource/en/datasheet/stm32l073cb.pdf,STMicroelectronics official,verified_st_datasheet_ordering_information_plus_retained_exact_identity
STMicroelectronics,STM32L073RBT6,STM32L0,STM32L073,STM32L073RB,LQFP,64,128 KiB,-40..85 C,,,STM32L073RBTx,ordering_pattern,deterministic_ordering_pattern,tcl/target/stm32l0.cfg,manufacturer_ordering_information,https://www.st.com/resource/en/datasheet/stm32l073cb.pdf,STMicroelectronics official,verified_st_datasheet_ordering_information_plus_retained_exact_identity
STMicroelectronics,STM32L073RBT6TR,STM32L0,STM32L073,STM32L073RB,LQFP,64,128 KiB,-40..85 C,TR,,STM32L073RBTx,ordering_pattern,deterministic_ordering_pattern,tcl/target/stm32l0.cfg,manufacturer_ordering_information,https://www.st.com/resource/en/datasheet/stm32l073cb.pdf,STMicroelectronics official,verified_st_datasheet_ordering_information_plus_retained_exact_identity
STMicroelectronics,STM32L073RBT7,STM32L0,STM32L073,STM32L073RB,LQFP,64,128 KiB,-40..105 C,,,STM32L073RBTx,ordering_pattern,deterministic_ordering_pattern,tcl/target/stm32l0.cfg,manufacturer_ordering_information,https://www.st.com/resource/en/datasheet/stm32l073cb.pdf,STMicroelectronics official,verified_st_datasheet_ordering_information_plus_retained_exact_identity
STMicroelectronics,STM32L073RZH6,STM32L0,STM32L073,STM32L073RZ,TFBGA,64,192 KiB,-40..85 C,,,STM32L073RZHx,ordering_pattern,deterministic_ordering_pattern,tcl/target/stm32l0.cfg,manufacturer_ordering_information,https://www.st.com/resource/en/datasheet/stm32l073cb.pdf,STMicroelectronics official,verified_st_datasheet_ordering_information_plus_retained_exact_identity
STMicroelectronics,STM32L073RZI6,STM32L0,STM32L073,STM32L073RZ,UFBGA,64,192 KiB,-40..85 C,,,STM32L073RZIx,ordering_pattern,deterministic_ordering_pattern,tcl/target/stm32l0.cfg,manufacturer_ordering_information,https://www.st.com/resource/en/datasheet/stm32l073cb.pdf,STMicroelectronics official,verified_st_datasheet_ordering_information_plus_retained_exact_identity
STMicroelectronics,STM32L073RZI6TR,STM32L0,STM32L073,STM32L073RZ,UFBGA,64,192 KiB,-40..85 C,TR,,STM32L073RZIx,ordering_pattern,deterministic_ordering_pattern,tcl/target/stm32l0.cfg,manufacturer_ordering_information,https://www.st.com/resource/en/datasheet/stm32l073cb.pdf,STMicroelectronics official,verified_st_datasheet_ordering_information_plus_retained_exact_identity
STMicroelectronics,STM32L073RZT3,STM32L0,STM32L073,STM32L073RZ,LQFP,64,192 KiB,-40..125 C,,,STM32L073RZTx,ordering_pattern,deterministic_ordering_pattern,tcl/target/stm32l0.cfg,manufacturer_ordering_information,https://www.st.com/resource/en/datasheet/stm32l073cb.pdf,STMicroelectronics official,verified_st_datasheet_ordering_information_plus_retained_exact_identity
STMicroelectronics,STM32L073RZT6,STM32L0,STM32L073,STM32L073RZ,LQFP,64,192 KiB,-40..85 C,,,STM32L073RZTx,ordering_pattern,deterministic_ordering_pattern,tcl/target/stm32l0.cfg,manufacturer_ordering_information,https://www.st.com/resource/en/datasheet/stm32l073cb.pdf,STMicroelectronics official,verified_st_datasheet_ordering_information_plus_retained_exact_identity
STMicroelectronics,STM32L073RZT6TR,STM32L0,STM32L073,STM32L073RZ,LQFP,64,192 KiB,-40..85 C,TR,,STM32L073RZTx,ordering_pattern,deterministic_ordering_pattern,tcl/target/stm32l0.cfg,manufacturer_ordering_information,https://www.st.com/resource/en/datasheet/stm32l073cb.pdf,STMicroelectronics official,verified_st_datasheet_ordering_information_plus_retained_exact_identity
STMicroelectronics,STM32L073V8T6,STM32L0,STM32L073,STM32L073V8,LQFP,100,64 KiB,-40..85 C,,,STM32L073V8Tx,ordering_pattern,deterministic_ordering_pattern,tcl/target/stm32l0.cfg,manufacturer_ordering_information,https://www.st.com/resource/en/datasheet/stm32l073cb.pdf,STMicroelectronics official,verified_st_datasheet_ordering_information_plus_retained_exact_identity
STMicroelectronics,STM32L073VBT6,STM32L0,STM32L073,STM32L073VB,LQFP,100,128 KiB,-40..85 C,,,STM32L073VBTx,ordering_pattern,deterministic_ordering_pattern,tcl/target/stm32l0.cfg,manufacturer_ordering_information,https://www.st.com/resource/en/datasheet/stm32l073cb.pdf,STMicroelectronics official,verified_st_datasheet_ordering_information_plus_retained_exact_identity
STMicroelectronics,STM32L073VBT6TR,STM32L0,STM32L073,STM32L073VB,LQFP,100,128 KiB,-40..85 C,TR,,STM32L073VBTx,ordering_pattern,deterministic_ordering_pattern,tcl/target/stm32l0.cfg,manufacturer_ordering_information,https://www.st.com/resource/en/datasheet/stm32l073cb.pdf,STMicroelectronics official,verified_st_datasheet_ordering_information_plus_retained_exact_identity
STMicroelectronics,STM32L073VBT7,STM32L0,STM32L073,STM32L073VB,LQFP,100,128 KiB,-40..105 C,,,STM32L073VBTx,ordering_pattern,deterministic_ordering_pattern,tcl/target/stm32l0.cfg,manufacturer_ordering_information,https://www.st.com/resource/en/datasheet/stm32l073cb.pdf,STMicroelectronics official,verified_st_datasheet_ordering_information_plus_retained_exact_identity
STMicroelectronics,STM32L073VBT7TR,STM32L0,STM32L073,STM32L073VB,LQFP,100,128 KiB,-40..105 C,TR,,STM32L073VBTx,ordering_pattern,deterministic_ordering_pattern,tcl/target/stm32l0.cfg,manufacturer_ordering_information,https://www.st.com/resource/en/datasheet/stm32l073cb.pdf,STMicroelectronics official,verified_st_datasheet_ordering_information_plus_retained_exact_identity
STMicroelectronics,STM32L073VZI6,STM32L0,STM32L073,STM32L073VZ,UFBGA,100,192 KiB,-40..85 C,,,STM32L073VZIx,ordering_pattern,deterministic_ordering_pattern,tcl/target/stm32l0.cfg,manufacturer_ordering_information,https://www.st.com/resource/en/datasheet/stm32l073cb.pdf,STMicroelectronics official,verified_st_datasheet_ordering_information_plus_retained_exact_identity
STMicroelectronics,STM32L073VZI6TR,STM32L0,STM32L073,STM32L073VZ,UFBGA,100,192 KiB,-40..85 C,TR,,STM32L073VZIx,ordering_pattern,deterministic_ordering_pattern,tcl/target/stm32l0.cfg,manufacturer_ordering_information,https://www.st.com/resource/en/datasheet/stm32l073cb.pdf,STMicroelectronics official,verified_st_datasheet_ordering_information_plus_retained_exact_identity
STMicroelectronics,STM32L073VZT3,STM32L0,STM32L073,STM32L073VZ,LQFP,100,192 KiB,-40..125 C,,,STM32L073VZTx,ordering_pattern,deterministic_ordering_pattern,tcl/target/stm32l0.cfg,manufacturer_ordering_information,https://www.st.com/resource/en/datasheet/stm32l073cb.pdf,STMicroelectronics official,verified_st_datasheet_ordering_information_plus_retained_exact_identity
STMicroelectronics,STM32L073VZT6,STM32L0,STM32L073,STM32L073VZ,LQFP,100,192 KiB,-40..85 C,,,STM32L073VZTx,ordering_pattern,deterministic_ordering_pattern,tcl/target/stm32l0.cfg,manufacturer_ordering_information,https://www.st.com/resource/en/datasheet/stm32l073cb.pdf,STMicroelectronics official,verified_st_datasheet_ordering_information_plus_retained_exact_identity
STMicroelectronics,STM32L073VZT6D,STM32L0,STM32L073,STM32L073VZ,LQFP,100,192 KiB,-40..85 C,D,,STM32L073VZTx,ordering_pattern,deterministic_ordering_pattern,tcl/target/stm32l0.cfg,manufacturer_ordering_information,https://www.st.com/resource/en/datasheet/stm32l073cb.pdf,STMicroelectronics official,verified_st_datasheet_ordering_information_plus_retained_exact_identity
STMicroelectronics,STM32L073VZT6TR,STM32L0,STM32L073,STM32L073VZ,LQFP,100,192 KiB,-40..85 C,TR,,STM32L073VZTx,ordering_pattern,deterministic_ordering_pattern,tcl/target/stm32l0.cfg,manufacturer_ordering_information,https://www.st.com/resource/en/datasheet/stm32l073cb.pdf,STMicroelectronics official,verified_st_datasheet_ordering_information_plus_retained_exact_identity
STMicroelectronics,STM32L081CBT6,STM32L0,STM32L081,STM32L081CB,LQFP,48,128 KiB,-40..85 C,,,STM32L081CBTx,ordering_pattern,deterministic_ordering_pattern,tcl/target/stm32l0.cfg,manufacturer_ordering_information,https://www.st.com/resource/en/datasheet/stm32l081cb.pdf,STMicroelectronics official,verified_st_datasheet_ordering_information_plus_retained_exact_identity
STMicroelectronics,STM32L081CBT6TR,STM32L0,STM32L081,STM32L081CB,LQFP,48,128 KiB,-40..85 C,TR,,STM32L081CBTx,ordering_pattern,deterministic_ordering_pattern,tcl/target/stm32l0.cfg,manufacturer_ordering_information,https://www.st.com/resource/en/datasheet/stm32l081cb.pdf,STMicroelectronics official,verified_st_datasheet_ordering_information_plus_retained_exact_identity
STMicroelectronics,STM32L081CZT6,STM32L0,STM32L081,STM32L081CZ,LQFP,48,192 KiB,-40..85 C,,,STM32L081CZTx,ordering_pattern,deterministic_ordering_pattern,tcl/target/stm32l0.cfg,manufacturer_ordering_information,https://www.st.com/resource/en/datasheet/stm32l081cb.pdf,STMicroelectronics official,verified_st_datasheet_ordering_information_plus_retained_exact_identity
STMicroelectronics,STM32L081CZU6,STM32L0,STM32L081,STM32L081CZ,UFQFPN,48,192 KiB,-40..85 C,,,STM32L081CZUx,ordering_pattern,deterministic_ordering_pattern,tcl/target/stm32l0.cfg,manufacturer_ordering_information,https://www.st.com/resource/en/datasheet/stm32l081cb.pdf,STMicroelectronics official,verified_st_datasheet_ordering_information_plus_retained_exact_identity
STMicroelectronics,STM32L081KZT6,STM32L0,STM32L081,STM32L081KZ,LQFP,32,192 KiB,-40..85 C,,,STM32L081KZTx,ordering_pattern,deterministic_ordering_pattern,tcl/target/stm32l0.cfg,manufacturer_ordering_information,https://www.st.com/resource/en/datasheet/stm32l081cb.pdf,STMicroelectronics official,verified_st_datasheet_ordering_information_plus_retained_exact_identity
STMicroelectronics,STM32L081KZU6,STM32L0,STM32L081,STM32L081KZ,UFQFPN,32,192 KiB,-40..85 C,,,STM32L081KZUx,ordering_pattern,deterministic_ordering_pattern,tcl/target/stm32l0.cfg,manufacturer_ordering_information,https://www.st.com/resource/en/datasheet/stm32l081cb.pdf,STMicroelectronics official,verified_st_datasheet_ordering_information_plus_retained_exact_identity
STMicroelectronics,STM32L081KZU6TR,STM32L0,STM32L081,STM32L081KZ,UFQFPN,32,192 KiB,-40..85 C,TR,,STM32L081KZUx,ordering_pattern,deterministic_ordering_pattern,tcl/target/stm32l0.cfg,manufacturer_ordering_information,https://www.st.com/resource/en/datasheet/stm32l081cb.pdf,STMicroelectronics official,verified_st_datasheet_ordering_information_plus_retained_exact_identity
STMicroelectronics,STM32L082CZU6,STM32L0,STM32L082,STM32L082CZ,UFQFPN,48,192 KiB,-40..85 C,,,STM32L082CZUx,ordering_pattern,deterministic_ordering_pattern,tcl/target/stm32l0.cfg,manufacturer_ordering_information,https://www.st.com/resource/en/datasheet/stm32l082cz.pdf,STMicroelectronics official,verified_st_datasheet_ordering_information_plus_retained_exact_identity
STMicroelectronics,STM32L082CZY3TR,STM32L0,STM32L082,STM32L082CZ,WLCSP,49,192 KiB,-40..125 C,TR,,STM32L082CZYx,ordering_pattern,deterministic_ordering_pattern,tcl/target/stm32l0.cfg,manufacturer_ordering_information,https://www.st.com/resource/en/datasheet/stm32l082cz.pdf,STMicroelectronics official,verified_st_datasheet_ordering_information_plus_retained_exact_identity
STMicroelectronics,STM32L082CZY6TR,STM32L0,STM32L082,STM32L082CZ,WLCSP,49,192 KiB,-40..85 C,TR,,STM32L082CZYx,ordering_pattern,deterministic_ordering_pattern,tcl/target/stm32l0.cfg,manufacturer_ordering_information,https://www.st.com/resource/en/datasheet/stm32l082cz.pdf,STMicroelectronics official,verified_st_datasheet_ordering_information_plus_retained_exact_identity
STMicroelectronics,STM32L082KBU6,STM32L0,STM32L082,STM32L082KB,UFQFPN,32,128 KiB,-40..85 C,,,STM32L082KBUx,ordering_pattern,deterministic_ordering_pattern,tcl/target/stm32l0.cfg,manufacturer_ordering_information,https://www.st.com/resource/en/datasheet/stm32l082cz.pdf,STMicroelectronics official,verified_st_datasheet_ordering_information_plus_retained_exact_identity
STMicroelectronics,STM32L082KZT6,STM32L0,STM32L082,STM32L082KZ,LQFP,32,192 KiB,-40..85 C,,,STM32L082KZTx,ordering_pattern,deterministic_ordering_pattern,tcl/target/stm32l0.cfg,manufacturer_ordering_information,https://www.st.com/resource/en/datasheet/stm32l082cz.pdf,STMicroelectronics official,verified_st_datasheet_ordering_information_plus_retained_exact_identity
STMicroelectronics,STM32L082KZU6,STM32L0,STM32L082,STM32L082KZ,UFQFPN,32,192 KiB,-40..85 C,,,STM32L082KZUx,ordering_pattern,deterministic_ordering_pattern,tcl/target/stm32l0.cfg,manufacturer_ordering_information,https://www.st.com/resource/en/datasheet/stm32l082cz.pdf,STMicroelectronics official,verified_st_datasheet_ordering_information_plus_retained_exact_identity
STMicroelectronics,STM32L082KZU6TR,STM32L0,STM32L082,STM32L082KZ,UFQFPN,32,192 KiB,-40..85 C,TR,,STM32L082KZUx,ordering_pattern,deterministic_ordering_pattern,tcl/target/stm32l0.cfg,manufacturer_ordering_information,https://www.st.com/resource/en/datasheet/stm32l082cz.pdf,STMicroelectronics official,verified_st_datasheet_ordering_information_plus_retained_exact_identity
STMicroelectronics,STM32L083CBT6,STM32L0,STM32L083,STM32L083CB,LQFP,48,128 KiB,-40..85 C,,,STM32L083CBTx,ordering_pattern,deterministic_ordering_pattern,tcl/target/stm32l0.cfg,manufacturer_ordering_information,https://www.st.com/resource/en/datasheet/stm32l083cz.pdf,STMicroelectronics official,verified_st_datasheet_ordering_information_plus_retained_exact_identity
STMicroelectronics,STM32L083CZT6,STM32L0,STM32L083,STM32L083CZ,LQFP,48,192 KiB,-40..85 C,,,STM32L083CZTx,ordering_pattern,deterministic_ordering_pattern,tcl/target/stm32l0.cfg,manufacturer_ordering_information,https://www.st.com/resource/en/datasheet/stm32l083cz.pdf,STMicroelectronics official,verified_st_datasheet_ordering_information_plus_retained_exact_identity
STMicroelectronics,STM32L083CZT6TR,STM32L0,STM32L083,STM32L083CZ,LQFP,48,192 KiB,-40..85 C,TR,,STM32L083CZTx,ordering_pattern,deterministic_ordering_pattern,tcl/target/stm32l0.cfg,manufacturer_ordering_information,https://www.st.com/resource/en/datasheet/stm32l083cz.pdf,STMicroelectronics official,verified_st_datasheet_ordering_information_plus_retained_exact_identity
STMicroelectronics,STM32L083CZU6,STM32L0,STM32L083,STM32L083CZ,UFQFPN,48,192 KiB,-40..85 C,,,STM32L083CZUx,ordering_pattern,deterministic_ordering_pattern,tcl/target/stm32l0.cfg,manufacturer_ordering_information,https://www.st.com/resource/en/datasheet/stm32l083cz.pdf,STMicroelectronics official,verified_st_datasheet_ordering_information_plus_retained_exact_identity
STMicroelectronics,STM32L083RBH6,STM32L0,STM32L083,STM32L083RB,TFBGA,64,128 KiB,-40..85 C,,,STM32L083RBHx,ordering_pattern,deterministic_ordering_pattern,tcl/target/stm32l0.cfg,manufacturer_ordering_information,https://www.st.com/resource/en/datasheet/stm32l083cz.pdf,STMicroelectronics official,verified_st_datasheet_ordering_information_plus_retained_exact_identity
STMicroelectronics,STM32L083RBT6,STM32L0,STM32L083,STM32L083RB,LQFP,64,128 KiB,-40..85 C,,,STM32L083RBTx,ordering_pattern,deterministic_ordering_pattern,tcl/target/stm32l0.cfg,manufacturer_ordering_information,https://www.st.com/resource/en/datasheet/stm32l083cz.pdf,STMicroelectronics official,verified_st_datasheet_ordering_information_plus_retained_exact_identity
STMicroelectronics,STM32L083RZH3TR,STM32L0,STM32L083,STM32L083RZ,TFBGA,64,192 KiB,-40..125 C,TR,,STM32L083RZHx,ordering_pattern,deterministic_ordering_pattern,tcl/target/stm32l0.cfg,manufacturer_ordering_information,https://www.st.com/resource/en/datasheet/stm32l083cz.pdf,STMicroelectronics official,verified_st_datasheet_ordering_information_plus_retained_exact_identity
STMicroelectronics,STM32L083RZH6,STM32L0,STM32L083,STM32L083RZ,TFBGA,64,192 KiB,-40..85 C,,,STM32L083RZHx,ordering_pattern,deterministic_ordering_pattern,tcl/target/stm32l0.cfg,manufacturer_ordering_information,https://www.st.com/resource/en/datasheet/stm32l083cz.pdf,STMicroelectronics official,verified_st_datasheet_ordering_information_plus_retained_exact_identity
STMicroelectronics,STM32L083RZT3TR,STM32L0,STM32L083,STM32L083RZ,LQFP,64,192 KiB,-40..125 C,TR,,STM32L083RZTx,ordering_pattern,deterministic_ordering_pattern,tcl/target/stm32l0.cfg,manufacturer_ordering_information,https://www.st.com/resource/en/datasheet/stm32l083cz.pdf,STMicroelectronics official,verified_st_datasheet_ordering_information_plus_retained_exact_identity
STMicroelectronics,STM32L083RZT6,STM32L0,STM32L083,STM32L083RZ,LQFP,64,192 KiB,-40..85 C,,,STM32L083RZTx,ordering_pattern,deterministic_ordering_pattern,tcl/target/stm32l0.cfg,manufacturer_ordering_information,https://www.st.com/resource/en/datasheet/stm32l083cz.pdf,STMicroelectronics official,verified_st_datasheet_ordering_information_plus_retained_exact_identity
STMicroelectronics,STM32L083RZT6TR,STM32L0,STM32L083,STM32L083RZ,LQFP,64,192 KiB,-40..85 C,TR,,STM32L083RZTx,ordering_pattern,deterministic_ordering_pattern,tcl/target/stm32l0.cfg,manufacturer_ordering_information,https://www.st.com/resource/en/datasheet/stm32l083cz.pdf,STMicroelectronics official,verified_st_datasheet_ordering_information_plus_retained_exact_identity
STMicroelectronics,STM32L083V8T6,STM32L0,STM32L083,STM32L083V8,LQFP,100,64 KiB,-40..85 C,,,STM32L083V8Tx,ordering_pattern,deterministic_ordering_pattern,tcl/target/stm32l0.cfg,manufacturer_ordering_information,https://www.st.com/resource/en/datasheet/stm32l083cz.pdf,STMicroelectronics official,verified_st_datasheet_ordering_information_plus_retained_exact_identity
STMicroelectronics,STM32L083VBT6,STM32L0,STM32L083,STM32L083VB,LQFP,100,128 KiB,-40..85 C,,,STM32L083VBTx,ordering_pattern,deterministic_ordering_pattern,tcl/target/stm32l0.cfg,manufacturer_ordering_information,https://www.st.com/resource/en/datasheet/stm32l083cz.pdf,STMicroelectronics official,verified_st_datasheet_ordering_information_plus_retained_exact_identity
STMicroelectronics,STM32L083VBT6TR,STM32L0,STM32L083,STM32L083VB,LQFP,100,128 KiB,-40..85 C,TR,,STM32L083VBTx,ordering_pattern,deterministic_ordering_pattern,tcl/target/stm32l0.cfg,manufacturer_ordering_information,https://www.st.com/resource/en/datasheet/stm32l083cz.pdf,STMicroelectronics official,verified_st_datasheet_ordering_information_plus_retained_exact_identity
STMicroelectronics,STM32L083VZI6,STM32L0,STM32L083,STM32L083VZ,UFBGA,100,192 KiB,-40..85 C,,,STM32L083VZIx,ordering_pattern,deterministic_ordering_pattern,tcl/target/stm32l0.cfg,manufacturer_ordering_information,https://www.st.com/resource/en/datasheet/stm32l083cz.pdf,STMicroelectronics official,verified_st_datasheet_ordering_information_plus_retained_exact_identity
STMicroelectronics,STM32L083VZT6,STM32L0,STM32L083,STM32L083VZ,LQFP,100,192 KiB,-40..85 C,,,STM32L083VZTx,ordering_pattern,deterministic_ordering_pattern,tcl/target/stm32l0.cfg,manufacturer_ordering_information,https://www.st.com/resource/en/datasheet/stm32l083cz.pdf,STMicroelectronics official,verified_st_datasheet_ordering_information_plus_retained_exact_identity
STMicroelectronics,STM32L083VZT6TR,STM32L0,STM32L083,STM32L083VZ,LQFP,100,192 KiB,-40..85 C,TR,,STM32L083VZTx,ordering_pattern,deterministic_ordering_pattern,tcl/target/stm32l0.cfg,manufacturer_ordering_information,https://www.st.com/resource/en/datasheet/stm32l083cz.pdf,STMicroelectronics official,verified_st_datasheet_ordering_information_plus_retained_exact_identity
