manufacturer,icpn,family,series,base_device,package,pin_count,flash_size,temperature_grade,option_suffix,cmsis_device_name,existing_identifier,existing_identifier_kind,mapping_status,openocd_target_config,source_type,source_reference,source_authority,verification_status
STMicroelectronics,STM32U535CBT6,STM32U5,STM32U535,STM32U535CB,LQFP,48,128 KiB,-40..85 C,,,STM32U535CBTx,ordering_pattern,deterministic_ordering_pattern,tcl/target/stm32u5x.cfg,official_st_datasheet_ordering_information_plus_retained_exact_identity,DS14217 Rev 5 Ordering Information,https://www.st.com/resource/en/datasheet/stm32u535ce.pdf,verified_st_datasheet_ordering_information_plus_retained_exact_identity
STMicroelectronics,STM32U535CBT6Q,STM32U5,STM32U535,STM32U535CB,LQFP,48,128 KiB,-40..85 C,Q,STM32U535CBTxQ,STM32U535CBTxQ,cmsis_device_name,deterministic_cmsis_device_name,tcl/target/stm32u5x.cfg,official_st_datasheet_ordering_information_plus_retained_exact_identity,DS14217 Rev 5 Ordering Information,https://www.st.com/resource/en/datasheet/stm32u535ce.pdf,verified_st_datasheet_ordering_information_plus_retained_exact_identity
STMicroelectronics,STM32U535CBU6,STM32U5,STM32U535,STM32U535CB,UFQFPN,48,128 KiB,-40..85 C,,,STM32U535CBUx,ordering_pattern,deterministic_ordering_pattern,tcl/target/stm32u5x.cfg,official_st_datasheet_ordering_information_plus_retained_exact_identity,DS14217 Rev 5 Ordering Information,https://www.st.com/resource/en/datasheet/stm32u535ce.pdf,verified_st_datasheet_ordering_information_plus_retained_exact_identity
STMicroelectronics,STM32U535CBU6Q,STM32U5,STM32U535,STM32U535CB,UFQFPN,48,128 KiB,-40..85 C,Q,STM32U535CBUxQ,STM32U535CBUxQ,cmsis_device_name,deterministic_cmsis_device_name,tcl/target/stm32u5x.cfg,official_st_datasheet_ordering_information_plus_retained_exact_identity,DS14217 Rev 5 Ordering Information,https://www.st.com/resource/en/datasheet/stm32u535ce.pdf,verified_st_datasheet_ordering_information_plus_retained_exact_identity
STMicroelectronics,STM32U535CCT6,STM32U5,STM32U535,STM32U535CC,LQFP,48,256 KiB,-40..85 C,,,STM32U535CCTx,ordering_pattern,deterministic_ordering_pattern,tcl/target/stm32u5x.cfg,official_st_datasheet_ordering_information_plus_retained_exact_identity,DS14217 Rev 5 Ordering Information,https://www.st.com/resource/en/datasheet/stm32u535ce.pdf,verified_st_datasheet_ordering_information_plus_retained_exact_identity
STMicroelectronics,STM32U535CCT6Q,STM32U5,STM32U535,STM32U535CC,LQFP,48,256 KiB,-40..85 C,Q,STM32U535CCTxQ,STM32U535CCTxQ,cmsis_device_name,deterministic_cmsis_device_name,tcl/target/stm32u5x.cfg,official_st_datasheet_ordering_information_plus_retained_exact_identity,DS14217 Rev 5 Ordering Information,https://www.st.com/resource/en/datasheet/stm32u535ce.pdf,verified_st_datasheet_ordering_information_plus_retained_exact_identity
STMicroelectronics,STM32U535CCU6,STM32U5,STM32U535,STM32U535CC,UFQFPN,48,256 KiB,-40..85 C,,,STM32U535CCUx,ordering_pattern,deterministic_ordering_pattern,tcl/target/stm32u5x.cfg,official_st_datasheet_ordering_information_plus_retained_exact_identity,DS14217 Rev 5 Ordering Information,https://www.st.com/resource/en/datasheet/stm32u535ce.pdf,verified_st_datasheet_ordering_information_plus_retained_exact_identity
STMicroelectronics,STM32U535CCU6Q,STM32U5,STM32U535,STM32U535CC,UFQFPN,48,256 KiB,-40..85 C,Q,STM32U535CCUxQ,STM32U535CCUxQ,cmsis_device_name,deterministic_cmsis_device_name,tcl/target/stm32u5x.cfg,official_st_datasheet_ordering_information_plus_retained_exact_identity,DS14217 Rev 5 Ordering Information,https://www.st.com/resource/en/datasheet/stm32u535ce.pdf,verified_st_datasheet_ordering_information_plus_retained_exact_identity
STMicroelectronics,STM32U535CCU6TR,STM32U5,STM32U535,STM32U535CC,UFQFPN,48,256 KiB,-40..85 C,TR,,STM32U535CCUx,ordering_pattern,deterministic_ordering_pattern,tcl/target/stm32u5x.cfg,official_st_datasheet_ordering_information_plus_retained_exact_identity,DS14217 Rev 5 Ordering Information,https://www.st.com/resource/en/datasheet/stm32u535ce.pdf,verified_st_datasheet_ordering_information_plus_retained_exact_identity
STMicroelectronics,STM32U535CET6,STM32U5,STM32U535,STM32U535CE,LQFP,48,512 KiB,-40..85 C,,,STM32U535CETx,ordering_pattern,deterministic_ordering_pattern,tcl/target/stm32u5x.cfg,official_st_datasheet_ordering_information_plus_retained_exact_identity,DS14217 Rev 5 Ordering Information,https://www.st.com/resource/en/datasheet/stm32u535ce.pdf,verified_st_datasheet_ordering_information_plus_retained_exact_identity
STMicroelectronics,STM32U535CET6Q,STM32U5,STM32U535,STM32U535CE,LQFP,48,512 KiB,-40..85 C,Q,STM32U535CETxQ,STM32U535CETxQ,cmsis_device_name,deterministic_cmsis_device_name,tcl/target/stm32u5x.cfg,official_st_datasheet_ordering_information_plus_retained_exact_identity,DS14217 Rev 5 Ordering Information,https://www.st.com/resource/en/datasheet/stm32u535ce.pdf,verified_st_datasheet_ordering_information_plus_retained_exact_identity
STMicroelectronics,STM32U535CEU3,STM32U5,STM32U535,STM32U535CE,UFQFPN,48,512 KiB,-40..125 C,,,STM32U535CEUx,ordering_pattern,deterministic_ordering_pattern,tcl/target/stm32u5x.cfg,official_st_datasheet_ordering_information_plus_retained_exact_identity,DS14217 Rev 5 Ordering Information,https://www.st.com/resource/en/datasheet/stm32u535ce.pdf,verified_st_datasheet_ordering_information_plus_retained_exact_identity
STMicroelectronics,STM32U535CEU3Q,STM32U5,STM32U535,STM32U535CE,UFQFPN,48,512 KiB,-40..125 C,Q,STM32U535CEUxQ,STM32U535CEUxQ,cmsis_device_name,deterministic_cmsis_device_name,tcl/target/stm32u5x.cfg,official_st_datasheet_ordering_information_plus_retained_exact_identity,DS14217 Rev 5 Ordering Information,https://www.st.com/resource/en/datasheet/stm32u535ce.pdf,verified_st_datasheet_ordering_information_plus_retained_exact_identity
STMicroelectronics,STM32U535CEU6,STM32U5,STM32U535,STM32U535CE,UFQFPN,48,512 KiB,-40..85 C,,,STM32U535CEUx,ordering_pattern,deterministic_ordering_pattern,tcl/target/stm32u5x.cfg,official_st_datasheet_ordering_information_plus_retained_exact_identity,DS14217 Rev 5 Ordering Information,https://www.st.com/resource/en/datasheet/stm32u535ce.pdf,verified_st_datasheet_ordering_information_plus_retained_exact_identity
STMicroelectronics,STM32U535CEU6Q,STM32U5,STM32U535,STM32U535CE,UFQFPN,48,512 KiB,-40..85 C,Q,STM32U535CEUxQ,STM32U535CEUxQ,cmsis_device_name,deterministic_cmsis_device_name,tcl/target/stm32u5x.cfg,official_st_datasheet_ordering_information_plus_retained_exact_identity,DS14217 Rev 5 Ordering Information,https://www.st.com/resource/en/datasheet/stm32u535ce.pdf,verified_st_datasheet_ordering_information_plus_retained_exact_identity
STMicroelectronics,STM32U535CEU6QTR,STM32U5,STM32U535,STM32U535CE,UFQFPN,48,512 KiB,-40..85 C,QTR,STM32U535CEUxQ,STM32U535CEUxQ,cmsis_device_name,deterministic_cmsis_device_name,tcl/target/stm32u5x.cfg,official_st_datasheet_ordering_information_plus_retained_exact_identity,DS14217 Rev 5 Ordering Information,https://www.st.com/resource/en/datasheet/stm32u535ce.pdf,verified_st_datasheet_ordering_information_plus_retained_exact_identity
STMicroelectronics,STM32U535CEU6TR,STM32U5,STM32U535,STM32U535CE,UFQFPN,48,512 KiB,-40..85 C,TR,,STM32U535CEUx,ordering_pattern,deterministic_ordering_pattern,tcl/target/stm32u5x.cfg,official_st_datasheet_ordering_information_plus_retained_exact_identity,DS14217 Rev 5 Ordering Information,https://www.st.com/resource/en/datasheet/stm32u535ce.pdf,verified_st_datasheet_ordering_information_plus_retained_exact_identity
STMicroelectronics,STM32U535JEY6QTR,STM32U5,STM32U535,STM32U535JE,WLCSP,72,512 KiB,-40..85 C,QTR,STM32U535JEYxQ,STM32U535JEYxQ,cmsis_device_name,deterministic_cmsis_device_name,tcl/target/stm32u5x.cfg,official_st_datasheet_ordering_information_plus_retained_exact_identity,DS14217 Rev 5 Ordering Information,https://www.st.com/resource/en/datasheet/stm32u535ce.pdf,verified_st_datasheet_ordering_information_plus_retained_exact_identity
STMicroelectronics,STM32U535NCY6QTR,STM32U5,STM32U535,STM32U535NC,WLCSP,56,256 KiB,-40..85 C,QTR,STM32U535NCYxQ,STM32U535NCYxQ,cmsis_device_name,deterministic_cmsis_device_name,tcl/target/stm32u5x.cfg,official_st_datasheet_ordering_information_plus_retained_exact_identity,DS14217 Rev 5 Ordering Information,https://www.st.com/resource/en/datasheet/stm32u535ce.pdf,verified_st_datasheet_ordering_information_plus_retained_exact_identity
STMicroelectronics,STM32U535NEY6QTR,STM32U5,STM32U535,STM32U535NE,WLCSP,56,512 KiB,-40..85 C,QTR,STM32U535NEYxQ,STM32U535NEYxQ,cmsis_device_name,deterministic_cmsis_device_name,tcl/target/stm32u5x.cfg,official_st_datasheet_ordering_information_plus_retained_exact_identity,DS14217 Rev 5 Ordering Information,https://www.st.com/resource/en/datasheet/stm32u535ce.pdf,verified_st_datasheet_ordering_information_plus_retained_exact_identity
STMicroelectronics,STM32U535RBI6Q,STM32U5,STM32U535,STM32U535RB,UFBGA,64,128 KiB,-40..85 C,Q,STM32U535RBIxQ,STM32U535RBIxQ,cmsis_device_name,deterministic_cmsis_device_name,tcl/target/stm32u5x.cfg,official_st_datasheet_ordering_information_plus_retained_exact_identity,DS14217 Rev 5 Ordering Information,https://www.st.com/resource/en/datasheet/stm32u535ce.pdf,verified_st_datasheet_ordering_information_plus_retained_exact_identity
STMicroelectronics,STM32U535RBT6,STM32U5,STM32U535,STM32U535RB,LQFP,64,128 KiB,-40..85 C,,,STM32U535RBTx,ordering_pattern,deterministic_ordering_pattern,tcl/target/stm32u5x.cfg,official_st_datasheet_ordering_information_plus_retained_exact_identity,DS14217 Rev 5 Ordering Information,https://www.st.com/resource/en/datasheet/stm32u535ce.pdf,verified_st_datasheet_ordering_information_plus_retained_exact_identity
STMicroelectronics,STM32U535RBT6Q,STM32U5,STM32U535,STM32U535RB,LQFP,64,128 KiB,-40..85 C,Q,STM32U535RBTxQ,STM32U535RBTxQ,cmsis_device_name,deterministic_cmsis_device_name,tcl/target/stm32u5x.cfg,official_st_datasheet_ordering_information_plus_retained_exact_identity,DS14217 Rev 5 Ordering Information,https://www.st.com/resource/en/datasheet/stm32u535ce.pdf,verified_st_datasheet_ordering_information_plus_retained_exact_identity
STMicroelectronics,STM32U535RCI6Q,STM32U5,STM32U535,STM32U535RC,UFBGA,64,256 KiB,-40..85 C,Q,STM32U535RCIxQ,STM32U535RCIxQ,cmsis_device_name,deterministic_cmsis_device_name,tcl/target/stm32u5x.cfg,official_st_datasheet_ordering_information_plus_retained_exact_identity,DS14217 Rev 5 Ordering Information,https://www.st.com/resource/en/datasheet/stm32u535ce.pdf,verified_st_datasheet_ordering_information_plus_retained_exact_identity
STMicroelectronics,STM32U535RCT3Q,STM32U5,STM32U535,STM32U535RC,LQFP,64,256 KiB,-40..125 C,Q,STM32U535RCTxQ,STM32U535RCTxQ,cmsis_device_name,deterministic_cmsis_device_name,tcl/target/stm32u5x.cfg,official_st_datasheet_ordering_information_plus_retained_exact_identity,DS14217 Rev 5 Ordering Information,https://www.st.com/resource/en/datasheet/stm32u535ce.pdf,verified_st_datasheet_ordering_information_plus_retained_exact_identity
STMicroelectronics,STM32U535RCT6,STM32U5,STM32U535,STM32U535RC,LQFP,64,256 KiB,-40..85 C,,,STM32U535RCTx,ordering_pattern,deterministic_ordering_pattern,tcl/target/stm32u5x.cfg,official_st_datasheet_ordering_information_plus_retained_exact_identity,DS14217 Rev 5 Ordering Information,https://www.st.com/resource/en/datasheet/stm32u535ce.pdf,verified_st_datasheet_ordering_information_plus_retained_exact_identity
STMicroelectronics,STM32U535RCT6Q,STM32U5,STM32U535,STM32U535RC,LQFP,64,256 KiB,-40..85 C,Q,STM32U535RCTxQ,STM32U535RCTxQ,cmsis_device_name,deterministic_cmsis_device_name,tcl/target/stm32u5x.cfg,official_st_datasheet_ordering_information_plus_retained_exact_identity,DS14217 Rev 5 Ordering Information,https://www.st.com/resource/en/datasheet/stm32u535ce.pdf,verified_st_datasheet_ordering_information_plus_retained_exact_identity
STMicroelectronics,STM32U535REI3Q,STM32U5,STM32U535,STM32U535RE,UFBGA,64,512 KiB,-40..125 C,Q,STM32U535REIxQ,STM32U535REIxQ,cmsis_device_name,deterministic_cmsis_device_name,tcl/target/stm32u5x.cfg,official_st_datasheet_ordering_information_plus_retained_exact_identity,DS14217 Rev 5 Ordering Information,https://www.st.com/resource/en/datasheet/stm32u535ce.pdf,verified_st_datasheet_ordering_information_plus_retained_exact_identity
STMicroelectronics,STM32U535REI6,STM32U5,STM32U535,STM32U535RE,UFBGA,64,512 KiB,-40..85 C,,,STM32U535REIx,ordering_pattern,deterministic_ordering_pattern,tcl/target/stm32u5x.cfg,official_st_datasheet_ordering_information_plus_retained_exact_identity,DS14217 Rev 5 Ordering Information,https://www.st.com/resource/en/datasheet/stm32u535ce.pdf,verified_st_datasheet_ordering_information_plus_retained_exact_identity
STMicroelectronics,STM32U535REI6Q,STM32U5,STM32U535,STM32U535RE,UFBGA,64,512 KiB,-40..85 C,Q,STM32U535REIxQ,STM32U535REIxQ,cmsis_device_name,deterministic_cmsis_device_name,tcl/target/stm32u5x.cfg,official_st_datasheet_ordering_information_plus_retained_exact_identity,DS14217 Rev 5 Ordering Information,https://www.st.com/resource/en/datasheet/stm32u535ce.pdf,verified_st_datasheet_ordering_information_plus_retained_exact_identity
STMicroelectronics,STM32U535REI6TR,STM32U5,STM32U535,STM32U535RE,UFBGA,64,512 KiB,-40..85 C,TR,,STM32U535REIx,ordering_pattern,deterministic_ordering_pattern,tcl/target/stm32u5x.cfg,official_st_datasheet_ordering_information_plus_retained_exact_identity,DS14217 Rev 5 Ordering Information,https://www.st.com/resource/en/datasheet/stm32u535ce.pdf,verified_st_datasheet_ordering_information_plus_retained_exact_identity
STMicroelectronics,STM32U535RET3Q,STM32U5,STM32U535,STM32U535RE,LQFP,64,512 KiB,-40..125 C,Q,STM32U535RETxQ,STM32U535RETxQ,cmsis_device_name,deterministic_cmsis_device_name,tcl/target/stm32u5x.cfg,official_st_datasheet_ordering_information_plus_retained_exact_identity,DS14217 Rev 5 Ordering Information,https://www.st.com/resource/en/datasheet/stm32u535ce.pdf,verified_st_datasheet_ordering_information_plus_retained_exact_identity
STMicroelectronics,STM32U535RET3QTR,STM32U5,STM32U535,STM32U535RE,LQFP,64,512 KiB,-40..125 C,QTR,STM32U535RETxQ,STM32U535RETxQ,cmsis_device_name,deterministic_cmsis_device_name,tcl/target/stm32u5x.cfg,official_st_datasheet_ordering_information_plus_retained_exact_identity,DS14217 Rev 5 Ordering Information,https://www.st.com/resource/en/datasheet/stm32u535ce.pdf,verified_st_datasheet_ordering_information_plus_retained_exact_identity
STMicroelectronics,STM32U535RET6,STM32U5,STM32U535,STM32U535RE,LQFP,64,512 KiB,-40..85 C,,,STM32U535RETx,ordering_pattern,deterministic_ordering_pattern,tcl/target/stm32u5x.cfg,official_st_datasheet_ordering_information_plus_retained_exact_identity,DS14217 Rev 5 Ordering Information,https://www.st.com/resource/en/datasheet/stm32u535ce.pdf,verified_st_datasheet_ordering_information_plus_retained_exact_identity
STMicroelectronics,STM32U535RET6Q,STM32U5,STM32U535,STM32U535RE,LQFP,64,512 KiB,-40..85 C,Q,STM32U535RETxQ,STM32U535RETxQ,cmsis_device_name,deterministic_cmsis_device_name,tcl/target/stm32u5x.cfg,official_st_datasheet_ordering_information_plus_retained_exact_identity,DS14217 Rev 5 Ordering Information,https://www.st.com/resource/en/datasheet/stm32u535ce.pdf,verified_st_datasheet_ordering_information_plus_retained_exact_identity
STMicroelectronics,STM32U535RET6QTR,STM32U5,STM32U535,STM32U535RE,LQFP,64,512 KiB,-40..85 C,QTR,STM32U535RETxQ,STM32U535RETxQ,cmsis_device_name,deterministic_cmsis_device_name,tcl/target/stm32u5x.cfg,official_st_datasheet_ordering_information_plus_retained_exact_identity,DS14217 Rev 5 Ordering Information,https://www.st.com/resource/en/datasheet/stm32u535ce.pdf,verified_st_datasheet_ordering_information_plus_retained_exact_identity
STMicroelectronics,STM32U535RET6TR,STM32U5,STM32U535,STM32U535RE,LQFP,64,512 KiB,-40..85 C,TR,,STM32U535RETx,ordering_pattern,deterministic_ordering_pattern,tcl/target/stm32u5x.cfg,official_st_datasheet_ordering_information_plus_retained_exact_identity,DS14217 Rev 5 Ordering Information,https://www.st.com/resource/en/datasheet/stm32u535ce.pdf,verified_st_datasheet_ordering_information_plus_retained_exact_identity
STMicroelectronics,STM32U535VCI6,STM32U5,STM32U535,STM32U535VC,UFBGA,100,256 KiB,-40..85 C,,,STM32U535VCIx,ordering_pattern,deterministic_ordering_pattern,tcl/target/stm32u5x.cfg,official_st_datasheet_ordering_information_plus_retained_exact_identity,DS14217 Rev 5 Ordering Information,https://www.st.com/resource/en/datasheet/stm32u535ce.pdf,verified_st_datasheet_ordering_information_plus_retained_exact_identity
STMicroelectronics,STM32U535VCI6Q,STM32U5,STM32U535,STM32U535VC,UFBGA,100,256 KiB,-40..85 C,Q,STM32U535VCIxQ,STM32U535VCIxQ,cmsis_device_name,deterministic_cmsis_device_name,tcl/target/stm32u5x.cfg,official_st_datasheet_ordering_information_plus_retained_exact_identity,DS14217 Rev 5 Ordering Information,https://www.st.com/resource/en/datasheet/stm32u535ce.pdf,verified_st_datasheet_ordering_information_plus_retained_exact_identity
STMicroelectronics,STM32U535VCT6,STM32U5,STM32U535,STM32U535VC,LQFP,100,256 KiB,-40..85 C,,,STM32U535VCTx,ordering_pattern,deterministic_ordering_pattern,tcl/target/stm32u5x.cfg,official_st_datasheet_ordering_information_plus_retained_exact_identity,DS14217 Rev 5 Ordering Information,https://www.st.com/resource/en/datasheet/stm32u535ce.pdf,verified_st_datasheet_ordering_information_plus_retained_exact_identity
STMicroelectronics,STM32U535VCT6Q,STM32U5,STM32U535,STM32U535VC,LQFP,100,256 KiB,-40..85 C,Q,STM32U535VCTxQ,STM32U535VCTxQ,cmsis_device_name,deterministic_cmsis_device_name,tcl/target/stm32u5x.cfg,official_st_datasheet_ordering_information_plus_retained_exact_identity,DS14217 Rev 5 Ordering Information,https://www.st.com/resource/en/datasheet/stm32u535ce.pdf,verified_st_datasheet_ordering_information_plus_retained_exact_identity
STMicroelectronics,STM32U535VEI3,STM32U5,STM32U535,STM32U535VE,UFBGA,100,512 KiB,-40..125 C,,,STM32U535VEIx,ordering_pattern,deterministic_ordering_pattern,tcl/target/stm32u5x.cfg,official_st_datasheet_ordering_information_plus_retained_exact_identity,DS14217 Rev 5 Ordering Information,https://www.st.com/resource/en/datasheet/stm32u535ce.pdf,verified_st_datasheet_ordering_information_plus_retained_exact_identity
STMicroelectronics,STM32U535VEI3Q,STM32U5,STM32U535,STM32U535VE,UFBGA,100,512 KiB,-40..125 C,Q,STM32U535VEIxQ,STM32U535VEIxQ,cmsis_device_name,deterministic_cmsis_device_name,tcl/target/stm32u5x.cfg,official_st_datasheet_ordering_information_plus_retained_exact_identity,DS14217 Rev 5 Ordering Information,https://www.st.com/resource/en/datasheet/stm32u535ce.pdf,verified_st_datasheet_ordering_information_plus_retained_exact_identity
STMicroelectronics,STM32U535VEI3QTR,STM32U5,STM32U535,STM32U535VE,UFBGA,100,512 KiB,-40..125 C,QTR,STM32U535VEIxQ,STM32U535VEIxQ,cmsis_device_name,deterministic_cmsis_device_name,tcl/target/stm32u5x.cfg,official_st_datasheet_ordering_information_plus_retained_exact_identity,DS14217 Rev 5 Ordering Information,https://www.st.com/resource/en/datasheet/stm32u535ce.pdf,verified_st_datasheet_ordering_information_plus_retained_exact_identity
STMicroelectronics,STM32U535VEI3TR,STM32U5,STM32U535,STM32U535VE,UFBGA,100,512 KiB,-40..125 C,TR,,STM32U535VEIx,ordering_pattern,deterministic_ordering_pattern,tcl/target/stm32u5x.cfg,official_st_datasheet_ordering_information_plus_retained_exact_identity,DS14217 Rev 5 Ordering Information,https://www.st.com/resource/en/datasheet/stm32u535ce.pdf,verified_st_datasheet_ordering_information_plus_retained_exact_identity
STMicroelectronics,STM32U535VEI6,STM32U5,STM32U535,STM32U535VE,UFBGA,100,512 KiB,-40..85 C,,,STM32U535VEIx,ordering_pattern,deterministic_ordering_pattern,tcl/target/stm32u5x.cfg,official_st_datasheet_ordering_information_plus_retained_exact_identity,DS14217 Rev 5 Ordering Information,https://www.st.com/resource/en/datasheet/stm32u535ce.pdf,verified_st_datasheet_ordering_information_plus_retained_exact_identity
STMicroelectronics,STM32U535VEI6Q,STM32U5,STM32U535,STM32U535VE,UFBGA,100,512 KiB,-40..85 C,Q,STM32U535VEIxQ,STM32U535VEIxQ,cmsis_device_name,deterministic_cmsis_device_name,tcl/target/stm32u5x.cfg,official_st_datasheet_ordering_information_plus_retained_exact_identity,DS14217 Rev 5 Ordering Information,https://www.st.com/resource/en/datasheet/stm32u535ce.pdf,verified_st_datasheet_ordering_information_plus_retained_exact_identity
STMicroelectronics,STM32U535VEI6TR,STM32U5,STM32U535,STM32U535VE,UFBGA,100,512 KiB,-40..85 C,TR,,STM32U535VEIx,ordering_pattern,deterministic_ordering_pattern,tcl/target/stm32u5x.cfg,official_st_datasheet_ordering_information_plus_retained_exact_identity,DS14217 Rev 5 Ordering Information,https://www.st.com/resource/en/datasheet/stm32u535ce.pdf,verified_st_datasheet_ordering_information_plus_retained_exact_identity
STMicroelectronics,STM32U535VET3Q,STM32U5,STM32U535,STM32U535VE,LQFP,100,512 KiB,-40..125 C,Q,STM32U535VETxQ,STM32U535VETxQ,cmsis_device_name,deterministic_cmsis_device_name,tcl/target/stm32u5x.cfg,official_st_datasheet_ordering_information_plus_retained_exact_identity,DS14217 Rev 5 Ordering Information,https://www.st.com/resource/en/datasheet/stm32u535ce.pdf,verified_st_datasheet_ordering_information_plus_retained_exact_identity
STMicroelectronics,STM32U535VET3QTR,STM32U5,STM32U535,STM32U535VE,LQFP,100,512 KiB,-40..125 C,QTR,STM32U535VETxQ,STM32U535VETxQ,cmsis_device_name,deterministic_cmsis_device_name,tcl/target/stm32u5x.cfg,official_st_datasheet_ordering_information_plus_retained_exact_identity,DS14217 Rev 5 Ordering Information,https://www.st.com/resource/en/datasheet/stm32u535ce.pdf,verified_st_datasheet_ordering_information_plus_retained_exact_identity
STMicroelectronics,STM32U535VET6,STM32U5,STM32U535,STM32U535VE,LQFP,100,512 KiB,-40..85 C,,,STM32U535VETx,ordering_pattern,deterministic_ordering_pattern,tcl/target/stm32u5x.cfg,official_st_datasheet_ordering_information_plus_retained_exact_identity,DS14217 Rev 5 Ordering Information,https://www.st.com/resource/en/datasheet/stm32u535ce.pdf,verified_st_datasheet_ordering_information_plus_retained_exact_identity
STMicroelectronics,STM32U535VET6Q,STM32U5,STM32U535,STM32U535VE,LQFP,100,512 KiB,-40..85 C,Q,STM32U535VETxQ,STM32U535VETxQ,cmsis_device_name,deterministic_cmsis_device_name,tcl/target/stm32u5x.cfg,official_st_datasheet_ordering_information_plus_retained_exact_identity,DS14217 Rev 5 Ordering Information,https://www.st.com/resource/en/datasheet/stm32u535ce.pdf,verified_st_datasheet_ordering_information_plus_retained_exact_identity
STMicroelectronics,STM32U535VET6TR,STM32U5,STM32U535,STM32U535VE,LQFP,100,512 KiB,-40..85 C,TR,,STM32U535VETx,ordering_pattern,deterministic_ordering_pattern,tcl/target/stm32u5x.cfg,official_st_datasheet_ordering_information_plus_retained_exact_identity,DS14217 Rev 5 Ordering Information,https://www.st.com/resource/en/datasheet/stm32u535ce.pdf,verified_st_datasheet_ordering_information_plus_retained_exact_identity
STMicroelectronics,STM32U545CET6,STM32U5,STM32U545,STM32U545CE,LQFP,48,512 KiB,-40..85 C,,,STM32U545CETx,ordering_pattern,deterministic_ordering_pattern,tcl/target/stm32u5x.cfg,official_st_datasheet_ordering_information_plus_retained_exact_identity,DS14216 Rev 5 Ordering Information,https://www.st.com/resource/en/datasheet/stm32u545ce.pdf,verified_st_datasheet_ordering_information_plus_retained_exact_identity
STMicroelectronics,STM32U545CET6Q,STM32U5,STM32U545,STM32U545CE,LQFP,48,512 KiB,-40..85 C,Q,STM32U545CETxQ,STM32U545CETxQ,cmsis_device_name,deterministic_cmsis_device_name,tcl/target/stm32u5x.cfg,official_st_datasheet_ordering_information_plus_retained_exact_identity,DS14216 Rev 5 Ordering Information,https://www.st.com/resource/en/datasheet/stm32u545ce.pdf,verified_st_datasheet_ordering_information_plus_retained_exact_identity
STMicroelectronics,STM32U545CEU6,STM32U5,STM32U545,STM32U545CE,UFQFPN,48,512 KiB,-40..85 C,,,STM32U545CEUx,ordering_pattern,deterministic_ordering_pattern,tcl/target/stm32u5x.cfg,official_st_datasheet_ordering_information_plus_retained_exact_identity,DS14216 Rev 5 Ordering Information,https://www.st.com/resource/en/datasheet/stm32u545ce.pdf,verified_st_datasheet_ordering_information_plus_retained_exact_identity
STMicroelectronics,STM32U545CEU6Q,STM32U5,STM32U545,STM32U545CE,UFQFPN,48,512 KiB,-40..85 C,Q,STM32U545CEUxQ,STM32U545CEUxQ,cmsis_device_name,deterministic_cmsis_device_name,tcl/target/stm32u5x.cfg,official_st_datasheet_ordering_information_plus_retained_exact_identity,DS14216 Rev 5 Ordering Information,https://www.st.com/resource/en/datasheet/stm32u545ce.pdf,verified_st_datasheet_ordering_information_plus_retained_exact_identity
STMicroelectronics,STM32U545CEU6TR,STM32U5,STM32U545,STM32U545CE,UFQFPN,48,512 KiB,-40..85 C,TR,,STM32U545CEUx,ordering_pattern,deterministic_ordering_pattern,tcl/target/stm32u5x.cfg,official_st_datasheet_ordering_information_plus_retained_exact_identity,DS14216 Rev 5 Ordering Information,https://www.st.com/resource/en/datasheet/stm32u545ce.pdf,verified_st_datasheet_ordering_information_plus_retained_exact_identity
STMicroelectronics,STM32U545JEY6QTR,STM32U5,STM32U545,STM32U545JE,WLCSP,72,512 KiB,-40..85 C,QTR,STM32U545JEYxQ,STM32U545JEYxQ,cmsis_device_name,deterministic_cmsis_device_name,tcl/target/stm32u5x.cfg,official_st_datasheet_ordering_information_plus_retained_exact_identity,DS14216 Rev 5 Ordering Information,https://www.st.com/resource/en/datasheet/stm32u545ce.pdf,verified_st_datasheet_ordering_information_plus_retained_exact_identity
STMicroelectronics,STM32U545NEY6QTR,STM32U5,STM32U545,STM32U545NE,WLCSP,56,512 KiB,-40..85 C,QTR,STM32U545NEYxQ,STM32U545NEYxQ,cmsis_device_name,deterministic_cmsis_device_name,tcl/target/stm32u5x.cfg,official_st_datasheet_ordering_information_plus_retained_exact_identity,DS14216 Rev 5 Ordering Information,https://www.st.com/resource/en/datasheet/stm32u545ce.pdf,verified_st_datasheet_ordering_information_plus_retained_exact_identity
STMicroelectronics,STM32U545REI6,STM32U5,STM32U545,STM32U545RE,UFBGA,64,512 KiB,-40..85 C,,,STM32U545REIx,ordering_pattern,deterministic_ordering_pattern,tcl/target/stm32u5x.cfg,official_st_datasheet_ordering_information_plus_retained_exact_identity,DS14216 Rev 5 Ordering Information,https://www.st.com/resource/en/datasheet/stm32u545ce.pdf,verified_st_datasheet_ordering_information_plus_retained_exact_identity
STMicroelectronics,STM32U545REI6Q,STM32U5,STM32U545,STM32U545RE,UFBGA,64,512 KiB,-40..85 C,Q,STM32U545REIxQ,STM32U545REIxQ,cmsis_device_name,deterministic_cmsis_device_name,tcl/target/stm32u5x.cfg,official_st_datasheet_ordering_information_plus_retained_exact_identity,DS14216 Rev 5 Ordering Information,https://www.st.com/resource/en/datasheet/stm32u545ce.pdf,verified_st_datasheet_ordering_information_plus_retained_exact_identity
STMicroelectronics,STM32U545RET3,STM32U5,STM32U545,STM32U545RE,LQFP,64,512 KiB,-40..125 C,,,STM32U545RETx,ordering_pattern,deterministic_ordering_pattern,tcl/target/stm32u5x.cfg,official_st_datasheet_ordering_information_plus_retained_exact_identity,DS14216 Rev 5 Ordering Information,https://www.st.com/resource/en/datasheet/stm32u545ce.pdf,verified_st_datasheet_ordering_information_plus_retained_exact_identity
STMicroelectronics,STM32U545RET6,STM32U5,STM32U545,STM32U545RE,LQFP,64,512 KiB,-40..85 C,,,STM32U545RETx,ordering_pattern,deterministic_ordering_pattern,tcl/target/stm32u5x.cfg,official_st_datasheet_ordering_information_plus_retained_exact_identity,DS14216 Rev 5 Ordering Information,https://www.st.com/resource/en/datasheet/stm32u545ce.pdf,verified_st_datasheet_ordering_information_plus_retained_exact_identity
STMicroelectronics,STM32U545RET6Q,STM32U5,STM32U545,STM32U545RE,LQFP,64,512 KiB,-40..85 C,Q,STM32U545RETxQ,STM32U545RETxQ,cmsis_device_name,deterministic_cmsis_device_name,tcl/target/stm32u5x.cfg,official_st_datasheet_ordering_information_plus_retained_exact_identity,DS14216 Rev 5 Ordering Information,https://www.st.com/resource/en/datasheet/stm32u545ce.pdf,verified_st_datasheet_ordering_information_plus_retained_exact_identity
STMicroelectronics,STM32U545RET6TR,STM32U5,STM32U545,STM32U545RE,LQFP,64,512 KiB,-40..85 C,TR,,STM32U545RETx,ordering_pattern,deterministic_ordering_pattern,tcl/target/stm32u5x.cfg,official_st_datasheet_ordering_information_plus_retained_exact_identity,DS14216 Rev 5 Ordering Information,https://www.st.com/resource/en/datasheet/stm32u545ce.pdf,verified_st_datasheet_ordering_information_plus_retained_exact_identity
STMicroelectronics,STM32U545VEI6,STM32U5,STM32U545,STM32U545VE,UFBGA,100,512 KiB,-40..85 C,,,STM32U545VEIx,ordering_pattern,deterministic_ordering_pattern,tcl/target/stm32u5x.cfg,official_st_datasheet_ordering_information_plus_retained_exact_identity,DS14216 Rev 5 Ordering Information,https://www.st.com/resource/en/datasheet/stm32u545ce.pdf,verified_st_datasheet_ordering_information_plus_retained_exact_identity
STMicroelectronics,STM32U545VEI6Q,STM32U5,STM32U545,STM32U545VE,UFBGA,100,512 KiB,-40..85 C,Q,STM32U545VEIxQ,STM32U545VEIxQ,cmsis_device_name,deterministic_cmsis_device_name,tcl/target/stm32u5x.cfg,official_st_datasheet_ordering_information_plus_retained_exact_identity,DS14216 Rev 5 Ordering Information,https://www.st.com/resource/en/datasheet/stm32u545ce.pdf,verified_st_datasheet_ordering_information_plus_retained_exact_identity
STMicroelectronics,STM32U545VET6,STM32U5,STM32U545,STM32U545VE,LQFP,100,512 KiB,-40..85 C,,,STM32U545VETx,ordering_pattern,deterministic_ordering_pattern,tcl/target/stm32u5x.cfg,official_st_datasheet_ordering_information_plus_retained_exact_identity,DS14216 Rev 5 Ordering Information,https://www.st.com/resource/en/datasheet/stm32u545ce.pdf,verified_st_datasheet_ordering_information_plus_retained_exact_identity
STMicroelectronics,STM32U545VET6Q,STM32U5,STM32U545,STM32U545VE,LQFP,100,512 KiB,-40..85 C,Q,STM32U545VETxQ,STM32U545VETxQ,cmsis_device_name,deterministic_cmsis_device_name,tcl/target/stm32u5x.cfg,official_st_datasheet_ordering_information_plus_retained_exact_identity,DS14216 Rev 5 Ordering Information,https://www.st.com/resource/en/datasheet/stm32u545ce.pdf,verified_st_datasheet_ordering_information_plus_retained_exact_identity
STMicroelectronics,STM32U575AGI6,STM32U5,STM32U575,STM32U575AG,UFBGA,169,1 MiB,-40..85 C,,,STM32U575AGIx,ordering_pattern,deterministic_ordering_pattern,tcl/target/stm32u5x.cfg,official_st_datasheet_ordering_information_plus_retained_exact_identity,DS13737 Rev 10 Ordering Information,https://www.st.com/resource/en/datasheet/stm32u575zi.pdf,verified_st_datasheet_ordering_information_plus_retained_exact_identity
STMicroelectronics,STM32U575AGI6Q,STM32U5,STM32U575,STM32U575AG,UFBGA,169,1 MiB,-40..85 C,Q,STM32U575AGIxQ,STM32U575AGIxQ,cmsis_device_name,deterministic_cmsis_device_name,tcl/target/stm32u5x.cfg,official_st_datasheet_ordering_information_plus_retained_exact_identity,DS13737 Rev 10 Ordering Information,https://www.st.com/resource/en/datasheet/stm32u575zi.pdf,verified_st_datasheet_ordering_information_plus_retained_exact_identity
STMicroelectronics,STM32U575AGI6TR,STM32U5,STM32U575,STM32U575AG,UFBGA,169,1 MiB,-40..85 C,TR,,STM32U575AGIx,ordering_pattern,deterministic_ordering_pattern,tcl/target/stm32u5x.cfg,official_st_datasheet_ordering_information_plus_retained_exact_identity,DS13737 Rev 10 Ordering Information,https://www.st.com/resource/en/datasheet/stm32u575zi.pdf,verified_st_datasheet_ordering_information_plus_retained_exact_identity
STMicroelectronics,STM32U575AII6,STM32U5,STM32U575,STM32U575AI,UFBGA,169,2 MiB,-40..85 C,,,STM32U575AIIx,ordering_pattern,deterministic_ordering_pattern,tcl/target/stm32u5x.cfg,official_st_datasheet_ordering_information_plus_retained_exact_identity,DS13737 Rev 10 Ordering Information,https://www.st.com/resource/en/datasheet/stm32u575zi.pdf,verified_st_datasheet_ordering_information_plus_retained_exact_identity
STMicroelectronics,STM32U575AII6Q,STM32U5,STM32U575,STM32U575AI,UFBGA,169,2 MiB,-40..85 C,Q,STM32U575AIIxQ,STM32U575AIIxQ,cmsis_device_name,deterministic_cmsis_device_name,tcl/target/stm32u5x.cfg,official_st_datasheet_ordering_information_plus_retained_exact_identity,DS13737 Rev 10 Ordering Information,https://www.st.com/resource/en/datasheet/stm32u575zi.pdf,verified_st_datasheet_ordering_information_plus_retained_exact_identity
STMicroelectronics,STM32U575CGT6,STM32U5,STM32U575,STM32U575CG,LQFP,48,1 MiB,-40..85 C,,,STM32U575CGTx,ordering_pattern,deterministic_ordering_pattern,tcl/target/stm32u5x.cfg,official_st_datasheet_ordering_information_plus_retained_exact_identity,DS13737 Rev 10 Ordering Information,https://www.st.com/resource/en/datasheet/stm32u575zi.pdf,verified_st_datasheet_ordering_information_plus_retained_exact_identity
STMicroelectronics,STM32U575CGT6Q,STM32U5,STM32U575,STM32U575CG,LQFP,48,1 MiB,-40..85 C,Q,STM32U575CGTxQ,STM32U575CGTxQ,cmsis_device_name,deterministic_cmsis_device_name,tcl/target/stm32u5x.cfg,official_st_datasheet_ordering_information_plus_retained_exact_identity,DS13737 Rev 10 Ordering Information,https://www.st.com/resource/en/datasheet/stm32u575zi.pdf,verified_st_datasheet_ordering_information_plus_retained_exact_identity
STMicroelectronics,STM32U575CGU3,STM32U5,STM32U575,STM32U575CG,UFQFPN,48,1 MiB,-40..125 C,,,STM32U575CGUx,ordering_pattern,deterministic_ordering_pattern,tcl/target/stm32u5x.cfg,official_st_datasheet_ordering_information_plus_retained_exact_identity,DS13737 Rev 10 Ordering Information,https://www.st.com/resource/en/datasheet/stm32u575zi.pdf,verified_st_datasheet_ordering_information_plus_retained_exact_identity
STMicroelectronics,STM32U575CGU3Q,STM32U5,STM32U575,STM32U575CG,UFQFPN,48,1 MiB,-40..125 C,Q,STM32U575CGUxQ,STM32U575CGUxQ,cmsis_device_name,deterministic_cmsis_device_name,tcl/target/stm32u5x.cfg,official_st_datasheet_ordering_information_plus_retained_exact_identity,DS13737 Rev 10 Ordering Information,https://www.st.com/resource/en/datasheet/stm32u575zi.pdf,verified_st_datasheet_ordering_information_plus_retained_exact_identity
STMicroelectronics,STM32U575CGU6,STM32U5,STM32U575,STM32U575CG,UFQFPN,48,1 MiB,-40..85 C,,,STM32U575CGUx,ordering_pattern,deterministic_ordering_pattern,tcl/target/stm32u5x.cfg,official_st_datasheet_ordering_information_plus_retained_exact_identity,DS13737 Rev 10 Ordering Information,https://www.st.com/resource/en/datasheet/stm32u575zi.pdf,verified_st_datasheet_ordering_information_plus_retained_exact_identity
STMicroelectronics,STM32U575CGU6Q,STM32U5,STM32U575,STM32U575CG,UFQFPN,48,1 MiB,-40..85 C,Q,STM32U575CGUxQ,STM32U575CGUxQ,cmsis_device_name,deterministic_cmsis_device_name,tcl/target/stm32u5x.cfg,official_st_datasheet_ordering_information_plus_retained_exact_identity,DS13737 Rev 10 Ordering Information,https://www.st.com/resource/en/datasheet/stm32u575zi.pdf,verified_st_datasheet_ordering_information_plus_retained_exact_identity
STMicroelectronics,STM32U575CGU6TR,STM32U5,STM32U575,STM32U575CG,UFQFPN,48,1 MiB,-40..85 C,TR,,STM32U575CGUx,ordering_pattern,deterministic_ordering_pattern,tcl/target/stm32u5x.cfg,official_st_datasheet_ordering_information_plus_retained_exact_identity,DS13737 Rev 10 Ordering Information,https://www.st.com/resource/en/datasheet/stm32u575zi.pdf,verified_st_datasheet_ordering_information_plus_retained_exact_identity
STMicroelectronics,STM32U575CIT6,STM32U5,STM32U575,STM32U575CI,LQFP,48,2 MiB,-40..85 C,,,STM32U575CITx,ordering_pattern,deterministic_ordering_pattern,tcl/target/stm32u5x.cfg,official_st_datasheet_ordering_information_plus_retained_exact_identity,DS13737 Rev 10 Ordering Information,https://www.st.com/resource/en/datasheet/stm32u575zi.pdf,verified_st_datasheet_ordering_information_plus_retained_exact_identity
STMicroelectronics,STM32U575CIT6Q,STM32U5,STM32U575,STM32U575CI,LQFP,48,2 MiB,-40..85 C,Q,STM32U575CITxQ,STM32U575CITxQ,cmsis_device_name,deterministic_cmsis_device_name,tcl/target/stm32u5x.cfg,official_st_datasheet_ordering_information_plus_retained_exact_identity,DS13737 Rev 10 Ordering Information,https://www.st.com/resource/en/datasheet/stm32u575zi.pdf,verified_st_datasheet_ordering_information_plus_retained_exact_identity
STMicroelectronics,STM32U575CIU6,STM32U5,STM32U575,STM32U575CI,UFQFPN,48,2 MiB,-40..85 C,,,STM32U575CIUx,ordering_pattern,deterministic_ordering_pattern,tcl/target/stm32u5x.cfg,official_st_datasheet_ordering_information_plus_retained_exact_identity,DS13737 Rev 10 Ordering Information,https://www.st.com/resource/en/datasheet/stm32u575zi.pdf,verified_st_datasheet_ordering_information_plus_retained_exact_identity
STMicroelectronics,STM32U575CIU6Q,STM32U5,STM32U575,STM32U575CI,UFQFPN,48,2 MiB,-40..85 C,Q,STM32U575CIUxQ,STM32U575CIUxQ,cmsis_device_name,deterministic_cmsis_device_name,tcl/target/stm32u5x.cfg,official_st_datasheet_ordering_information_plus_retained_exact_identity,DS13737 Rev 10 Ordering Information,https://www.st.com/resource/en/datasheet/stm32u575zi.pdf,verified_st_datasheet_ordering_information_plus_retained_exact_identity
STMicroelectronics,STM32U575OGY3QTR,STM32U5,STM32U575,STM32U575OG,WLCSP,90,1 MiB,-40..125 C,QTR,STM32U575OGYxQ,STM32U575OGYxQ,cmsis_device_name,deterministic_cmsis_device_name,tcl/target/stm32u5x.cfg,official_st_datasheet_ordering_information_plus_retained_exact_identity,DS13737 Rev 10 Ordering Information,https://www.st.com/resource/en/datasheet/stm32u575zi.pdf,verified_st_datasheet_ordering_information_plus_retained_exact_identity
STMicroelectronics,STM32U575OGY6QTR,STM32U5,STM32U575,STM32U575OG,WLCSP,90,1 MiB,-40..85 C,QTR,STM32U575OGYxQ,STM32U575OGYxQ,cmsis_device_name,deterministic_cmsis_device_name,tcl/target/stm32u5x.cfg,official_st_datasheet_ordering_information_plus_retained_exact_identity,DS13737 Rev 10 Ordering Information,https://www.st.com/resource/en/datasheet/stm32u575zi.pdf,verified_st_datasheet_ordering_information_plus_retained_exact_identity
STMicroelectronics,STM32U575OIY3QTR,STM32U5,STM32U575,STM32U575OI,WLCSP,90,2 MiB,-40..125 C,QTR,STM32U575OIYxQ,STM32U575OIYxQ,cmsis_device_name,deterministic_cmsis_device_name,tcl/target/stm32u5x.cfg,official_st_datasheet_ordering_information_plus_retained_exact_identity,DS13737 Rev 10 Ordering Information,https://www.st.com/resource/en/datasheet/stm32u575zi.pdf,verified_st_datasheet_ordering_information_plus_retained_exact_identity
STMicroelectronics,STM32U575OIY6QTR,STM32U5,STM32U575,STM32U575OI,WLCSP,90,2 MiB,-40..85 C,QTR,STM32U575OIYxQ,STM32U575OIYxQ,cmsis_device_name,deterministic_cmsis_device_name,tcl/target/stm32u5x.cfg,official_st_datasheet_ordering_information_plus_retained_exact_identity,DS13737 Rev 10 Ordering Information,https://www.st.com/resource/en/datasheet/stm32u575zi.pdf,verified_st_datasheet_ordering_information_plus_retained_exact_identity
STMicroelectronics,STM32U575QGI3,STM32U5,STM32U575,STM32U575QG,UFBGA,132,1 MiB,-40..125 C,,,STM32U575QGIx,ordering_pattern,deterministic_ordering_pattern,tcl/target/stm32u5x.cfg,official_st_datasheet_ordering_information_plus_retained_exact_identity,DS13737 Rev 10 Ordering Information,https://www.st.com/resource/en/datasheet/stm32u575zi.pdf,verified_st_datasheet_ordering_information_plus_retained_exact_identity
STMicroelectronics,STM32U575QGI3Q,STM32U5,STM32U575,STM32U575QG,UFBGA,132,1 MiB,-40..125 C,Q,STM32U575QGIxQ,STM32U575QGIxQ,cmsis_device_name,deterministic_cmsis_device_name,tcl/target/stm32u5x.cfg,official_st_datasheet_ordering_information_plus_retained_exact_identity,DS13737 Rev 10 Ordering Information,https://www.st.com/resource/en/datasheet/stm32u575zi.pdf,verified_st_datasheet_ordering_information_plus_retained_exact_identity
STMicroelectronics,STM32U575QGI3TR,STM32U5,STM32U575,STM32U575QG,UFBGA,132,1 MiB,-40..125 C,TR,,STM32U575QGIx,ordering_pattern,deterministic_ordering_pattern,tcl/target/stm32u5x.cfg,official_st_datasheet_ordering_information_plus_retained_exact_identity,DS13737 Rev 10 Ordering Information,https://www.st.com/resource/en/datasheet/stm32u575zi.pdf,verified_st_datasheet_ordering_information_plus_retained_exact_identity
STMicroelectronics,STM32U575QGI6,STM32U5,STM32U575,STM32U575QG,UFBGA,132,1 MiB,-40..85 C,,,STM32U575QGIx,ordering_pattern,deterministic_ordering_pattern,tcl/target/stm32u5x.cfg,official_st_datasheet_ordering_information_plus_retained_exact_identity,DS13737 Rev 10 Ordering Information,https://www.st.com/resource/en/datasheet/stm32u575zi.pdf,verified_st_datasheet_ordering_information_plus_retained_exact_identity
STMicroelectronics,STM32U575QGI6Q,STM32U5,STM32U575,STM32U575QG,UFBGA,132,1 MiB,-40..85 C,Q,STM32U575QGIxQ,STM32U575QGIxQ,cmsis_device_name,deterministic_cmsis_device_name,tcl/target/stm32u5x.cfg,official_st_datasheet_ordering_information_plus_retained_exact_identity,DS13737 Rev 10 Ordering Information,https://www.st.com/resource/en/datasheet/stm32u575zi.pdf,verified_st_datasheet_ordering_information_plus_retained_exact_identity
STMicroelectronics,STM32U575QGI6TR,STM32U5,STM32U575,STM32U575QG,UFBGA,132,1 MiB,-40..85 C,TR,,STM32U575QGIx,ordering_pattern,deterministic_ordering_pattern,tcl/target/stm32u5x.cfg,official_st_datasheet_ordering_information_plus_retained_exact_identity,DS13737 Rev 10 Ordering Information,https://www.st.com/resource/en/datasheet/stm32u575zi.pdf,verified_st_datasheet_ordering_information_plus_retained_exact_identity
STMicroelectronics,STM32U575QII3,STM32U5,STM32U575,STM32U575QI,UFBGA,132,2 MiB,-40..125 C,,,STM32U575QIIx,ordering_pattern,deterministic_ordering_pattern,tcl/target/stm32u5x.cfg,official_st_datasheet_ordering_information_plus_retained_exact_identity,DS13737 Rev 10 Ordering Information,https://www.st.com/resource/en/datasheet/stm32u575zi.pdf,verified_st_datasheet_ordering_information_plus_retained_exact_identity
STMicroelectronics,STM32U575QII3TR,STM32U5,STM32U575,STM32U575QI,UFBGA,132,2 MiB,-40..125 C,TR,,STM32U575QIIx,ordering_pattern,deterministic_ordering_pattern,tcl/target/stm32u5x.cfg,official_st_datasheet_ordering_information_plus_retained_exact_identity,DS13737 Rev 10 Ordering Information,https://www.st.com/resource/en/datasheet/stm32u575zi.pdf,verified_st_datasheet_ordering_information_plus_retained_exact_identity
STMicroelectronics,STM32U575QII6,STM32U5,STM32U575,STM32U575QI,UFBGA,132,2 MiB,-40..85 C,,,STM32U575QIIx,ordering_pattern,deterministic_ordering_pattern,tcl/target/stm32u5x.cfg,official_st_datasheet_ordering_information_plus_retained_exact_identity,DS13737 Rev 10 Ordering Information,https://www.st.com/resource/en/datasheet/stm32u575zi.pdf,verified_st_datasheet_ordering_information_plus_retained_exact_identity
STMicroelectronics,STM32U575QII6Q,STM32U5,STM32U575,STM32U575QI,UFBGA,132,2 MiB,-40..85 C,Q,STM32U575QIIxQ,STM32U575QIIxQ,cmsis_device_name,deterministic_cmsis_device_name,tcl/target/stm32u5x.cfg,official_st_datasheet_ordering_information_plus_retained_exact_identity,DS13737 Rev 10 Ordering Information,https://www.st.com/resource/en/datasheet/stm32u575zi.pdf,verified_st_datasheet_ordering_information_plus_retained_exact_identity
STMicroelectronics,STM32U575QII6QTR,STM32U5,STM32U575,STM32U575QI,UFBGA,132,2 MiB,-40..85 C,QTR,STM32U575QIIxQ,STM32U575QIIxQ,cmsis_device_name,deterministic_cmsis_device_name,tcl/target/stm32u5x.cfg,official_st_datasheet_ordering_information_plus_retained_exact_identity,DS13737 Rev 10 Ordering Information,https://www.st.com/resource/en/datasheet/stm32u575zi.pdf,verified_st_datasheet_ordering_information_plus_retained_exact_identity
STMicroelectronics,STM32U575QII6TR,STM32U5,STM32U575,STM32U575QI,UFBGA,132,2 MiB,-40..85 C,TR,,STM32U575QIIx,ordering_pattern,deterministic_ordering_pattern,tcl/target/stm32u5x.cfg,official_st_datasheet_ordering_information_plus_retained_exact_identity,DS13737 Rev 10 Ordering Information,https://www.st.com/resource/en/datasheet/stm32u575zi.pdf,verified_st_datasheet_ordering_information_plus_retained_exact_identity
STMicroelectronics,STM32U575RGT3,STM32U5,STM32U575,STM32U575RG,LQFP,64,1 MiB,-40..125 C,,,STM32U575RGTx,ordering_pattern,deterministic_ordering_pattern,tcl/target/stm32u5x.cfg,official_st_datasheet_ordering_information_plus_retained_exact_identity,DS13737 Rev 10 Ordering Information,https://www.st.com/resource/en/datasheet/stm32u575zi.pdf,verified_st_datasheet_ordering_information_plus_retained_exact_identity
STMicroelectronics,STM32U575RGT3TR,STM32U5,STM32U575,STM32U575RG,LQFP,64,1 MiB,-40..125 C,TR,,STM32U575RGTx,ordering_pattern,deterministic_ordering_pattern,tcl/target/stm32u5x.cfg,official_st_datasheet_ordering_information_plus_retained_exact_identity,DS13737 Rev 10 Ordering Information,https://www.st.com/resource/en/datasheet/stm32u575zi.pdf,verified_st_datasheet_ordering_information_plus_retained_exact_identity
STMicroelectronics,STM32U575RGT6,STM32U5,STM32U575,STM32U575RG,LQFP,64,1 MiB,-40..85 C,,,STM32U575RGTx,ordering_pattern,deterministic_ordering_pattern,tcl/target/stm32u5x.cfg,official_st_datasheet_ordering_information_plus_retained_exact_identity,DS13737 Rev 10 Ordering Information,https://www.st.com/resource/en/datasheet/stm32u575zi.pdf,verified_st_datasheet_ordering_information_plus_retained_exact_identity
STMicroelectronics,STM32U575RGT6Q,STM32U5,STM32U575,STM32U575RG,LQFP,64,1 MiB,-40..85 C,Q,STM32U575RGTxQ,STM32U575RGTxQ,cmsis_device_name,deterministic_cmsis_device_name,tcl/target/stm32u5x.cfg,official_st_datasheet_ordering_information_plus_retained_exact_identity,DS13737 Rev 10 Ordering Information,https://www.st.com/resource/en/datasheet/stm32u575zi.pdf,verified_st_datasheet_ordering_information_plus_retained_exact_identity
STMicroelectronics,STM32U575RGT6QTR,STM32U5,STM32U575,STM32U575RG,LQFP,64,1 MiB,-40..85 C,QTR,STM32U575RGTxQ,STM32U575RGTxQ,cmsis_device_name,deterministic_cmsis_device_name,tcl/target/stm32u5x.cfg,official_st_datasheet_ordering_information_plus_retained_exact_identity,DS13737 Rev 10 Ordering Information,https://www.st.com/resource/en/datasheet/stm32u575zi.pdf,verified_st_datasheet_ordering_information_plus_retained_exact_identity
STMicroelectronics,STM32U575RGT6TR,STM32U5,STM32U575,STM32U575RG,LQFP,64,1 MiB,-40..85 C,TR,,STM32U575RGTx,ordering_pattern,deterministic_ordering_pattern,tcl/target/stm32u5x.cfg,official_st_datasheet_ordering_information_plus_retained_exact_identity,DS13737 Rev 10 Ordering Information,https://www.st.com/resource/en/datasheet/stm32u575zi.pdf,verified_st_datasheet_ordering_information_plus_retained_exact_identity
STMicroelectronics,STM32U575RIT3,STM32U5,STM32U575,STM32U575RI,LQFP,64,2 MiB,-40..125 C,,,STM32U575RITx,ordering_pattern,deterministic_ordering_pattern,tcl/target/stm32u5x.cfg,official_st_datasheet_ordering_information_plus_retained_exact_identity,DS13737 Rev 10 Ordering Information,https://www.st.com/resource/en/datasheet/stm32u575zi.pdf,verified_st_datasheet_ordering_information_plus_retained_exact_identity
STMicroelectronics,STM32U575RIT6,STM32U5,STM32U575,STM32U575RI,LQFP,64,2 MiB,-40..85 C,,,STM32U575RITx,ordering_pattern,deterministic_ordering_pattern,tcl/target/stm32u5x.cfg,official_st_datasheet_ordering_information_plus_retained_exact_identity,DS13737 Rev 10 Ordering Information,https://www.st.com/resource/en/datasheet/stm32u575zi.pdf,verified_st_datasheet_ordering_information_plus_retained_exact_identity
STMicroelectronics,STM32U575RIT6Q,STM32U5,STM32U575,STM32U575RI,LQFP,64,2 MiB,-40..85 C,Q,STM32U575RITxQ,STM32U575RITxQ,cmsis_device_name,deterministic_cmsis_device_name,tcl/target/stm32u5x.cfg,official_st_datasheet_ordering_information_plus_retained_exact_identity,DS13737 Rev 10 Ordering Information,https://www.st.com/resource/en/datasheet/stm32u575zi.pdf,verified_st_datasheet_ordering_information_plus_retained_exact_identity
STMicroelectronics,STM32U575VGT3,STM32U5,STM32U575,STM32U575VG,LQFP,100,1 MiB,-40..125 C,,,STM32U575VGTx,ordering_pattern,deterministic_ordering_pattern,tcl/target/stm32u5x.cfg,official_st_datasheet_ordering_information_plus_retained_exact_identity,DS13737 Rev 10 Ordering Information,https://www.st.com/resource/en/datasheet/stm32u575zi.pdf,verified_st_datasheet_ordering_information_plus_retained_exact_identity
STMicroelectronics,STM32U575VGT3TR,STM32U5,STM32U575,STM32U575VG,LQFP,100,1 MiB,-40..125 C,TR,,STM32U575VGTx,ordering_pattern,deterministic_ordering_pattern,tcl/target/stm32u5x.cfg,official_st_datasheet_ordering_information_plus_retained_exact_identity,DS13737 Rev 10 Ordering Information,https://www.st.com/resource/en/datasheet/stm32u575zi.pdf,verified_st_datasheet_ordering_information_plus_retained_exact_identity
STMicroelectronics,STM32U575VGT6,STM32U5,STM32U575,STM32U575VG,LQFP,100,1 MiB,-40..85 C,,,STM32U575VGTx,ordering_pattern,deterministic_ordering_pattern,tcl/target/stm32u5x.cfg,official_st_datasheet_ordering_information_plus_retained_exact_identity,DS13737 Rev 10 Ordering Information,https://www.st.com/resource/en/datasheet/stm32u575zi.pdf,verified_st_datasheet_ordering_information_plus_retained_exact_identity
STMicroelectronics,STM32U575VGT6Q,STM32U5,STM32U575,STM32U575VG,LQFP,100,1 MiB,-40..85 C,Q,STM32U575VGTxQ,STM32U575VGTxQ,cmsis_device_name,deterministic_cmsis_device_name,tcl/target/stm32u5x.cfg,official_st_datasheet_ordering_information_plus_retained_exact_identity,DS13737 Rev 10 Ordering Information,https://www.st.com/resource/en/datasheet/stm32u575zi.pdf,verified_st_datasheet_ordering_information_plus_retained_exact_identity
STMicroelectronics,STM32U575VGT6QTR,STM32U5,STM32U575,STM32U575VG,LQFP,100,1 MiB,-40..85 C,QTR,STM32U575VGTxQ,STM32U575VGTxQ,cmsis_device_name,deterministic_cmsis_device_name,tcl/target/stm32u5x.cfg,official_st_datasheet_ordering_information_plus_retained_exact_identity,DS13737 Rev 10 Ordering Information,https://www.st.com/resource/en/datasheet/stm32u575zi.pdf,verified_st_datasheet_ordering_information_plus_retained_exact_identity
STMicroelectronics,STM32U575VGT6TR,STM32U5,STM32U575,STM32U575VG,LQFP,100,1 MiB,-40..85 C,TR,,STM32U575VGTx,ordering_pattern,deterministic_ordering_pattern,tcl/target/stm32u5x.cfg,official_st_datasheet_ordering_information_plus_retained_exact_identity,DS13737 Rev 10 Ordering Information,https://www.st.com/resource/en/datasheet/stm32u575zi.pdf,verified_st_datasheet_ordering_information_plus_retained_exact_identity
STMicroelectronics,STM32U575VIT6,STM32U5,STM32U575,STM32U575VI,LQFP,100,2 MiB,-40..85 C,,,STM32U575VITx,ordering_pattern,deterministic_ordering_pattern,tcl/target/stm32u5x.cfg,official_st_datasheet_ordering_information_plus_retained_exact_identity,DS13737 Rev 10 Ordering Information,https://www.st.com/resource/en/datasheet/stm32u575zi.pdf,verified_st_datasheet_ordering_information_plus_retained_exact_identity
STMicroelectronics,STM32U575VIT6Q,STM32U5,STM32U575,STM32U575VI,LQFP,100,2 MiB,-40..85 C,Q,STM32U575VITxQ,STM32U575VITxQ,cmsis_device_name,deterministic_cmsis_device_name,tcl/target/stm32u5x.cfg,official_st_datasheet_ordering_information_plus_retained_exact_identity,DS13737 Rev 10 Ordering Information,https://www.st.com/resource/en/datasheet/stm32u575zi.pdf,verified_st_datasheet_ordering_information_plus_retained_exact_identity
STMicroelectronics,STM32U575VIT6QTR,STM32U5,STM32U575,STM32U575VI,LQFP,100,2 MiB,-40..85 C,QTR,STM32U575VITxQ,STM32U575VITxQ,cmsis_device_name,deterministic_cmsis_device_name,tcl/target/stm32u5x.cfg,official_st_datasheet_ordering_information_plus_retained_exact_identity,DS13737 Rev 10 Ordering Information,https://www.st.com/resource/en/datasheet/stm32u575zi.pdf,verified_st_datasheet_ordering_information_plus_retained_exact_identity
STMicroelectronics,STM32U575VIT6TR,STM32U5,STM32U575,STM32U575VI,LQFP,100,2 MiB,-40..85 C,TR,,STM32U575VITx,ordering_pattern,deterministic_ordering_pattern,tcl/target/stm32u5x.cfg,official_st_datasheet_ordering_information_plus_retained_exact_identity,DS13737 Rev 10 Ordering Information,https://www.st.com/resource/en/datasheet/stm32u575zi.pdf,verified_st_datasheet_ordering_information_plus_retained_exact_identity
STMicroelectronics,STM32U575ZGT3,STM32U5,STM32U575,STM32U575ZG,LQFP,144,1 MiB,-40..125 C,,,STM32U575ZGTx,ordering_pattern,deterministic_ordering_pattern,tcl/target/stm32u5x.cfg,official_st_datasheet_ordering_information_plus_retained_exact_identity,DS13737 Rev 10 Ordering Information,https://www.st.com/resource/en/datasheet/stm32u575zi.pdf,verified_st_datasheet_ordering_information_plus_retained_exact_identity
STMicroelectronics,STM32U575ZGT3Q,STM32U5,STM32U575,STM32U575ZG,LQFP,144,1 MiB,-40..125 C,Q,STM32U575ZGTxQ,STM32U575ZGTxQ,cmsis_device_name,deterministic_cmsis_device_name,tcl/target/stm32u5x.cfg,official_st_datasheet_ordering_information_plus_retained_exact_identity,DS13737 Rev 10 Ordering Information,https://www.st.com/resource/en/datasheet/stm32u575zi.pdf,verified_st_datasheet_ordering_information_plus_retained_exact_identity
STMicroelectronics,STM32U575ZGT3QTR,STM32U5,STM32U575,STM32U575ZG,LQFP,144,1 MiB,-40..125 C,QTR,STM32U575ZGTxQ,STM32U575ZGTxQ,cmsis_device_name,deterministic_cmsis_device_name,tcl/target/stm32u5x.cfg,official_st_datasheet_ordering_information_plus_retained_exact_identity,DS13737 Rev 10 Ordering Information,https://www.st.com/resource/en/datasheet/stm32u575zi.pdf,verified_st_datasheet_ordering_information_plus_retained_exact_identity
STMicroelectronics,STM32U575ZGT3TR,STM32U5,STM32U575,STM32U575ZG,LQFP,144,1 MiB,-40..125 C,TR,,STM32U575ZGTx,ordering_pattern,deterministic_ordering_pattern,tcl/target/stm32u5x.cfg,official_st_datasheet_ordering_information_plus_retained_exact_identity,DS13737 Rev 10 Ordering Information,https://www.st.com/resource/en/datasheet/stm32u575zi.pdf,verified_st_datasheet_ordering_information_plus_retained_exact_identity
STMicroelectronics,STM32U575ZGT6,STM32U5,STM32U575,STM32U575ZG,LQFP,144,1 MiB,-40..85 C,,,STM32U575ZGTx,ordering_pattern,deterministic_ordering_pattern,tcl/target/stm32u5x.cfg,official_st_datasheet_ordering_information_plus_retained_exact_identity,DS13737 Rev 10 Ordering Information,https://www.st.com/resource/en/datasheet/stm32u575zi.pdf,verified_st_datasheet_ordering_information_plus_retained_exact_identity
STMicroelectronics,STM32U575ZGT6Q,STM32U5,STM32U575,STM32U575ZG,LQFP,144,1 MiB,-40..85 C,Q,STM32U575ZGTxQ,STM32U575ZGTxQ,cmsis_device_name,deterministic_cmsis_device_name,tcl/target/stm32u5x.cfg,official_st_datasheet_ordering_information_plus_retained_exact_identity,DS13737 Rev 10 Ordering Information,https://www.st.com/resource/en/datasheet/stm32u575zi.pdf,verified_st_datasheet_ordering_information_plus_retained_exact_identity
STMicroelectronics,STM32U575ZIT3Q,STM32U5,STM32U575,STM32U575ZI,LQFP,144,2 MiB,-40..125 C,Q,STM32U575ZITxQ,STM32U575ZITxQ,cmsis_device_name,deterministic_cmsis_device_name,tcl/target/stm32u5x.cfg,official_st_datasheet_ordering_information_plus_retained_exact_identity,DS13737 Rev 10 Ordering Information,https://www.st.com/resource/en/datasheet/stm32u575zi.pdf,verified_st_datasheet_ordering_information_plus_retained_exact_identity
STMicroelectronics,STM32U575ZIT3QTR,STM32U5,STM32U575,STM32U575ZI,LQFP,144,2 MiB,-40..125 C,QTR,STM32U575ZITxQ,STM32U575ZITxQ,cmsis_device_name,deterministic_cmsis_device_name,tcl/target/stm32u5x.cfg,official_st_datasheet_ordering_information_plus_retained_exact_identity,DS13737 Rev 10 Ordering Information,https://www.st.com/resource/en/datasheet/stm32u575zi.pdf,verified_st_datasheet_ordering_information_plus_retained_exact_identity
STMicroelectronics,STM32U575ZIT6,STM32U5,STM32U575,STM32U575ZI,LQFP,144,2 MiB,-40..85 C,,,STM32U575ZITx,ordering_pattern,deterministic_ordering_pattern,tcl/target/stm32u5x.cfg,official_st_datasheet_ordering_information_plus_retained_exact_identity,DS13737 Rev 10 Ordering Information,https://www.st.com/resource/en/datasheet/stm32u575zi.pdf,verified_st_datasheet_ordering_information_plus_retained_exact_identity
STMicroelectronics,STM32U575ZIT6Q,STM32U5,STM32U575,STM32U575ZI,LQFP,144,2 MiB,-40..85 C,Q,STM32U575ZITxQ,STM32U575ZITxQ,cmsis_device_name,deterministic_cmsis_device_name,tcl/target/stm32u5x.cfg,official_st_datasheet_ordering_information_plus_retained_exact_identity,DS13737 Rev 10 Ordering Information,https://www.st.com/resource/en/datasheet/stm32u575zi.pdf,verified_st_datasheet_ordering_information_plus_retained_exact_identity
STMicroelectronics,STM32U575ZIT6TR,STM32U5,STM32U575,STM32U575ZI,LQFP,144,2 MiB,-40..85 C,TR,,STM32U575ZITx,ordering_pattern,deterministic_ordering_pattern,tcl/target/stm32u5x.cfg,official_st_datasheet_ordering_information_plus_retained_exact_identity,DS13737 Rev 10 Ordering Information,https://www.st.com/resource/en/datasheet/stm32u575zi.pdf,verified_st_datasheet_ordering_information_plus_retained_exact_identity
STMicroelectronics,STM32U585AII3,STM32U5,STM32U585,STM32U585AI,UFBGA,169,2 MiB,-40..125 C,,,STM32U585AIIx,ordering_pattern,deterministic_ordering_pattern,tcl/target/stm32u5x.cfg,official_st_datasheet_ordering_information_plus_retained_exact_identity,DS13086 Rev 10 Ordering Information,https://www.st.com/resource/en/datasheet/stm32u585zi.pdf,verified_st_datasheet_ordering_information_plus_retained_exact_identity
STMicroelectronics,STM32U585AII6,STM32U5,STM32U585,STM32U585AI,UFBGA,169,2 MiB,-40..85 C,,,STM32U585AIIx,ordering_pattern,deterministic_ordering_pattern,tcl/target/stm32u5x.cfg,official_st_datasheet_ordering_information_plus_retained_exact_identity,DS13086 Rev 10 Ordering Information,https://www.st.com/resource/en/datasheet/stm32u585zi.pdf,verified_st_datasheet_ordering_information_plus_retained_exact_identity
STMicroelectronics,STM32U585AII6Q,STM32U5,STM32U585,STM32U585AI,UFBGA,169,2 MiB,-40..85 C,Q,STM32U585AIIxQ,STM32U585AIIxQ,cmsis_device_name,deterministic_cmsis_device_name,tcl/target/stm32u5x.cfg,official_st_datasheet_ordering_information_plus_retained_exact_identity,DS13086 Rev 10 Ordering Information,https://www.st.com/resource/en/datasheet/stm32u585zi.pdf,verified_st_datasheet_ordering_information_plus_retained_exact_identity
STMicroelectronics,STM32U585AII6QTR,STM32U5,STM32U585,STM32U585AI,UFBGA,169,2 MiB,-40..85 C,QTR,STM32U585AIIxQ,STM32U585AIIxQ,cmsis_device_name,deterministic_cmsis_device_name,tcl/target/stm32u5x.cfg,official_st_datasheet_ordering_information_plus_retained_exact_identity,DS13086 Rev 10 Ordering Information,https://www.st.com/resource/en/datasheet/stm32u585zi.pdf,verified_st_datasheet_ordering_information_plus_retained_exact_identity
STMicroelectronics,STM32U585AII6TR,STM32U5,STM32U585,STM32U585AI,UFBGA,169,2 MiB,-40..85 C,TR,,STM32U585AIIx,ordering_pattern,deterministic_ordering_pattern,tcl/target/stm32u5x.cfg,official_st_datasheet_ordering_information_plus_retained_exact_identity,DS13086 Rev 10 Ordering Information,https://www.st.com/resource/en/datasheet/stm32u585zi.pdf,verified_st_datasheet_ordering_information_plus_retained_exact_identity
STMicroelectronics,STM32U585CIT3,STM32U5,STM32U585,STM32U585CI,LQFP,48,2 MiB,-40..125 C,,,STM32U585CITx,ordering_pattern,deterministic_ordering_pattern,tcl/target/stm32u5x.cfg,official_st_datasheet_ordering_information_plus_retained_exact_identity,DS13086 Rev 10 Ordering Information,https://www.st.com/resource/en/datasheet/stm32u585zi.pdf,verified_st_datasheet_ordering_information_plus_retained_exact_identity
STMicroelectronics,STM32U585CIT3TR,STM32U5,STM32U585,STM32U585CI,LQFP,48,2 MiB,-40..125 C,TR,,STM32U585CITx,ordering_pattern,deterministic_ordering_pattern,tcl/target/stm32u5x.cfg,official_st_datasheet_ordering_information_plus_retained_exact_identity,DS13086 Rev 10 Ordering Information,https://www.st.com/resource/en/datasheet/stm32u585zi.pdf,verified_st_datasheet_ordering_information_plus_retained_exact_identity
STMicroelectronics,STM32U585CIT6,STM32U5,STM32U585,STM32U585CI,LQFP,48,2 MiB,-40..85 C,,,STM32U585CITx,ordering_pattern,deterministic_ordering_pattern,tcl/target/stm32u5x.cfg,official_st_datasheet_ordering_information_plus_retained_exact_identity,DS13086 Rev 10 Ordering Information,https://www.st.com/resource/en/datasheet/stm32u585zi.pdf,verified_st_datasheet_ordering_information_plus_retained_exact_identity
STMicroelectronics,STM32U585CIT6Q,STM32U5,STM32U585,STM32U585CI,LQFP,48,2 MiB,-40..85 C,Q,STM32U585CITxQ,STM32U585CITxQ,cmsis_device_name,deterministic_cmsis_device_name,tcl/target/stm32u5x.cfg,official_st_datasheet_ordering_information_plus_retained_exact_identity,DS13086 Rev 10 Ordering Information,https://www.st.com/resource/en/datasheet/stm32u585zi.pdf,verified_st_datasheet_ordering_information_plus_retained_exact_identity
STMicroelectronics,STM32U585CIU3,STM32U5,STM32U585,STM32U585CI,UFQFPN,48,2 MiB,-40..125 C,,,STM32U585CIUx,ordering_pattern,deterministic_ordering_pattern,tcl/target/stm32u5x.cfg,official_st_datasheet_ordering_information_plus_retained_exact_identity,DS13086 Rev 10 Ordering Information,https://www.st.com/resource/en/datasheet/stm32u585zi.pdf,verified_st_datasheet_ordering_information_plus_retained_exact_identity
STMicroelectronics,STM32U585CIU3Q,STM32U5,STM32U585,STM32U585CI,UFQFPN,48,2 MiB,-40..125 C,Q,STM32U585CIUxQ,STM32U585CIUxQ,cmsis_device_name,deterministic_cmsis_device_name,tcl/target/stm32u5x.cfg,official_st_datasheet_ordering_information_plus_retained_exact_identity,DS13086 Rev 10 Ordering Information,https://www.st.com/resource/en/datasheet/stm32u585zi.pdf,verified_st_datasheet_ordering_information_plus_retained_exact_identity
STMicroelectronics,STM32U585CIU6,STM32U5,STM32U585,STM32U585CI,UFQFPN,48,2 MiB,-40..85 C,,,STM32U585CIUx,ordering_pattern,deterministic_ordering_pattern,tcl/target/stm32u5x.cfg,official_st_datasheet_ordering_information_plus_retained_exact_identity,DS13086 Rev 10 Ordering Information,https://www.st.com/resource/en/datasheet/stm32u585zi.pdf,verified_st_datasheet_ordering_information_plus_retained_exact_identity
STMicroelectronics,STM32U585CIU6Q,STM32U5,STM32U585,STM32U585CI,UFQFPN,48,2 MiB,-40..85 C,Q,STM32U585CIUxQ,STM32U585CIUxQ,cmsis_device_name,deterministic_cmsis_device_name,tcl/target/stm32u5x.cfg,official_st_datasheet_ordering_information_plus_retained_exact_identity,DS13086 Rev 10 Ordering Information,https://www.st.com/resource/en/datasheet/stm32u585zi.pdf,verified_st_datasheet_ordering_information_plus_retained_exact_identity
STMicroelectronics,STM32U585CIU6TR,STM32U5,STM32U585,STM32U585CI,UFQFPN,48,2 MiB,-40..85 C,TR,,STM32U585CIUx,ordering_pattern,deterministic_ordering_pattern,tcl/target/stm32u5x.cfg,official_st_datasheet_ordering_information_plus_retained_exact_identity,DS13086 Rev 10 Ordering Information,https://www.st.com/resource/en/datasheet/stm32u585zi.pdf,verified_st_datasheet_ordering_information_plus_retained_exact_identity
STMicroelectronics,STM32U585OIY6QTR,STM32U5,STM32U585,STM32U585OI,WLCSP,90,2 MiB,-40..85 C,QTR,STM32U585OIYxQ,STM32U585OIYxQ,cmsis_device_name,deterministic_cmsis_device_name,tcl/target/stm32u5x.cfg,official_st_datasheet_ordering_information_plus_retained_exact_identity,DS13086 Rev 10 Ordering Information,https://www.st.com/resource/en/datasheet/stm32u585zi.pdf,verified_st_datasheet_ordering_information_plus_retained_exact_identity
STMicroelectronics,STM32U585QII3,STM32U5,STM32U585,STM32U585QI,UFBGA,132,2 MiB,-40..125 C,,,STM32U585QIIx,ordering_pattern,deterministic_ordering_pattern,tcl/target/stm32u5x.cfg,official_st_datasheet_ordering_information_plus_retained_exact_identity,DS13086 Rev 10 Ordering Information,https://www.st.com/resource/en/datasheet/stm32u585zi.pdf,verified_st_datasheet_ordering_information_plus_retained_exact_identity
STMicroelectronics,STM32U585QII3Q,STM32U5,STM32U585,STM32U585QI,UFBGA,132,2 MiB,-40..125 C,Q,STM32U585QIIxQ,STM32U585QIIxQ,cmsis_device_name,deterministic_cmsis_device_name,tcl/target/stm32u5x.cfg,official_st_datasheet_ordering_information_plus_retained_exact_identity,DS13086 Rev 10 Ordering Information,https://www.st.com/resource/en/datasheet/stm32u585zi.pdf,verified_st_datasheet_ordering_information_plus_retained_exact_identity
STMicroelectronics,STM32U585QII3QTR,STM32U5,STM32U585,STM32U585QI,UFBGA,132,2 MiB,-40..125 C,QTR,STM32U585QIIxQ,STM32U585QIIxQ,cmsis_device_name,deterministic_cmsis_device_name,tcl/target/stm32u5x.cfg,official_st_datasheet_ordering_information_plus_retained_exact_identity,DS13086 Rev 10 Ordering Information,https://www.st.com/resource/en/datasheet/stm32u585zi.pdf,verified_st_datasheet_ordering_information_plus_retained_exact_identity
STMicroelectronics,STM32U585QII3TR,STM32U5,STM32U585,STM32U585QI,UFBGA,132,2 MiB,-40..125 C,TR,,STM32U585QIIx,ordering_pattern,deterministic_ordering_pattern,tcl/target/stm32u5x.cfg,official_st_datasheet_ordering_information_plus_retained_exact_identity,DS13086 Rev 10 Ordering Information,https://www.st.com/resource/en/datasheet/stm32u585zi.pdf,verified_st_datasheet_ordering_information_plus_retained_exact_identity
STMicroelectronics,STM32U585QII6,STM32U5,STM32U585,STM32U585QI,UFBGA,132,2 MiB,-40..85 C,,,STM32U585QIIx,ordering_pattern,deterministic_ordering_pattern,tcl/target/stm32u5x.cfg,official_st_datasheet_ordering_information_plus_retained_exact_identity,DS13086 Rev 10 Ordering Information,https://www.st.com/resource/en/datasheet/stm32u585zi.pdf,verified_st_datasheet_ordering_information_plus_retained_exact_identity
STMicroelectronics,STM32U585QII6Q,STM32U5,STM32U585,STM32U585QI,UFBGA,132,2 MiB,-40..85 C,Q,STM32U585QIIxQ,STM32U585QIIxQ,cmsis_device_name,deterministic_cmsis_device_name,tcl/target/stm32u5x.cfg,official_st_datasheet_ordering_information_plus_retained_exact_identity,DS13086 Rev 10 Ordering Information,https://www.st.com/resource/en/datasheet/stm32u585zi.pdf,verified_st_datasheet_ordering_information_plus_retained_exact_identity
STMicroelectronics,STM32U585QII6QTR,STM32U5,STM32U585,STM32U585QI,UFBGA,132,2 MiB,-40..85 C,QTR,STM32U585QIIxQ,STM32U585QIIxQ,cmsis_device_name,deterministic_cmsis_device_name,tcl/target/stm32u5x.cfg,official_st_datasheet_ordering_information_plus_retained_exact_identity,DS13086 Rev 10 Ordering Information,https://www.st.com/resource/en/datasheet/stm32u585zi.pdf,verified_st_datasheet_ordering_information_plus_retained_exact_identity
STMicroelectronics,STM32U585QII6TR,STM32U5,STM32U585,STM32U585QI,UFBGA,132,2 MiB,-40..85 C,TR,,STM32U585QIIx,ordering_pattern,deterministic_ordering_pattern,tcl/target/stm32u5x.cfg,official_st_datasheet_ordering_information_plus_retained_exact_identity,DS13086 Rev 10 Ordering Information,https://www.st.com/resource/en/datasheet/stm32u585zi.pdf,verified_st_datasheet_ordering_information_plus_retained_exact_identity
STMicroelectronics,STM32U585RIT3,STM32U5,STM32U585,STM32U585RI,LQFP,64,2 MiB,-40..125 C,,,STM32U585RITx,ordering_pattern,deterministic_ordering_pattern,tcl/target/stm32u5x.cfg,official_st_datasheet_ordering_information_plus_retained_exact_identity,DS13086 Rev 10 Ordering Information,https://www.st.com/resource/en/datasheet/stm32u585zi.pdf,verified_st_datasheet_ordering_information_plus_retained_exact_identity
STMicroelectronics,STM32U585RIT3Q,STM32U5,STM32U585,STM32U585RI,LQFP,64,2 MiB,-40..125 C,Q,STM32U585RITxQ,STM32U585RITxQ,cmsis_device_name,deterministic_cmsis_device_name,tcl/target/stm32u5x.cfg,official_st_datasheet_ordering_information_plus_retained_exact_identity,DS13086 Rev 10 Ordering Information,https://www.st.com/resource/en/datasheet/stm32u585zi.pdf,verified_st_datasheet_ordering_information_plus_retained_exact_identity
STMicroelectronics,STM32U585RIT3QTR,STM32U5,STM32U585,STM32U585RI,LQFP,64,2 MiB,-40..125 C,QTR,STM32U585RITxQ,STM32U585RITxQ,cmsis_device_name,deterministic_cmsis_device_name,tcl/target/stm32u5x.cfg,official_st_datasheet_ordering_information_plus_retained_exact_identity,DS13086 Rev 10 Ordering Information,https://www.st.com/resource/en/datasheet/stm32u585zi.pdf,verified_st_datasheet_ordering_information_plus_retained_exact_identity
STMicroelectronics,STM32U585RIT3TR,STM32U5,STM32U585,STM32U585RI,LQFP,64,2 MiB,-40..125 C,TR,,STM32U585RITx,ordering_pattern,deterministic_ordering_pattern,tcl/target/stm32u5x.cfg,official_st_datasheet_ordering_information_plus_retained_exact_identity,DS13086 Rev 10 Ordering Information,https://www.st.com/resource/en/datasheet/stm32u585zi.pdf,verified_st_datasheet_ordering_information_plus_retained_exact_identity
STMicroelectronics,STM32U585RIT6,STM32U5,STM32U585,STM32U585RI,LQFP,64,2 MiB,-40..85 C,,,STM32U585RITx,ordering_pattern,deterministic_ordering_pattern,tcl/target/stm32u5x.cfg,official_st_datasheet_ordering_information_plus_retained_exact_identity,DS13086 Rev 10 Ordering Information,https://www.st.com/resource/en/datasheet/stm32u585zi.pdf,verified_st_datasheet_ordering_information_plus_retained_exact_identity
STMicroelectronics,STM32U585RIT6Q,STM32U5,STM32U585,STM32U585RI,LQFP,64,2 MiB,-40..85 C,Q,STM32U585RITxQ,STM32U585RITxQ,cmsis_device_name,deterministic_cmsis_device_name,tcl/target/stm32u5x.cfg,official_st_datasheet_ordering_information_plus_retained_exact_identity,DS13086 Rev 10 Ordering Information,https://www.st.com/resource/en/datasheet/stm32u585zi.pdf,verified_st_datasheet_ordering_information_plus_retained_exact_identity
STMicroelectronics,STM32U585RIT6QTR,STM32U5,STM32U585,STM32U585RI,LQFP,64,2 MiB,-40..85 C,QTR,STM32U585RITxQ,STM32U585RITxQ,cmsis_device_name,deterministic_cmsis_device_name,tcl/target/stm32u5x.cfg,official_st_datasheet_ordering_information_plus_retained_exact_identity,DS13086 Rev 10 Ordering Information,https://www.st.com/resource/en/datasheet/stm32u585zi.pdf,verified_st_datasheet_ordering_information_plus_retained_exact_identity
STMicroelectronics,STM32U585RIT6TR,STM32U5,STM32U585,STM32U585RI,LQFP,64,2 MiB,-40..85 C,TR,,STM32U585RITx,ordering_pattern,deterministic_ordering_pattern,tcl/target/stm32u5x.cfg,official_st_datasheet_ordering_information_plus_retained_exact_identity,DS13086 Rev 10 Ordering Information,https://www.st.com/resource/en/datasheet/stm32u585zi.pdf,verified_st_datasheet_ordering_information_plus_retained_exact_identity
STMicroelectronics,STM32U585VIT3,STM32U5,STM32U585,STM32U585VI,LQFP,100,2 MiB,-40..125 C,,,STM32U585VITx,ordering_pattern,deterministic_ordering_pattern,tcl/target/stm32u5x.cfg,official_st_datasheet_ordering_information_plus_retained_exact_identity,DS13086 Rev 10 Ordering Information,https://www.st.com/resource/en/datasheet/stm32u585zi.pdf,verified_st_datasheet_ordering_information_plus_retained_exact_identity
STMicroelectronics,STM32U585VIT3Q,STM32U5,STM32U585,STM32U585VI,LQFP,100,2 MiB,-40..125 C,Q,STM32U585VITxQ,STM32U585VITxQ,cmsis_device_name,deterministic_cmsis_device_name,tcl/target/stm32u5x.cfg,official_st_datasheet_ordering_information_plus_retained_exact_identity,DS13086 Rev 10 Ordering Information,https://www.st.com/resource/en/datasheet/stm32u585zi.pdf,verified_st_datasheet_ordering_information_plus_retained_exact_identity
STMicroelectronics,STM32U585VIT3TR,STM32U5,STM32U585,STM32U585VI,LQFP,100,2 MiB,-40..125 C,TR,,STM32U585VITx,ordering_pattern,deterministic_ordering_pattern,tcl/target/stm32u5x.cfg,official_st_datasheet_ordering_information_plus_retained_exact_identity,DS13086 Rev 10 Ordering Information,https://www.st.com/resource/en/datasheet/stm32u585zi.pdf,verified_st_datasheet_ordering_information_plus_retained_exact_identity
STMicroelectronics,STM32U585VIT6,STM32U5,STM32U585,STM32U585VI,LQFP,100,2 MiB,-40..85 C,,,STM32U585VITx,ordering_pattern,deterministic_ordering_pattern,tcl/target/stm32u5x.cfg,official_st_datasheet_ordering_information_plus_retained_exact_identity,DS13086 Rev 10 Ordering Information,https://www.st.com/resource/en/datasheet/stm32u585zi.pdf,verified_st_datasheet_ordering_information_plus_retained_exact_identity
STMicroelectronics,STM32U585VIT6Q,STM32U5,STM32U585,STM32U585VI,LQFP,100,2 MiB,-40..85 C,Q,STM32U585VITxQ,STM32U585VITxQ,cmsis_device_name,deterministic_cmsis_device_name,tcl/target/stm32u5x.cfg,official_st_datasheet_ordering_information_plus_retained_exact_identity,DS13086 Rev 10 Ordering Information,https://www.st.com/resource/en/datasheet/stm32u585zi.pdf,verified_st_datasheet_ordering_information_plus_retained_exact_identity
STMicroelectronics,STM32U585VIT6QTR,STM32U5,STM32U585,STM32U585VI,LQFP,100,2 MiB,-40..85 C,QTR,STM32U585VITxQ,STM32U585VITxQ,cmsis_device_name,deterministic_cmsis_device_name,tcl/target/stm32u5x.cfg,official_st_datasheet_ordering_information_plus_retained_exact_identity,DS13086 Rev 10 Ordering Information,https://www.st.com/resource/en/datasheet/stm32u585zi.pdf,verified_st_datasheet_ordering_information_plus_retained_exact_identity
STMicroelectronics,STM32U585VIT6TR,STM32U5,STM32U585,STM32U585VI,LQFP,100,2 MiB,-40..85 C,TR,,STM32U585VITx,ordering_pattern,deterministic_ordering_pattern,tcl/target/stm32u5x.cfg,official_st_datasheet_ordering_information_plus_retained_exact_identity,DS13086 Rev 10 Ordering Information,https://www.st.com/resource/en/datasheet/stm32u585zi.pdf,verified_st_datasheet_ordering_information_plus_retained_exact_identity
STMicroelectronics,STM32U585ZIT3Q,STM32U5,STM32U585,STM32U585ZI,LQFP,144,2 MiB,-40..125 C,Q,STM32U585ZITxQ,STM32U585ZITxQ,cmsis_device_name,deterministic_cmsis_device_name,tcl/target/stm32u5x.cfg,official_st_datasheet_ordering_information_plus_retained_exact_identity,DS13086 Rev 10 Ordering Information,https://www.st.com/resource/en/datasheet/stm32u585zi.pdf,verified_st_datasheet_ordering_information_plus_retained_exact_identity
STMicroelectronics,STM32U585ZIT3QTR,STM32U5,STM32U585,STM32U585ZI,LQFP,144,2 MiB,-40..125 C,QTR,STM32U585ZITxQ,STM32U585ZITxQ,cmsis_device_name,deterministic_cmsis_device_name,tcl/target/stm32u5x.cfg,official_st_datasheet_ordering_information_plus_retained_exact_identity,DS13086 Rev 10 Ordering Information,https://www.st.com/resource/en/datasheet/stm32u585zi.pdf,verified_st_datasheet_ordering_information_plus_retained_exact_identity
STMicroelectronics,STM32U585ZIT6,STM32U5,STM32U585,STM32U585ZI,LQFP,144,2 MiB,-40..85 C,,,STM32U585ZITx,ordering_pattern,deterministic_ordering_pattern,tcl/target/stm32u5x.cfg,official_st_datasheet_ordering_information_plus_retained_exact_identity,DS13086 Rev 10 Ordering Information,https://www.st.com/resource/en/datasheet/stm32u585zi.pdf,verified_st_datasheet_ordering_information_plus_retained_exact_identity
STMicroelectronics,STM32U585ZIT6Q,STM32U5,STM32U585,STM32U585ZI,LQFP,144,2 MiB,-40..85 C,Q,STM32U585ZITxQ,STM32U585ZITxQ,cmsis_device_name,deterministic_cmsis_device_name,tcl/target/stm32u5x.cfg,official_st_datasheet_ordering_information_plus_retained_exact_identity,DS13086 Rev 10 Ordering Information,https://www.st.com/resource/en/datasheet/stm32u585zi.pdf,verified_st_datasheet_ordering_information_plus_retained_exact_identity
STMicroelectronics,STM32U585ZIT6QTR,STM32U5,STM32U585,STM32U585ZI,LQFP,144,2 MiB,-40..85 C,QTR,STM32U585ZITxQ,STM32U585ZITxQ,cmsis_device_name,deterministic_cmsis_device_name,tcl/target/stm32u5x.cfg,official_st_datasheet_ordering_information_plus_retained_exact_identity,DS13086 Rev 10 Ordering Information,https://www.st.com/resource/en/datasheet/stm32u585zi.pdf,verified_st_datasheet_ordering_information_plus_retained_exact_identity
STMicroelectronics,STM32U595AIH6,STM32U5,STM32U595,STM32U595AI,TFBGA,169,2 MiB,-40..85 C,,,STM32U595AIHx,ordering_pattern,deterministic_ordering_pattern,tcl/target/stm32u5x.cfg,official_st_datasheet_ordering_information_plus_retained_exact_identity,DS13633 Rev 3 Ordering Information,https://www.st.com/resource/en/datasheet/stm32u595ai.pdf,verified_st_datasheet_ordering_information_plus_retained_exact_identity
STMicroelectronics,STM32U595AIH6Q,STM32U5,STM32U595,STM32U595AI,TFBGA,169,2 MiB,-40..85 C,Q,STM32U595AIHxQ,STM32U595AIHxQ,cmsis_device_name,deterministic_cmsis_device_name,tcl/target/stm32u5x.cfg,official_st_datasheet_ordering_information_plus_retained_exact_identity,DS13633 Rev 3 Ordering Information,https://www.st.com/resource/en/datasheet/stm32u595ai.pdf,verified_st_datasheet_ordering_information_plus_retained_exact_identity
STMicroelectronics,STM32U595AJH3,STM32U5,STM32U595,STM32U595AJ,TFBGA,169,4 MiB,-40..125 C,,,STM32U595AJHx,ordering_pattern,deterministic_ordering_pattern,tcl/target/stm32u5x.cfg,official_st_datasheet_ordering_information_plus_retained_exact_identity,DS13633 Rev 3 Ordering Information,https://www.st.com/resource/en/datasheet/stm32u595ai.pdf,verified_st_datasheet_ordering_information_plus_retained_exact_identity
STMicroelectronics,STM32U595AJH6,STM32U5,STM32U595,STM32U595AJ,TFBGA,169,4 MiB,-40..85 C,,,STM32U595AJHx,ordering_pattern,deterministic_ordering_pattern,tcl/target/stm32u5x.cfg,official_st_datasheet_ordering_information_plus_retained_exact_identity,DS13633 Rev 3 Ordering Information,https://www.st.com/resource/en/datasheet/stm32u595ai.pdf,verified_st_datasheet_ordering_information_plus_retained_exact_identity
STMicroelectronics,STM32U595AJH6Q,STM32U5,STM32U595,STM32U595AJ,TFBGA,169,4 MiB,-40..85 C,Q,STM32U595AJHxQ,STM32U595AJHxQ,cmsis_device_name,deterministic_cmsis_device_name,tcl/target/stm32u5x.cfg,official_st_datasheet_ordering_information_plus_retained_exact_identity,DS13633 Rev 3 Ordering Information,https://www.st.com/resource/en/datasheet/stm32u595ai.pdf,verified_st_datasheet_ordering_information_plus_retained_exact_identity
STMicroelectronics,STM32U595QII6,STM32U5,STM32U595,STM32U595QI,UFBGA,132,2 MiB,-40..85 C,,,STM32U595QIIx,ordering_pattern,deterministic_ordering_pattern,tcl/target/stm32u5x.cfg,official_st_datasheet_ordering_information_plus_retained_exact_identity,DS13633 Rev 3 Ordering Information,https://www.st.com/resource/en/datasheet/stm32u595ai.pdf,verified_st_datasheet_ordering_information_plus_retained_exact_identity
STMicroelectronics,STM32U595QII6Q,STM32U5,STM32U595,STM32U595QI,UFBGA,132,2 MiB,-40..85 C,Q,STM32U595QIIxQ,STM32U595QIIxQ,cmsis_device_name,deterministic_cmsis_device_name,tcl/target/stm32u5x.cfg,official_st_datasheet_ordering_information_plus_retained_exact_identity,DS13633 Rev 3 Ordering Information,https://www.st.com/resource/en/datasheet/stm32u595ai.pdf,verified_st_datasheet_ordering_information_plus_retained_exact_identity
STMicroelectronics,STM32U595QJI6,STM32U5,STM32U595,STM32U595QJ,UFBGA,132,4 MiB,-40..85 C,,,STM32U595QJIx,ordering_pattern,deterministic_ordering_pattern,tcl/target/stm32u5x.cfg,official_st_datasheet_ordering_information_plus_retained_exact_identity,DS13633 Rev 3 Ordering Information,https://www.st.com/resource/en/datasheet/stm32u595ai.pdf,verified_st_datasheet_ordering_information_plus_retained_exact_identity
STMicroelectronics,STM32U595QJI6Q,STM32U5,STM32U595,STM32U595QJ,UFBGA,132,4 MiB,-40..85 C,Q,STM32U595QJIxQ,STM32U595QJIxQ,cmsis_device_name,deterministic_cmsis_device_name,tcl/target/stm32u5x.cfg,official_st_datasheet_ordering_information_plus_retained_exact_identity,DS13633 Rev 3 Ordering Information,https://www.st.com/resource/en/datasheet/stm32u595ai.pdf,verified_st_datasheet_ordering_information_plus_retained_exact_identity
STMicroelectronics,STM32U595QJI6QTR,STM32U5,STM32U595,STM32U595QJ,UFBGA,132,4 MiB,-40..85 C,QTR,STM32U595QJIxQ,STM32U595QJIxQ,cmsis_device_name,deterministic_cmsis_device_name,tcl/target/stm32u5x.cfg,official_st_datasheet_ordering_information_plus_retained_exact_identity,DS13633 Rev 3 Ordering Information,https://www.st.com/resource/en/datasheet/stm32u595ai.pdf,verified_st_datasheet_ordering_information_plus_retained_exact_identity
STMicroelectronics,STM32U595RIT6,STM32U5,STM32U595,STM32U595RI,LQFP,64,2 MiB,-40..85 C,,,STM32U595RITx,ordering_pattern,deterministic_ordering_pattern,tcl/target/stm32u5x.cfg,official_st_datasheet_ordering_information_plus_retained_exact_identity,DS13633 Rev 3 Ordering Information,https://www.st.com/resource/en/datasheet/stm32u595ai.pdf,verified_st_datasheet_ordering_information_plus_retained_exact_identity
STMicroelectronics,STM32U595RIT6Q,STM32U5,STM32U595,STM32U595RI,LQFP,64,2 MiB,-40..85 C,Q,STM32U595RITxQ,STM32U595RITxQ,cmsis_device_name,deterministic_cmsis_device_name,tcl/target/stm32u5x.cfg,official_st_datasheet_ordering_information_plus_retained_exact_identity,DS13633 Rev 3 Ordering Information,https://www.st.com/resource/en/datasheet/stm32u595ai.pdf,verified_st_datasheet_ordering_information_plus_retained_exact_identity
STMicroelectronics,STM32U595RIT6QTR,STM32U5,STM32U595,STM32U595RI,LQFP,64,2 MiB,-40..85 C,QTR,STM32U595RITxQ,STM32U595RITxQ,cmsis_device_name,deterministic_cmsis_device_name,tcl/target/stm32u5x.cfg,official_st_datasheet_ordering_information_plus_retained_exact_identity,DS13633 Rev 3 Ordering Information,https://www.st.com/resource/en/datasheet/stm32u595ai.pdf,verified_st_datasheet_ordering_information_plus_retained_exact_identity
STMicroelectronics,STM32U595RIT6TR,STM32U5,STM32U595,STM32U595RI,LQFP,64,2 MiB,-40..85 C,TR,,STM32U595RITx,ordering_pattern,deterministic_ordering_pattern,tcl/target/stm32u5x.cfg,official_st_datasheet_ordering_information_plus_retained_exact_identity,DS13633 Rev 3 Ordering Information,https://www.st.com/resource/en/datasheet/stm32u595ai.pdf,verified_st_datasheet_ordering_information_plus_retained_exact_identity
STMicroelectronics,STM32U595RJT3,STM32U5,STM32U595,STM32U595RJ,LQFP,64,4 MiB,-40..125 C,,,STM32U595RJTx,ordering_pattern,deterministic_ordering_pattern,tcl/target/stm32u5x.cfg,official_st_datasheet_ordering_information_plus_retained_exact_identity,DS13633 Rev 3 Ordering Information,https://www.st.com/resource/en/datasheet/stm32u595ai.pdf,verified_st_datasheet_ordering_information_plus_retained_exact_identity
STMicroelectronics,STM32U595RJT6,STM32U5,STM32U595,STM32U595RJ,LQFP,64,4 MiB,-40..85 C,,,STM32U595RJTx,ordering_pattern,deterministic_ordering_pattern,tcl/target/stm32u5x.cfg,official_st_datasheet_ordering_information_plus_retained_exact_identity,DS13633 Rev 3 Ordering Information,https://www.st.com/resource/en/datasheet/stm32u595ai.pdf,verified_st_datasheet_ordering_information_plus_retained_exact_identity
STMicroelectronics,STM32U595RJT6Q,STM32U5,STM32U595,STM32U595RJ,LQFP,64,4 MiB,-40..85 C,Q,STM32U595RJTxQ,STM32U595RJTxQ,cmsis_device_name,deterministic_cmsis_device_name,tcl/target/stm32u5x.cfg,official_st_datasheet_ordering_information_plus_retained_exact_identity,DS13633 Rev 3 Ordering Information,https://www.st.com/resource/en/datasheet/stm32u595ai.pdf,verified_st_datasheet_ordering_information_plus_retained_exact_identity
STMicroelectronics,STM32U595VIT6,STM32U5,STM32U595,STM32U595VI,LQFP,100,2 MiB,-40..85 C,,,STM32U595VITx,ordering_pattern,deterministic_ordering_pattern,tcl/target/stm32u5x.cfg,official_st_datasheet_ordering_information_plus_retained_exact_identity,DS13633 Rev 3 Ordering Information,https://www.st.com/resource/en/datasheet/stm32u595ai.pdf,verified_st_datasheet_ordering_information_plus_retained_exact_identity
STMicroelectronics,STM32U595VIT6Q,STM32U5,STM32U595,STM32U595VI,LQFP,100,2 MiB,-40..85 C,Q,STM32U595VITxQ,STM32U595VITxQ,cmsis_device_name,deterministic_cmsis_device_name,tcl/target/stm32u5x.cfg,official_st_datasheet_ordering_information_plus_retained_exact_identity,DS13633 Rev 3 Ordering Information,https://www.st.com/resource/en/datasheet/stm32u595ai.pdf,verified_st_datasheet_ordering_information_plus_retained_exact_identity
STMicroelectronics,STM32U595VIT6QTR,STM32U5,STM32U595,STM32U595VI,LQFP,100,2 MiB,-40..85 C,QTR,STM32U595VITxQ,STM32U595VITxQ,cmsis_device_name,deterministic_cmsis_device_name,tcl/target/stm32u5x.cfg,official_st_datasheet_ordering_information_plus_retained_exact_identity,DS13633 Rev 3 Ordering Information,https://www.st.com/resource/en/datasheet/stm32u595ai.pdf,verified_st_datasheet_ordering_information_plus_retained_exact_identity
STMicroelectronics,STM32U595VJT3,STM32U5,STM32U595,STM32U595VJ,LQFP,100,4 MiB,-40..125 C,,,STM32U595VJTx,ordering_pattern,deterministic_ordering_pattern,tcl/target/stm32u5x.cfg,official_st_datasheet_ordering_information_plus_retained_exact_identity,DS13633 Rev 3 Ordering Information,https://www.st.com/resource/en/datasheet/stm32u595ai.pdf,verified_st_datasheet_ordering_information_plus_retained_exact_identity
STMicroelectronics,STM32U595VJT3Q,STM32U5,STM32U595,STM32U595VJ,LQFP,100,4 MiB,-40..125 C,Q,STM32U595VJTxQ,STM32U595VJTxQ,cmsis_device_name,deterministic_cmsis_device_name,tcl/target/stm32u5x.cfg,official_st_datasheet_ordering_information_plus_retained_exact_identity,DS13633 Rev 3 Ordering Information,https://www.st.com/resource/en/datasheet/stm32u595ai.pdf,verified_st_datasheet_ordering_information_plus_retained_exact_identity
STMicroelectronics,STM32U595VJT3TR,STM32U5,STM32U595,STM32U595VJ,LQFP,100,4 MiB,-40..125 C,TR,,STM32U595VJTx,ordering_pattern,deterministic_ordering_pattern,tcl/target/stm32u5x.cfg,official_st_datasheet_ordering_information_plus_retained_exact_identity,DS13633 Rev 3 Ordering Information,https://www.st.com/resource/en/datasheet/stm32u595ai.pdf,verified_st_datasheet_ordering_information_plus_retained_exact_identity
STMicroelectronics,STM32U595VJT6,STM32U5,STM32U595,STM32U595VJ,LQFP,100,4 MiB,-40..85 C,,,STM32U595VJTx,ordering_pattern,deterministic_ordering_pattern,tcl/target/stm32u5x.cfg,official_st_datasheet_ordering_information_plus_retained_exact_identity,DS13633 Rev 3 Ordering Information,https://www.st.com/resource/en/datasheet/stm32u595ai.pdf,verified_st_datasheet_ordering_information_plus_retained_exact_identity
STMicroelectronics,STM32U595VJT6Q,STM32U5,STM32U595,STM32U595VJ,LQFP,100,4 MiB,-40..85 C,Q,STM32U595VJTxQ,STM32U595VJTxQ,cmsis_device_name,deterministic_cmsis_device_name,tcl/target/stm32u5x.cfg,official_st_datasheet_ordering_information_plus_retained_exact_identity,DS13633 Rev 3 Ordering Information,https://www.st.com/resource/en/datasheet/stm32u595ai.pdf,verified_st_datasheet_ordering_information_plus_retained_exact_identity
STMicroelectronics,STM32U595ZIT6,STM32U5,STM32U595,STM32U595ZI,LQFP,144,2 MiB,-40..85 C,,,STM32U595ZITx,ordering_pattern,deterministic_ordering_pattern,tcl/target/stm32u5x.cfg,official_st_datasheet_ordering_information_plus_retained_exact_identity,DS13633 Rev 3 Ordering Information,https://www.st.com/resource/en/datasheet/stm32u595ai.pdf,verified_st_datasheet_ordering_information_plus_retained_exact_identity
STMicroelectronics,STM32U595ZIT6Q,STM32U5,STM32U595,STM32U595ZI,LQFP,144,2 MiB,-40..85 C,Q,STM32U595ZITxQ,STM32U595ZITxQ,cmsis_device_name,deterministic_cmsis_device_name,tcl/target/stm32u5x.cfg,official_st_datasheet_ordering_information_plus_retained_exact_identity,DS13633 Rev 3 Ordering Information,https://www.st.com/resource/en/datasheet/stm32u595ai.pdf,verified_st_datasheet_ordering_information_plus_retained_exact_identity
STMicroelectronics,STM32U595ZIY6QTR,STM32U5,STM32U595,STM32U595ZI,WLCSP,150,2 MiB,-40..85 C,QTR,STM32U595ZIYxQ,STM32U595ZIYxQ,cmsis_device_name,deterministic_cmsis_device_name,tcl/target/stm32u5x.cfg,official_st_datasheet_ordering_information_plus_retained_exact_identity,DS13633 Rev 3 Ordering Information,https://www.st.com/resource/en/datasheet/stm32u595ai.pdf,verified_st_datasheet_ordering_information_plus_retained_exact_identity
STMicroelectronics,STM32U595ZJT3Q,STM32U5,STM32U595,STM32U595ZJ,LQFP,144,4 MiB,-40..125 C,Q,STM32U595ZJTxQ,STM32U595ZJTxQ,cmsis_device_name,deterministic_cmsis_device_name,tcl/target/stm32u5x.cfg,official_st_datasheet_ordering_information_plus_retained_exact_identity,DS13633 Rev 3 Ordering Information,https://www.st.com/resource/en/datasheet/stm32u595ai.pdf,verified_st_datasheet_ordering_information_plus_retained_exact_identity
STMicroelectronics,STM32U595ZJT3QTR,STM32U5,STM32U595,STM32U595ZJ,LQFP,144,4 MiB,-40..125 C,QTR,STM32U595ZJTxQ,STM32U595ZJTxQ,cmsis_device_name,deterministic_cmsis_device_name,tcl/target/stm32u5x.cfg,official_st_datasheet_ordering_information_plus_retained_exact_identity,DS13633 Rev 3 Ordering Information,https://www.st.com/resource/en/datasheet/stm32u595ai.pdf,verified_st_datasheet_ordering_information_plus_retained_exact_identity
STMicroelectronics,STM32U595ZJT6,STM32U5,STM32U595,STM32U595ZJ,LQFP,144,4 MiB,-40..85 C,,,STM32U595ZJTx,ordering_pattern,deterministic_ordering_pattern,tcl/target/stm32u5x.cfg,official_st_datasheet_ordering_information_plus_retained_exact_identity,DS13633 Rev 3 Ordering Information,https://www.st.com/resource/en/datasheet/stm32u595ai.pdf,verified_st_datasheet_ordering_information_plus_retained_exact_identity
STMicroelectronics,STM32U595ZJT6Q,STM32U5,STM32U595,STM32U595ZJ,LQFP,144,4 MiB,-40..85 C,Q,STM32U595ZJTxQ,STM32U595ZJTxQ,cmsis_device_name,deterministic_cmsis_device_name,tcl/target/stm32u5x.cfg,official_st_datasheet_ordering_information_plus_retained_exact_identity,DS13633 Rev 3 Ordering Information,https://www.st.com/resource/en/datasheet/stm32u595ai.pdf,verified_st_datasheet_ordering_information_plus_retained_exact_identity
STMicroelectronics,STM32U595ZJY6QTR,STM32U5,STM32U595,STM32U595ZJ,WLCSP,150,4 MiB,-40..85 C,QTR,STM32U595ZJYxQ,STM32U595ZJYxQ,cmsis_device_name,deterministic_cmsis_device_name,tcl/target/stm32u5x.cfg,official_st_datasheet_ordering_information_plus_retained_exact_identity,DS13633 Rev 3 Ordering Information,https://www.st.com/resource/en/datasheet/stm32u595ai.pdf,verified_st_datasheet_ordering_information_plus_retained_exact_identity
STMicroelectronics,STM32U599BJY6QTR,STM32U5,STM32U599,STM32U599BJ,WLCSP,208,4 MiB,-40..85 C,QTR,STM32U599BJYxQ,STM32U599BJYxQ,cmsis_device_name,deterministic_cmsis_device_name,tcl/target/stm32u5x.cfg,official_st_datasheet_ordering_information_plus_retained_exact_identity,DS13633 Rev 3 Ordering Information,https://www.st.com/resource/en/datasheet/stm32u595ai.pdf,verified_st_datasheet_ordering_information_plus_retained_exact_identity
STMicroelectronics,STM32U599NIH6Q,STM32U5,STM32U599,STM32U599NI,TFBGA,216,2 MiB,-40..85 C,Q,STM32U599NIHxQ,STM32U599NIHxQ,cmsis_device_name,deterministic_cmsis_device_name,tcl/target/stm32u5x.cfg,official_st_datasheet_ordering_information_plus_retained_exact_identity,DS13633 Rev 3 Ordering Information,https://www.st.com/resource/en/datasheet/stm32u595ai.pdf,verified_st_datasheet_ordering_information_plus_retained_exact_identity
STMicroelectronics,STM32U599NIH6QTR,STM32U5,STM32U599,STM32U599NI,TFBGA,216,2 MiB,-40..85 C,QTR,STM32U599NIHxQ,STM32U599NIHxQ,cmsis_device_name,deterministic_cmsis_device_name,tcl/target/stm32u5x.cfg,official_st_datasheet_ordering_information_plus_retained_exact_identity,DS13633 Rev 3 Ordering Information,https://www.st.com/resource/en/datasheet/stm32u595ai.pdf,verified_st_datasheet_ordering_information_plus_retained_exact_identity
STMicroelectronics,STM32U599NJH6Q,STM32U5,STM32U599,STM32U599NJ,TFBGA,216,4 MiB,-40..85 C,Q,STM32U599NJHxQ,STM32U599NJHxQ,cmsis_device_name,deterministic_cmsis_device_name,tcl/target/stm32u5x.cfg,official_st_datasheet_ordering_information_plus_retained_exact_identity,DS13633 Rev 3 Ordering Information,https://www.st.com/resource/en/datasheet/stm32u595ai.pdf,verified_st_datasheet_ordering_information_plus_retained_exact_identity
STMicroelectronics,STM32U599VIT6Q,STM32U5,STM32U599,STM32U599VI,LQFP,100,2 MiB,-40..85 C,Q,STM32U599VITxQ,STM32U599VITxQ,cmsis_device_name,deterministic_cmsis_device_name,tcl/target/stm32u5x.cfg,official_st_datasheet_ordering_information_plus_retained_exact_identity,DS13633 Rev 3 Ordering Information,https://www.st.com/resource/en/datasheet/stm32u595ai.pdf,verified_st_datasheet_ordering_information_plus_retained_exact_identity
STMicroelectronics,STM32U599VJT6,STM32U5,STM32U599,STM32U599VJ,LQFP,100,4 MiB,-40..85 C,,,STM32U599VJTx,ordering_pattern,deterministic_ordering_pattern,tcl/target/stm32u5x.cfg,official_st_datasheet_ordering_information_plus_retained_exact_identity,DS13633 Rev 3 Ordering Information,https://www.st.com/resource/en/datasheet/stm32u595ai.pdf,verified_st_datasheet_ordering_information_plus_retained_exact_identity
STMicroelectronics,STM32U599VJT6Q,STM32U5,STM32U599,STM32U599VJ,LQFP,100,4 MiB,-40..85 C,Q,STM32U599VJTxQ,STM32U599VJTxQ,cmsis_device_name,deterministic_cmsis_device_name,tcl/target/stm32u5x.cfg,official_st_datasheet_ordering_information_plus_retained_exact_identity,DS13633 Rev 3 Ordering Information,https://www.st.com/resource/en/datasheet/stm32u595ai.pdf,verified_st_datasheet_ordering_information_plus_retained_exact_identity
STMicroelectronics,STM32U599ZIT6Q,STM32U5,STM32U599,STM32U599ZI,LQFP,144,2 MiB,-40..85 C,Q,STM32U599ZITxQ,STM32U599ZITxQ,cmsis_device_name,deterministic_cmsis_device_name,tcl/target/stm32u5x.cfg,official_st_datasheet_ordering_information_plus_retained_exact_identity,DS13633 Rev 3 Ordering Information,https://www.st.com/resource/en/datasheet/stm32u595ai.pdf,verified_st_datasheet_ordering_information_plus_retained_exact_identity
STMicroelectronics,STM32U599ZIY6QTR,STM32U5,STM32U599,STM32U599ZI,WLCSP,150,2 MiB,-40..85 C,QTR,STM32U599ZIYxQ,STM32U599ZIYxQ,cmsis_device_name,deterministic_cmsis_device_name,tcl/target/stm32u5x.cfg,official_st_datasheet_ordering_information_plus_retained_exact_identity,DS13633 Rev 3 Ordering Information,https://www.st.com/resource/en/datasheet/stm32u595ai.pdf,verified_st_datasheet_ordering_information_plus_retained_exact_identity
STMicroelectronics,STM32U599ZJT6Q,STM32U5,STM32U599,STM32U599ZJ,LQFP,144,4 MiB,-40..85 C,Q,STM32U599ZJTxQ,STM32U599ZJTxQ,cmsis_device_name,deterministic_cmsis_device_name,tcl/target/stm32u5x.cfg,official_st_datasheet_ordering_information_plus_retained_exact_identity,DS13633 Rev 3 Ordering Information,https://www.st.com/resource/en/datasheet/stm32u595ai.pdf,verified_st_datasheet_ordering_information_plus_retained_exact_identity
STMicroelectronics,STM32U599ZJY6QTR,STM32U5,STM32U599,STM32U599ZJ,WLCSP,150,4 MiB,-40..85 C,QTR,STM32U599ZJYxQ,STM32U599ZJYxQ,cmsis_device_name,deterministic_cmsis_device_name,tcl/target/stm32u5x.cfg,official_st_datasheet_ordering_information_plus_retained_exact_identity,DS13633 Rev 3 Ordering Information,https://www.st.com/resource/en/datasheet/stm32u595ai.pdf,verified_st_datasheet_ordering_information_plus_retained_exact_identity
STMicroelectronics,STM32U5A5AJH3,STM32U5,STM32U5A5,STM32U5A5AJ,TFBGA,169,4 MiB,-40..125 C,,,STM32U5A5AJHx,ordering_pattern,deterministic_ordering_pattern,tcl/target/stm32u5x.cfg,official_st_datasheet_ordering_information_plus_retained_exact_identity,DS13543 Rev 3 Ordering Information,https://www.st.com/resource/en/datasheet/stm32u5a5aj.pdf,verified_st_datasheet_ordering_information_plus_retained_exact_identity
STMicroelectronics,STM32U5A5AJH3Q,STM32U5,STM32U5A5,STM32U5A5AJ,TFBGA,169,4 MiB,-40..125 C,Q,STM32U5A5AJHxQ,STM32U5A5AJHxQ,cmsis_device_name,deterministic_cmsis_device_name,tcl/target/stm32u5x.cfg,official_st_datasheet_ordering_information_plus_retained_exact_identity,DS13543 Rev 3 Ordering Information,https://www.st.com/resource/en/datasheet/stm32u5a5aj.pdf,verified_st_datasheet_ordering_information_plus_retained_exact_identity
STMicroelectronics,STM32U5A5AJH3QTR,STM32U5,STM32U5A5,STM32U5A5AJ,TFBGA,169,4 MiB,-40..125 C,QTR,STM32U5A5AJHxQ,STM32U5A5AJHxQ,cmsis_device_name,deterministic_cmsis_device_name,tcl/target/stm32u5x.cfg,official_st_datasheet_ordering_information_plus_retained_exact_identity,DS13543 Rev 3 Ordering Information,https://www.st.com/resource/en/datasheet/stm32u5a5aj.pdf,verified_st_datasheet_ordering_information_plus_retained_exact_identity
STMicroelectronics,STM32U5A5AJH3TR,STM32U5,STM32U5A5,STM32U5A5AJ,TFBGA,169,4 MiB,-40..125 C,TR,,STM32U5A5AJHx,ordering_pattern,deterministic_ordering_pattern,tcl/target/stm32u5x.cfg,official_st_datasheet_ordering_information_plus_retained_exact_identity,DS13543 Rev 3 Ordering Information,https://www.st.com/resource/en/datasheet/stm32u5a5aj.pdf,verified_st_datasheet_ordering_information_plus_retained_exact_identity
STMicroelectronics,STM32U5A5AJH6,STM32U5,STM32U5A5,STM32U5A5AJ,TFBGA,169,4 MiB,-40..85 C,,,STM32U5A5AJHx,ordering_pattern,deterministic_ordering_pattern,tcl/target/stm32u5x.cfg,official_st_datasheet_ordering_information_plus_retained_exact_identity,DS13543 Rev 3 Ordering Information,https://www.st.com/resource/en/datasheet/stm32u5a5aj.pdf,verified_st_datasheet_ordering_information_plus_retained_exact_identity
STMicroelectronics,STM32U5A5AJH6Q,STM32U5,STM32U5A5,STM32U5A5AJ,TFBGA,169,4 MiB,-40..85 C,Q,STM32U5A5AJHxQ,STM32U5A5AJHxQ,cmsis_device_name,deterministic_cmsis_device_name,tcl/target/stm32u5x.cfg,official_st_datasheet_ordering_information_plus_retained_exact_identity,DS13543 Rev 3 Ordering Information,https://www.st.com/resource/en/datasheet/stm32u5a5aj.pdf,verified_st_datasheet_ordering_information_plus_retained_exact_identity
STMicroelectronics,STM32U5A5AJH6TR,STM32U5,STM32U5A5,STM32U5A5AJ,TFBGA,169,4 MiB,-40..85 C,TR,,STM32U5A5AJHx,ordering_pattern,deterministic_ordering_pattern,tcl/target/stm32u5x.cfg,official_st_datasheet_ordering_information_plus_retained_exact_identity,DS13543 Rev 3 Ordering Information,https://www.st.com/resource/en/datasheet/stm32u5a5aj.pdf,verified_st_datasheet_ordering_information_plus_retained_exact_identity
STMicroelectronics,STM32U5A5QII3Q,STM32U5,STM32U5A5,STM32U5A5QI,UFBGA,132,2 MiB,-40..125 C,Q,STM32U5A5xx,STM32U5A5xx,cmsis_exact_membership_bridge,deterministic_cmsis_exact_membership_bridge,tcl/target/stm32u5x.cfg,official_st_datasheet_ordering_information_plus_retained_exact_identity,DS13543 Rev 3 Ordering Information,https://www.st.com/resource/en/datasheet/stm32u5a5aj.pdf,verified_st_datasheet_ordering_information_plus_retained_exact_identity
STMicroelectronics,STM32U5A5QJI3,STM32U5,STM32U5A5,STM32U5A5QJ,UFBGA,132,4 MiB,-40..125 C,,,STM32U5A5QJIx,ordering_pattern,deterministic_ordering_pattern,tcl/target/stm32u5x.cfg,official_st_datasheet_ordering_information_plus_retained_exact_identity,DS13543 Rev 3 Ordering Information,https://www.st.com/resource/en/datasheet/stm32u5a5aj.pdf,verified_st_datasheet_ordering_information_plus_retained_exact_identity
STMicroelectronics,STM32U5A5QJI3Q,STM32U5,STM32U5A5,STM32U5A5QJ,UFBGA,132,4 MiB,-40..125 C,Q,STM32U5A5QJIxQ,STM32U5A5QJIxQ,cmsis_device_name,deterministic_cmsis_device_name,tcl/target/stm32u5x.cfg,official_st_datasheet_ordering_information_plus_retained_exact_identity,DS13543 Rev 3 Ordering Information,https://www.st.com/resource/en/datasheet/stm32u5a5aj.pdf,verified_st_datasheet_ordering_information_plus_retained_exact_identity
STMicroelectronics,STM32U5A5QJI6,STM32U5,STM32U5A5,STM32U5A5QJ,UFBGA,132,4 MiB,-40..85 C,,,STM32U5A5QJIx,ordering_pattern,deterministic_ordering_pattern,tcl/target/stm32u5x.cfg,official_st_datasheet_ordering_information_plus_retained_exact_identity,DS13543 Rev 3 Ordering Information,https://www.st.com/resource/en/datasheet/stm32u5a5aj.pdf,verified_st_datasheet_ordering_information_plus_retained_exact_identity
STMicroelectronics,STM32U5A5QJI6Q,STM32U5,STM32U5A5,STM32U5A5QJ,UFBGA,132,4 MiB,-40..85 C,Q,STM32U5A5QJIxQ,STM32U5A5QJIxQ,cmsis_device_name,deterministic_cmsis_device_name,tcl/target/stm32u5x.cfg,official_st_datasheet_ordering_information_plus_retained_exact_identity,DS13543 Rev 3 Ordering Information,https://www.st.com/resource/en/datasheet/stm32u5a5aj.pdf,verified_st_datasheet_ordering_information_plus_retained_exact_identity
STMicroelectronics,STM32U5A5QJI6QTR,STM32U5,STM32U5A5,STM32U5A5QJ,UFBGA,132,4 MiB,-40..85 C,QTR,STM32U5A5QJIxQ,STM32U5A5QJIxQ,cmsis_device_name,deterministic_cmsis_device_name,tcl/target/stm32u5x.cfg,official_st_datasheet_ordering_information_plus_retained_exact_identity,DS13543 Rev 3 Ordering Information,https://www.st.com/resource/en/datasheet/stm32u5a5aj.pdf,verified_st_datasheet_ordering_information_plus_retained_exact_identity
STMicroelectronics,STM32U5A5RJT6,STM32U5,STM32U5A5,STM32U5A5RJ,LQFP,64,4 MiB,-40..85 C,,,STM32U5A5RJTx,ordering_pattern,deterministic_ordering_pattern,tcl/target/stm32u5x.cfg,official_st_datasheet_ordering_information_plus_retained_exact_identity,DS13543 Rev 3 Ordering Information,https://www.st.com/resource/en/datasheet/stm32u5a5aj.pdf,verified_st_datasheet_ordering_information_plus_retained_exact_identity
STMicroelectronics,STM32U5A5RJT6Q,STM32U5,STM32U5A5,STM32U5A5RJ,LQFP,64,4 MiB,-40..85 C,Q,STM32U5A5RJTxQ,STM32U5A5RJTxQ,cmsis_device_name,deterministic_cmsis_device_name,tcl/target/stm32u5x.cfg,official_st_datasheet_ordering_information_plus_retained_exact_identity,DS13543 Rev 3 Ordering Information,https://www.st.com/resource/en/datasheet/stm32u5a5aj.pdf,verified_st_datasheet_ordering_information_plus_retained_exact_identity
STMicroelectronics,STM32U5A5VJT6,STM32U5,STM32U5A5,STM32U5A5VJ,LQFP,100,4 MiB,-40..85 C,,,STM32U5A5VJTx,ordering_pattern,deterministic_ordering_pattern,tcl/target/stm32u5x.cfg,official_st_datasheet_ordering_information_plus_retained_exact_identity,DS13543 Rev 3 Ordering Information,https://www.st.com/resource/en/datasheet/stm32u5a5aj.pdf,verified_st_datasheet_ordering_information_plus_retained_exact_identity
STMicroelectronics,STM32U5A5VJT6Q,STM32U5,STM32U5A5,STM32U5A5VJ,LQFP,100,4 MiB,-40..85 C,Q,STM32U5A5VJTxQ,STM32U5A5VJTxQ,cmsis_device_name,deterministic_cmsis_device_name,tcl/target/stm32u5x.cfg,official_st_datasheet_ordering_information_plus_retained_exact_identity,DS13543 Rev 3 Ordering Information,https://www.st.com/resource/en/datasheet/stm32u5a5aj.pdf,verified_st_datasheet_ordering_information_plus_retained_exact_identity
STMicroelectronics,STM32U5A5ZJT6,STM32U5,STM32U5A5,STM32U5A5ZJ,LQFP,144,4 MiB,-40..85 C,,,STM32U5A5ZJTx,ordering_pattern,deterministic_ordering_pattern,tcl/target/stm32u5x.cfg,official_st_datasheet_ordering_information_plus_retained_exact_identity,DS13543 Rev 3 Ordering Information,https://www.st.com/resource/en/datasheet/stm32u5a5aj.pdf,verified_st_datasheet_ordering_information_plus_retained_exact_identity
STMicroelectronics,STM32U5A5ZJT6Q,STM32U5,STM32U5A5,STM32U5A5ZJ,LQFP,144,4 MiB,-40..85 C,Q,STM32U5A5ZJTxQ,STM32U5A5ZJTxQ,cmsis_device_name,deterministic_cmsis_device_name,tcl/target/stm32u5x.cfg,official_st_datasheet_ordering_information_plus_retained_exact_identity,DS13543 Rev 3 Ordering Information,https://www.st.com/resource/en/datasheet/stm32u5a5aj.pdf,verified_st_datasheet_ordering_information_plus_retained_exact_identity
STMicroelectronics,STM32U5A5ZJT6QTR,STM32U5,STM32U5A5,STM32U5A5ZJ,LQFP,144,4 MiB,-40..85 C,QTR,STM32U5A5ZJTxQ,STM32U5A5ZJTxQ,cmsis_device_name,deterministic_cmsis_device_name,tcl/target/stm32u5x.cfg,official_st_datasheet_ordering_information_plus_retained_exact_identity,DS13543 Rev 3 Ordering Information,https://www.st.com/resource/en/datasheet/stm32u5a5aj.pdf,verified_st_datasheet_ordering_information_plus_retained_exact_identity
STMicroelectronics,STM32U5A5ZJT6TR,STM32U5,STM32U5A5,STM32U5A5ZJ,LQFP,144,4 MiB,-40..85 C,TR,,STM32U5A5ZJTx,ordering_pattern,deterministic_ordering_pattern,tcl/target/stm32u5x.cfg,official_st_datasheet_ordering_information_plus_retained_exact_identity,DS13543 Rev 3 Ordering Information,https://www.st.com/resource/en/datasheet/stm32u5a5aj.pdf,verified_st_datasheet_ordering_information_plus_retained_exact_identity
STMicroelectronics,STM32U5A5ZJY3QTR,STM32U5,STM32U5A5,STM32U5A5ZJ,WLCSP,150,4 MiB,-40..125 C,QTR,STM32U5A5ZJYxQ,STM32U5A5ZJYxQ,cmsis_device_name,deterministic_cmsis_device_name,tcl/target/stm32u5x.cfg,official_st_datasheet_ordering_information_plus_retained_exact_identity,DS13543 Rev 3 Ordering Information,https://www.st.com/resource/en/datasheet/stm32u5a5aj.pdf,verified_st_datasheet_ordering_information_plus_retained_exact_identity
STMicroelectronics,STM32U5A5ZJY6QTR,STM32U5,STM32U5A5,STM32U5A5ZJ,WLCSP,150,4 MiB,-40..85 C,QTR,STM32U5A5ZJYxQ,STM32U5A5ZJYxQ,cmsis_device_name,deterministic_cmsis_device_name,tcl/target/stm32u5x.cfg,official_st_datasheet_ordering_information_plus_retained_exact_identity,DS13543 Rev 3 Ordering Information,https://www.st.com/resource/en/datasheet/stm32u5a5aj.pdf,verified_st_datasheet_ordering_information_plus_retained_exact_identity
STMicroelectronics,STM32U5A9BJY3QTR,STM32U5,STM32U5A9,STM32U5A9BJ,WLCSP,208,4 MiB,-40..125 C,QTR,STM32U5A9BJYxQ,STM32U5A9BJYxQ,cmsis_device_name,deterministic_cmsis_device_name,tcl/target/stm32u5x.cfg,official_st_datasheet_ordering_information_plus_retained_exact_identity,DS13543 Rev 3 Ordering Information,https://www.st.com/resource/en/datasheet/stm32u5a5aj.pdf,verified_st_datasheet_ordering_information_plus_retained_exact_identity
STMicroelectronics,STM32U5A9BJY6QTR,STM32U5,STM32U5A9,STM32U5A9BJ,WLCSP,208,4 MiB,-40..85 C,QTR,STM32U5A9BJYxQ,STM32U5A9BJYxQ,cmsis_device_name,deterministic_cmsis_device_name,tcl/target/stm32u5x.cfg,official_st_datasheet_ordering_information_plus_retained_exact_identity,DS13543 Rev 3 Ordering Information,https://www.st.com/resource/en/datasheet/stm32u5a5aj.pdf,verified_st_datasheet_ordering_information_plus_retained_exact_identity
STMicroelectronics,STM32U5A9NJH3Q,STM32U5,STM32U5A9,STM32U5A9NJ,TFBGA,216,4 MiB,-40..125 C,Q,STM32U5A9NJHxQ,STM32U5A9NJHxQ,cmsis_device_name,deterministic_cmsis_device_name,tcl/target/stm32u5x.cfg,official_st_datasheet_ordering_information_plus_retained_exact_identity,DS13543 Rev 3 Ordering Information,https://www.st.com/resource/en/datasheet/stm32u5a5aj.pdf,verified_st_datasheet_ordering_information_plus_retained_exact_identity
STMicroelectronics,STM32U5A9NJH3QTR,STM32U5,STM32U5A9,STM32U5A9NJ,TFBGA,216,4 MiB,-40..125 C,QTR,STM32U5A9NJHxQ,STM32U5A9NJHxQ,cmsis_device_name,deterministic_cmsis_device_name,tcl/target/stm32u5x.cfg,official_st_datasheet_ordering_information_plus_retained_exact_identity,DS13543 Rev 3 Ordering Information,https://www.st.com/resource/en/datasheet/stm32u5a5aj.pdf,verified_st_datasheet_ordering_information_plus_retained_exact_identity
STMicroelectronics,STM32U5A9NJH6Q,STM32U5,STM32U5A9,STM32U5A9NJ,TFBGA,216,4 MiB,-40..85 C,Q,STM32U5A9NJHxQ,STM32U5A9NJHxQ,cmsis_device_name,deterministic_cmsis_device_name,tcl/target/stm32u5x.cfg,official_st_datasheet_ordering_information_plus_retained_exact_identity,DS13543 Rev 3 Ordering Information,https://www.st.com/resource/en/datasheet/stm32u5a5aj.pdf,verified_st_datasheet_ordering_information_plus_retained_exact_identity
STMicroelectronics,STM32U5A9VJT6Q,STM32U5,STM32U5A9,STM32U5A9VJ,LQFP,100,4 MiB,-40..85 C,Q,STM32U5A9VJTxQ,STM32U5A9VJTxQ,cmsis_device_name,deterministic_cmsis_device_name,tcl/target/stm32u5x.cfg,official_st_datasheet_ordering_information_plus_retained_exact_identity,DS13543 Rev 3 Ordering Information,https://www.st.com/resource/en/datasheet/stm32u5a5aj.pdf,verified_st_datasheet_ordering_information_plus_retained_exact_identity
STMicroelectronics,STM32U5A9ZJT6Q,STM32U5,STM32U5A9,STM32U5A9ZJ,LQFP,144,4 MiB,-40..85 C,Q,STM32U5A9ZJTxQ,STM32U5A9ZJTxQ,cmsis_device_name,deterministic_cmsis_device_name,tcl/target/stm32u5x.cfg,official_st_datasheet_ordering_information_plus_retained_exact_identity,DS13543 Rev 3 Ordering Information,https://www.st.com/resource/en/datasheet/stm32u5a5aj.pdf,verified_st_datasheet_ordering_information_plus_retained_exact_identity
STMicroelectronics,STM32U5A9ZJY6QTR,STM32U5,STM32U5A9,STM32U5A9ZJ,WLCSP,150,4 MiB,-40..85 C,QTR,STM32U5A9ZJYxQ,STM32U5A9ZJYxQ,cmsis_device_name,deterministic_cmsis_device_name,tcl/target/stm32u5x.cfg,official_st_datasheet_ordering_information_plus_retained_exact_identity,DS13543 Rev 3 Ordering Information,https://www.st.com/resource/en/datasheet/stm32u5a5aj.pdf,verified_st_datasheet_ordering_information_plus_retained_exact_identity
STMicroelectronics,STM32U5F7VJT6,STM32U5,STM32U5F7,STM32U5F7VJ,LQFP,100,4 MiB,-40..85 C,,,STM32U5F7VJTx,ordering_pattern,deterministic_ordering_pattern,tcl/target/stm32u5x.cfg,official_st_datasheet_ordering_information_plus_retained_exact_identity,DS14395 Rev 4 Ordering Information,https://www.st.com/resource/en/datasheet/stm32u5f7vj.pdf,verified_st_datasheet_ordering_information_plus_retained_exact_identity
STMicroelectronics,STM32U5F7VJT6Q,STM32U5,STM32U5F7,STM32U5F7VJ,LQFP,100,4 MiB,-40..85 C,Q,STM32U5F7VJTxQ,STM32U5F7VJTxQ,cmsis_device_name,deterministic_cmsis_device_name,tcl/target/stm32u5x.cfg,official_st_datasheet_ordering_information_plus_retained_exact_identity,DS14395 Rev 4 Ordering Information,https://www.st.com/resource/en/datasheet/stm32u5f7vj.pdf,verified_st_datasheet_ordering_information_plus_retained_exact_identity
STMicroelectronics,STM32U5F7VJT6TR,STM32U5,STM32U5F7,STM32U5F7VJ,LQFP,100,4 MiB,-40..85 C,TR,,STM32U5F7VJTx,ordering_pattern,deterministic_ordering_pattern,tcl/target/stm32u5x.cfg,official_st_datasheet_ordering_information_plus_retained_exact_identity,DS14395 Rev 4 Ordering Information,https://www.st.com/resource/en/datasheet/stm32u5f7vj.pdf,verified_st_datasheet_ordering_information_plus_retained_exact_identity
STMicroelectronics,STM32U5F9BJY6QTR,STM32U5,STM32U5F9,STM32U5F9BJ,WLCSP,208,4 MiB,-40..85 C,QTR,STM32U5F9BJYxQ,STM32U5F9BJYxQ,cmsis_device_name,deterministic_cmsis_device_name,tcl/target/stm32u5x.cfg,official_st_datasheet_ordering_information_plus_retained_exact_identity,DS14395 Rev 4 Ordering Information,https://www.st.com/resource/en/datasheet/stm32u5f7vj.pdf,verified_st_datasheet_ordering_information_plus_retained_exact_identity
STMicroelectronics,STM32U5F9NJH6Q,STM32U5,STM32U5F9,STM32U5F9NJ,TFBGA,216,4 MiB,-40..85 C,Q,STM32U5F9NJHxQ,STM32U5F9NJHxQ,cmsis_device_name,deterministic_cmsis_device_name,tcl/target/stm32u5x.cfg,official_st_datasheet_ordering_information_plus_retained_exact_identity,DS14395 Rev 4 Ordering Information,https://www.st.com/resource/en/datasheet/stm32u5f7vj.pdf,verified_st_datasheet_ordering_information_plus_retained_exact_identity
STMicroelectronics,STM32U5F9VJT6Q,STM32U5,STM32U5F9,STM32U5F9VJ,LQFP,100,4 MiB,-40..85 C,Q,STM32U5F9VJTxQ,STM32U5F9VJTxQ,cmsis_device_name,deterministic_cmsis_device_name,tcl/target/stm32u5x.cfg,official_st_datasheet_ordering_information_plus_retained_exact_identity,DS14395 Rev 4 Ordering Information,https://www.st.com/resource/en/datasheet/stm32u5f7vj.pdf,verified_st_datasheet_ordering_information_plus_retained_exact_identity
STMicroelectronics,STM32U5F9ZJJ6Q,STM32U5,STM32U5F9,STM32U5F9ZJ,UFBGA,144,4 MiB,-40..85 C,Q,STM32U5F9ZJJxQ,STM32U5F9ZJJxQ,cmsis_device_name,deterministic_cmsis_device_name,tcl/target/stm32u5x.cfg,official_st_datasheet_ordering_information_plus_retained_exact_identity,DS14395 Rev 4 Ordering Information,https://www.st.com/resource/en/datasheet/stm32u5f7vj.pdf,verified_st_datasheet_ordering_information_plus_retained_exact_identity
STMicroelectronics,STM32U5F9ZJT6Q,STM32U5,STM32U5F9,STM32U5F9ZJ,LQFP,144,4 MiB,-40..85 C,Q,STM32U5F9ZJTxQ,STM32U5F9ZJTxQ,cmsis_device_name,deterministic_cmsis_device_name,tcl/target/stm32u5x.cfg,official_st_datasheet_ordering_information_plus_retained_exact_identity,DS14395 Rev 4 Ordering Information,https://www.st.com/resource/en/datasheet/stm32u5f7vj.pdf,verified_st_datasheet_ordering_information_plus_retained_exact_identity
STMicroelectronics,STM32U5G7VJT6,STM32U5,STM32U5G7,STM32U5G7VJ,LQFP,100,4 MiB,-40..85 C,,,STM32U5G7VJTx,ordering_pattern,deterministic_ordering_pattern,tcl/target/stm32u5x.cfg,official_st_datasheet_ordering_information_plus_retained_exact_identity,DS14102 Rev 5 Ordering Information,https://www.st.com/resource/en/datasheet/stm32u5g9nj.pdf,verified_st_datasheet_ordering_information_plus_retained_exact_identity
STMicroelectronics,STM32U5G7VJT6Q,STM32U5,STM32U5G7,STM32U5G7VJ,LQFP,100,4 MiB,-40..85 C,Q,STM32U5G7VJTxQ,STM32U5G7VJTxQ,cmsis_device_name,deterministic_cmsis_device_name,tcl/target/stm32u5x.cfg,official_st_datasheet_ordering_information_plus_retained_exact_identity,DS14102 Rev 5 Ordering Information,https://www.st.com/resource/en/datasheet/stm32u5g9nj.pdf,verified_st_datasheet_ordering_information_plus_retained_exact_identity
STMicroelectronics,STM32U5G9BJY6QTR,STM32U5,STM32U5G9,STM32U5G9BJ,WLCSP,208,4 MiB,-40..85 C,QTR,STM32U5G9BJYxQ,STM32U5G9BJYxQ,cmsis_device_name,deterministic_cmsis_device_name,tcl/target/stm32u5x.cfg,official_st_datasheet_ordering_information_plus_retained_exact_identity,DS14102 Rev 5 Ordering Information,https://www.st.com/resource/en/datasheet/stm32u5g9nj.pdf,verified_st_datasheet_ordering_information_plus_retained_exact_identity
STMicroelectronics,STM32U5G9NJH6Q,STM32U5,STM32U5G9,STM32U5G9NJ,TFBGA,216,4 MiB,-40..85 C,Q,STM32U5G9NJHxQ,STM32U5G9NJHxQ,cmsis_device_name,deterministic_cmsis_device_name,tcl/target/stm32u5x.cfg,official_st_datasheet_ordering_information_plus_retained_exact_identity,DS14102 Rev 5 Ordering Information,https://www.st.com/resource/en/datasheet/stm32u5g9nj.pdf,verified_st_datasheet_ordering_information_plus_retained_exact_identity
STMicroelectronics,STM32U5G9VJT6Q,STM32U5,STM32U5G9,STM32U5G9VJ,LQFP,100,4 MiB,-40..85 C,Q,STM32U5G9VJTxQ,STM32U5G9VJTxQ,cmsis_device_name,deterministic_cmsis_device_name,tcl/target/stm32u5x.cfg,official_st_datasheet_ordering_information_plus_retained_exact_identity,DS14102 Rev 5 Ordering Information,https://www.st.com/resource/en/datasheet/stm32u5g9nj.pdf,verified_st_datasheet_ordering_information_plus_retained_exact_identity
STMicroelectronics,STM32U5G9ZJJ6Q,STM32U5,STM32U5G9,STM32U5G9ZJ,UFBGA,144,4 MiB,-40..85 C,Q,STM32U5G9ZJJxQ,STM32U5G9ZJJxQ,cmsis_device_name,deterministic_cmsis_device_name,tcl/target/stm32u5x.cfg,official_st_datasheet_ordering_information_plus_retained_exact_identity,DS14102 Rev 5 Ordering Information,https://www.st.com/resource/en/datasheet/stm32u5g9nj.pdf,verified_st_datasheet_ordering_information_plus_retained_exact_identity
STMicroelectronics,STM32U5G9ZJT6Q,STM32U5,STM32U5G9,STM32U5G9ZJ,LQFP,144,4 MiB,-40..85 C,Q,STM32U5G9ZJTxQ,STM32U5G9ZJTxQ,cmsis_device_name,deterministic_cmsis_device_name,tcl/target/stm32u5x.cfg,official_st_datasheet_ordering_information_plus_retained_exact_identity,DS14102 Rev 5 Ordering Information,https://www.st.com/resource/en/datasheet/stm32u5g9nj.pdf,verified_st_datasheet_ordering_information_plus_retained_exact_identity
